{
  "format_version": "1.12.0",
  "minecraft:geometry": [
    {
      "bones": [
        {
          "name": "mothim",
          "pivot": [0, 0, 0]
        }, {
          "name": "body",
          "parent": "mothim",
          "pivot": [0, 11, 0]
        }, {
          "cubes": [
            {
              "origin": [-2.5, 8.25, -2],
              "size": [5, 6, 5],
              "uv": [30, 0]
            }, {
              "origin": [-1.5, 9.75, 2],
              "size": [3, 4, 2],
              "uv": [46, 11]
            }
          ],
          "name": "torso",
          "parent": "body",
          "pivot": [0, 12, 0]
        }, {
          "name": "bone39",
          "parent": "torso",
          "pivot": [0, 9, 0.5]
        }, {
          "cubes": [
            {
              "origin": [-0.5, 4.25, 0.5],
              "pivot": [0.5, 8.25, 0.5],
              "rotation": [0, 0, -25],
              "size": [2, 5, 0],
              "uv": [38, 52]
            }
          ],
          "name": "bone37",
          "parent": "bone39",
          "pivot": [0, 0, 0.5]
        }, {
          "cubes": [
            {
              "origin": [-1.5, 4.25, 0.5],
              "pivot": [-0.5, 8.25, 0.5],
              "rotation": [0, 0, 25],
              "size": [2, 5, 0],
              "uv": [42, 52]
            }
          ],
          "name": "bone38",
          "parent": "bone39",
          "pivot": [0, 0, 0.5]
        }, {
          "cubes": [
            {
              "origin": [1, 7, -2],
              "size": [1, 2, 1],
              "uv": [24, 44]
            }
          ],
          "name": "bone33",
          "parent": "torso",
          "pivot": [1.5, 9, -1.5],
          "rotation": [-56.45534, -31.81666, -20.98998]
        }, {
          "cubes": [
            {
              "origin": [-2, 7, -2],
              "size": [1, 2, 1],
              "uv": [8, 53]
            }
          ],
          "name": "bone34",
          "parent": "torso",
          "pivot": [-1.5, 9, -1.5],
          "rotation": [-56.45534, 31.81666, 20.98998]
        }, {
          "name": "wings",
          "parent": "torso",
          "pivot": [0.5, 12.25, 0]
        }, {
          "cubes": [
            {
              "origin": [0, 8.25, 3],
              "size": [6, 8, 0],
              "uv": [30, 39]
            }
          ],
          "name": "bone",
          "parent": "wings",
          "pivot": [0, 13.25, 3],
          "rotation": [11.45968, -23.56022, -19.90164]
        }, {
          "cubes": [
            {
              "origin": [6, 6.25, 3],
              "size": [15, 12, 0],
              "uv": [0, 14]
            }
          ],
          "name": "bone2",
          "parent": "bone",
          "pivot": [6, 13.25, 3]
        }, {
          "cubes": [
            {
              "origin": [21, 7.5, 3],
              "size": [8, 10, 0],
              "uv": [30, 11]
            }
          ],
          "name": "bone3",
          "parent": "bone2",
          "pivot": [21, 13.25, 3]
        }, {
          "cubes": [
            {
              "origin": [29, 10.75, 3],
              "size": [2, 6, 0],
              "uv": [30, 50]
            }
          ],
          "name": "bone4",
          "parent": "bone3",
          "pivot": [29, 13.75, 3]
        }, {
          "cubes": [
            {
              "origin": [31, 12.25, 3],
              "size": [5, 3, 0],
              "uv": [46, 29]
            }
          ],
          "name": "bone5",
          "parent": "bone4",
          "pivot": [31, 14.25, 3]
        }, {
          "cubes": [
            {
              "inflate": 0.01,
              "origin": [29.75, 14, 3],
              "size": [5, 3, 0],
              "uv": [46, 32]
            }
          ],
          "name": "bone6",
          "parent": "bone4",
          "pivot": [29.75, 15.5, 3],
          "rotation": [0, 0, -49]
        }, {
          "cubes": [
            {
              "inflate": 0.01,
              "origin": [29.75, 11, 3],
              "size": [5, 3, 0],
              "uv": [46, 35]
            }
          ],
          "name": "bone7",
          "parent": "bone4",
          "pivot": [29.75, 12.5, 3],
          "rotation": [0, 0, 43.5]
        }, {
          "cubes": [
            {
              "mirror": true,
              "origin": [-6, 8.25, 3],
              "size": [6, 8, 0],
              "uv": [30, 39]
            }
          ],
          "name": "bone16",
          "parent": "wings",
          "pivot": [0, 13.25, 3],
          "rotation": [11.45968, 23.56022, 19.90164]
        }, {
          "cubes": [
            {
              "mirror": true,
              "origin": [-21, 6.25, 3],
              "size": [15, 12, 0],
              "uv": [0, 14]
            }
          ],
          "name": "bone17",
          "parent": "bone16",
          "pivot": [-6, 13.25, 3]
        }, {
          "cubes": [
            {
              "mirror": true,
              "origin": [-29, 7.5, 3],
              "size": [8, 10, 0],
              "uv": [30, 11]
            }
          ],
          "name": "bone18",
          "parent": "bone17",
          "pivot": [-21, 13.25, 3]
        }, {
          "cubes": [
            {
              "mirror": true,
              "origin": [-31, 10.75, 3],
              "size": [2, 6, 0],
              "uv": [30, 50]
            }
          ],
          "name": "bone19",
          "parent": "bone18",
          "pivot": [-29, 13.75, 3]
        }, {
          "cubes": [
            {
              "mirror": true,
              "origin": [-36, 12.25, 3],
              "size": [5, 3, 0],
              "uv": [46, 29]
            }
          ],
          "name": "bone20",
          "parent": "bone19",
          "pivot": [-31, 14.25, 3]
        }, {
          "cubes": [
            {
              "inflate": 0.01,
              "mirror": true,
              "origin": [-34.75, 14, 3],
              "size": [5, 3, 0],
              "uv": [46, 32]
            }
          ],
          "name": "bone21",
          "parent": "bone19",
          "pivot": [-29.75, 15.5, 3],
          "rotation": [0, 0, 49]
        }, {
          "cubes": [
            {
              "inflate": 0.01,
              "mirror": true,
              "origin": [-34.75, 11, 3],
              "size": [5, 3, 0],
              "uv": [46, 35]
            }
          ],
          "name": "bone22",
          "parent": "bone19",
          "pivot": [-29.75, 12.5, 3],
          "rotation": [0, 0, -43.5]
        }, {
          "cubes": [
            {
              "origin": [1.15, 8.65, 3],
              "size": [3, 6, 0],
              "uv": [50, 0]
            }
          ],
          "name": "bone12",
          "parent": "wings",
          "pivot": [1.15, 11.15, 3],
          "rotation": [-7.91292, -26.88536, 48.15792]
        }, {
          "cubes": [
            {
              "origin": [4.15, 7.4, 3],
              "size": [8, 8, 0],
              "uv": [30, 31]
            }
          ],
          "name": "bone13",
          "parent": "bone12",
          "pivot": [4.15, 10.9, 3]
        }, {
          "cubes": [
            {
              "inflate": 0.01,
              "origin": [11.35, 11.4, 3],
              "size": [4, 2, 0],
              "uv": [50, 6]
            }
          ],
          "name": "bone14",
          "parent": "bone13",
          "pivot": [11.35, 12.4, 3],
          "rotation": [0, 0, -30]
        }, {
          "cubes": [
            {
              "inflate": 0.01,
              "origin": [11.15, 10.05, 3],
              "size": [4, 2, 0],
              "uv": [50, 8]
            }
          ],
          "name": "bone15",
          "parent": "bone13",
          "pivot": [11.15, 11.05, 3],
          "rotation": [0, 0, 17.5]
        }, {
          "cubes": [
            {
              "mirror": true,
              "origin": [-4.15, 8.65, 3],
              "size": [3, 6, 0],
              "uv": [50, 0]
            }
          ],
          "name": "bone23",
          "parent": "wings",
          "pivot": [-1.15, 11.15, 3],
          "rotation": [-7.91292, 26.88536, -48.15792]
        }, {
          "cubes": [
            {
              "mirror": true,
              "origin": [-12.15, 7.4, 3],
              "size": [8, 8, 0],
              "uv": [30, 31]
            }
          ],
          "name": "bone24",
          "parent": "bone23",
          "pivot": [-4.15, 10.9, 3]
        }, {
          "cubes": [
            {
              "inflate": 0.01,
              "mirror": true,
              "origin": [-15.35, 11.4, 3],
              "size": [4, 2, 0],
              "uv": [50, 6]
            }
          ],
          "name": "bone25",
          "parent": "bone24",
          "pivot": [-11.35, 12.4, 3],
          "rotation": [0, 0, 30]
        }, {
          "cubes": [
            {
              "inflate": 0.01,
              "mirror": true,
              "origin": [-15.15, 10.05, 3],
              "size": [4, 2, 0],
              "uv": [50, 8]
            }
          ],
          "name": "bone26",
          "parent": "bone24",
          "pivot": [-11.15, 11.05, 3],
          "rotation": [0, 0, -17.5]
        }, {
          "cubes": [
            {
              "origin": [-1.5, 13.75, -1.35],
              "size": [3, 2, 4],
              "uv": [16, 38]
            }
          ],
          "name": "neck",
          "parent": "torso",
          "pivot": [0.5, 13.5, 0.75]
        }, {
          "cubes": [
            {
              "origin": [-4, 15, -3.25],
              "size": [8, 7, 7],
              "uv": [0, 0]
            }
          ],
          "name": "head",
          "parent": "neck",
          "pivot": [0, 15, 0.75]
        }, {
          "cubes": [
            {
              "origin": [0.75, 16, -3.3],
              "size": [1, 6, 0],
              "uv": [46, 52]
            }
          ],
          "name": "bone27",
          "parent": "head",
          "pivot": [0.75, 17.75, -3.3]
        }, {
          "cubes": [
            {
              "origin": [0.75, 22, -3.3],
              "size": [4, 9, 0],
              "uv": [16, 44]
            }
          ],
          "name": "bone28",
          "parent": "bone27",
          "pivot": [0.75, 22, -3.3],
          "rotation": [-17.5, 0, 0]
        }, {
          "cubes": [
            {
              "mirror": true,
              "origin": [-1.75, 16, -3.3],
              "size": [1, 6, 0],
              "uv": [46, 52]
            }
          ],
          "name": "bone29",
          "parent": "head",
          "pivot": [-0.75, 17.75, -3.3]
        }, {
          "cubes": [
            {
              "mirror": true,
              "origin": [-4.75, 22, -3.3],
              "size": [4, 9, 0],
              "uv": [16, 44]
            }
          ],
          "name": "bone30",
          "parent": "bone29",
          "pivot": [-0.75, 22, -3.3],
          "rotation": [-17.5, 0, 0]
        }, {
          "cubes": [
            {
              "origin": [1.75, 16, -3.275],
              "size": [1, 4, 0],
              "uv": [12, 53]
            }, {
              "origin": [2.75, 16.5, -3.275],
              "size": [1, 3, 0],
              "uv": [28, 44]
            }
          ],
          "name": "bone8",
          "parent": "head",
          "pivot": [2.75, 16.5, 1.725]
        }, {
          "cubes": [
            {
              "origin": [2, 17, -3.3],
              "size": [1, 2, 0],
              "uv": [22, 53]
            }
          ],
          "name": "bone9",
          "parent": "bone8",
          "pivot": [2.5, 18, -3.3]
        }, {
          "cubes": [
            {
              "origin": [-2.75, 16, -3.275],
              "size": [1, 4, 0],
              "uv": [14, 53]
            }, {
              "origin": [-3.75, 16.5, -3.275],
              "size": [1, 3, 0],
              "uv": [20, 53]
            }
          ],
          "name": "bone10",
          "parent": "head",
          "pivot": [-2.75, 16.5, 1.725]
        }, {
          "name": "bone32",
          "parent": "bone10",
          "pivot": [0, 17.875, -2.675],
          "rotation": [-15, 0, 0]
        }, {
          "cubes": [
            {
              "origin": [-1, 15.875, -3.675],
              "size": [2, 5, 2],
              "uv": [8, 46]
            }, {
              "origin": [-1, 13.875, -3.675],
              "size": [0, 2, 2],
              "uv": [50, 52]
            }, {
              "origin": [-1, 13.875, -3.675],
              "size": [2, 2, 0],
              "uv": [16, 53]
            }
          ],
          "name": "bone31",
          "parent": "bone32",
          "pivot": [0, 17.875, -2.675],
          "rotation": [0, -45, 0]
        }, {
          "cubes": [
            {
              "origin": [-3, 17, -3.3],
              "size": [1, 2, 0],
              "uv": [54, 17]
            }
          ],
          "name": "bone11",
          "parent": "bone10",
          "pivot": [-2.5, 18, -3.3]
        }, {
          "cubes": [
            {
              "origin": [1, 10.1, -0.5],
              "size": [2, 4, 2],
              "uv": [46, 17]
            }
          ],
          "name": "bone35",
          "parent": "torso",
          "pivot": [2, 14.1, 0.5],
          "rotation": [0, 0, -25]
        }, {
          "cubes": [
            {
              "origin": [-3, 10.1, -0.5],
              "size": [2, 4, 2],
              "uv": [46, 23]
            }
          ],
          "name": "bone36",
          "parent": "torso",
          "pivot": [-2, 14.1, 0.5],
          "rotation": [0, 0, 25]
        }
      ],
      "description": {
        "identifier": "geometry.mothim",
        "texture_height": 64,
        "texture_width": 64,
        "visible_bounds_height": 3.5,
        "visible_bounds_offset": [0, 1.25, 0],
        "visible_bounds_width": 5
      }
    }
  ]
}