{
  "format_version": "1.12.0",
  "minecraft:geometry": [
    {
      "bones": [
        {
          "locators": {
            "root": [0, 0, 0]
          },
          "name": "giratina_origin",
          "pivot": [0, 0, 0]
        },
        {
          "name": "body",
          "parent": "giratina_origin",
          "pivot": [0, 15.75, 8.65]
        }, {
          "cubes": [
            {
              "origin": [-14.5, 1.75, -16.35],
              "size": [29, 28, 26],
              "uv": [0, 0]
            }
          ],
          "name": "torso_upper",
          "parent": "body",
          "pivot": [0, 14.75, 6.65]
        }, {
          "cubes": [
            {
              "origin": [13.5, 10.75, -16.85],
              "size": [11, 8, 8],
              "uv": [240, 261]
            },
            {
              "origin": [24.5, 12.25, -15.35],
              "size": [9, 5, 5],
              "uv": [180, 20]
            },
            {
              "origin": [33.5, 13.25, -14.35],
              "size": [9, 3, 3],
              "uv": [298, 14]
            }
          ],
          "name": "bone68",
          "parent": "torso_upper",
          "pivot": [13.5, 14.75, -12.85],
          "rotation": [-45, 0, 0]
        }, {
          "cubes": [
            {
              "mirror": true,
              "origin": [-24.5, 10.75, -16.85],
              "size": [11, 8, 8],
              "uv": [240, 261]
            },
            {
              "mirror": true,
              "origin": [-33.5, 12.25, -15.35],
              "size": [9, 5, 5],
              "uv": [180, 20]
            },
            {
              "mirror": true,
              "origin": [-42.5, 13.25, -14.35],
              "size": [9, 3, 3],
              "uv": [298, 14]
            }
          ],
          "name": "bone70",
          "parent": "torso_upper",
          "pivot": [-13.5, 14.75, -12.85],
          "rotation": [-45, 0, 0]
        }, {
          "cubes": [
            {
              "origin": [-12.5, 4.75, -32.35],
              "size": [25, 22, 18],
              "uv": [100, 96]
            }
          ],
          "name": "bone5",
          "parent": "torso_upper",
          "pivot": [0, 16.75, -14.35]
        }, {
          "cubes": [
            {
              "origin": [5.5, 22.25, -31.9],
              "size": [7, 6, 6],
              "uv": [46, 151]
            }
          ],
          "name": "gold3",
          "parent": "bone5",
          "pivot": [10, 24.75, -28.15],
          "rotation": [0, 0, 12.5]
        }, {
          "cubes": [
            {
              "inflate": -0.01,
              "origin": [12.5, 20.25, -31.9],
              "pivot": [12.5, 27.25, -29.15],
              "rotation": [0, 0, 45],
              "size": [10, 7, 6],
              "uv": [274, 78]
            }
          ],
          "name": "bone50",
          "parent": "gold3",
          "pivot": [12.525, 27.175, -28.9],
          "rotation": [0, 0, -25]
        }, {
          "cubes": [
            {
              "origin": [19.8, 13.125, -32.9],
              "pivot": [19.8, 20.125, -29.15],
              "rotation": [0, 0, 97.5],
              "size": [10, 7, 8],
              "uv": [278, 261]
            }
          ],
          "name": "bone51",
          "parent": "bone50",
          "pivot": [19.725, 20.225, -28.9]
        }, {
          "cubes": [
            {
              "origin": [18.075, 5.275, -31.9],
              "pivot": [18.075, 10.275, -28.15],
              "rotation": [0, 0, 127.5],
              "size": [7, 5, 6],
              "uv": [300, 105]
            }, {
              "origin": [13.85, 1.775, -30.9],
              "pivot": [13.85, 4.775, -28.15],
              "rotation": [0, 0, 162.5],
              "size": [7, 3, 4],
              "uv": [194, 156]
            }
          ],
          "name": "bone52",
          "parent": "bone51",
          "pivot": [18.1, 10.775, -28.9],
          "rotation": [0, 0, -10]
        }, {
          "cubes": [
            {
              "origin": [5.25, 25.45, -30.9],
              "size": [3, 6, 4],
              "uv": [318, 20]
            }
          ],
          "name": "bone53",
          "parent": "gold3",
          "pivot": [6.25, 26.45, -27.9],
          "rotation": [0, 0, -12.5]
        }, {
          "cubes": [
            {
              "origin": [6.75, 31.45, -30.9],
              "size": [0, 4, 4],
              "uv": [230, 263]
            }
          ],
          "name": "bone34",
          "parent": "bone53",
          "pivot": [6.75, 31.45, -28.9]
        }, {
          "cubes": [
            {
              "origin": [6.25, 35.45, -31.9],
              "size": [1, 6, 6],
              "uv": [92, 316]
            }
          ],
          "name": "bone35",
          "parent": "bone34",
          "pivot": [6.75, 35.45, -28.9]
        }, {
          "cubes": [
            {
              "origin": [5.25, 41.45, -32.4],
              "size": [3, 6, 7],
              "uv": [312, 216]
            }
          ],
          "name": "bone36",
          "parent": "bone35",
          "pivot": [6.75, 41.45, -28.9]
        }, {
          "cubes": [
            {
              "origin": [4.75, 47.45, -32.9],
              "size": [4, 6, 8],
              "uv": [240, 296]
            }
          ],
          "name": "bone37",
          "parent": "bone36",
          "pivot": [6.75, 47.45, -28.9]
        }, {
          "cubes": [
            {
              "origin": [3.75, 53.45, -32.9],
              "size": [6, 8, 8],
              "uv": [290, 20]
            }
          ],
          "name": "bone38",
          "parent": "bone37",
          "pivot": [6.75, 53.45, -28.9]
        }, {
          "cubes": [
            {
              "origin": [2.75, 61.45, -33.4],
              "size": [8, 10, 9],
              "uv": [268, 40]
            }
          ],
          "name": "bone39",
          "parent": "bone38",
          "pivot": [6.75, 61.45, -28.9]
        }, {
          "cubes": [
            {
              "origin": [2.25, 71.45, -33.9],
              "size": [9, 10, 10],
              "uv": [252, 20]
            }
          ],
          "name": "bone40",
          "parent": "bone39",
          "pivot": [6.75, 71.45, -28.9]
        }, {
          "cubes": [
            {
              "inflate": 0.01,
              "origin": [1.75, 81.45, -33.9],
              "size": [10, 10, 10],
              "uv": [194, 136]
            }
          ],
          "name": "bone41",
          "parent": "bone40",
          "pivot": [6.75, 81.45, -28.9]
        }, {
          "cubes": [
            {
              "origin": [1.75, 91.45, -33.9],
              "size": [10, 10, 10],
              "uv": [0, 199]
            }
          ],
          "name": "bone42",
          "parent": "bone41",
          "pivot": [6.75, 91.45, -28.9]
        }, {
          "cubes": [
            {
              "inflate": 0.01,
              "origin": [1.75, 101.45, -33.9],
              "size": [10, 10, 10],
              "uv": [120, 203]
            }
          ],
          "name": "bone43",
          "parent": "bone42",
          "pivot": [6.75, 101.45, -28.9]
        }, {
          "cubes": [
            {
              "origin": [1.75, 111.45, -33.9],
              "size": [10, 10, 10],
              "uv": [160, 203]
            }
          ],
          "name": "bone44",
          "parent": "bone43",
          "pivot": [6.75, 111.45, -28.9]
        }, {
          "cubes": [
            {
              "inflate": 0.01,
              "origin": [1.75, 121.45, -33.9],
              "size": [10, 10, 10],
              "uv": [200, 203]
            }
          ],
          "name": "bone45",
          "parent": "bone44",
          "pivot": [6.75, 121.45, -28.9]
        }, {
          "cubes": [
            {
              "origin": [1.75, 131.45, -33.9],
              "size": [10, 10, 10],
              "uv": [204, 183]
            }
          ],
          "name": "bone46",
          "parent": "bone45",
          "pivot": [6.75, 131.45, -28.9]
        }, {
          "cubes": [
            {
              "inflate": 0.01,
              "origin": [1.75, 141.45, -33.9],
              "size": [10, 10, 10],
              "uv": [40, 205]
            },
            {
              "origin": [3.75, 151.45, -31.9],
              "size": [6, 4, 6],
              "uv": [106, 306]
            },
            {
              "origin": [4.75, 155.45, -30.9],
              "size": [4, 4, 4],
              "uv": [206, 320]
            },
            {
              "origin": [5.75, 159.45, -29.9],
              "size": [2, 3, 2],
              "uv": [278, 313]
            }
          ],
          "name": "bone47",
          "parent": "bone46",
          "pivot": [6.75, 141.45, -28.9]
        }, {
          "cubes": [
            {
              "mirror": true,
              "origin": [-12.5, 22.25, -31.9],
              "size": [7, 6, 6],
              "uv": [46, 151]
            }
          ],
          "name": "gold6",
          "parent": "bone5",
          "pivot": [-10, 24.75, -28.15],
          "rotation": [0, 0, -12.5]
        }, {
          "cubes": [
            {
              "inflate": -0.01,
              "mirror": true,
              "origin": [-22.5, 20.25, -31.9],
              "pivot": [-12.5, 27.25, -29.15],
              "rotation": [0, 0, -45],
              "size": [10, 7, 6],
              "uv": [274, 78]
            }
          ],
          "name": "bone108",
          "parent": "gold6",
          "pivot": [-12.525, 27.175, -28.9],
          "rotation": [0, 0, 25]
        }, {
          "cubes": [
            {
              "mirror": true,
              "origin": [-29.8, 13.125, -32.9],
              "pivot": [-19.8, 20.125, -29.15],
              "rotation": [0, 0, -97.5],
              "size": [10, 7, 8],
              "uv": [278, 261]
            }
          ],
          "name": "bone109",
          "parent": "bone108",
          "pivot": [-19.725, 20.225, -28.9]
        }, {
          "cubes": [
            {
              "mirror": true,
              "origin": [-25.075, 5.275, -31.9],
              "pivot": [-18.075, 10.275, -28.15],
              "rotation": [0, 0, -127.5],
              "size": [7, 5, 6],
              "uv": [300, 105]
            }, {
              "mirror": true,
              "origin": [-20.85, 1.775, -30.9],
              "pivot": [-13.85, 4.775, -28.15],
              "rotation": [0, 0, -162.5],
              "size": [7, 3, 4],
              "uv": [194, 156]
            }
          ],
          "name": "bone110",
          "parent": "bone109",
          "pivot": [-18.1, 10.775, -28.9],
          "rotation": [0, 0, 10]
        }, {
          "cubes": [
            {
              "mirror": true,
              "origin": [-8.25, 25.45, -30.9],
              "size": [3, 6, 4],
              "uv": [318, 20]
            }
          ],
          "name": "bone111",
          "parent": "gold6",
          "pivot": [-6.25, 26.45, -27.9],
          "rotation": [0, 0, 12.5]
        }, {
          "cubes": [
            {
              "origin": [-6.75, 31.45, -30.9],
              "size": [0, 4, 4],
              "uv": [230, 263]
            }
          ],
          "name": "bone112",
          "parent": "bone111",
          "pivot": [-6.75, 31.45, -28.9]
        }, {
          "cubes": [
            {
              "origin": [-7.25, 35.45, -31.9],
              "size": [1, 6, 6],
              "uv": [92, 316]
            }
          ],
          "name": "bone113",
          "parent": "bone112",
          "pivot": [-6.75, 35.45, -28.9]
        }, {
          "cubes": [
            {
              "origin": [-8.25, 41.45, -32.4],
              "size": [3, 6, 7],
              "uv": [312, 216]
            }
          ],
          "name": "bone114",
          "parent": "bone113",
          "pivot": [-6.75, 41.45, -28.9]
        }, {
          "cubes": [
            {
              "origin": [-8.75, 47.45, -32.9],
              "size": [4, 6, 8],
              "uv": [240, 296]
            }
          ],
          "name": "bone115",
          "parent": "bone114",
          "pivot": [-6.75, 47.45, -28.9]
        }, {
          "cubes": [
            {
              "origin": [-9.75, 53.45, -32.9],
              "size": [6, 8, 8],
              "uv": [290, 20]
            }
          ],
          "name": "bone116",
          "parent": "bone115",
          "pivot": [-6.75, 53.45, -28.9]
        }, {
          "cubes": [
            {
              "origin": [-10.75, 61.45, -33.4],
              "size": [8, 10, 9],
              "uv": [268, 40]
            }
          ],
          "name": "bone117",
          "parent": "bone116",
          "pivot": [-6.75, 61.45, -28.9]
        }, {
          "cubes": [
            {
              "origin": [-11.25, 71.45, -33.9],
              "size": [9, 10, 10],
              "uv": [252, 20]
            }
          ],
          "name": "bone118",
          "parent": "bone117",
          "pivot": [-6.75, 71.45, -28.9]
        }, {
          "cubes": [
            {
              "inflate": 0.01,
              "origin": [-11.75, 81.45, -33.9],
              "size": [10, 10, 10],
              "uv": [194, 136]
            }
          ],
          "name": "bone119",
          "parent": "bone118",
          "pivot": [-6.75, 81.45, -28.9]
        }, {
          "cubes": [
            {
              "origin": [-11.75, 91.45, -33.9],
              "size": [10, 10, 10],
              "uv": [0, 199]
            }
          ],
          "name": "bone120",
          "parent": "bone119",
          "pivot": [-6.75, 91.45, -28.9]
        }, {
          "cubes": [
            {
              "inflate": 0.01,
              "origin": [-11.75, 101.45, -33.9],
              "size": [10, 10, 10],
              "uv": [120, 203]
            }
          ],
          "name": "bone121",
          "parent": "bone120",
          "pivot": [-6.75, 101.45, -28.9]
        }, {
          "cubes": [
            {
              "origin": [-11.75, 111.45, -33.9],
              "size": [10, 10, 10],
              "uv": [160, 203]
            }
          ],
          "name": "bone122",
          "parent": "bone121",
          "pivot": [-6.75, 111.45, -28.9]
        }, {
          "cubes": [
            {
              "inflate": 0.01,
              "origin": [-11.75, 121.45, -33.9],
              "size": [10, 10, 10],
              "uv": [200, 203]
            }
          ],
          "name": "bone123",
          "parent": "bone122",
          "pivot": [-6.75, 121.45, -28.9]
        }, {
          "cubes": [
            {
              "origin": [-11.75, 131.45, -33.9],
              "size": [10, 10, 10],
              "uv": [204, 183]
            }
          ],
          "name": "bone124",
          "parent": "bone123",
          "pivot": [-6.75, 131.45, -28.9]
        }, {
          "cubes": [
            {
              "inflate": 0.01,
              "origin": [-11.75, 141.45, -33.9],
              "size": [10, 10, 10],
              "uv": [40, 205]
            },
            {
              "origin": [-9.75, 151.45, -31.9],
              "size": [6, 4, 6],
              "uv": [106, 306]
            },
            {
              "origin": [-8.75, 155.45, -30.9],
              "size": [4, 4, 4],
              "uv": [206, 320]
            },
            {
              "origin": [-7.75, 159.45, -29.9],
              "size": [2, 3, 2],
              "uv": [278, 313]
            }
          ],
          "name": "bone125",
          "parent": "bone124",
          "pivot": [-6.75, 141.45, -28.9]
        }, {
          "cubes": [
            {
              "origin": [-10, 7.75, -46.1],
              "size": [20, 16, 15],
              "uv": [110, 0]
            }
          ],
          "name": "bone4",
          "parent": "bone5",
          "pivot": [0, 15.75, -31.35]
        }, {
          "cubes": [
            {
              "origin": [3.75, 20.75, -43.9],
              "size": [7, 6, 6],
              "uv": [46, 151]
            }
          ],
          "name": "gold2",
          "parent": "bone4",
          "pivot": [8.25, 23.25, -40.15],
          "rotation": [0, 0, 12.5]
        }, {
          "cubes": [
            {
              "inflate": -0.01,
              "origin": [10.75, 18.75, -43.9],
              "pivot": [10.75, 25.75, -41.15],
              "rotation": [0, 0, 45],
              "size": [10, 7, 6],
              "uv": [274, 78]
            }
          ],
          "name": "bone31",
          "parent": "gold2",
          "pivot": [10.775, 25.675, -40.9],
          "rotation": [0, 0, -25]
        }, {
          "cubes": [
            {
              "origin": [18.05, 11.625, -44.9],
              "pivot": [18.05, 18.625, -41.15],
              "rotation": [0, 0, 97.5],
              "size": [10, 7, 8],
              "uv": [278, 261]
            }
          ],
          "name": "bone32",
          "parent": "bone31",
          "pivot": [17.975, 18.725, -40.9]
        }, {
          "cubes": [
            {
              "origin": [16.325, 3.775, -43.9],
              "pivot": [16.325, 8.775, -40.15],
              "rotation": [0, 0, 127.5],
              "size": [7, 5, 6],
              "uv": [300, 105]
            }, {
              "origin": [12.1, 0.275, -42.9],
              "pivot": [12.1, 3.275, -40.15],
              "rotation": [0, 0, 162.5],
              "size": [7, 3, 4],
              "uv": [194, 156]
            }
          ],
          "name": "bone49",
          "parent": "bone32",
          "pivot": [16.35, 9.275, -40.9],
          "rotation": [0, 0, -10]
        }, {
          "cubes": [
            {
              "origin": [3.5, 23.95, -42.9],
              "size": [3, 6, 4],
              "uv": [318, 20]
            }
          ],
          "name": "bone33",
          "parent": "gold2",
          "pivot": [4.5, 24.95, -39.9],
          "rotation": [0, 0, -12.5]
        }, {
          "cubes": [
            {
              "origin": [5, 29.95, -42.9],
              "size": [0, 4, 4],
              "uv": [230, 263]
            }
          ],
          "name": "bone54",
          "parent": "bone33",
          "pivot": [5, 29.95, -40.9]
        }, {
          "cubes": [
            {
              "origin": [4.5, 33.95, -43.9],
              "size": [1, 6, 6],
              "uv": [92, 316]
            }
          ],
          "name": "bone55",
          "parent": "bone54",
          "pivot": [5, 33.95, -40.9]
        }, {
          "cubes": [
            {
              "origin": [3.5, 39.95, -44.4],
              "size": [3, 6, 7],
              "uv": [312, 216]
            }
          ],
          "name": "bone56",
          "parent": "bone55",
          "pivot": [5, 39.95, -40.9]
        }, {
          "cubes": [
            {
              "origin": [3, 45.95, -44.9],
              "size": [4, 6, 8],
              "uv": [240, 296]
            }
          ],
          "name": "bone57",
          "parent": "bone56",
          "pivot": [5, 45.95, -40.9]
        }, {
          "cubes": [
            {
              "origin": [2, 51.95, -44.9],
              "size": [6, 8, 8],
              "uv": [290, 20]
            }
          ],
          "name": "bone58",
          "parent": "bone57",
          "pivot": [5, 51.95, -40.9]
        }, {
          "cubes": [
            {
              "origin": [1, 59.95, -45.4],
              "size": [8, 10, 9],
              "uv": [268, 40]
            }
          ],
          "name": "bone59",
          "parent": "bone58",
          "pivot": [5, 59.95, -40.9]
        }, {
          "cubes": [
            {
              "origin": [0.5, 69.95, -45.9],
              "size": [9, 10, 10],
              "uv": [252, 20]
            }
          ],
          "name": "bone60",
          "parent": "bone59",
          "pivot": [5, 69.95, -40.9]
        }, {
          "cubes": [
            {
              "inflate": 0.01,
              "origin": [0, 79.95, -45.9],
              "size": [10, 10, 10],
              "uv": [194, 136]
            }
          ],
          "name": "bone61",
          "parent": "bone60",
          "pivot": [5, 79.95, -40.9]
        }, {
          "cubes": [
            {
              "origin": [0, 89.95, -45.9],
              "size": [10, 10, 10],
              "uv": [0, 199]
            }
          ],
          "name": "bone62",
          "parent": "bone61",
          "pivot": [5, 89.95, -40.9]
        }, {
          "cubes": [
            {
              "inflate": 0.01,
              "origin": [0, 99.95, -45.9],
              "size": [10, 10, 10],
              "uv": [120, 203]
            }
          ],
          "name": "bone63",
          "parent": "bone62",
          "pivot": [5, 99.95, -40.9]
        }, {
          "cubes": [
            {
              "origin": [0, 109.95, -45.9],
              "size": [10, 10, 10],
              "uv": [160, 203]
            }
          ],
          "name": "bone64",
          "parent": "bone63",
          "pivot": [5, 109.95, -40.9]
        }, {
          "cubes": [
            {
              "inflate": 0.01,
              "origin": [0, 119.95, -45.9],
              "size": [10, 10, 10],
              "uv": [200, 203]
            }
          ],
          "name": "bone65",
          "parent": "bone64",
          "pivot": [5, 119.95, -40.9]
        }, {
          "cubes": [
            {
              "origin": [0, 129.95, -45.9],
              "size": [10, 10, 10],
              "uv": [204, 183]
            }
          ],
          "name": "bone66",
          "parent": "bone65",
          "pivot": [5, 129.95, -40.9]
        }, {
          "cubes": [
            {
              "inflate": 0.01,
              "origin": [0, 139.95, -45.9],
              "size": [10, 10, 10],
              "uv": [40, 205]
            },
            {
              "origin": [2, 149.95, -43.9],
              "size": [6, 4, 6],
              "uv": [106, 306]
            },
            {
              "origin": [3, 153.95, -42.9],
              "size": [4, 4, 4],
              "uv": [206, 320]
            },
            {
              "origin": [4, 157.95, -41.9],
              "size": [2, 3, 2],
              "uv": [278, 313]
            }
          ],
          "name": "bone67",
          "parent": "bone66",
          "pivot": [5, 139.95, -40.9]
        }, {
          "cubes": [
            {
              "mirror": true,
              "origin": [-10.75, 20.75, -43.9],
              "size": [7, 6, 6],
              "uv": [46, 151]
            }
          ],
          "name": "gold5",
          "parent": "bone4",
          "pivot": [-8.25, 23.25, -40.15],
          "rotation": [0, 0, -12.5]
        }, {
          "cubes": [
            {
              "inflate": -0.01,
              "mirror": true,
              "origin": [-20.75, 18.75, -43.9],
              "pivot": [-10.75, 25.75, -41.15],
              "rotation": [0, 0, -45],
              "size": [10, 7, 6],
              "uv": [274, 78]
            }
          ],
          "name": "bone90",
          "parent": "gold5",
          "pivot": [-10.775, 25.675, -40.9],
          "rotation": [0, 0, 25]
        }, {
          "cubes": [
            {
              "mirror": true,
              "origin": [-28.05, 11.625, -44.9],
              "pivot": [-18.05, 18.625, -41.15],
              "rotation": [0, 0, -97.5],
              "size": [10, 7, 8],
              "uv": [278, 261]
            }
          ],
          "name": "bone91",
          "parent": "bone90",
          "pivot": [-17.975, 18.725, -40.9]
        }, {
          "cubes": [
            {
              "mirror": true,
              "origin": [-23.325, 3.775, -43.9],
              "pivot": [-16.325, 8.775, -40.15],
              "rotation": [0, 0, -127.5],
              "size": [7, 5, 6],
              "uv": [300, 105]
            }, {
              "mirror": true,
              "origin": [-19.1, 0.275, -42.9],
              "pivot": [-12.1, 3.275, -40.15],
              "rotation": [0, 0, -162.5],
              "size": [7, 3, 4],
              "uv": [194, 156]
            }
          ],
          "name": "bone92",
          "parent": "bone91",
          "pivot": [-16.35, 9.275, -40.9],
          "rotation": [0, 0, 10]
        }, {
          "cubes": [
            {
              "mirror": true,
              "origin": [-6.5, 23.95, -42.9],
              "size": [3, 6, 4],
              "uv": [318, 20]
            }
          ],
          "name": "bone93",
          "parent": "gold5",
          "pivot": [-4.5, 24.95, -39.9],
          "rotation": [0, 0, 12.5]
        }, {
          "cubes": [
            {
              "origin": [-5, 29.95, -42.9],
              "size": [0, 4, 4],
              "uv": [230, 263]
            }
          ],
          "name": "bone94",
          "parent": "bone93",
          "pivot": [-5, 29.95, -40.9]
        }, {
          "cubes": [
            {
              "origin": [-5.5, 33.95, -43.9],
              "size": [1, 6, 6],
              "uv": [92, 316]
            }
          ],
          "name": "bone95",
          "parent": "bone94",
          "pivot": [-5, 33.95, -40.9]
        }, {
          "cubes": [
            {
              "origin": [-6.5, 39.95, -44.4],
              "size": [3, 6, 7],
              "uv": [312, 216]
            }
          ],
          "name": "bone96",
          "parent": "bone95",
          "pivot": [-5, 39.95, -40.9]
        }, {
          "cubes": [
            {
              "origin": [-7, 45.95, -44.9],
              "size": [4, 6, 8],
              "uv": [240, 296]
            }
          ],
          "name": "bone97",
          "parent": "bone96",
          "pivot": [-5, 45.95, -40.9]
        }, {
          "cubes": [
            {
              "origin": [-8, 51.95, -44.9],
              "size": [6, 8, 8],
              "uv": [290, 20]
            }
          ],
          "name": "bone98",
          "parent": "bone97",
          "pivot": [-5, 51.95, -40.9]
        }, {
          "cubes": [
            {
              "origin": [-9, 59.95, -45.4],
              "size": [8, 10, 9],
              "uv": [268, 40]
            }
          ],
          "name": "bone99",
          "parent": "bone98",
          "pivot": [-5, 59.95, -40.9]
        }, {
          "cubes": [
            {
              "origin": [-9.5, 69.95, -45.9],
              "size": [9, 10, 10],
              "uv": [252, 20]
            }
          ],
          "name": "bone100",
          "parent": "bone99",
          "pivot": [-5, 69.95, -40.9]
        }, {
          "cubes": [
            {
              "inflate": 0.01,
              "origin": [-10, 79.95, -45.9],
              "size": [10, 10, 10],
              "uv": [194, 136]
            }
          ],
          "name": "bone101",
          "parent": "bone100",
          "pivot": [-5, 79.95, -40.9]
        }, {
          "cubes": [
            {
              "origin": [-10, 89.95, -45.9],
              "size": [10, 10, 10],
              "uv": [0, 199]
            }
          ],
          "name": "bone102",
          "parent": "bone101",
          "pivot": [-5, 89.95, -40.9]
        }, {
          "cubes": [
            {
              "inflate": 0.01,
              "origin": [-10, 99.95, -45.9],
              "size": [10, 10, 10],
              "uv": [120, 203]
            }
          ],
          "name": "bone103",
          "parent": "bone102",
          "pivot": [-5, 99.95, -40.9]
        }, {
          "cubes": [
            {
              "origin": [-10, 109.95, -45.9],
              "size": [10, 10, 10],
              "uv": [160, 203]
            }
          ],
          "name": "bone104",
          "parent": "bone103",
          "pivot": [-5, 109.95, -40.9]
        }, {
          "cubes": [
            {
              "inflate": 0.01,
              "origin": [-10, 119.95, -45.9],
              "size": [10, 10, 10],
              "uv": [200, 203]
            }
          ],
          "name": "bone105",
          "parent": "bone104",
          "pivot": [-5, 119.95, -40.9]
        }, {
          "cubes": [
            {
              "origin": [-10, 129.95, -45.9],
              "size": [10, 10, 10],
              "uv": [204, 183]
            }
          ],
          "name": "bone106",
          "parent": "bone105",
          "pivot": [-5, 129.95, -40.9]
        }, {
          "cubes": [
            {
              "inflate": 0.01,
              "origin": [-10, 139.95, -45.9],
              "size": [10, 10, 10],
              "uv": [40, 205]
            },
            {
              "origin": [-8, 149.95, -43.9],
              "size": [6, 4, 6],
              "uv": [106, 306]
            },
            {
              "origin": [-7, 153.95, -42.9],
              "size": [4, 4, 4],
              "uv": [206, 320]
            },
            {
              "origin": [-6, 157.95, -41.9],
              "size": [2, 3, 2],
              "uv": [278, 313]
            }
          ],
          "name": "bone107",
          "parent": "bone106",
          "pivot": [-5, 139.95, -40.9]
        }, {
          "cubes": [
            {
              "origin": [-8.5, 8.75, -59.6],
              "size": [17, 14, 15],
              "uv": [72, 136]
            }
          ],
          "name": "bone9",
          "parent": "bone4",
          "pivot": [0, 15.5, -44.6]
        }, {
          "cubes": [
            {
              "origin": [2.5, 21, -55.15],
              "size": [7, 6, 6],
              "uv": [46, 151]
            }
          ],
          "name": "gold1",
          "parent": "bone9",
          "pivot": [7, 23.5, -51.4],
          "rotation": [0, 0, 12.5]
        }, {
          "cubes": [
            {
              "inflate": -0.01,
              "origin": [9.5, 19, -55.15],
              "pivot": [9.5, 26, -52.4],
              "rotation": [0, 0, 45],
              "size": [10, 7, 6],
              "uv": [274, 78]
            }
          ],
          "name": "bone15",
          "parent": "gold1",
          "pivot": [9.525, 25.925, -52.15],
          "rotation": [0, 0, -25]
        }, {
          "cubes": [
            {
              "origin": [16.8, 11.875, -56.15],
              "pivot": [16.8, 18.875, -52.4],
              "rotation": [0, 0, 97.5],
              "size": [10, 7, 8],
              "uv": [278, 261]
            }
          ],
          "name": "bone16",
          "parent": "bone15",
          "pivot": [16.725, 18.975, -52.15]
        }, {
          "cubes": [
            {
              "origin": [15.075, 4.025, -55.15],
              "pivot": [15.075, 9.025, -51.4],
              "rotation": [0, 0, 127.5],
              "size": [7, 5, 6],
              "uv": [300, 105]
            }, {
              "origin": [10.85, 0.525, -54.15],
              "pivot": [10.85, 3.525, -51.4],
              "rotation": [0, 0, 162.5],
              "size": [7, 3, 4],
              "uv": [194, 156]
            }
          ],
          "name": "bone48",
          "parent": "bone16",
          "pivot": [15.1, 9.025, -51.4],
          "rotation": [0, 0, -10]
        }, {
          "cubes": [
            {
              "origin": [2.25, 24.2, -54.15],
              "size": [3, 6, 4],
              "uv": [318, 20]
            }
          ],
          "name": "bone17",
          "parent": "gold1",
          "pivot": [3.25, 25.2, -51.15],
          "rotation": [0, 0, -12.5]
        }, {
          "cubes": [
            {
              "origin": [3.75, 29.95, -53.9],
              "size": [0, 4, 4],
              "uv": [230, 263]
            }
          ],
          "name": "bone6",
          "parent": "bone17",
          "pivot": [3.75, 29.95, -51.9]
        }, {
          "cubes": [
            {
              "origin": [3.25, 33.95, -54.9],
              "size": [1, 6, 6],
              "uv": [92, 316]
            }
          ],
          "name": "bone18",
          "parent": "bone6",
          "pivot": [3.75, 33.95, -51.9]
        }, {
          "cubes": [
            {
              "origin": [2.25, 39.95, -55.4],
              "size": [3, 6, 7],
              "uv": [312, 216]
            }
          ],
          "name": "bone19",
          "parent": "bone18",
          "pivot": [3.75, 39.95, -51.9]
        }, {
          "cubes": [
            {
              "origin": [1.75, 45.95, -55.9],
              "size": [4, 6, 8],
              "uv": [240, 296]
            }
          ],
          "name": "bone20",
          "parent": "bone19",
          "pivot": [3.75, 45.95, -51.9]
        }, {
          "cubes": [
            {
              "origin": [0.75, 51.95, -55.9],
              "size": [6, 8, 8],
              "uv": [290, 20]
            }
          ],
          "name": "bone21",
          "parent": "bone20",
          "pivot": [3.75, 51.95, -51.9]
        }, {
          "cubes": [
            {
              "origin": [-0.25, 59.95, -56.4],
              "size": [8, 10, 9],
              "uv": [268, 40]
            }
          ],
          "name": "bone22",
          "parent": "bone21",
          "pivot": [3.75, 59.95, -51.9]
        }, {
          "cubes": [
            {
              "origin": [-0.75, 69.95, -56.9],
              "size": [9, 10, 10],
              "uv": [252, 20]
            }
          ],
          "name": "bone23",
          "parent": "bone22",
          "pivot": [3.75, 69.95, -51.9]
        }, {
          "cubes": [
            {
              "inflate": 0.01,
              "origin": [-1.25, 79.95, -56.9],
              "size": [10, 10, 10],
              "uv": [194, 136]
            }
          ],
          "name": "bone24",
          "parent": "bone23",
          "pivot": [3.75, 79.95, -51.9]
        }, {
          "cubes": [
            {
              "origin": [-1.25, 89.95, -56.9],
              "size": [10, 10, 10],
              "uv": [0, 199]
            }
          ],
          "name": "bone25",
          "parent": "bone24",
          "pivot": [3.75, 89.95, -51.9]
        }, {
          "cubes": [
            {
              "inflate": 0.01,
              "origin": [-1.25, 99.95, -56.9],
              "size": [10, 10, 10],
              "uv": [120, 203]
            }
          ],
          "name": "bone26",
          "parent": "bone25",
          "pivot": [3.75, 99.95, -51.9]
        }, {
          "cubes": [
            {
              "origin": [-1.25, 109.95, -56.9],
              "size": [10, 10, 10],
              "uv": [160, 203]
            }
          ],
          "name": "bone27",
          "parent": "bone26",
          "pivot": [3.75, 109.95, -51.9]
        }, {
          "cubes": [
            {
              "inflate": 0.01,
              "origin": [-1.25, 119.95, -56.9],
              "size": [10, 10, 10],
              "uv": [200, 203]
            }
          ],
          "name": "bone28",
          "parent": "bone27",
          "pivot": [3.75, 119.95, -51.9]
        }, {
          "cubes": [
            {
              "origin": [-1.25, 129.95, -56.9],
              "size": [10, 10, 10],
              "uv": [204, 183]
            }
          ],
          "name": "bone29",
          "parent": "bone28",
          "pivot": [3.75, 129.95, -51.9]
        }, {
          "cubes": [
            {
              "inflate": 0.01,
              "origin": [-1.25, 139.95, -56.9],
              "size": [10, 10, 10],
              "uv": [40, 205]
            },
            {
              "origin": [0.75, 149.95, -54.9],
              "size": [6, 4, 6],
              "uv": [106, 306]
            },
            {
              "origin": [1.75, 153.95, -53.9],
              "size": [4, 4, 4],
              "uv": [206, 320]
            },
            {
              "origin": [2.75, 157.95, -52.9],
              "size": [2, 3, 2],
              "uv": [278, 313]
            }
          ],
          "name": "bone30",
          "parent": "bone29",
          "pivot": [3.75, 139.95, -51.9]
        }, {
          "cubes": [
            {
              "mirror": true,
              "origin": [-9.5, 21, -55.15],
              "size": [7, 6, 6],
              "uv": [46, 151]
            }
          ],
          "name": "gold4",
          "parent": "bone9",
          "pivot": [-7, 23.5, -51.4],
          "rotation": [0, 0, -12.5]
        }, {
          "cubes": [
            {
              "inflate": -0.01,
              "mirror": true,
              "origin": [-19.5, 19, -55.15],
              "pivot": [-9.5, 26, -52.4],
              "rotation": [0, 0, -45],
              "size": [10, 7, 6],
              "uv": [274, 78]
            }
          ],
          "name": "bone72",
          "parent": "gold4",
          "pivot": [-9.525, 25.925, -52.15],
          "rotation": [0, 0, 25]
        }, {
          "cubes": [
            {
              "mirror": true,
              "origin": [-26.8, 11.875, -56.15],
              "pivot": [-16.8, 18.875, -52.4],
              "rotation": [0, 0, -97.5],
              "size": [10, 7, 8],
              "uv": [278, 261]
            }
          ],
          "name": "bone73",
          "parent": "bone72",
          "pivot": [-16.725, 18.975, -52.15]
        }, {
          "cubes": [
            {
              "mirror": true,
              "origin": [-22.075, 4.025, -55.15],
              "pivot": [-15.075, 9.025, -51.4],
              "rotation": [0, 0, -127.5],
              "size": [7, 5, 6],
              "uv": [300, 105]
            }, {
              "mirror": true,
              "origin": [-17.85, 0.525, -54.15],
              "pivot": [-10.85, 3.525, -51.4],
              "rotation": [0, 0, -162.5],
              "size": [7, 3, 4],
              "uv": [194, 156]
            }
          ],
          "name": "bone74",
          "parent": "bone73",
          "pivot": [-15.1, 9.025, -51.4],
          "rotation": [0, 0, 10]
        }, {
          "cubes": [
            {
              "mirror": true,
              "origin": [-5.25, 24.2, -54.15],
              "size": [3, 6, 4],
              "uv": [318, 20]
            }
          ],
          "name": "bone75",
          "parent": "gold4",
          "pivot": [-3.25, 25.2, -51.15],
          "rotation": [0, 0, 12.5]
        }, {
          "cubes": [
            {
              "origin": [-3.75, 29.95, -54.15],
              "size": [0, 4, 4],
              "uv": [230, 263]
            }
          ],
          "name": "bone76",
          "parent": "bone75",
          "pivot": [-3.75, 29.95, -52.15]
        }, {
          "cubes": [
            {
              "origin": [-4.25, 33.95, -55.15],
              "size": [1, 6, 6],
              "uv": [92, 316]
            }
          ],
          "name": "bone77",
          "parent": "bone76",
          "pivot": [-3.75, 33.95, -52.15]
        }, {
          "cubes": [
            {
              "origin": [-5.25, 39.95, -55.65],
              "size": [3, 6, 7],
              "uv": [312, 216]
            }
          ],
          "name": "bone78",
          "parent": "bone77",
          "pivot": [-3.75, 39.95, -52.15]
        }, {
          "cubes": [
            {
              "origin": [-5.75, 45.95, -56.15],
              "size": [4, 6, 8],
              "uv": [240, 296]
            }
          ],
          "name": "bone79",
          "parent": "bone78",
          "pivot": [-3.75, 45.95, -52.15]
        }, {
          "cubes": [
            {
              "origin": [-6.75, 51.95, -56.15],
              "size": [6, 8, 8],
              "uv": [290, 20]
            }
          ],
          "name": "bone80",
          "parent": "bone79",
          "pivot": [-3.75, 51.95, -52.15]
        }, {
          "cubes": [
            {
              "origin": [-7.75, 59.95, -56.65],
              "size": [8, 10, 9],
              "uv": [268, 40]
            }
          ],
          "name": "bone81",
          "parent": "bone80",
          "pivot": [-3.75, 59.95, -52.15]
        }, {
          "cubes": [
            {
              "origin": [-8.25, 69.95, -57.15],
              "size": [9, 10, 10],
              "uv": [252, 20]
            }
          ],
          "name": "bone82",
          "parent": "bone81",
          "pivot": [-3.75, 69.95, -52.15]
        }, {
          "cubes": [
            {
              "inflate": 0.01,
              "origin": [-8.75, 79.95, -57.15],
              "size": [10, 10, 10],
              "uv": [194, 136]
            }
          ],
          "name": "bone83",
          "parent": "bone82",
          "pivot": [-3.75, 79.95, -52.15]
        }, {
          "cubes": [
            {
              "origin": [-8.75, 89.95, -57.15],
              "size": [10, 10, 10],
              "uv": [0, 199]
            }
          ],
          "name": "bone84",
          "parent": "bone83",
          "pivot": [-3.75, 89.95, -52.15]
        }, {
          "cubes": [
            {
              "inflate": 0.01,
              "origin": [-8.75, 99.95, -57.15],
              "size": [10, 10, 10],
              "uv": [120, 203]
            }
          ],
          "name": "bone85",
          "parent": "bone84",
          "pivot": [-3.75, 99.95, -52.15]
        }, {
          "cubes": [
            {
              "origin": [-8.75, 109.95, -57.15],
              "size": [10, 10, 10],
              "uv": [160, 203]
            }
          ],
          "name": "bone86",
          "parent": "bone85",
          "pivot": [-3.75, 109.95, -52.15]
        }, {
          "cubes": [
            {
              "inflate": 0.01,
              "origin": [-8.75, 119.95, -57.15],
              "size": [10, 10, 10],
              "uv": [200, 203]
            }
          ],
          "name": "bone87",
          "parent": "bone86",
          "pivot": [-3.75, 119.95, -52.15]
        }, {
          "cubes": [
            {
              "origin": [-8.75, 129.95, -57.15],
              "size": [10, 10, 10],
              "uv": [204, 183]
            }
          ],
          "name": "bone88",
          "parent": "bone87",
          "pivot": [-3.75, 129.95, -52.15]
        }, {
          "cubes": [
            {
              "inflate": 0.01,
              "origin": [-8.75, 139.95, -57.15],
              "size": [10, 10, 10],
              "uv": [40, 205]
            },
            {
              "origin": [-6.75, 149.95, -55.15],
              "size": [6, 4, 6],
              "uv": [106, 306]
            },
            {
              "origin": [-5.75, 153.95, -54.15],
              "size": [4, 4, 4],
              "uv": [206, 320]
            },
            {
              "origin": [-4.75, 157.95, -53.15],
              "size": [2, 3, 2],
              "uv": [278, 313]
            }
          ],
          "name": "bone89",
          "parent": "bone88",
          "pivot": [-3.75, 139.95, -52.15]
        }, {
          "cubes": [
            {
              "origin": [-8, 8.98586, -66.81269],
              "size": [16, 13, 10],
              "uv": [110, 31]
            }
          ],
          "name": "bone3",
          "parent": "bone9",
          "pivot": [0, 15, -57.35],
          "rotation": [7.5, 0, 0]
        }, {
          "cubes": [
            {
              "origin": [-5.5, 11.70232, -78.50937],
              "pivot": [0, 12.20232, -73.00937],
              "rotation": [0, -45, 0],
              "size": [11, 10, 11],
              "uv": [0, 158]
            }, {
              "inflate": 0.02,
              "origin": [-7.5, 9.70232, -72.70937],
              "size": [15, 12, 8],
              "uv": [0, 138]
            }
          ],
          "name": "head",
          "parent": "bone3",
          "pivot": [0, 15.48586, -64.81269],
          "rotation": [10, 0, 0]
        }, {
          "cubes": [
            {
              "mirror": true,
              "origin": [-5.68961, 14.95232, -76.12804],
              "size": [2, 2, 0],
              "uv": [2, 2]
            },
            {
              "mirror": true,
              "origin": [-5.18961, 15.45232, -76.17804],
              "size": [1, 1, 0],
              "uv": [2, 0]
            }
          ],
          "name": "bone136",
          "parent": "head",
          "pivot": [-4.68961, 16.07732, -76.15304],
          "rotation": [0, 45, 0]
        }, {
          "cubes": [
            {
              "origin": [3.68961, 14.95232, -76.12804],
              "size": [2, 2, 0],
              "uv": [2, 2]
            },
            {
              "origin": [4.18961, 15.45232, -76.17804],
              "size": [1, 1, 0],
              "uv": [2, 0]
            }
          ],
          "name": "bone135",
          "parent": "head",
          "pivot": [4.68961, 16.07732, -76.15304],
          "rotation": [0, -45, 0]
        }, {
          "cubes": [
            {
              "mirror": true,
              "origin": [-4, 9.70232, -80.38437],
              "pivot": [0, 8.70232, -79.38437],
              "rotation": [0, 45, 0],
              "size": [5, 2, 0],
              "uv": [52, 163]
            }, {
              "origin": [-1, 9.70232, -80.38437],
              "pivot": [0, 8.70232, -79.38437],
              "rotation": [0, -45, 0],
              "size": [5, 2, 0],
              "uv": [52, 163]
            }
          ],
          "name": "bone134",
          "parent": "head",
          "pivot": [0, 8.70232, -79.38437]
        }, {
          "cubes": [
            {
              "origin": [-5.5, 9.70232, -78.38437],
              "pivot": [0, 2.20232, -72.88437],
              "rotation": [0, -45, 0],
              "size": [11, 2, 11],
              "uv": [244, 188]
            }
          ],
          "name": "bone2",
          "parent": "head",
          "pivot": [0, 11.45232, -71.85937]
        }, {
          "cubes": [
            {
              "origin": [1.3471, 14.70967, -85.96412],
              "pivot": [2.3471, 12.36816, -83.87261],
              "rotation": [0, -5, 0],
              "size": [3, 0, 5],
              "uv": [316, 302]
            }
          ],
          "name": "jaw_clasp",
          "parent": "head",
          "pivot": [1.5, 21.02927, -68.38389],
          "rotation": [15.06274, 4.76804, 1.50701]
        }, {
          "cubes": [
            {
              "origin": [-0.05539, 11.68847, -83.83235],
              "pivot": [9.9971, 11.34696, -82.7574],
              "rotation": [0, 2.5, 0],
              "size": [10, 3, 3],
              "uv": [280, 255]
            }, {
              "origin": [8.9471, 11.92196, -83.6074],
              "pivot": [11.9471, 12.92196, -82.6074],
              "rotation": [40.01247, -27.48473, -9.9986],
              "size": [9, 3, 6],
              "uv": [331, 60]
            }, {
              "origin": [15.7221, 13.57196, -81.5074],
              "pivot": [18.7221, 14.57196, -79.5074],
              "rotation": [59.37561, -51.49234, -39.07866],
              "size": [14, 3, 10],
              "uv": [338, 47]
            }, {
              "origin": [24.7221, 17.32196, -76.2574],
              "pivot": [27.7221, 18.32196, -75.2574],
              "rotation": [52.13326, -47.25921, -29.55246],
              "size": [14, 0, 11],
              "uv": [162, 31]
            }
          ],
          "name": "bone69",
          "parent": "jaw_clasp",
          "pivot": [2.4471, 11.52196, -81.7574],
          "rotation": [0, -37.5, 0]
        }, {
          "cubes": [
            {
              "mirror": true,
              "origin": [-4.3471, 14.70967, -85.96412],
              "pivot": [-2.3471, 12.36816, -83.87261],
              "rotation": [0, 5, 0],
              "size": [3, 0, 5],
              "uv": [316, 302]
            }
          ],
          "name": "jaw_clasp2",
          "parent": "head",
          "pivot": [-1.5, 21.02927, -68.38389],
          "rotation": [15.06274, -4.76804, -1.50701]
        }, {
          "cubes": [
            {
              "mirror": true,
              "origin": [-9.94461, 11.68847, -83.83235],
              "pivot": [-9.9971, 11.34696, -82.7574],
              "rotation": [0, -2.5, 0],
              "size": [10, 3, 3],
              "uv": [280, 255]
            }, {
              "mirror": true,
              "origin": [-17.9471, 11.92196, -83.6074],
              "pivot": [-11.9471, 12.92196, -82.6074],
              "rotation": [40.01247, 27.48473, 9.9986],
              "size": [9, 3, 6],
              "uv": [331, 60]
            }, {
              "mirror": true,
              "origin": [-29.7221, 13.57196, -81.5074],
              "pivot": [-18.7221, 14.57196, -79.5074],
              "rotation": [59.37561, 51.49234, 39.07866],
              "size": [14, 3, 10],
              "uv": [338, 47]
            }, {
              "mirror": true,
              "origin": [-38.7221, 17.32196, -76.2574],
              "pivot": [-27.7221, 18.32196, -75.2574],
              "rotation": [52.13326, 47.25921, 29.55246],
              "size": [14, 0, 11],
              "uv": [162, 31]
            }
          ],
          "name": "bone71",
          "parent": "jaw_clasp2",
          "pivot": [-2.4471, 11.52196, -81.7574],
          "rotation": [0, 37.5, 0]
        }, {
          "cubes": [
            {
              "origin": [-1, 13.20232, -80.50937],
              "pivot": [0, 17.20232, -79.50937],
              "rotation": [0, -45, 0],
              "size": [13, 9, 0],
              "uv": [264, 304]
            }, {
              "mirror": true,
              "origin": [-12, 13.20232, -80.50937],
              "pivot": [0, 17.20232, -79.50937],
              "rotation": [0, 45, 0],
              "size": [13, 9, 0],
              "uv": [264, 304]
            }
          ],
          "name": "bone",
          "parent": "head",
          "pivot": [0, 12.20232, -73.00937]
        }, {
          "cubes": [
            {
              "mirror": true,
              "origin": [-10.59054, 22.15232, -75.1621],
              "pivot": [-5.75, 22.15232, -75.13437],
              "rotation": [-25, 45, 0],
              "size": [7, 9, 0],
              "uv": [46, 322]
            }, {
              "origin": [3.59054, 22.15232, -75.1621],
              "pivot": [5.75, 22.15232, -75.13437],
              "rotation": [-27.5, -45, 0],
              "size": [7, 9, 0],
              "uv": [46, 322]
            }
          ],
          "name": "bone137",
          "parent": "bone",
          "pivot": [5.75, 22.15232, -75.13437]
        }, {
          "locators": {
            "seat_1": [0, 21.5, -63]
          },
          "name": "locator_seat_1",
          "parent": "bone3",
          "pivot": [0, 21.5, -63]
        },
        {
          "cubes": [
            {
              "origin": [-13.5, 2.75, 6.65],
              "size": [27, 26, 23],
              "uv": [0, 54]
            }
          ],
          "name": "bone7",
          "parent": "body",
          "pivot": [0, 15.75, 6.65]
        }, {
          "cubes": [
            {
              "mirror": true,
              "origin": [-24.5, 10.75, 5.15],
              "size": [11, 8, 8],
              "uv": [240, 261]
            },
            {
              "mirror": true,
              "origin": [-33.5, 12.25, 6.65],
              "size": [9, 5, 5],
              "uv": [180, 20]
            },
            {
              "mirror": true,
              "origin": [-42.5, 13.25, 7.65],
              "size": [9, 3, 3],
              "uv": [298, 14]
            }
          ],
          "name": "bone126",
          "parent": "bone7",
          "pivot": [-13.5, 14.75, 9.15],
          "rotation": [-45, 0, 0]
        }, {
          "cubes": [
            {
              "origin": [13.5, 10.75, 5.15],
              "size": [11, 8, 8],
              "uv": [240, 261]
            },
            {
              "origin": [24.5, 12.25, 6.65],
              "size": [9, 5, 5],
              "uv": [180, 20]
            },
            {
              "origin": [33.5, 13.25, 7.65],
              "size": [9, 3, 3],
              "uv": [298, 14]
            }
          ],
          "name": "bone127",
          "parent": "bone7",
          "pivot": [13.5, 14.75, 9.15],
          "rotation": [-45, 0, 0]
        }, {
          "cubes": [
            {
              "origin": [-12, 4.75, 26.65],
              "size": [24, 22, 20],
              "uv": [100, 54]
            }
          ],
          "name": "bone8",
          "parent": "bone7",
          "pivot": [0, 15.75, 27.65]
        }, {
          "cubes": [
            {
              "origin": [-10, 6.5, 44.65],
              "size": [20, 19, 16],
              "uv": [0, 103]
            }
          ],
          "name": "bone10",
          "parent": "bone8",
          "pivot": [0, 15.75, 46.65]
        }, {
          "cubes": [
            {
              "origin": [-8, 8.75, 59.65],
              "size": [16, 14, 13],
              "uv": [136, 136]
            }
          ],
          "name": "bone11",
          "parent": "bone10",
          "pivot": [0, 15.75, 60.65]
        }, {
          "cubes": [
            {
              "origin": [7, 13.25, 61.65],
              "size": [7, 5, 5],
              "uv": [290, 308]
            },
            {
              "origin": [14, 14.25, 62.65],
              "size": [7, 3, 3],
              "uv": [316, 201]
            }
          ],
          "name": "bone130",
          "parent": "bone11",
          "pivot": [0, 15.75, 62.65],
          "rotation": [-45, 0, 0]
        }, {
          "cubes": [
            {
              "mirror": true,
              "origin": [-14, 13.25, 61.65],
              "size": [7, 5, 5],
              "uv": [290, 308]
            },
            {
              "mirror": true,
              "origin": [-21, 14.25, 62.65],
              "size": [7, 3, 3],
              "uv": [316, 201]
            }
          ],
          "name": "bone131",
          "parent": "bone11",
          "pivot": [0, 15.75, 62.65],
          "rotation": [-45, 0, 0]
        }, {
          "cubes": [
            {
              "origin": [-6, 10.75, 71.65],
              "size": [12, 10, 8],
              "uv": [240, 243]
            }
          ],
          "name": "bone12",
          "parent": "bone11",
          "pivot": [0, 15.75, 71.65]
        }, {
          "cubes": [
            {
              "mirror": true,
              "origin": [-13, 13.25, 73.65],
              "size": [7, 5, 5],
              "uv": [290, 308]
            },
            {
              "mirror": true,
              "origin": [-20, 14.25, 74.65],
              "size": [7, 3, 3],
              "uv": [316, 201]
            }
          ],
          "name": "bone132",
          "parent": "bone12",
          "pivot": [1, 15.75, 74.65],
          "rotation": [-45, 0, 0]
        }, {
          "cubes": [
            {
              "origin": [6, 13.25, 73.65],
              "size": [7, 5, 5],
              "uv": [290, 308]
            },
            {
              "origin": [13, 14.25, 74.65],
              "size": [7, 3, 3],
              "uv": [316, 201]
            }
          ],
          "name": "bone133",
          "parent": "bone12",
          "pivot": [-1, 15.75, 74.65],
          "rotation": [-45, 0, 0]
        }, {
          "cubes": [
            {
              "origin": [-4, 11.75, 77.65],
              "size": [8, 8, 9],
              "uv": [264, 277]
            }
          ],
          "name": "bone13",
          "parent": "bone12",
          "pivot": [0, 15.75, 77.65]
        }, {
          "cubes": [
            {
              "origin": [-2.75, 13.5, 86.65],
              "size": [5, 5, 8],
              "uv": [46, 138]
            }
          ],
          "name": "bone14",
          "parent": "bone13",
          "pivot": [0, 15.75, 86.65]
        }, {
          "cubes": [
            {
              "origin": [10.5, 10.75, 27.15],
              "size": [11, 8, 8],
              "uv": [240, 261]
            },
            {
              "origin": [21.5, 12.25, 28.65],
              "size": [9, 5, 5],
              "uv": [180, 20]
            },
            {
              "origin": [30.5, 13.25, 29.65],
              "size": [9, 3, 3],
              "uv": [298, 14]
            }
          ],
          "name": "bone128",
          "parent": "bone8",
          "pivot": [10.5, 14.75, 31.15],
          "rotation": [-45, 0, 0]
        }, {
          "cubes": [
            {
              "mirror": true,
              "origin": [-21.5, 10.75, 27.15],
              "size": [11, 8, 8],
              "uv": [240, 261]
            },
            {
              "mirror": true,
              "origin": [-30.5, 12.25, 28.65],
              "size": [9, 5, 5],
              "uv": [180, 20]
            },
            {
              "mirror": true,
              "origin": [-39.5, 13.25, 29.65],
              "size": [9, 3, 3],
              "uv": [298, 14]
            }
          ],
          "name": "bone129",
          "parent": "bone8",
          "pivot": [-10.5, 14.75, 31.15],
          "rotation": [-45, 0, 0]
        }
      ],
      "description": {
        "identifier": "geometry.giratina_origin",
        "texture_height": 512,
        "texture_width": 512,
        "visible_bounds_height": 11.5,
        "visible_bounds_offset": [0, 5.25, 0],
        "visible_bounds_width": 28
      }
    }
  ]
}