{
  "format_version": "1.12.0",
  "minecraft:geometry": [
    {
      "bones": [
        {
          "name": "meowth",
          "pivot": [0, 0, 0]
        }, {
          "name": "body",
          "parent": "meowth",
          "pivot": [0, 6, 0]
        }, {
          "cubes": [
            {
              "origin": [-5.5, 9, -4],
              "size": [11, 8, 8],
              "uv": [38, 25]
            }
          ],
          "name": "torso",
          "parent": "body",
          "pivot": [0, 12.5, 0]
        }, {
          "cubes": [
            {
              "inflate": 0.01,
              "origin": [-1.5, 13, 3],
              "size": [3, 3, 8],
              "uv": [62, 73]
            }
          ],
          "name": "tail",
          "parent": "torso",
          "pivot": [0, 14.5, 3]
        }, {
          "cubes": [
            {
              "inflate": 0.01,
              "origin": [-1.5, 13, 11],
              "size": [3, 3, 8],
              "uv": [0, 74]
            }
          ],
          "name": "tail2",
          "parent": "tail",
          "pivot": [0, 14.5, 11]
        }, {
          "cubes": [
            {
              "inflate": 0.01,
              "origin": [-1.5, 13, 19],
              "size": [3, 3, 8],
              "uv": [76, 15]
            }
          ],
          "name": "tail3",
          "parent": "tail2",
          "pivot": [0, 14.5, 19]
        }, {
          "cubes": [
            {
              "inflate": 0.01,
              "origin": [-1.5, 13, 27],
              "size": [3, 3, 7],
              "uv": [76, 29]
            }
          ],
          "name": "tail4",
          "parent": "tail3",
          "pivot": [0, 14.5, 27]
        }, {
          "cubes": [
            {
              "inflate": 0.01,
              "origin": [-2.5, 13, 34],
              "size": [5, 5, 7],
              "uv": [38, 73]
            }
          ],
          "name": "tail5",
          "parent": "tail4",
          "pivot": [0, 13, 34]
        }, {
          "cubes": [
            {
              "inflate": 0.01,
              "origin": [-5.5, 16, -4],
              "size": [11, 7, 8],
              "uv": [38, 41]
            }
          ],
          "name": "torso2",
          "parent": "torso",
          "pivot": [0, 15.5, 0]
        }, {
          "cubes": [
            {
              "origin": [-5.5, 22, -4],
              "size": [11, 8, 8],
              "uv": [0, 42]
            }
          ],
          "name": "torso3",
          "parent": "torso2",
          "pivot": [0, 22.5, 0]
        }, {
          "cubes": [
            {
              "inflate": 0.01,
              "origin": [-5.5, 29, -4],
              "size": [11, 8, 8],
              "uv": [38, 57]
            }
          ],
          "name": "torso4",
          "parent": "torso3",
          "pivot": [0, 29.5, 0]
        }, {
          "cubes": [
            {
              "origin": [-5.5, 36, -4],
              "size": [11, 8, 8],
              "uv": [0, 58]
            }
          ],
          "name": "torso5",
          "parent": "torso4",
          "pivot": [0, 36.5, 0]
        }, {
          "cubes": [
            {
              "origin": [21.5, 38, -10],
              "pivot": [21.5, 41.5, -1],
              "rotation": [0, 180, 0],
              "size": [0, 7, 18],
              "uv": [38, 90]
            }, {
              "origin": [15.13604, 38, 5.36396],
              "pivot": [15.13604, 41.5, 14.36396],
              "rotation": [0, 135, 0],
              "size": [0, 7, 18],
              "uv": [0, 82]
            }, {
              "origin": [15.13604, 38, -25.36396],
              "pivot": [15.13604, 41.5, -16.36396],
              "rotation": [0, -135, 0],
              "size": [0, 7, 18],
              "uv": [39, 82]
            }, {
              "mirror": true,
              "origin": [-21.95484, 38, -10],
              "pivot": [-21.95484, 41.5, -1],
              "rotation": [0, 180, 0],
              "size": [0, 7, 18],
              "uv": [75, 92]
            }, {
              "mirror": true,
              "origin": [-15.59088, 38, 5.36396],
              "pivot": [-15.59088, 41.5, 14.36396],
              "rotation": [0, -135, 0],
              "size": [0, 7, 18],
              "uv": [0, 99]
            }, {
              "mirror": true,
              "origin": [-15.59118, 38, -25.36325],
              "pivot": [-15.59118, 41.5, -16.36325],
              "rotation": [0, 135, 0],
              "size": [0, 7, 18],
              "uv": [76, 82]
            }, {
              "origin": [-0.22792, 38, -31.72792],
              "pivot": [-0.22792, 41.5, -22.72792],
              "rotation": [0, 90, 0],
              "size": [0, 7, 18],
              "uv": [38, 99]
            }, {
              "origin": [-0.22792, 38, 11.72692],
              "pivot": [-0.22792, 41.5, 20.72692],
              "rotation": [0, 90, 0],
              "size": [0, 7, 18],
              "uv": [0, 91]
            }
          ],
          "name": "gmax_swirlies",
          "parent": "torso5",
          "pivot": [-0.05698, 41.5, -1.00013]
        }, {
          "cubes": [
            {
              "inflate": 0.01,
              "origin": [-5.5, 43, -4],
              "size": [11, 9, 8],
              "uv": [0, 25]
            }
          ],
          "name": "torso6",
          "parent": "torso5",
          "pivot": [0, 43, 0]
        }, {
          "cubes": [
            {
              "origin": [5.5, 45, -2],
              "size": [6, 3, 4],
              "uv": [76, 47]
            }
          ],
          "name": "left_arm",
          "parent": "torso6",
          "pivot": [5.5, 46.5, 0]
        }, {
          "cubes": [
            {
              "inflate": 0.01,
              "origin": [11.5, 45, -2],
              "size": [6, 3, 4],
              "uv": [76, 61]
            }
          ],
          "name": "left_arm2",
          "parent": "left_arm",
          "pivot": [11.5, 46.5, 2]
        }, {
          "cubes": [
            {
              "origin": [17.5, 45, -2],
              "size": [6, 3, 4],
              "uv": [76, 54]
            }
          ],
          "name": "left_arm3",
          "parent": "left_arm2",
          "pivot": [17.5, 46.5, 2]
        }, {
          "cubes": [
            {
              "inflate": 0.01,
              "origin": [23.5, 45, -2],
              "size": [2, 3, 4],
              "uv": [80, 7]
            }
          ],
          "name": "left_arm4",
          "parent": "left_arm3",
          "pivot": [23.5, 46.5, 2]
        }, {
          "cubes": [
            {
              "origin": [25.5, 45, -3],
              "size": [3, 3, 2],
              "uv": [62, 84]
            }
          ],
          "name": "left_finger1",
          "parent": "left_arm4",
          "pivot": [25.5, 46.5, -2]
        }, {
          "cubes": [
            {
              "origin": [25.5, 45, -1],
              "size": [3, 3, 2],
              "uv": [62, 84]
            }
          ],
          "name": "left_finger2",
          "parent": "left_arm4",
          "pivot": [25.5, 46.5, 0]
        }, {
          "cubes": [
            {
              "origin": [25.5, 45, 1],
              "size": [3, 3, 2],
              "uv": [76, 68]
            }
          ],
          "name": "left_finger3",
          "parent": "left_arm4",
          "pivot": [25.5, 46.5, 2]
        }, {
          "cubes": [
            {
              "mirror": true,
              "origin": [-11.5, 45, -2],
              "size": [6, 3, 4],
              "uv": [76, 47]
            }
          ],
          "name": "right_arm",
          "parent": "torso6",
          "pivot": [-5.5, 46.5, 0]
        }, {
          "cubes": [
            {
              "mirror": true,
              "origin": [-17.5, 45, -2],
              "size": [6, 3, 4],
              "uv": [76, 61]
            }
          ],
          "name": "right_arm2",
          "parent": "right_arm",
          "pivot": [-11.5, 46.5, 2]
        }, {
          "cubes": [
            {
              "mirror": true,
              "origin": [-23.5, 45, -2],
              "size": [6, 3, 4],
              "uv": [76, 54]
            }
          ],
          "name": "right_arm3",
          "parent": "right_arm2",
          "pivot": [-17.5, 46.5, 2]
        }, {
          "cubes": [
            {
              "mirror": true,
              "origin": [-25.5, 45, -2],
              "size": [2, 3, 4],
              "uv": [80, 7]
            }
          ],
          "name": "right_arm4",
          "parent": "right_arm3",
          "pivot": [-23.5, 46.5, 2]
        }, {
          "cubes": [
            {
              "mirror": true,
              "origin": [-28.5, 45, -3],
              "size": [3, 3, 2],
              "uv": [62, 84]
            }
          ],
          "name": "right_finger1",
          "parent": "right_arm4",
          "pivot": [-25.5, 46.5, -2]
        }, {
          "cubes": [
            {
              "mirror": true,
              "origin": [-28.5, 45, -1],
              "size": [3, 3, 2],
              "uv": [62, 84]
            }
          ],
          "name": "right_finger2",
          "parent": "right_arm4",
          "pivot": [-25.5, 46.5, 0]
        }, {
          "cubes": [
            {
              "mirror": true,
              "origin": [-28.5, 45, 1],
              "size": [3, 3, 2],
              "uv": [76, 68]
            }
          ],
          "name": "right_finger3",
          "parent": "right_arm4",
          "pivot": [-25.5, 46.5, 2]
        }, {
          "cubes": [
            {
              "origin": [-8, 51, -6.5],
              "size": [16, 12, 13],
              "uv": [0, 0]
            }, {
              "origin": [-3, 60.5, -7],
              "pivot": [-0.5, 64.5, -6],
              "rotation": [-12.5, 0, 0],
              "size": [6, 8, 2],
              "uv": [22, 74]
            }, {
              "origin": [7.75, 57.5, -3.5],
              "pivot": [12, 58, -3.5],
              "rotation": [0, 0, -10],
              "size": [7, 1, 0],
              "uv": [80, 14]
            }, {
              "origin": [8, 53.5, -3.5],
              "pivot": [11.5, 54.5, -3.5],
              "rotation": [0, 0, 10],
              "size": [7, 1, 0],
              "uv": [84, 73]
            }, {
              "mirror": true,
              "origin": [-15, 53.5, -3.5],
              "pivot": [-11.5, 54.5, -3.5],
              "rotation": [0, 0, -10],
              "size": [7, 1, 0],
              "uv": [84, 73]
            }, {
              "origin": [3.75, 62.75, -4.5],
              "pivot": [4.25, 66.75, -4.5],
              "rotation": [-9.91615, 1.29876, 7.38733],
              "size": [1, 8, 0],
              "uv": [74, 15]
            }, {
              "mirror": true,
              "origin": [-4.75, 62.75, -4.5],
              "pivot": [-4.25, 66.75, -4.5],
              "rotation": [-9.91615, -1.29876, -7.38733],
              "size": [1, 8, 0],
              "uv": [74, 15]
            }, {
              "mirror": true,
              "origin": [-14.75, 57.5, -3.5],
              "pivot": [-12, 58, -3.5],
              "rotation": [0, 0, 10],
              "size": [7, 1, 0],
              "uv": [80, 14]
            }, {
              "origin": [-6.5, 53.75, -7.5],
              "size": [13, 2, 1],
              "uv": [13, 95]
            }, {
              "inflate": 0.02,
              "origin": [-7, 52, -6.5],
              "size": [14, 3, 0],
              "uv": [76, 26]
            }, {
              "inflate": 0.01,
              "origin": [3.3, 52.5, -6.5],
              "pivot": [3.8, 53, -6.5],
              "rotation": [0, 0, 45],
              "size": [1, 1, 0],
              "uv": [74, 23]
            }, {
              "inflate": 0.01,
              "mirror": true,
              "origin": [-4.3, 52.5, -6.5],
              "pivot": [-3.8, 53, -6.5],
              "rotation": [0, 0, -45],
              "size": [1, 1, 0],
              "uv": [74, 23]
            }, {
              "inflate": 0.01,
              "origin": [1.75, 56.75, -6.5],
              "pivot": [4.25, 58.75, -6.5],
              "rotation": [0, 0, -12.5],
              "size": [5, 4, 0],
              "uv": [84, 74]
            }, {
              "inflate": 0.01,
              "mirror": true,
              "origin": [-6.75, 56.75, -6.5],
              "pivot": [-4.25, 58.75, -6.5],
              "rotation": [0, 0, 12.5],
              "size": [5, 4, 0],
              "uv": [84, 74]
            }
          ],
          "name": "head",
          "parent": "torso6",
          "pivot": [0, 51.5, 0]
        }, {
          "cubes": [
            {
              "origin": [4, 61, -2.5],
              "pivot": [6.5, 65, -1],
              "rotation": [0, 0, 15],
              "size": [5, 7, 3],
              "uv": [58, 15]
            }
          ],
          "name": "left_ear",
          "parent": "head",
          "pivot": [5.37059, 62.51704, -1]
        }, {
          "cubes": [
            {
              "mirror": true,
              "origin": [-9, 61, -2.5],
              "pivot": [-6.5, 65, -1],
              "rotation": [0, 0, -15],
              "size": [5, 7, 3],
              "uv": [58, 15]
            }
          ],
          "name": "right_ear",
          "parent": "head",
          "pivot": [-5.37059, 62.51704, -1]
        }, {
          "cubes": [
            {
              "origin": [2.75, 6, -4.75],
              "size": [5, 9, 6],
              "uv": [58, 0]
            }
          ],
          "name": "leg_left",
          "parent": "body",
          "pivot": [4.25, 12, -1.75]
        }, {
          "cubes": [
            {
              "origin": [3.75, 1, -3.75],
              "size": [3, 6, 4],
              "uv": [22, 84]
            }
          ],
          "name": "leg_left2",
          "parent": "leg_left",
          "pivot": [5.25, 6, -1.75]
        }, {
          "cubes": [
            {
              "origin": [3.25, 0, -5.25],
              "size": [4, 2, 6],
              "uv": [76, 39]
            }
          ],
          "name": "foot_left",
          "parent": "leg_left2",
          "pivot": [5.25, 1, -1.75]
        }, {
          "locators": {
            "foot_secondary": [5.25, 0.5, -3.75]
          },
          "name": "locator_foot_secondary",
          "parent": "foot_left",
          "pivot": [5.25, 0.5, -3.75]
        }, {
          "cubes": [
            {
              "origin": [3.25, 0, -10.25],
              "size": [4, 2, 5],
              "uv": [80, 0]
            }
          ],
          "name": "foot_left_2",
          "parent": "foot_left",
          "pivot": [5.25, 0.5, -5.25]
        }, {
          "cubes": [
            {
              "mirror": true,
              "origin": [-7.75, 6, -4.75],
              "size": [5, 9, 6],
              "uv": [58, 0]
            }
          ],
          "name": "leg_right",
          "parent": "body",
          "pivot": [-4.25, 12, -1.75]
        }, {
          "cubes": [
            {
              "mirror": true,
              "origin": [-6.75, 1, -3.75],
              "size": [3, 6, 4],
              "uv": [22, 84]
            }
          ],
          "name": "leg_right2",
          "parent": "leg_right",
          "pivot": [-5.25, 6, -1.75]
        }, {
          "cubes": [
            {
              "mirror": true,
              "origin": [-7.25, 0, -5.25],
              "size": [4, 2, 6],
              "uv": [76, 39]
            }
          ],
          "name": "foot_right",
          "parent": "leg_right2",
          "pivot": [-5.25, 1, -1.75]
        }, {
          "locators": {
            "foot_secondary2": [-5.25, 0.5, -3.75]
          },
          "name": "locator_foot_secondary2",
          "parent": "foot_right",
          "pivot": [-5.25, 0.5, -3.75]
        }, {
          "cubes": [
            {
              "mirror": true,
              "origin": [-7.25, 0, -10.25],
              "size": [4, 2, 5],
              "uv": [80, 0]
            }
          ],
          "name": "foot_right_2",
          "parent": "foot_right",
          "pivot": [-5.25, 0.5, -5.25]
        }, {
          "locators": {
            "middle": [0, 5.5, 0]
          },
          "name": "locator_middle",
          "parent": "body",
          "pivot": [0, 5.5, 0]
        }, {
          "locators": {
            "target": [0, 7.75, -5.25]
          },
          "name": "locator_target",
          "parent": "body",
          "pivot": [0, 7.75, -5.25]
        }, {
          "locators": {
            "root": [0, 0, 0]
          },
          "name": "locator_root",
          "parent": "meowth",
          "pivot": [0, 0, 0]
        }, {
          "locators": {
            "top": [0, 21.75, 0]
          },
          "name": "locator_top",
          "parent": "meowth",
          "pivot": [0, 21.75, 0]
        }
      ],
      "description": {
        "identifier": "geometry.meowth_gigantamax",
        "texture_height": 128,
        "texture_width": 128,
        "visible_bounds_height": 5.5,
        "visible_bounds_offset": [0, 2.25, 0],
        "visible_bounds_width": 7
      }
    }
  ]
}