{
  "format_version": "1.12.0",
  "minecraft:geometry": [
    {
      "bones": [
        {
          "name": "groudon",
          "pivot": [-1.5, 0, 0]
        }, {
          "name": "body",
          "parent": "groudon",
          "pivot": [-14, 14.5, 0]
        },
        {
          "name": "legs",
          "parent": "body",
          "pivot": [-11.75, 14.5, -9.75]
        }, {
          "cubes": [
            {
              "inflate": -0.1,
              "origin": [20, 9.87, -11.64],
              "pivot": [30, 21.37, 0.86],
              "rotation": [-22.5, 0, 0],
              "size": [20, 23, 20],
              "uv": [92, 204]
            }
          ],
          "name": "lleg",
          "parent": "legs",
          "pivot": [13, 31.25, -2.25]
        }, {
          "cubes": [
            {
              "inflate": -0.2,
              "origin": [20, 3.8, -15.08],
              "size": [20, 12, 20],
              "uv": [0, 212]
            },
            {
              "origin": [20, 0, -15],
              "size": [20, 10, 19],
              "uv": [238, 163]
            },
            {
              "inflate": -0.1,
              "origin": [20, -0.07, -4.97],
              "size": [20, 3, 14],
              "uv": [252, 50]
            }, {
              "inflate": -0.15,
              "origin": [20, 1.99, 0.12],
              "pivot": [30, 9.99, 2.12],
              "rotation": [6.5, 0, 0],
              "size": [20, 23, 8],
              "uv": [250, 192]
            }
          ],
          "name": "lfoot",
          "parent": "lleg",
          "pivot": [-32, 12.75, -2.25]
        }, {
          "cubes": [
            {
              "origin": [26.96, 0.5989, -19.70954],
              "pivot": [30.435, 3.70468, -20.79677],
              "rotation": [8, 0, 0],
              "size": [6, 5, 8],
              "uv": [150, 50]
            }, {
              "origin": [26.91, 2.36457, -22.1113],
              "pivot": [30.435, 3.51468, -16.45677],
              "rotation": [15.5, 0, 0],
              "size": [6, 4, 3],
              "uv": [226, 323]
            }, {
              "inflate": -0.5,
              "origin": [26.91, 1.63457, -26.0413],
              "pivot": [30.435, 2.78468, -20.38677],
              "rotation": [24.5, 0, 0],
              "size": [6, 4, 6],
              "uv": [316, 159]
            }, {
              "inflate": -0.1,
              "origin": [18.8, 1.39, -20],
              "pivot": [21.3, 3.64323, -18.59387],
              "rotation": [13.23483, 10.71469, 2.50372],
              "size": [5, 4, 8],
              "uv": [310, 232]
            }, {
              "inflate": -0.2,
              "origin": [35.67, 0.23473, -18.89595],
              "pivot": [38.17, 2.83323, -17.82387],
              "rotation": [-5.55792, -10.43861, 0.53519],
              "size": [5, 4, 7],
              "uv": [316, 30]
            }, {
              "inflate": 0.2,
              "origin": [36.67, 1.59521, -22.39707],
              "pivot": [38.17, 3.23323, -17.57387],
              "rotation": [27.88581, -11.65557, -0.70466],
              "size": [3, 3, 5],
              "uv": [82, 326]
            }, {
              "inflate": -0.1,
              "origin": [35.67, 0.92, -19.23],
              "pivot": [38.17, 3.17323, -17.82387],
              "rotation": [12.85816, -11.16622, -0.51928],
              "size": [5, 4, 8],
              "uv": [310, 256]
            }, {
              "inflate": 0.2,
              "origin": [19.8, 1.88521, -23.41707],
              "pivot": [21.3, 3.52323, -18.59387],
              "rotation": [28.23483, 10.71469, 2.50372],
              "size": [3, 3, 5],
              "uv": [244, 325]
            }, {
              "inflate": -0.2,
              "origin": [18.8, 0.52473, -19.66595],
              "pivot": [21.3, 3.12323, -18.59387],
              "rotation": [-5, 10.71469, 2.50372],
              "size": [5, 4, 7],
              "uv": [316, 19]
            }, {
              "inflate": -0.1,
              "origin": [26.96, 0.63911, -21.35459],
              "pivot": [30.435, 3.50468, -19.58677],
              "rotation": [-7.5, 0, 0],
              "size": [6, 3, 8],
              "uv": [310, 148]
            }
          ],
          "name": "ltoe",
          "parent": "lfoot",
          "pivot": [30.25, 2.96, -14.125],
          "rotation": [7, 0, 0]
        }, {
          "cubes": [
            {
              "inflate": -0.1,
              "mirror": true,
              "origin": [-40, 9.87, -11.64],
              "pivot": [-30, 21.37, 0.86],
              "rotation": [-22.5, 0, 0],
              "size": [20, 23, 20],
              "uv": [92, 204]
            }
          ],
          "name": "rleg",
          "parent": "legs",
          "pivot": [-13, 31.25, -2.25]
        }, {
          "cubes": [
            {
              "inflate": -0.2,
              "mirror": true,
              "origin": [-40, 3.8, -15.08],
              "size": [20, 12, 20],
              "uv": [0, 212]
            },
            {
              "mirror": true,
              "origin": [-40, 0, -15],
              "size": [20, 10, 19],
              "uv": [238, 163]
            },
            {
              "inflate": -0.1,
              "mirror": true,
              "origin": [-40, -0.07, -4.97],
              "size": [20, 3, 14],
              "uv": [252, 50]
            }, {
              "inflate": -0.15,
              "mirror": true,
              "origin": [-40, 1.99, 0.12],
              "pivot": [-30, 9.99, 2.12],
              "rotation": [6.5, 0, 0],
              "size": [20, 23, 8],
              "uv": [250, 192]
            }
          ],
          "name": "rfoot",
          "parent": "rleg",
          "pivot": [32, 12.75, -2.25]
        }, {
          "cubes": [
            {
              "mirror": true,
              "origin": [-32.96, 0.5989, -19.70954],
              "pivot": [-30.435, 3.70468, -20.79677],
              "rotation": [8, 0, 0],
              "size": [6, 5, 8],
              "uv": [150, 50]
            }, {
              "mirror": true,
              "origin": [-32.91, 2.36457, -22.1113],
              "pivot": [-30.435, 3.51468, -16.45677],
              "rotation": [15.5, 0, 0],
              "size": [6, 4, 3],
              "uv": [226, 323]
            }, {
              "inflate": -0.5,
              "mirror": true,
              "origin": [-32.91, 1.63457, -26.0413],
              "pivot": [-30.435, 2.78468, -20.38677],
              "rotation": [24.5, 0, 0],
              "size": [6, 4, 6],
              "uv": [316, 159]
            }, {
              "inflate": -0.1,
              "mirror": true,
              "origin": [-23.8, 1.39, -20],
              "pivot": [-21.3, 3.64323, -18.59387],
              "rotation": [13.23483, -10.71469, -2.50372],
              "size": [5, 4, 8],
              "uv": [310, 232]
            }, {
              "inflate": -0.2,
              "mirror": true,
              "origin": [-40.67, 0.23473, -18.89595],
              "pivot": [-38.17, 2.83323, -17.82387],
              "rotation": [-5.55792, 10.43861, -0.53519],
              "size": [5, 4, 7],
              "uv": [316, 30]
            }, {
              "inflate": 0.2,
              "mirror": true,
              "origin": [-39.67, 1.59521, -22.39707],
              "pivot": [-38.17, 3.23323, -17.57387],
              "rotation": [27.88581, 11.65557, 0.70466],
              "size": [3, 3, 5],
              "uv": [82, 326]
            }, {
              "inflate": -0.1,
              "mirror": true,
              "origin": [-40.67, 0.92, -19.23],
              "pivot": [-38.17, 3.17323, -17.82387],
              "rotation": [12.85816, 11.16622, 0.51928],
              "size": [5, 4, 8],
              "uv": [310, 256]
            }, {
              "inflate": 0.2,
              "mirror": true,
              "origin": [-22.8, 1.88521, -23.41707],
              "pivot": [-21.3, 3.52323, -18.59387],
              "rotation": [28.23483, -10.71469, -2.50372],
              "size": [3, 3, 5],
              "uv": [244, 325]
            }, {
              "inflate": -0.2,
              "mirror": true,
              "origin": [-23.8, 0.52473, -19.66595],
              "pivot": [-21.3, 3.12323, -18.59387],
              "rotation": [-5, -10.71469, -2.50372],
              "size": [5, 4, 7],
              "uv": [316, 19]
            }, {
              "inflate": -0.1,
              "mirror": true,
              "origin": [-32.96, 0.63911, -21.35459],
              "pivot": [-30.435, 3.50468, -19.58677],
              "rotation": [-7.5, 0, 0],
              "size": [6, 3, 8],
              "uv": [310, 148]
            }
          ],
          "name": "rtoe",
          "parent": "rfoot",
          "pivot": [-30.25, 2.96, -14.125],
          "rotation": [7, 0, 0]
        }, {
          "name": "middle",
          "parent": "body",
          "pivot": [-14, 14.5, 0],
          "rotation": [-7.5, 0, 0]
        }, {
          "cubes": [
            {
              "origin": [-19, 12, 25],
              "pivot": [-14, 10.75, 33.75],
              "rotation": [65, 0, 0],
              "size": [38, 29, 21],
              "uv": [134, 63]
            }
          ],
          "name": "tail",
          "parent": "middle",
          "pivot": [0, 16.5, 26],
          "rotation": [15, 0, 0]
        }, {
          "cubes": [
            {
              "inflate": 0.5,
              "origin": [15.9, 10.5, 21.5],
              "size": [7, 6, 6],
              "uv": [310, 244]
            },
            {
              "inflate": 0.5,
              "mirror": true,
              "origin": [-30.84, 12.5, 23.5],
              "size": [3, 2, 2],
              "uv": [312, 113]
            },
            {
              "inflate": 0.5,
              "mirror": true,
              "origin": [-27.32, 11.5, 22.5],
              "size": [4, 4, 4],
              "uv": [24, 326]
            },
            {
              "inflate": 0.5,
              "mirror": true,
              "origin": [-22.9, 10.5, 21.5],
              "size": [7, 6, 6],
              "uv": [310, 244]
            },
            {
              "inflate": 0.5,
              "origin": [23.32, 11.5, 22.5],
              "size": [4, 4, 4],
              "uv": [24, 326]
            },
            {
              "inflate": 0.5,
              "origin": [27.84, 12.5, 23.5],
              "size": [3, 2, 2],
              "uv": [312, 113]
            }
          ],
          "name": "leftspike6",
          "parent": "tail",
          "pivot": [0, 13.5, 24.5],
          "rotation": [22.5, 0, 0]
        }, {
          "cubes": [
            {
              "origin": [-17.5, 6.9, 48.5],
              "pivot": [-15.5, 7.4, 57.5],
              "rotation": [80, 0, 0],
              "size": [35, 30, 20],
              "uv": [150, 0]
            }
          ],
          "name": "tailseg1",
          "parent": "tail",
          "pivot": [-14, 9.65, 33.75]
        }, {
          "cubes": [
            {
              "inflate": 1,
              "mirror": true,
              "origin": [-33.61, 7.12, 45.14],
              "size": [3, 2, 2],
              "uv": [10, 332]
            },
            {
              "inflate": 1,
              "mirror": true,
              "origin": [-29.26, 6.12, 44.14],
              "size": [4, 4, 4],
              "uv": [260, 329]
            },
            {
              "inflate": 1,
              "mirror": true,
              "origin": [-23.36, 5.12, 43.14],
              "size": [6, 6, 6],
              "uv": [244, 313]
            },
            {
              "inflate": 1,
              "origin": [30.61, 7.12, 45.14],
              "size": [3, 2, 2],
              "uv": [10, 332]
            },
            {
              "inflate": 1,
              "origin": [25.26, 6.12, 44.14],
              "size": [4, 4, 4],
              "uv": [260, 329]
            },
            {
              "inflate": 1,
              "origin": [17.36, 5.12, 43.14],
              "size": [6, 6, 6],
              "uv": [244, 313]
            }
          ],
          "name": "leftspike7",
          "parent": "tailseg1",
          "pivot": [0, 8.12, 46.14],
          "rotation": [-57.5, 0, 0]
        }, {
          "cubes": [
            {
              "origin": [-15.5, 6.9, 70],
              "pivot": [-16.5, 6.9, 76.75],
              "rotation": [87.5, 0, 0],
              "size": [31, 29, 15],
              "uv": [0, 168]
            }
          ],
          "name": "tailseg2",
          "parent": "tailseg1",
          "pivot": [-14, 10.65, 28.75]
        }, {
          "name": "shovel",
          "parent": "tailseg2",
          "pivot": [-16.5, 7.37, 74.75],
          "rotation": [11, 0, 0]
        }, {
          "cubes": [
            {
              "origin": [9, 32.37, 118.91],
              "pivot": [-16.5, 10.87, 121.16],
              "rotation": [97.5, 0, 0],
              "size": [5, 15, 7],
              "uv": [270, 307]
            }, {
              "origin": [8.5, 24.37, 101],
              "pivot": [-16.5, 6.37, 104.25],
              "rotation": [87.5, 0, 0],
              "size": [6, 11, 9],
              "uv": [188, 297]
            }, {
              "origin": [11.79, 44.68, 128.91],
              "pivot": [-14.21, 23.18, 129.66],
              "rotation": [117.5, 0, 0],
              "size": [0, 13, 6],
              "uv": [80, 212]
            }
          ],
          "name": "bone",
          "parent": "shovel",
          "pivot": [11.59667, 9.73824, 77.28553],
          "rotation": [0, 22.5, 0]
        }, {
          "cubes": [
            {
              "origin": [1, 24.37, 101],
              "pivot": [-24, 6.37, 104.25],
              "rotation": [87.5, 0, 0],
              "size": [6, 11, 9],
              "uv": [306, 192]
            }, {
              "origin": [1.51, 32.37, 118.91],
              "pivot": [-23.99, 10.87, 121.16],
              "rotation": [97.5, 0, 0],
              "size": [5, 15, 7],
              "uv": [270, 307]
            }, {
              "origin": [4.3, 44.68, 128.91],
              "pivot": [-21.7, 23.18, 129.66],
              "rotation": [117.5, 0, 0],
              "size": [0, 13, 6],
              "uv": [80, 212]
            }
          ],
          "name": "bone2",
          "parent": "shovel",
          "pivot": [4.10333, 9.73824, 77.28553],
          "rotation": [0, 10, 0]
        }, {
          "cubes": [
            {
              "origin": [-14.5, 24.37, 101],
              "pivot": [-39.5, 6.37, 104.25],
              "rotation": [87.5, 0, 0],
              "size": [6, 11, 9],
              "uv": [306, 288]
            }, {
              "mirror": true,
              "origin": [-14, 32.37, 118.91],
              "pivot": [16.5, 10.87, 121.16],
              "rotation": [97.5, 0, 0],
              "size": [5, 15, 7],
              "uv": [270, 307]
            }, {
              "mirror": true,
              "origin": [-11.79, 44.68, 128.91],
              "pivot": [14.21, 23.18, 129.66],
              "rotation": [117.5, 0, 0],
              "size": [0, 13, 6],
              "uv": [80, 212]
            }
          ],
          "name": "bone4",
          "parent": "shovel",
          "pivot": [-11.59667, 9.73824, 77.28553],
          "rotation": [0, -22.5, 0]
        }, {
          "cubes": [
            {
              "origin": [-7, 24.37, 101],
              "pivot": [-32, 6.37, 104.25],
              "rotation": [87.5, 0, 0],
              "size": [6, 11, 9],
              "uv": [306, 212]
            }, {
              "mirror": true,
              "origin": [-6.51, 32.37, 118.91],
              "pivot": [23.99, 10.87, 121.16],
              "rotation": [97.5, 0, 0],
              "size": [5, 15, 7],
              "uv": [270, 307]
            }, {
              "mirror": true,
              "origin": [-4.3, 44.68, 128.91],
              "pivot": [21.7, 23.18, 129.66],
              "rotation": [117.5, 0, 0],
              "size": [0, 13, 6],
              "uv": [80, 212]
            }
          ],
          "name": "bone3",
          "parent": "shovel",
          "pivot": [-4.10333, 9.73824, 77.28553],
          "rotation": [0, -10, 0]
        }, {
          "cubes": [
            {
              "inflate": 1.2,
              "origin": [-36.76, 7.24, 63.2],
              "pivot": [-24.46, 8.24, 64.2],
              "rotation": [-5.79478, -8.82127, 7.10681],
              "size": [9, 2, 2],
              "uv": [260, 44]
            }, {
              "inflate": 1.3,
              "origin": [-28.76, 6.24, 62.2],
              "pivot": [-24.46, 8.24, 64.2],
              "rotation": [-5.79478, -8.82127, 7.10681],
              "size": [6, 4, 4],
              "uv": [32, 285]
            }, {
              "inflate": 1.5,
              "origin": [-20.66, 5.24, 61.2],
              "pivot": [-24.46, 8.24, 64.2],
              "rotation": [-5.79478, -8.82127, 7.10681],
              "size": [8, 6, 6],
              "uv": [310, 136]
            }, {
              "inflate": 1.3,
              "mirror": true,
              "origin": [22.76, 6.24, 62.2],
              "pivot": [24.46, 8.24, 64.2],
              "rotation": [-5.79478, 8.82127, -7.10681],
              "size": [6, 4, 4],
              "uv": [32, 285]
            }, {
              "inflate": 1.2,
              "mirror": true,
              "origin": [27.76, 7.24, 63.2],
              "pivot": [24.46, 8.24, 64.2],
              "rotation": [-5.79478, 8.82127, -7.10681],
              "size": [9, 2, 2],
              "uv": [260, 44]
            }, {
              "inflate": 1.5,
              "mirror": true,
              "origin": [12.66, 5.24, 61.2],
              "pivot": [24.46, 8.24, 64.2],
              "rotation": [-5.79478, 8.82127, -7.10681],
              "size": [8, 6, 6],
              "uv": [310, 136]
            }
          ],
          "name": "leftspike8",
          "parent": "tailseg2",
          "pivot": [0, 5.45, 67.47],
          "rotation": [-45, 0, 0]
        }, {
          "cubes": [
            {
              "origin": [-20.5, 15.8, -14.79],
              "pivot": [0, 30.3, 2.21],
              "rotation": [22.5, 0, 0],
              "size": [41, 29, 34],
              "uv": [0, 0]
            }, {
              "origin": [-20.5, 15.8, -14.79],
              "pivot": [0, 30.3, 2.21],
              "rotation": [22.5, 0, 0],
              "size": [41, 29, 34],
              "uv": [0, 0]
            }, {
              "inflate": -0.2,
              "origin": [-20, 7.89, -6.88],
              "pivot": [-0.5, 22.39, 16.12],
              "rotation": [-5.5, 0, 0],
              "size": [40, 17, 30],
              "uv": [0, 121]
            }
          ],
          "name": "belly",
          "parent": "middle",
          "pivot": [-14, 14.5, 0]
        }, {
          "cubes": [
            {
              "origin": [-30.5, 39.76, -3.59],
              "size": [3, 2, 2],
              "uv": [0, 332]
            },
            {
              "origin": [-28.5, 38.76, -4.59],
              "size": [4, 4, 4],
              "uv": [184, 329]
            },
            {
              "origin": [-24.5, 37.76, -5.59],
              "size": [7, 6, 6],
              "uv": [312, 81]
            },
            {
              "mirror": true,
              "origin": [27.5, 39.76, -3.59],
              "size": [3, 2, 2],
              "uv": [0, 332]
            },
            {
              "mirror": true,
              "origin": [24.5, 38.76, -4.59],
              "size": [4, 4, 4],
              "uv": [184, 329]
            },
            {
              "mirror": true,
              "origin": [17.5, 37.76, -5.59],
              "size": [7, 6, 6],
              "uv": [312, 81]
            }
          ],
          "name": "leftspike5",
          "parent": "belly",
          "pivot": [0, 32.37, -0.64],
          "rotation": [-25.5, 0, 0]
        }, {
          "cubes": [
            {
              "origin": [-19, 34.5, -12],
              "pivot": [-14, 33, 0],
              "rotation": [25, 0, 0],
              "size": [38, 29, 29],
              "uv": [0, 63]
            }
          ],
          "name": "tophalf",
          "parent": "middle",
          "pivot": [-6, 34.5, -3]
        }, {
          "cubes": [
            {
              "origin": [-28.9, 52.49, -9.14],
              "size": [3, 2, 2],
              "uv": [208, 331]
            },
            {
              "origin": [-26.9, 51.49, -10.14],
              "size": [4, 4, 4],
              "uv": [114, 329]
            },
            {
              "origin": [-22.9, 50.49, -11.14],
              "size": [4, 6, 6],
              "uv": [320, 53]
            },
            {
              "mirror": true,
              "origin": [25.9, 54.49, -8.14],
              "size": [3, 2, 2],
              "uv": [208, 331]
            },
            {
              "mirror": true,
              "origin": [22.9, 53.49, -9.14],
              "size": [4, 4, 4],
              "uv": [114, 329]
            },
            {
              "mirror": true,
              "origin": [18.9, 52.49, -10.14],
              "size": [4, 6, 6],
              "uv": [320, 53]
            }
          ],
          "name": "leftspike4",
          "parent": "tophalf",
          "pivot": [0, 47.5, -7.55],
          "rotation": [-19.8582, 1.91994, 1.61624]
        }, {
          "cubes": [
            {
              "origin": [-16, 54, -19],
              "pivot": [-14, 56.5, -11.25],
              "rotation": [45, 0, 0],
              "size": [32, 26, 24],
              "uv": [140, 113]
            }
          ],
          "name": "lowernecc",
          "parent": "tophalf",
          "pivot": [0, 62.5, -9]
        }, {
          "cubes": [
            {
              "origin": [12, 69.4, -23.66],
              "size": [8, 6, 6],
              "uv": [178, 50]
            },
            {
              "origin": [-25.9, 71.3, -21.56],
              "size": [3, 2, 2],
              "uv": [326, 284]
            },
            {
              "origin": [-23.9, 70.3, -22.56],
              "size": [4, 4, 4],
              "uv": [98, 329]
            },
            {
              "origin": [-20, 69.4, -23.66],
              "size": [8, 6, 6],
              "uv": [206, 50]
            },
            {
              "origin": [19.9, 70.3, -22.56],
              "size": [4, 4, 4],
              "uv": [66, 326]
            },
            {
              "origin": [22.9, 71.3, -21.56],
              "size": [3, 2, 2],
              "uv": [208, 317]
            }
          ],
          "name": "leftspike3",
          "parent": "lowernecc",
          "pivot": [0, 72.04333, -19.72333],
          "rotation": [-3, 0, 0]
        }, {
          "cubes": [
            {
              "origin": [-13.5, 61.5, -34.5],
              "pivot": [-2, 70, -32],
              "rotation": [65, 0, 0],
              "size": [27, 19, 22],
              "uv": [140, 163]
            }
          ],
          "name": "midnecc",
          "parent": "lowernecc",
          "pivot": [1, 75, -23.5]
        }, {
          "cubes": [
            {
              "origin": [12, 75.58, -36],
              "size": [8, 6, 6],
              "uv": [178, 50]
            },
            {
              "origin": [-25.9, 77.48, -33.9],
              "size": [3, 2, 2],
              "uv": [326, 284]
            },
            {
              "origin": [-23.9, 76.48, -34.9],
              "size": [4, 4, 4],
              "uv": [98, 329]
            },
            {
              "origin": [-20, 75.58, -36],
              "size": [8, 6, 6],
              "uv": [206, 50]
            },
            {
              "origin": [19.9, 76.48, -34.9],
              "size": [4, 4, 4],
              "uv": [66, 326]
            },
            {
              "origin": [22.9, 77.48, -33.9],
              "size": [3, 2, 2],
              "uv": [208, 317]
            }
          ],
          "name": "leftspike2",
          "parent": "midnecc",
          "pivot": [0, 77.85333, -32.06333],
          "rotation": [20, 0, 0]
        }, {
          "cubes": [
            {
              "origin": [-11, 74.23316, -49.64133],
              "size": [22, 18, 17],
              "uv": [172, 204]
            }
          ],
          "name": "neck",
          "parent": "midnecc",
          "pivot": [0.5, 81.45, -38.09],
          "rotation": [-17.5, 0, 0]
        }, {
          "cubes": [
            {
              "origin": [-7, 90.73316, -61.54133],
              "pivot": [0, 92.73316, -55.54133],
              "rotation": [30, 0, 0],
              "size": [14, 4, 12],
              "uv": [250, 223]
            }, {
              "inflate": -0.1,
              "origin": [-7, 91.30316, -52.73133],
              "pivot": [0, 93.30316, -46.73133],
              "rotation": [-25, 0, 0],
              "size": [14, 4, 12],
              "uv": [0, 269]
            }, {
              "origin": [-7.14912, 88.03721, -65.09199],
              "pivot": [0.35088, 90.03721, -58.09199],
              "rotation": [19.74271, -43.71038, -13.87313],
              "size": [14, 4, 14],
              "uv": [260, 26]
            }
          ],
          "name": "head",
          "parent": "neck",
          "pivot": [0, 83.73316, -44.54133],
          "rotation": [29.73225, -2.47073, -1.04773]
        }, {
          "name": "JAWTOP",
          "parent": "head",
          "pivot": [-2.5, 84.23316, -39.64133]
        }, {
          "cubes": [
            {
              "origin": [-7.70251, 80.73316, -65.78496],
              "pivot": [-0.2, 88.23316, -57.9996],
              "rotation": [0, -45, 0],
              "size": [17, 8, 17],
              "uv": [0, 244]
            }, {
              "origin": [5.24749, 82.73316, -65.78496],
              "pivot": [-0.25, 90.23316, -57.9996],
              "rotation": [0, -45, 0],
              "size": [4, 8, 17],
              "uv": [52, 270]
            }, {
              "origin": [-9.24749, 82.73316, -65.78496],
              "pivot": [0.25, 90.23316, -57.9996],
              "rotation": [0, 45, 0],
              "size": [4, 8, 17],
              "uv": [94, 270]
            }, {
              "inflate": -0.1,
              "origin": [6.90179, 85.76278, -64.46432],
              "pivot": [3.40179, 87.26278, -57.96432],
              "rotation": [0.56256, 43.48884, -22.79143],
              "size": [3, 4, 14],
              "uv": [68, 295]
            }, {
              "origin": [-14.10709, 89.45316, -57.34501],
              "pivot": [-13.10709, 90.95316, -49.84501],
              "rotation": [-2.29773, -12.4787, 18.38804],
              "size": [3, 4, 15],
              "uv": [290, 269]
            }, {
              "inflate": -0.1,
              "origin": [-9.90179, 85.76278, -64.46432],
              "pivot": [-3.40179, 87.26278, -57.96432],
              "rotation": [0.56256, -43.48884, 22.79143],
              "size": [3, 4, 14],
              "uv": [102, 295]
            }, {
              "origin": [-3.55, 81.62316, -57.55133],
              "pivot": [15.45, 81.62316, -54.35133],
              "rotation": [0, 12.5, 0],
              "size": [16, 11, 14],
              "uv": [252, 67]
            }, {
              "inflate": -0.01,
              "origin": [-12.45, 81.62316, -57.55133],
              "pivot": [-15.45, 81.62316, -54.35133],
              "rotation": [0, -12.5, 0],
              "size": [16, 11, 14],
              "uv": [252, 92]
            }, {
              "inflate": -0.1,
              "origin": [-4.5, 80.80316, -69.01133],
              "pivot": [0, 84.30316, -64.51133],
              "rotation": [11, 0, 0],
              "size": [9, 8, 9],
              "uv": [32, 295]
            }, {
              "inflate": -0.11,
              "origin": [-1.95952, 73.58605, -53.27485],
              "pivot": [0, 78.77242, -48.10096],
              "rotation": [-3.26033, 12.26673, -2.42224],
              "size": [16, 10, 13],
              "uv": [252, 117]
            }, {
              "inflate": -0.11,
              "origin": [-14.04048, 73.58605, -53.27485],
              "pivot": [0, 78.77242, -48.10096],
              "rotation": [-3.26033, -12.26673, 2.42224],
              "size": [16, 10, 13],
              "uv": [252, 140]
            }
          ],
          "name": "stupid",
          "parent": "JAWTOP",
          "pivot": [-6, 81.23316, -66.64133]
        }, {
          "cubes": [
            {
              "origin": [12.35334, 76.81316, -56.06674],
              "pivot": [17.44747, 74.88398, -51.02196],
              "rotation": [0, 10.5, 0],
              "size": [2, 11, 14],
              "uv": [0, 285]
            }, {
              "origin": [11.10709, 89.45316, -57.34501],
              "pivot": [13.10709, 90.95316, -49.84501],
              "rotation": [-2.29773, 12.4787, -18.38804],
              "size": [3, 4, 15],
              "uv": [270, 288]
            }, {
              "origin": [12.7383, 70.66144, -52.03686],
              "pivot": [13.74886, 71.00933, -48.39376],
              "rotation": [-7.5, 10.5, 0],
              "size": [2, 8, 8],
              "uv": [218, 297]
            }, {
              "origin": [13.75942, 61.35722, -51.34065],
              "pivot": [13.74886, 69.00933, -47.98376],
              "rotation": [-2.41529, 10.45959, 0.92544],
              "size": [0, 10, 6],
              "uv": [80, 231]
            }, {
              "inflate": -0.3,
              "origin": [10.2266, 80.03316, -60.41224],
              "pivot": [10.7266, 83.53316, -59.41224],
              "rotation": [9, 38, 0],
              "size": [1, 4, 4],
              "uv": [292, 330]
            }, {
              "origin": [8.7616, 77.85316, -66.41224],
              "pivot": [8.2616, 82.35316, -61.41224],
              "rotation": [10.2312, 42.92625, 1.12566],
              "size": [0, 7, 12],
              "uv": [310, 0]
            }, {
              "inflate": -0.3,
              "origin": [-11.2266, 80.03316, -60.41224],
              "pivot": [-10.7266, 83.53316, -59.41224],
              "rotation": [9, -38, 0],
              "size": [1, 4, 4],
              "uv": [50, 331]
            }, {
              "origin": [-8.7616, 77.85316, -66.41224],
              "pivot": [-8.2616, 82.35316, -61.41224],
              "rotation": [10.2312, -42.92625, -1.12566],
              "size": [0, 7, 12],
              "uv": [310, 117]
            }, {
              "origin": [11.7964, 78.4155, -53.90232],
              "pivot": [16.61747, 74.61398, -54.12196],
              "rotation": [45, 10.5, 0],
              "size": [2, 6, 6],
              "uv": [234, 50]
            }, {
              "origin": [11.75712, 80.7955, -56.8499],
              "pivot": [12.75712, 83.7955, -53.8499],
              "rotation": [-26, 10.5, 0],
              "size": [2, 6, 3],
              "uv": [238, 192]
            }, {
              "origin": [11.79712, 77.4755, -55.9799],
              "pivot": [12.79712, 80.4755, -52.9799],
              "rotation": [0, 10.5, 0],
              "size": [2, 6, 3],
              "uv": [164, 330]
            }, {
              "origin": [-13.7964, 78.4155, -53.90232],
              "pivot": [-16.61747, 74.61398, -54.12196],
              "rotation": [45, -10.5, 0],
              "size": [2, 6, 6],
              "uv": [318, 320]
            }, {
              "origin": [-14.35334, 76.81316, -56.06674],
              "pivot": [-17.44747, 74.88398, -51.02196],
              "rotation": [0, -10.5, 0],
              "size": [2, 11, 14],
              "uv": [238, 288]
            }, {
              "origin": [-13.75712, 80.7955, -56.8499],
              "pivot": [-12.75712, 83.7955, -53.8499],
              "rotation": [-26, -10.5, 0],
              "size": [2, 6, 3],
              "uv": [226, 330]
            }, {
              "origin": [-13.79712, 77.4755, -55.9799],
              "pivot": [-12.79712, 80.4755, -52.9799],
              "rotation": [0, -10.5, 0],
              "size": [2, 6, 3],
              "uv": [174, 330]
            }, {
              "origin": [-14.7383, 70.66144, -52.03686],
              "pivot": [-13.74886, 71.00933, -48.39376],
              "rotation": [-7.5, -10.5, 0],
              "size": [2, 8, 8],
              "uv": [100, 313]
            }, {
              "origin": [-13.75942, 61.35722, -51.34065],
              "pivot": [-13.74886, 69.00933, -47.98376],
              "rotation": [-2.41529, -10.45959, -0.92544],
              "size": [0, 10, 6],
              "uv": [120, 313]
            }
          ],
          "name": "flaps",
          "parent": "stupid",
          "pivot": [-6, 116.55316, -64.88133]
        }, {
          "name": "spikes",
          "parent": "flaps",
          "pivot": [0, 81.45, -50.09],
          "rotation": [-45, 0, 0]
        }, {
          "cubes": [
            {
              "origin": [13.46105, 80.1717, -51.12848],
              "pivot": [18.20747, 85.34776, -49.69595],
              "rotation": [-1.06109, 10.89245, -11.09481],
              "size": [4, 6, 6],
              "uv": [316, 169]
            }, {
              "origin": [17.46105, 81.0717, -50.12848],
              "pivot": [18.20747, 85.34776, -49.69595],
              "rotation": [-1.06109, 10.89245, -11.09481],
              "size": [4, 4, 4],
              "uv": [326, 268]
            }, {
              "origin": [20.46105, 82.0717, -49.12848],
              "pivot": [18.20747, 85.34776, -49.69595],
              "rotation": [-1.06109, 10.89245, -11.09481],
              "size": [3, 2, 2],
              "uv": [322, 113]
            }
          ],
          "name": "rightspike",
          "parent": "spikes",
          "pivot": [19.65001, 82.62638, -49.06364],
          "rotation": [0, -12.5, 12.5]
        }, {
          "cubes": [
            {
              "origin": [-17.46105, 80.1717, -51.12848],
              "pivot": [-18.20747, 85.34776, -49.69595],
              "rotation": [-1.06109, -10.89245, 11.09481],
              "size": [4, 6, 6],
              "uv": [318, 308]
            }, {
              "origin": [-21.46105, 81.0717, -50.12848],
              "pivot": [-18.20747, 85.34776, -49.69595],
              "rotation": [-1.06109, -10.89245, 11.09481],
              "size": [4, 4, 4],
              "uv": [326, 276]
            }, {
              "origin": [-23.46105, 82.0717, -49.12848],
              "pivot": [-18.20747, 85.34776, -49.69595],
              "rotation": [-1.06109, -10.89245, 11.09481],
              "size": [3, 2, 2],
              "uv": [260, 325]
            }
          ],
          "name": "leftspike",
          "parent": "spikes",
          "pivot": [-19.65001, 82.62638, -49.06364],
          "rotation": [0, 12.5, -12.5]
        }, {
          "cubes": [
            {
              "origin": [2.68567, 88.65121, -52.63325],
              "pivot": [2.32336, 94.92691, -58.37148],
              "rotation": [41.01705, 4.36237, 1.43128],
              "size": [0, 10, 12],
              "uv": [294, 308]
            }, {
              "origin": [1.44777, 88.45116, -65.22458],
              "pivot": [2.32336, 94.92691, -58.37148],
              "rotation": [41.01705, 4.36237, 1.43128],
              "size": [2, 10, 15],
              "uv": [136, 272]
            }, {
              "origin": [-2.68567, 88.65121, -52.63325],
              "pivot": [-2.32336, 94.92691, -58.37148],
              "rotation": [41.01705, -4.36237, -1.43128],
              "size": [0, 10, 12],
              "uv": [0, 310]
            }, {
              "origin": [-2.17797, 86.75111, -70.44932],
              "pivot": [0, 88.83467, -66.68506],
              "rotation": [57.95766, -9.44237, -7.41876],
              "size": [2, 4, 8],
              "uv": [320, 41]
            }, {
              "origin": [-3.44777, 88.45116, -65.22458],
              "pivot": [-2.32336, 94.92691, -58.37148],
              "rotation": [41.01705, -4.36237, -1.43128],
              "size": [2, 10, 15],
              "uv": [204, 272]
            }, {
              "origin": [0.17797, 86.75111, -70.44932],
              "pivot": [0, 88.83467, -66.68506],
              "rotation": [57.95766, 9.44237, 7.41876],
              "size": [2, 4, 8],
              "uv": [188, 317]
            }, {
              "origin": [10.56224, 88.35082, -53.79796],
              "pivot": [10.19718, 94.77897, -53.1745],
              "rotation": [31.03242, 23.65449, 0.1292],
              "size": [0, 12, 13],
              "uv": [136, 297]
            }, {
              "origin": [2.65546, 86.84965, -70.76559],
              "pivot": [3.65546, 88.84965, -65.76559],
              "rotation": [55.44018, 31.05273, 12.95237],
              "size": [2, 4, 10],
              "uv": [24, 312]
            }, {
              "origin": [-10.56224, 88.35082, -53.79796],
              "pivot": [-10.19718, 94.77897, -53.1745],
              "rotation": [31.03242, -23.65449, -0.1292],
              "size": [0, 12, 13],
              "uv": [162, 297]
            }, {
              "origin": [-10.79619, 90.17367, -64.55104],
              "pivot": [-10.19718, 94.77897, -53.1745],
              "rotation": [32.77726, -21.01042, -4.71779],
              "size": [2, 10, 15],
              "uv": [170, 272]
            }, {
              "origin": [-4.65546, 86.84965, -70.76559],
              "pivot": [-3.65546, 88.84965, -65.76559],
              "rotation": [55.44018, -31.05273, -12.95237],
              "size": [2, 4, 10],
              "uv": [312, 67]
            }, {
              "origin": [8.79619, 90.17367, -64.55104],
              "pivot": [10.19718, 94.77897, -53.1745],
              "rotation": [32.77726, 21.01042, 4.71779],
              "size": [2, 10, 15],
              "uv": [136, 247]
            }
          ],
          "name": "crest",
          "parent": "stupid",
          "pivot": [-7.5, 84.23316, -57.94133]
        }, {
          "cubes": [
            {
              "inflate": 0.1,
              "origin": [-3, 77.43936, -71.39311],
              "pivot": [0, 80.93936, -68.39311],
              "rotation": [14.68941, -43.54513, -10.19126],
              "size": [6, 7, 6],
              "uv": [76, 313]
            }
          ],
          "name": "nose",
          "parent": "stupid",
          "pivot": [-2, 84.23316, -79.14133],
          "rotation": [17.5, 0, 0]
        }, {
          "name": "teeth",
          "parent": "stupid",
          "pivot": [0.5, 77.23316, -49.64133]
        }, {
          "cubes": [
            {
              "origin": [6.5, 80.73316, -61.14133],
              "pivot": [7, 80.73316, -60.64133],
              "rotation": [-45, 45, 0],
              "size": [0, 2, 2],
              "uv": [222, 331]
            }, {
              "origin": [4.5, 80.73316, -63.14133],
              "pivot": [5, 80.73316, -62.64133],
              "rotation": [-45, 45, 0],
              "size": [0, 2, 2],
              "uv": [20, 332]
            }, {
              "origin": [2.5, 80.73316, -65.14133],
              "pivot": [3, 80.73316, -64.64133],
              "rotation": [-45, 45, 0],
              "size": [0, 2, 2],
              "uv": [332, 113]
            }, {
              "origin": [0.5, 80.73316, -67.14133],
              "pivot": [1, 80.73316, -66.64133],
              "rotation": [-45, 45, 0],
              "size": [0, 2, 2],
              "uv": [332, 181]
            }
          ],
          "name": "teeths3",
          "parent": "teeth",
          "pivot": [-0.5, 77.23316, -49.64133]
        }, {
          "cubes": [
            {
              "origin": [-6.5, 80.73316, -61.14133],
              "pivot": [-7, 80.73316, -60.64133],
              "rotation": [-45, -45, 0],
              "size": [0, 2, 2],
              "uv": [302, 223]
            }, {
              "origin": [-4.5, 80.73316, -63.14133],
              "pivot": [-5, 80.73316, -62.64133],
              "rotation": [-45, -45, 0],
              "size": [0, 2, 2],
              "uv": [302, 227]
            }, {
              "origin": [-2.5, 80.73316, -65.14133],
              "pivot": [-3, 80.73316, -64.64133],
              "rotation": [-45, -45, 0],
              "size": [0, 2, 2],
              "uv": [132, 313]
            }, {
              "origin": [-0.5, 80.73316, -67.14133],
              "pivot": [-1, 80.73316, -66.64133],
              "rotation": [-45, -45, 0],
              "size": [0, 2, 2],
              "uv": [132, 317]
            }
          ],
          "name": "teeths2",
          "parent": "teeth",
          "pivot": [0.5, 77.23316, -49.64133]
        }, {
          "cubes": [
            {
              "origin": [7.63619, 84.45619, -61.69199],
              "pivot": [8.20763, 85.93466, -60.1254],
              "rotation": [34.65747, 43.16811, 6.6271],
              "size": [1, 4, 4],
              "uv": [302, 330]
            }, {
              "origin": [7.69331, 86.047, -61.26223],
              "pivot": [8.16589, 87.02557, -60.19687],
              "rotation": [34.05052, 42.34567, 5.86148],
              "size": [1, 2, 2],
              "uv": [310, 159]
            }, {
              "inflate": -0.4,
              "origin": [7.99331, 86.197, -61.69223],
              "pivot": [8.46589, 87.17557, -60.62687],
              "rotation": [34.05052, 42.34567, 5.86148],
              "size": [1, 2, 2],
              "uv": [314, 44]
            }, {
              "origin": [6.39943, 84.61897, -62.34257],
              "pivot": [7.14943, 85.61897, -61.34257],
              "rotation": [34.05052, 42.34567, 5.86148],
              "size": [1, 3, 2],
              "uv": [134, 113]
            }, {
              "origin": [8.38553, 86.10557, -60.39433],
              "pivot": [8.88553, 87.10557, -59.39433],
              "rotation": [34.05052, 42.34567, 5.86148],
              "size": [1, 3, 3],
              "uv": [302, 232]
            }, {
              "origin": [8.38553, 87.10557, -57.39433],
              "pivot": [8.88553, 87.10557, -59.39433],
              "rotation": [34.05052, 42.34567, 5.86148],
              "size": [1, 1, 1],
              "uv": [134, 118]
            }
          ],
          "name": "eyes2",
          "parent": "JAWTOP",
          "pivot": [7.6827, 86.35067, -60.39724],
          "rotation": [-11.45534, 1.07094, 4.83065]
        }, {
          "cubes": [
            {
              "origin": [6.93619, 84.45619, -63.69199],
              "pivot": [7.50763, 85.93466, -60.1254],
              "rotation": [34.65747, 43.16811, 6.6271],
              "size": [1, 4, 7],
              "uv": [316, 181]
            }
          ],
          "name": "eyelid2",
          "parent": "eyes2",
          "pivot": [9.20763, 85.93466, -60.1254]
        }, {
          "cubes": [
            {
              "origin": [-8.63619, 84.45619, -61.69199],
              "pivot": [-8.20763, 85.93466, -60.1254],
              "rotation": [34.65747, -43.16811, -6.6271],
              "size": [1, 4, 4],
              "uv": [40, 331]
            }, {
              "origin": [-8.69331, 86.047, -61.26223],
              "pivot": [-8.16589, 87.02557, -60.19687],
              "rotation": [34.05052, -42.34567, -5.86148],
              "size": [1, 2, 2],
              "uv": [40, 326]
            }, {
              "inflate": -0.4,
              "origin": [-8.99331, 86.197, -61.69223],
              "pivot": [-8.46589, 87.17557, -60.62687],
              "rotation": [34.05052, -42.34567, -5.86148],
              "size": [1, 2, 2],
              "uv": [236, 330]
            }, {
              "origin": [-7.39943, 84.61897, -62.34257],
              "pivot": [-7.14943, 85.61897, -61.34257],
              "rotation": [34.05052, -42.34567, -5.86148],
              "size": [1, 3, 2],
              "uv": [310, 19]
            }, {
              "origin": [-9.38553, 86.10557, -60.39433],
              "pivot": [-8.88553, 87.10557, -59.39433],
              "rotation": [34.05052, -42.34567, -5.86148],
              "size": [1, 3, 3],
              "uv": [200, 329]
            }, {
              "origin": [-9.38553, 87.10557, -57.39433],
              "pivot": [-8.88553, 87.10557, -59.39433],
              "rotation": [34.05052, -42.34567, -5.86148],
              "size": [1, 1, 1],
              "uv": [92, 202]
            }
          ],
          "name": "eyes3",
          "parent": "JAWTOP",
          "pivot": [-7.6827, 86.35067, -60.39724],
          "rotation": [-11.45534, -1.07094, -4.83065]
        }, {
          "cubes": [
            {
              "origin": [-7.90619, 84.45619, -63.69199],
              "pivot": [-7.47763, 85.93466, -60.1254],
              "rotation": [34.65747, -43.16811, -6.6271],
              "size": [1, 4, 7],
              "uv": [132, 322]
            }
          ],
          "name": "eyelid1",
          "parent": "eyes3",
          "pivot": [-9.20763, 85.93466, -60.1254]
        }, {
          "cubes": [
            {
              "inflate": -0.1,
              "origin": [-0.37, 74.42316, -56.86133],
              "pivot": [0, 79.92316, -50.61133],
              "rotation": [-9, 0, 0],
              "size": [12.5, 7, 12],
              "uv": [93, 169]
            }, {
              "inflate": -0.11,
              "origin": [-12.13, 74.42316, -56.86133],
              "pivot": [0, 79.92316, -50.61133],
              "rotation": [-9, 0, 0],
              "size": [12.5, 7, 12],
              "uv": [243, 270]
            }, {
              "origin": [-6, 80.73316, -60.29133],
              "size": [11.5, 3.5, 12],
              "uv": [92, 187]
            }, {
              "origin": [-11.54594, 75.73316, -66.00885],
              "pivot": [-2.82843, 82.23316, -53.29133],
              "rotation": [0, -45, 0],
              "size": [17, 7, 17],
              "uv": [68, 247]
            }
          ],
          "name": "JAWBOT",
          "parent": "head",
          "pivot": [0.5, 78.23316, -50.29133],
          "rotation": [17.5, 0, 0]
        }, {
          "cubes": [
            {
              "origin": [-6.5, 81.73316, -61.79133],
              "pivot": [-7, 81.73316, -61.29133],
              "rotation": [-45, -45, 0],
              "size": [0, 2, 2],
              "uv": [238, 272]
            }, {
              "origin": [-4.5, 81.73316, -63.79133],
              "pivot": [-5, 81.73316, -63.29133],
              "rotation": [-45, -45, 0],
              "size": [0, 2, 2],
              "uv": [238, 276]
            }, {
              "origin": [-2.5, 81.73316, -65.79133],
              "pivot": [-3, 81.73316, -65.29133],
              "rotation": [-45, -45, 0],
              "size": [0, 2, 2],
              "uv": [238, 280]
            }, {
              "origin": [-0.5, 81.73316, -67.79133],
              "pivot": [-1, 81.73316, -67.29133],
              "rotation": [-45, -45, 0],
              "size": [0, 2, 2],
              "uv": [238, 284]
            }
          ],
          "name": "teeths",
          "parent": "JAWBOT",
          "pivot": [0.5, 78.23316, -50.29133]
        }, {
          "cubes": [
            {
              "origin": [-15.5, 81.73316, -69.29133],
              "pivot": [-16, 81.73316, -68.79133],
              "rotation": [-45, -45, 0],
              "size": [0, 2, 2],
              "uv": [184, 322]
            }, {
              "origin": [-13.5, 81.73316, -71.29133],
              "pivot": [-14, 81.73316, -70.79133],
              "rotation": [-45, -45, 0],
              "size": [0, 2, 2],
              "uv": [312, 330]
            }, {
              "origin": [-11.5, 81.73316, -73.29133],
              "pivot": [-12, 81.73316, -72.79133],
              "rotation": [-45, -45, 0],
              "size": [0, 2, 2],
              "uv": [60, 331]
            }, {
              "origin": [-9.5, 81.73316, -75.29133],
              "pivot": [-10, 81.73316, -74.79133],
              "rotation": [-45, -45, 0],
              "size": [0, 2, 2],
              "uv": [218, 331]
            }
          ],
          "name": "teeths4",
          "parent": "teeths",
          "pivot": [-8.5, 78.23316, -57.79133],
          "rotation": [0, -90, 0]
        }, {
          "locators": {
            "seat_1": [0, 92, -42]
          },
          "name": "locator_seat_1",
          "parent": "neck",
          "pivot": [0, 91, -45]
        },
        {
          "name": "hands",
          "parent": "tophalf",
          "pivot": [-31, -6.5, 1.9]
        }, {
          "cubes": [
            {
              "origin": [9, 58.5, -22.1],
              "pivot": [12, 64, -15.35],
              "rotation": [-90, 0, 0],
              "size": [19, 15, 15],
              "uv": [242, 239]
            }
          ],
          "name": "lshoulder",
          "parent": "hands",
          "pivot": [14, 64, -15.1],
          "rotation": [53.99702, 21.3335, 28.03525]
        }, {
          "cubes": [
            {
              "origin": [24, 55, -18.1],
              "size": [16, 17, 9],
              "uv": [260, 0]
            }
          ],
          "name": "lforearm",
          "parent": "lshoulder",
          "pivot": [26.5, 61, -15.6],
          "rotation": [0, 25, 0]
        }, {
          "cubes": [
            {
              "origin": [34.81242, 52.51486, -18.7561],
              "size": [24, 22, 11],
              "uv": [172, 239]
            }
          ],
          "name": "lhand",
          "parent": "lforearm",
          "pivot": [35.81242, 61.51486, -15.7561],
          "rotation": [0, 20, 0]
        }, {
          "cubes": [
            {
              "mirror": true,
              "origin": [-29.68758, 186.01486, -16.7561],
              "size": [9, 5, 5],
              "uv": [312, 93]
            }, {
              "mirror": true,
              "origin": [-32.18758, 186.51486, -19.7561],
              "pivot": [-40.68758, 185.51486, -19.0061],
              "rotation": [0, -15, 0],
              "size": [5, 4, 4],
              "uv": [148, 322]
            }, {
              "mirror": true,
              "origin": [-34.18758, 187.01486, -22.7561],
              "pivot": [-42.68758, 186.01486, -22.0061],
              "rotation": [0, -27.5, 0],
              "size": [5, 3, 3],
              "uv": [282, 44]
            }, {
              "mirror": true,
              "origin": [-32.18758, 194.51486, -19.7561],
              "pivot": [-40.68758, 193.51486, -19.0061],
              "rotation": [0, -15, 0],
              "size": [5, 4, 4],
              "uv": [48, 323]
            }, {
              "mirror": true,
              "origin": [-34.18758, 195.01486, -22.7561],
              "pivot": [-42.68758, 194.01486, -22.0061],
              "rotation": [0, -27.5, 0],
              "size": [5, 3, 3],
              "uv": [276, 329]
            }, {
              "mirror": true,
              "origin": [-29.68758, 194.01486, -16.7561],
              "size": [9, 5, 5],
              "uv": [312, 103]
            },
            {
              "mirror": true,
              "origin": [-28.68758, 201.01486, -17.7561],
              "size": [9, 5, 5],
              "uv": [48, 313]
            }, {
              "mirror": true,
              "origin": [-32.18758, 201.51486, -20.7561],
              "pivot": [-40.68758, 200.51486, -20.0061],
              "rotation": [0, -15, 0],
              "size": [5, 4, 4],
              "uv": [208, 323]
            }, {
              "mirror": true,
              "origin": [-34.18758, 202.01486, -23.7561],
              "pivot": [-42.68758, 201.01486, -23.0061],
              "rotation": [0, -27.5, 0],
              "size": [5, 3, 3],
              "uv": [148, 330]
            }
          ],
          "name": "lfinge",
          "parent": "lhand",
          "pivot": [15.81242, 129.51486, -2.7561],
          "rotation": [0, 0, 177.5]
        }, {
          "cubes": [
            {
              "mirror": true,
              "origin": [-18.68758, 178.51486, -23.2561],
              "size": [8, 5, 5],
              "uv": [218, 313]
            }, {
              "mirror": true,
              "origin": [-20.18758, 179.01486, -27.2561],
              "pivot": [-28.68758, 178.01486, -26.5061],
              "rotation": [0, -22.5, 0],
              "size": [5, 4, 4],
              "uv": [166, 322]
            }, {
              "mirror": true,
              "origin": [-22.18758, 179.51486, -30.7561],
              "pivot": [-30.68758, 178.51486, -30.0061],
              "rotation": [0, -35, 0],
              "size": [5, 3, 3],
              "uv": [298, 44]
            }
          ],
          "name": "lthum",
          "parent": "lfinge",
          "pivot": [-33.18758, 178.51486, -29.0061],
          "rotation": [-51.82753, -23.06707, -46.43707]
        }, {
          "cubes": [
            {
              "mirror": true,
              "origin": [-28, 58.5, -22.1],
              "pivot": [-12, 64, -15.35],
              "rotation": [-90, 0, 0],
              "size": [19, 15, 15],
              "uv": [242, 239]
            }
          ],
          "name": "rshoulder",
          "parent": "hands",
          "pivot": [-14, 64, -15.1],
          "rotation": [53.99702, -21.3335, -28.03525]
        }, {
          "cubes": [
            {
              "mirror": true,
              "origin": [-40, 55, -18.1],
              "size": [16, 17, 9],
              "uv": [260, 0]
            }
          ],
          "name": "rforearm",
          "parent": "rshoulder",
          "pivot": [-26.5, 61, -15.6],
          "rotation": [0, -25, 0]
        }, {
          "cubes": [
            {
              "mirror": true,
              "origin": [-58.81242, 52.51486, -18.7561],
              "size": [24, 22, 11],
              "uv": [172, 239]
            }
          ],
          "name": "rhand",
          "parent": "rforearm",
          "pivot": [-35.81242, 61.51486, -15.7561],
          "rotation": [0, -20, 0]
        }, {
          "cubes": [
            {
              "origin": [20.68758, 186.01486, -16.7561],
              "size": [9, 5, 5],
              "uv": [312, 93]
            }, {
              "origin": [27.18758, 186.51486, -19.7561],
              "pivot": [40.68758, 185.51486, -19.0061],
              "rotation": [0, 15, 0],
              "size": [5, 4, 4],
              "uv": [148, 322]
            }, {
              "origin": [29.18758, 187.01486, -22.7561],
              "pivot": [42.68758, 186.01486, -22.0061],
              "rotation": [0, 27.5, 0],
              "size": [5, 3, 3],
              "uv": [282, 44]
            }, {
              "origin": [27.18758, 194.51486, -19.7561],
              "pivot": [40.68758, 193.51486, -19.0061],
              "rotation": [0, 15, 0],
              "size": [5, 4, 4],
              "uv": [48, 323]
            }, {
              "origin": [29.18758, 195.01486, -22.7561],
              "pivot": [42.68758, 194.01486, -22.0061],
              "rotation": [0, 27.5, 0],
              "size": [5, 3, 3],
              "uv": [276, 329]
            }, {
              "origin": [20.68758, 194.01486, -16.7561],
              "size": [9, 5, 5],
              "uv": [312, 103]
            },
            {
              "origin": [19.68758, 201.01486, -17.7561],
              "size": [9, 5, 5],
              "uv": [48, 313]
            }, {
              "origin": [27.18758, 201.51486, -20.7561],
              "pivot": [40.68758, 200.51486, -20.0061],
              "rotation": [0, 15, 0],
              "size": [5, 4, 4],
              "uv": [208, 323]
            }, {
              "origin": [29.18758, 202.01486, -23.7561],
              "pivot": [42.68758, 201.01486, -23.0061],
              "rotation": [0, 27.5, 0],
              "size": [5, 3, 3],
              "uv": [148, 330]
            }
          ],
          "name": "rfinge",
          "parent": "rhand",
          "pivot": [-15.81242, 129.51486, -2.7561],
          "rotation": [0, 0, -177.5]
        }, {
          "cubes": [
            {
              "origin": [10.68758, 178.51486, -23.2561],
              "size": [8, 5, 5],
              "uv": [218, 313]
            }, {
              "origin": [15.18758, 179.01486, -27.2561],
              "pivot": [28.68758, 178.01486, -26.5061],
              "rotation": [0, 22.5, 0],
              "size": [5, 4, 4],
              "uv": [166, 322]
            }, {
              "origin": [17.18758, 179.51486, -30.7561],
              "pivot": [30.68758, 178.51486, -30.0061],
              "rotation": [0, 35, 0],
              "size": [5, 3, 3],
              "uv": [298, 44]
            }
          ],
          "name": "rthum",
          "parent": "rfinge",
          "pivot": [33.18758, 178.51486, -29.0061],
          "rotation": [-51.82753, 23.06707, 46.43707]
        }
      ],
      "description": {
        "identifier": "geometry.unknown",
        "texture_height": 512,
        "texture_width": 512,
        "visible_bounds_height": 16.5,
        "visible_bounds_offset": [0, 7.75, 0],
        "visible_bounds_width": 28
      }
    }
  ]
}