{
	"format_version": "1.8.0",
	"animations": {
		"animation.banette_mega.ground_idle": {
			"loop": true,
			"bones": {
				"torso": {
					"rotation": [0, 0, "-2*Math.cos((query.anim_time-0.5) * 90 * 1.5) *1"],
					"position": [0, "-0.25-0.25*Math.cos((query.anim_time-0.75) * 90 * 3) *0.5", 0]
				},
				"arm_left": {
					"rotation": [
						"-9+3*Math.cos((query.anim_time-0.75) * 90 * 3) *1",
						"0-3*Math.cos((query.anim_time-0.5) * 90 * 3) *1",
						"12-3*Math.cos((query.anim_time-0.5) * 90 * 3) *1"
					]
				},
				"arm_left1": {
					"rotation": [0, "9+3*Math.cos((query.anim_time-0) * 90 * 3) *1", "0+3*Math.cos((query.anim_time-0) * 90 * 3) *1"]
				},
				"arm_left2": {
					"rotation": [0, 0, "17.5+6*Math.cos((query.anim_time-0.25) * 90 * 3) *1"]
				},
				"arm_right": {
					"rotation": [
						"-9+3*Math.cos((query.anim_time-0.75) * 90 * 3) *1",
						"0+3*Math.cos((query.anim_time-0.5) * 90 * 3) *1",
						"-12+3*Math.cos((query.anim_time-0.5) * 90 * 3) *1"
					]
				},
				"arm_right1": {
					"rotation": [0, "-9-3*Math.cos((query.anim_time-0) * 90 * 3) *1", "-0-3*Math.cos((query.anim_time-0) * 90 * 3) *1"]
				},
				"arm_right2": {
					"rotation": [0, 0, "-17.5-6*Math.cos((query.anim_time-0.25) * 90 * 3) *1"]
				},
				"pupil_left": {
					"position": [-0.1, 0, 0]
				},
				"mouth_zipper": {
					"rotation": ["-12*Math.cos((query.anim_time-0.5) * 90 * 3) *1", 0, "-8*Math.cos((query.anim_time-0.25) * 90 * 3) *1"]
				},
				"tendril2": {
					"rotation": ["-2*Math.cos((query.anim_time-0.5) * 90 * 3) *1", 0, 0]
				},
				"tendril3": {
					"rotation": [0, "-8*Math.cos((query.anim_time-0.75) * 90 * 1.5) *1", 0]
				},
				"tendril4": {
					"rotation": ["75+4*Math.cos((query.anim_time-0.75) * 90 * 3) *1", 0, 0]
				},
				"tendril5": {
					"rotation": ["-75+4*Math.cos((query.anim_time-0) * 90 * 3) *1", 0, 0]
				},
				"tendril6": {
					"rotation": ["122.5+4*Math.cos((query.anim_time-0.25) * 90 * 3) *1", 0, 0]
				},
				"tendril7": {
					"rotation": ["-117.5-4*Math.cos((query.anim_time-0.5) * 90 * 3) *1", 0, 0]
				},
				"tendril8": {
					"rotation": ["87.5-4*Math.cos((query.anim_time-0.75) * 90 * 3) *1", 0, 0]
				},
				"leg_left": {
					"rotation": [0, -10, 0]
				},
				"leg_right": {
					"rotation": [0, 10, 0]
				},
				"pupil_right": {
					"position": [0.1, 0, 0]
				},
				"chest": {
					"rotation": [0, 0, "-6*Math.cos((query.anim_time-0.5) * 90 * 1.5) *1"]
				},
				"head": {
					"rotation": [
						"-4*Math.cos((query.anim_time-0.25) * 90 * 3) *1",
						"-8*Math.cos((query.anim_time-0.25) * 90 * 1.5) *1",
						"-8*Math.cos((query.anim_time-0.75) * 90 * 1.5) *1"
					]
				},
				"torsomouth_left": {
					"rotation": [0, 0, "7.5-2*Math.cos((query.anim_time-0.75) * 90 * 1.5) *1"]
				},
				"torsomouth_right": {
					"rotation": [0, 0, "-7.5-2*Math.cos((query.anim_time-0.75) * 90 * 1.5) *1"]
				},
				"finger_right_front": {
					"rotation": [0, -7.5, 0]
				},
				"finger_right_back": {
					"rotation": [0, 7.5, 0]
				},
				"finger_left_front": {
					"rotation": [0, 7.5, 0]
				},
				"finger_left_back": {
					"rotation": [0, -7.5, 0]
				},
				"handmouthbottom_left": {
					"rotation": [0, 0, 12.5]
				},
				"handmouthbottom_right": {
					"rotation": [0, 0, -12.5]
				},
				"handmouthtop_left": {
					"rotation": [0, 0, "-17.5+3*Math.cos((query.anim_time-0.25) * 90 * 3+15) *1"]
				},
				"handmouthtop_right": {
					"rotation": [0, 0, "17.5-3*Math.cos((query.anim_time-0.25) * 90 * 3+15) *1"]
				},
				"finger_left_back2": {
					"rotation": [0, 0, "7.5+6*Math.cos((query.anim_time-0.25) * 90 * 3-15) *1"]
				},
				"finger_left_middle2": {
					"rotation": [0, 0, "7.5+6*Math.cos((query.anim_time-0.25) * 90 * 3) *1"]
				},
				"finger_left_front2": {
					"rotation": [0, 0, "7.5+6*Math.cos((query.anim_time-0.25) * 90 * 3+15) *1"]
				},
				"finger_right_back2": {
					"rotation": [0, 0, "-7.5-6*Math.cos((query.anim_time-0.25) * 90 * 3-15) *1"]
				},
				"finger_right_front2": {
					"rotation": [0, 0, "-7.5-6*Math.cos((query.anim_time-0.25) * 90 * 3+15) *1"]
				},
				"finger_right_middle2": {
					"rotation": [0, 0, "-7.5-6*Math.cos((query.anim_time-0.25) * 90 * 3) *1"]
				},
				"finger_left_back3": {
					"rotation": [0, 0, "27.5+6*Math.cos((query.anim_time-0.25) * 90 * 3) *1"]
				},
				"finger_left_front3": {
					"rotation": [0, 0, "27.5+6*Math.cos((query.anim_time-0.25) * 90 * 3+30) *1"]
				},
				"finger_left_middle3": {
					"rotation": [0, 0, "27.5+6*Math.cos((query.anim_time-0.25) * 90 * 3+15) *1"]
				},
				"finger_right_front3": {
					"rotation": [0, 0, "-27.5-6*Math.cos((query.anim_time-0.25) * 90 * 3+30) *1"]
				},
				"finger_right_middle3": {
					"rotation": [0, 0, "-27.5-6*Math.cos((query.anim_time-0.25) * 90 * 3+15) *1"]
				},
				"finger_right_back3": {
					"rotation": [0, 0, "-27.5-6*Math.cos((query.anim_time-0.25) * 90 * 3) *1"]
				},
				"torso_zipper": {
					"rotation": ["-9+3*Math.cos((query.anim_time-0.5) * 90 * 3) *1", 0, "-12*Math.cos((query.anim_time-0.5) * 90 * 1.5-60) *1"]
				},
				"torso_zipper2": {
					"rotation": ["9-3*Math.cos((query.anim_time-0.5) * 90 * 3) *1", 0, "-12*Math.cos((query.anim_time-0.5) * 90 * 1.5-60) *1"]
				},
				"handzipperfront_right": {
					"rotation": ["-9-3*Math.cos((query.anim_time-0.5) * 90 * 3) *1", 0, "0-12*Math.cos((query.anim_time-0.25) * 90 * 3+15) *1"]
				},
				"handzipperback_right": {
					"rotation": ["9+3*Math.cos((query.anim_time-0.5) * 90 * 3) *1", 0, "0-12*Math.cos((query.anim_time-0.25) * 90 * 3+15) *1"]
				},
				"handzipperfront_left": {
					"rotation": ["-9-3*Math.cos((query.anim_time-0.5) * 90 * 3) *1", 0, "0+12*Math.cos((query.anim_time-0.25) * 90 * 3+15) *1"]
				},
				"handzipperback_left": {
					"rotation": ["9+3*Math.cos((query.anim_time-0.5) * 90 * 3) *1", 0, "0+12*Math.cos((query.anim_time-0.25) * 90 * 3+15) *1"]
				}
			}
		},
		"animation.banette_mega.ground_walk": {
			"loop": true,
			"bones": {
				"hair2": {
					"rotation": ["-31.0319+math.sin(q.anim_time*90*4-30)*5", -5.6346, -1.36257],
					"position": [0.45568, 0.76917, -0.91483]
				},
				"hair3": {
					"rotation": ["45+math.sin(q.anim_time*90*4-60)*2.5", 0, 0]
				},
				"hair4": {
					"rotation": ["-75+math.sin(q.anim_time*90*4-30)*2.5", 0, 0]
				},
				"hair5": {
					"rotation": ["0+math.sin(q.anim_time*90*4-0)*2.5", 50, 0],
					"position": [-0.85, 0, -0.75]
				},
				"hair6": {
					"rotation": ["0+math.sin(q.anim_time*90*4+30)*2.5", -90, 0],
					"position": [0.5, 0, -1]
				},
				"hair7": {
					"rotation": ["0+math.sin(q.anim_time*90*4+60)*5", 80, 0],
					"position": [-0.6, 0, -0.5]
				},
				"arm_right": {
					"rotation": [0, 15, "0-math.sin(q.anim_time*90*4-60)*10"],
					"position": [-1.5, 0, 0]
				},
				"arm_right2": {
					"rotation": ["0-math.sin(q.anim_time*90*4+15)*10", "0+math.sin(q.anim_time*90*4+60)*10", 70]
				},
				"arm_left": {
					"rotation": [0, "-15+math.sin(q.anim_time*90*4+35)*5", "0+math.sin(q.anim_time*90*2+15)*5"],
					"position": [1.5, 0, 0]
				},
				"arm_left2": {
					"rotation": ["0-math.sin(q.anim_time*90*4+15)*10", "0+math.sin(q.anim_time*90*4+60)*10", "-70+math.sin(q.anim_time*90*4+30)*2.5"]
				},
				"hair8": {
					"rotation": [-27.5, "35-math.sin(q.anim_time*90*2+230)*10", -12.5],
					"position": [1, 0, -2]
				},
				"head": {
					"rotation": ["7.5+math.sin(q.anim_time*90*4)*7.5", "0-math.sin(q.anim_time*90*2)*5", "-10+math.sin(q.anim_time*90*2)*7.5"],
					"position": [0, -0.25, 0]
				},
				"torso": {
					"rotation": ["7.5-math.sin(q.anim_time*90*4-60)*2", "-math.sin(q.anim_time*90*2-60)*5", "-math.sin(q.anim_time*90*2-60)*2"],
					"position": [0, 0, -0.25]
				},
				"tail": {
					"rotation": ["0+math.sin(q.anim_time*90*4+60)*10", "0+math.sin(q.anim_time*90*2+30)*15", 0]
				},
				"leg_left": {
					"rotation": ["0+math.sin(q.anim_time*90*4)*10", 0, "0-math.sin(q.anim_time*90*2-30)*1"],
					"position": [0, "0-math.clamp(math.sin(q.anim_time*90*4+60)*0.5, -0.5, 0.2)", "0+math.sin(q.anim_time*90*4)*0.75"]
				},
				"leg_right": {
					"rotation": ["0-math.sin(q.anim_time*90*4)*10", 0, "0-math.sin(q.anim_time*90*2-30)*1"],
					"position": [0, "0+math.clamp(math.sin(q.anim_time*90*4+60)*0.5, -0.2, 0.5)", "0-math.sin(q.anim_time*90*4)*0.75"]
				}
			}
		},
		"animation.banette_mega.sleep": {
			"loop": true,
			"bones": {
				"hair2": {
					"rotation": [-31.0319, -5.63464, -1.36257],
					"position": [0.45568, 0.76917, -0.91483]
				},
				"hair3": {
					"rotation": ["45-math.sin(q.anim_time*90*1+60)*2", 0, 0]
				},
				"hair4": {
					"rotation": ["-75-math.sin(q.anim_time*90*1+90)*2.5", 0, 0]
				},
				"hair5": {
					"rotation": ["0-math.sin(q.anim_time*90*1+90)*2.5", 50, 0],
					"position": [-0.85, 0, -0.75]
				},
				"hair6": {
					"rotation": ["0-math.sin(q.anim_time*90*1+90)*2.5", -90, 0],
					"position": [0.5, 0, -1]
				},
				"hair7": {
					"rotation": ["0-math.sin(q.anim_time*90*1+90)*3", 80, 0],
					"position": [-0.6, 0, -0.5]
				},
				"arm_right": {
					"rotation": [0, 60, "0-math.sin(q.anim_time*90*1+60)*1.5"],
					"position": [-1.5, 0, 0]
				},
				"arm_right2": {
					"rotation": [0, 0, "70-math.sin(q.anim_time*90*2+90)*1.5"]
				},
				"arm_left": {
					"rotation": [0, -60, "0+math.sin(q.anim_time*90*1+60)*1.5"],
					"position": [1.5, 0, 0]
				},
				"arm_left2": {
					"rotation": [0, 0, "-70-math.sin(q.anim_time*90*2+60)*1.5"]
				},
				"hair8": {
					"rotation": ["-60-math.sin(q.anim_time*90*1+30)*1.5", 35, -12.5],
					"position": [1, 0, -2]
				},
				"head": {
					"rotation": ["5-math.sin(q.anim_time*90*1+30)*1.5", 0, 0]
				},
				"torso": {
					"rotation": ["17.5-math.sin(q.anim_time*90*1)*1", 0, 0],
					"position": [0, -0.5, -1]
				},
				"neck": {
					"rotation": [12.5, 0, 0],
					"position": [0, -0.25, 0]
				},
				"eyelid_right": {
					"position": [0, 0, -0.0875]
				},
				"eyelid_left": {
					"position": [0, 0, -0.0875]
				},
				"tail": {
					"rotation": ["-40+math.sin(q.anim_time*90*2+60)*2", 0, 0],
					"position": [0, 0, -0.25]
				}
			}
		},
		"animation.banette_mega.blink": {
			"animation_length": 0.16667,
			"bones": {
				"eyelid_right": {
					"position": {
						"0.0": [0, 0, -0.0875],
						"0.125": [0, 0, -0.0875],
						"0.1667": [0, 0, 0]
					}
				},
				"eyelid_left": {
					"position": {
						"0.0": [0, 0, -0.0875],
						"0.125": [0, 0, -0.0875],
						"0.1667": [0, 0, 0]
					}
				}
			}
		},
		"animation.banette_mega.ground_idle_placeholder": {
			"loop": true,
			"bones": {
				"torso": {
					"rotation": [0, 0, "-2*Math.cos((query.anim_time-0.5) * 90 * 1.5) *1"],
					"position": [0, "-0.25-0.25*Math.cos((query.anim_time-0.75) * 90 * 3) *0.5", 0]
				},
				"arm_left": {
					"rotation": [
						"-9+3*Math.cos((query.anim_time-0.75) * 90 * 3) *1",
						"52-3*Math.cos((query.anim_time-0.5) * 90 * 3) *1",
						"-12-3*Math.cos((query.anim_time-0.5) * 90 * 3) *1"
					]
				},
				"arm_left1": {
					"rotation": [0, "-9+3*Math.cos((query.anim_time-0) * 90 * 3) *1", "65+3*Math.cos((query.anim_time-0) * 90 * 3) *1"]
				},
				"arm_left2": {
					"rotation": [0, 0, "17.5+6*Math.cos((query.anim_time-0.25) * 90 * 3) *1"]
				},
				"arm_right": {
					"rotation": [
						"-9+3*Math.cos((query.anim_time-0.75) * 90 * 3) *1",
						"-52+3*Math.cos((query.anim_time-0.5) * 90 * 3) *1",
						"12+3*Math.cos((query.anim_time-0.5) * 90 * 3) *1"
					]
				},
				"arm_right1": {
					"rotation": [0, "9-3*Math.cos((query.anim_time-0) * 90 * 3) *1", "-65-3*Math.cos((query.anim_time-0) * 90 * 3) *1"]
				},
				"arm_right2": {
					"rotation": [0, 0, "-17.5-6*Math.cos((query.anim_time-0.25) * 90 * 3) *1"]
				},
				"pupil_left": {
					"position": [-0.1, 0, 0]
				},
				"mouth_zipper": {
					"rotation": ["-12*Math.cos((query.anim_time-0.5) * 90 * 3) *1", 0, "-8*Math.cos((query.anim_time-0.25) * 90 * 3) *1"]
				},
				"tendril2": {
					"rotation": ["-2*Math.cos((query.anim_time-0.5) * 90 * 3) *1", 0, 0]
				},
				"tendril3": {
					"rotation": [0, "-8*Math.cos((query.anim_time-0.75) * 90 * 1.5) *1", 0]
				},
				"tendril4": {
					"rotation": ["75+4*Math.cos((query.anim_time-0.75) * 90 * 3) *1", 0, 0]
				},
				"tendril5": {
					"rotation": ["-75+4*Math.cos((query.anim_time-0) * 90 * 3) *1", 0, 0]
				},
				"tendril6": {
					"rotation": ["122.5+4*Math.cos((query.anim_time-0.25) * 90 * 3) *1", 0, 0]
				},
				"tendril7": {
					"rotation": ["-117.5-4*Math.cos((query.anim_time-0.5) * 90 * 3) *1", 0, 0]
				},
				"tendril8": {
					"rotation": ["87.5-4*Math.cos((query.anim_time-0.75) * 90 * 3) *1", 0, 0]
				},
				"leg_left": {
					"rotation": [0, -10, 0]
				},
				"leg_right": {
					"rotation": [0, 10, 0]
				},
				"pupil_right": {
					"position": [0.1, 0, 0]
				},
				"chest": {
					"rotation": [0, 0, "-6*Math.cos((query.anim_time-0.5) * 90 * 1.5) *1"]
				},
				"head": {
					"rotation": [
						"-4*Math.cos((query.anim_time-0.25) * 90 * 3) *1",
						"-8*Math.cos((query.anim_time-0.25) * 90 * 1.5) *1",
						"-8*Math.cos((query.anim_time-0.75) * 90 * 1.5) *1"
					]
				}
			}
		},
		"animation.banette_mega.pose": {
			"loop": true,
			"bones": {
				"tendril4": {
					"rotation": [62.5, 0, 0]
				},
				"tendril5": {
					"rotation": [-77.5, 0, 0]
				},
				"tendril6": {
					"rotation": [107.5, 0, 0]
				},
				"tendril7": {
					"rotation": [-102.5, 0, 0]
				},
				"tendril8": {
					"rotation": [90, 0, 0]
				},
				"mouth_zipper": {
					"rotation": [-27.74511, 5.05904, 24.45599]
				},
				"body": {
					"rotation": [0, 22.5, 0]
				},
				"torso": {
					"rotation": [-7.5, 0, 0]
				},
				"leg_left": {
					"rotation": [0, -17.5, 0]
				},
				"foot_left": {
					"rotation": [0, -17.5, 0]
				},
				"leg_right": {
					"rotation": [0, 10, 0]
				},
				"arm_left": {
					"rotation": [
						"-11.0491+3*Math.cos((query.anim_time-0.75) * 90 * 3) *1",
						"29.2919-3*Math.cos((query.anim_time-0.5) * 90 * 3) *1",
						"5.1353-3*Math.cos((query.anim_time-0.5) * 90 * 3) *1"
					]
				},
				"arm_left1": {
					"rotation": [0, "26.5+3*Math.cos((query.anim_time-0) * 90 * 3) *1", "3*Math.cos((query.anim_time-0) * 90 * 3) *1"]
				},
				"arm_left2": {
					"rotation": [7.97532, 19.82169, "20.22+6*Math.cos((query.anim_time-0.25) * 90 * 3) *1"]
				},
				"arm_right": {
					"rotation": [
						"-9+3*Math.cos((query.anim_time-0.75) * 90 * 3) *1",
						"0+3*Math.cos((query.anim_time-0.5) * 90 * 3) *1",
						"-12+3*Math.cos((query.anim_time-0.5) * 90 * 3) *1"
					]
				},
				"arm_right1": {
					"rotation": [0, "-9-3*Math.cos((query.anim_time-0) * 90 * 3) *1", "-0-3*Math.cos((query.anim_time-0) * 90 * 3) *1"]
				},
				"arm_right2": {
					"rotation": [0, 0, "-17.5-6*Math.cos((query.anim_time-0.25) * 90 * 3) *1"]
				},
				"pupil_left": {
					"position": [0.1, 0, 0]
				},
				"pupil_right": {
					"position": [0.1, 0, 0]
				},
				"head": {
					"rotation": [1.49371, 3.63717, -24.68117]
				},
				"torsomouth_left": {
					"rotation": [0, 0, 7.5]
				},
				"torsomouth_right": {
					"rotation": [0, 0, -7.5]
				},
				"handmouthbottom_right": {
					"rotation": [0, 0, -12.5]
				},
				"handmouthtop_right": {
					"rotation": [0, 0, 17.5]
				},
				"finger_right_middle2": {
					"rotation": [0, 0, -7.5]
				},
				"finger_right_middle3": {
					"rotation": [0, 0, -27.5]
				},
				"finger_right_front": {
					"rotation": [0, -7.5, 0]
				},
				"finger_right_front2": {
					"rotation": [0, 0, -7.5]
				},
				"finger_right_front3": {
					"rotation": [0, 0, -27.5]
				},
				"finger_right_back": {
					"rotation": [0, 7.5, 0]
				},
				"finger_right_back2": {
					"rotation": [0, 0, -7.5]
				},
				"finger_right_back3": {
					"rotation": [0, 0, -27.5]
				},
				"handmouthtop_left": {
					"rotation": [0, 0, -17.5]
				},
				"handmouthbottom_left": {
					"rotation": [0, 0, 12.5]
				},
				"finger_left_middle2": {
					"rotation": [0, 0, 7.5]
				},
				"finger_left_middle3": {
					"rotation": [0, 0, 27.5]
				},
				"finger_left_front": {
					"rotation": [0, 7.5, 0]
				},
				"finger_left_front2": {
					"rotation": [0, 0, 7.5]
				},
				"finger_left_front3": {
					"rotation": [0, 0, 27.5]
				},
				"finger_left_back": {
					"rotation": [0, -7.5, 0]
				},
				"finger_left_back2": {
					"rotation": [0, 0, 7.5]
				},
				"finger_left_back3": {
					"rotation": [0, 0, 27.5]
				},
				"head_angle": {
					"rotation": [5.48205, 23.7695, 31.68246]
				},
				"tooth_left_outer": {
					"position": [0.1, 0, 0.1]
				},
				"tooth_left2": {
					"position": [0, 0, 0.1]
				},
				"tooth_left": {
					"position": [0, 0, 0.1]
				},
				"tooth_mid": {
					"position": [0, 0, 0.1]
				},
				"tooth_right": {
					"position": [0, 0, 0.1]
				},
				"tooth_right2": {
					"position": [0, 0, 0.1]
				},
				"tooth_right_outer": {
					"position": [-0.1, 0, 0.1]
				},
				"mouth_left_outer": {
					"position": [-0.1, 0, -0.1]
				},
				"mouth_left2": {
					"position": [0, 0, -0.1]
				},
				"mouth_left": {
					"position": [0, 0, -0.1]
				},
				"mouth_mid": {
					"position": [0, 0, -0.1]
				},
				"mouth_right": {
					"position": [0, 0, -0.1]
				},
				"mouth_right2": {
					"position": [0, 0, -0.1]
				},
				"mouth_right_outer": {
					"position": [0.1, 0, -0.1]
				},
				"tendril2": {
					"rotation": [0, -10, 0]
				},
				"tendril3": {
					"rotation": [15, 0, 0]
				}
			}
		}
	}
}