{
  "format_version": "1.12.0",
  "minecraft:geometry": [
    {
      "bones": [
        {
          "name": "phione",
          "pivot": [0, 0, 0]
        }, {
          "cubes": [
            {
              "origin": [-6, 16, -5],
              "size": [12, 8, 10],
              "uv": [0, 0]
            },
            {
              "origin": [-3, 25, -3],
              "size": [6, 4, 6],
              "uv": [17, 32]
            },
            {
              "origin": [-2, 24, -2],
              "size": [4, 1, 4],
              "uv": [35, 32]
            }
          ],
          "name": "head",
          "parent": "phione",
          "pivot": [0, 16, -1]
        }, {
          "name": "fin",
          "parent": "head",
          "pivot": [0, 25, 5]
        }, {
          "cubes": [
            {
              "origin": [-2, 25, 21],
              "size": [4, 0, 12],
              "uv": [0, 18]
            }
          ],
          "name": "bone",
          "parent": "fin",
          "pivot": [0, 25, 21]
        }, {
          "cubes": [
            {
              "origin": [-2, 25, 15],
              "size": [4, 0, 9],
              "uv": [25, 0]
            }
          ],
          "name": "bone2",
          "parent": "fin",
          "pivot": [0, 25, 16]
        }, {
          "cubes": [
            {
              "origin": [-2, 26, 7.41421],
              "size": [4, 0, 9],
              "uv": [0, 30]
            }
          ],
          "name": "bone3",
          "parent": "fin",
          "pivot": [0, 26, 9]
        }, {
          "cubes": [
            {
              "origin": [-2, 24.24558, 2.39273],
              "size": [4, 0, 6],
              "uv": [32, 18]
            }
          ],
          "name": "bone4",
          "parent": "fin",
          "pivot": [0, 24, 4]
        }, {
          "cubes": [
            {
              "origin": [-3, 8, -3],
              "size": [6, 8, 6],
              "uv": [20, 18]
            },
            {
              "origin": [-1, 6, -1],
              "size": [2, 2, 2],
              "uv": [6, 39]
            },
            {
              "origin": [-1, 10, -3.2],
              "size": [2, 4, 2],
              "uv": [0, 28]
            }
          ],
          "name": "body",
          "parent": "phione",
          "pivot": [0, 12, 1]
        }, {
          "name": "right_arm",
          "parent": "phione",
          "pivot": [6, 12, 0]
        }, {
          "cubes": [
            {
              "mirror": true,
              "origin": [9.5, 6, -2],
              "pivot": [11, 10, 0],
              "rotation": [0, 0, -60],
              "size": [2, 6, 4],
              "uv": [0, 18]
            }
          ],
          "name": "bone5",
          "parent": "right_arm",
          "pivot": [9, 10, 0]
        }, {
          "cubes": [
            {
              "origin": [5.8, 7, -1],
              "pivot": [7, 12, 0],
              "rotation": [0, 0, -60],
              "size": [2, 7, 2],
              "uv": [0, 0]
            }
          ],
          "name": "bone6",
          "parent": "right_arm",
          "pivot": [6, 12, 0]
        }, {
          "cubes": [
            {
              "origin": [5.2, 12.5, -1],
              "pivot": [6, 12, 0],
              "rotation": [0, 0, -47.5],
              "size": [1.8, 4.8, 2],
              "uv": [17, 32]
            }
          ],
          "name": "bone7",
          "parent": "right_arm",
          "pivot": [3, 15, 0]
        }, {
          "name": "left_arm",
          "parent": "phione",
          "pivot": [-7, 12, 0]
        }, {
          "cubes": [
            {
              "origin": [-8.8, 10, -1],
              "pivot": [-8, 12, 0],
              "rotation": [0, 0, 60],
              "size": [2, 4, 2],
              "uv": [0, 34]
            }
          ],
          "name": "bone9",
          "parent": "left_arm",
          "pivot": [-7, 12, 0]
        }, {
          "cubes": [
            {
              "origin": [-12, 6, -2],
              "pivot": [-11, 10, 0],
              "rotation": [0, 0, 60],
              "size": [2, 6, 4],
              "uv": [0, 18]
            }
          ],
          "name": "bone8",
          "parent": "left_arm",
          "pivot": [-10, 10, 0]
        }, {
          "cubes": [
            {
              "origin": [-8, 12.5, -1],
              "pivot": [-7, 12, 0],
              "rotation": [0, 0, 47.5],
              "size": [1.8, 4.8, 2],
              "uv": [20, 18]
            }
          ],
          "name": "bone10",
          "parent": "left_arm",
          "pivot": [-3, 15, 0]
        }
      ],
      "description": {
        "identifier": "geometry.1",
        "texture_height": 64,
        "texture_width": 64,
        "visible_bounds_height": 4.5,
        "visible_bounds_offset": [0, 1.75, 0],
        "visible_bounds_width": 6
      }
    }
  ]
}