{
  "format_version": "1.12.0",
  "minecraft:geometry": [
    {
      "bones": [
        {
          "name": "slowbro_mega",
          "pivot": [0, 0, 0]
        }, {
          "name": "body",
          "parent": "slowbro_mega",
          "pivot": [0, 11, 1]
        }, {
          "cubes": [
            {
              "origin": [-4.5, 8, -3.5],
              "size": [9, 11, 8],
              "uv": [0, 50]
            }
          ],
          "name": "torso",
          "parent": "body",
          "pivot": [-0.5, 10, 0.5]
        }, {
          "cubes": [
            {
              "origin": [-7.5, 15, -7],
              "size": [15, 5, 15],
              "uv": [0, 0]
            }, {
              "origin": [-6.5, 20, -6],
              "size": [0, 3, 13],
              "uv": [60, 0]
            }, {
              "origin": [-6.5, 20, -6],
              "size": [13, 3, 0],
              "uv": [52, 30]
            }, {
              "origin": [-6.5, 20, 7],
              "size": [13, 3, 0],
              "uv": [52, 33]
            }, {
              "origin": [6.5, 20, -6],
              "size": [0, 3, 13],
              "uv": [64, 52]
            }, {
              "origin": [-6.5, 9.5, -6],
              "size": [13, 5, 13],
              "uv": [0, 20]
            }, {
              "origin": [-5.5, 14, -5],
              "size": [11, 1, 11],
              "uv": [0, 38]
            }, {
              "origin": [-5, 5, -4.5],
              "size": [10, 4, 10],
              "uv": [44, 38]
            }, {
              "origin": [-1, 6, -7.5],
              "size": [2, 2, 3],
              "uv": [55, 47]
            }, {
              "origin": [-1, 6, 5.5],
              "size": [2, 2, 3],
              "uv": [67, 47]
            }, {
              "origin": [-8, 6, -0.5],
              "size": [3, 2, 2],
              "uv": [53, 48]
            }, {
              "mirror": true,
              "origin": [5, 6, -0.5],
              "size": [3, 2, 2],
              "uv": [53, 48]
            }, {
              "inflate": 0.01,
              "origin": [-4.5, 8.5, -4],
              "size": [9, 1, 9],
              "uv": [52, 20]
            }
          ],
          "name": "shell",
          "parent": "torso",
          "pivot": [-0.5, 10, 0.5]
        }, {
          "cubes": [
            {
              "origin": [-3.5, 20, -6.5],
              "size": [7, 2, 3],
              "uv": [0, 69]
            }, {
              "origin": [1.5, 19.75, -6.25],
              "pivot": [2, 20.25, -6.25],
              "rotation": [0, 0, 45],
              "size": [1, 1, 0],
              "uv": [42, 50]
            }, {
              "origin": [-2.5, 19.75, -6.25],
              "pivot": [-2, 20.25, -6.25],
              "rotation": [0, 0, -45],
              "size": [1, 1, 0],
              "uv": [42, 51]
            }, {
              "origin": [-4, 18.5, -4],
              "size": [8, 7, 7],
              "uv": [34, 52]
            }
          ],
          "name": "head",
          "parent": "torso",
          "pivot": [0, 18.5, 0],
          "rotation": [-22.5, 0, 0]
        }, {
          "cubes": [
            {
              "origin": [1.88388, 24.7981, -1.5],
              "size": [3, 3, 1],
              "uv": [20, 69]
            }
          ],
          "name": "ear_left",
          "parent": "head",
          "pivot": [3.38388, 24.88388, -1],
          "rotation": [0, 0, 45]
        }, {
          "cubes": [
            {
              "origin": [-4.88388, 24.7981, -1.5],
              "size": [3, 3, 1],
              "uv": [76, 16]
            }
          ],
          "name": "ear_right",
          "parent": "head",
          "pivot": [-3.38388, 24.88388, -1],
          "rotation": [0, 0, -45]
        }, {
          "cubes": [
            {
              "origin": [2.01, 21.75, -4.01],
              "size": [2, 3, 1],
              "uv": [28, 69]
            }, {
              "origin": [2.76, 23, -4.015],
              "size": [1, 1, 1],
              "uv": [34, 50]
            }
          ],
          "name": "eye_left",
          "parent": "head",
          "pivot": [3.135, 23.375, -3.5125]
        }, {
          "cubes": [
            {
              "inflate": 0.01,
              "origin": [1.91, 21.75, -3.91],
              "size": [2, 3, 1],
              "uv": [32, 77]
            }
          ],
          "name": "eyelid_left",
          "parent": "eye_left",
          "pivot": [2.91, 23.25, -3.41]
        }, {
          "cubes": [
            {
              "origin": [-4.01, 21.75, -4.01],
              "size": [2, 3, 1],
              "uv": [38, 77]
            }, {
              "origin": [-3.76, 23, -4.015],
              "size": [1, 1, 1],
              "uv": [38, 50]
            }
          ],
          "name": "eye_right",
          "parent": "head",
          "pivot": [-3.135, 23.375, -3.5125]
        }, {
          "cubes": [
            {
              "inflate": 0.01,
              "origin": [-3.91, 21.75, -3.91],
              "size": [2, 3, 1],
              "uv": [44, 77]
            }
          ],
          "name": "eyelid_right",
          "parent": "eye_right",
          "pivot": [-2.91, 23.25, -3.41]
        }, {
          "cubes": [
            {
              "origin": [-3, 19, -6],
              "size": [6, 1, 2],
              "uv": [60, 16]
            }
          ],
          "name": "jaw",
          "parent": "head",
          "pivot": [0, 20, -4]
        }, {
          "cubes": [
            {
              "inflate": 0.001,
              "origin": [4.5, 14.75, -6.25],
              "size": [5, 3, 3],
              "uv": [0, 74]
            }
          ],
          "name": "arm_left",
          "parent": "torso",
          "pivot": [7, 16.25, -4.75]
        }, {
          "cubes": [
            {
              "origin": [9.5, 14.75, -6.25],
              "size": [4, 3, 3],
              "uv": [76, 68]
            }
          ],
          "name": "arm_left2",
          "parent": "arm_left",
          "pivot": [9.5, 17.75, -4.75]
        }, {
          "cubes": [
            {
              "origin": [12.5, 15.75, -6],
              "size": [2, 1, 0],
              "uv": [52, 36]
            }
          ],
          "name": "finger_left",
          "parent": "arm_left2",
          "pivot": [13, 16.25, -6]
        }, {
          "cubes": [
            {
              "origin": [12.5, 15.75, -4.75],
              "size": [2, 1, 0],
              "uv": [52, 37]
            }
          ],
          "name": "finger_left2",
          "parent": "arm_left2",
          "pivot": [13, 16.25, -4.75]
        }, {
          "cubes": [
            {
              "origin": [12.5, 15.75, -3.5],
              "size": [2, 1, 0],
              "uv": [56, 36]
            }
          ],
          "name": "finger_left3",
          "parent": "arm_left2",
          "pivot": [13, 16.25, -3.5]
        }, {
          "cubes": [
            {
              "inflate": 0.001,
              "origin": [-9.5, 14.75, -6.25],
              "size": [5, 3, 3],
              "uv": [16, 74]
            }
          ],
          "name": "arm_right",
          "parent": "torso",
          "pivot": [-7, 16.25, -4.75]
        }, {
          "cubes": [
            {
              "origin": [-13.5, 14.75, -6.25],
              "size": [4, 3, 3],
              "uv": [76, 74]
            }
          ],
          "name": "arm_right2",
          "parent": "arm_right",
          "pivot": [-9.5, 17.75, -4.75]
        }, {
          "cubes": [
            {
              "origin": [-14.5, 15.75, -6],
              "size": [2, 1, 0],
              "uv": [56, 37]
            }
          ],
          "name": "finger_right",
          "parent": "arm_right2",
          "pivot": [-13, 16.25, -6]
        }, {
          "cubes": [
            {
              "origin": [-14.5, 15.75, -4.75],
              "size": [2, 1, 0],
              "uv": [60, 19]
            }
          ],
          "name": "finger_right2",
          "parent": "arm_right2",
          "pivot": [-13, 16.25, -4.75]
        }, {
          "cubes": [
            {
              "origin": [-14.5, 15.75, -3.5],
              "size": [2, 1, 0],
              "uv": [60, 36]
            }
          ],
          "name": "finger_right3",
          "parent": "arm_right2",
          "pivot": [-13, 16.25, -3.5]
        }, {
          "cubes": [
            {
              "origin": [-2.5, 6, -0.5],
              "size": [5, 5, 5],
              "uv": [56, 68]
            }
          ],
          "name": "tail",
          "parent": "torso",
          "pivot": [0, 8.5, 0.5],
          "rotation": [-90, 0, 0]
        }, {
          "cubes": [
            {
              "origin": [-2, 6.5, 2.5],
              "size": [4, 4, 7],
              "uv": [34, 66]
            }
          ],
          "name": "tail2",
          "parent": "tail",
          "pivot": [0, 8.5, 3.6]
        }
      ],
      "description": {
        "identifier": "geometry.slowbro_mega",
        "texture_height": 128,
        "texture_width": 128,
        "visible_bounds_height": 3.5,
        "visible_bounds_offset": [0, 1.25, 0],
        "visible_bounds_width": 4
      }
    }
  ]
}