{
  "animations": {
    "animation.eternatus.cry": {
      "animation_length": 2.5,
      "bones": {
        "jaw": {
          "rotation": {
            "0.0": [0, 0, 0],
            "1.0": [0, 0, -35],
            "1.0417": [0, 0, -30],
            "1.0833": [0, 0, -35],
            "1.125": [0, 0, -30],
            "1.1667": [0, 0, -35],
            "1.2083": [0, 0, -30],
            "1.25": [0, 0, -35],
            "1.2917": [0, 0, -30],
            "1.3333": [0, 0, -35],
            "1.375": [0, 0, -30],
            "1.4167": [0, 0, -35],
            "1.4583": [0, 0, -30],
            "1.5": [0, 0, -35],
            "2.5": [0, 0, 0]
          }
        },
        "left_arm": {
          "rotation": {
            "0.0": {
              "lerp_mode": "catmullrom",
              "post": [0, 0, 0]
            },
            "1.0": {
              "lerp_mode": "catmullrom",
              "post": [-9.90294, -21.62656, 30.90761]
            },
            "1.5": {
              "lerp_mode": "catmullrom",
              "post": [-9.90294, -21.62656, 30.90761]
            },
            "2.5": {
              "lerp_mode": "catmullrom",
              "post": [0, 0, 0]
            }
          }
        },
        "left_hand": {
          "rotation": {
            "0.0": {
              "lerp_mode": "catmullrom",
              "post": [0, 0, 0]
            },
            "1.0": {
              "lerp_mode": "catmullrom",
              "post": [7.40391, -10.95463, -19.83547]
            },
            "1.5": {
              "lerp_mode": "catmullrom",
              "post": [7.40391, -10.95463, -19.83547]
            },
            "2.5": {
              "lerp_mode": "catmullrom",
              "post": [0, 0, 0]
            }
          }
        },
        "looky": {
          "rotation": {
            "0.0": {
              "lerp_mode": "catmullrom",
              "post": [0, 0, 0]
            },
            "0.9167": {
              "lerp_mode": "catmullrom",
              "post": [0, 4, 1.94]
            },
            "1.5833": {
              "lerp_mode": "catmullrom",
              "post": [0, -4, 2.5]
            },
            "2.5": {
              "lerp_mode": "catmullrom",
              "post": [0, 0, 0]
            }
          }
        },
        "neck": {
          "rotation": {
            "0.0": {
              "lerp_mode": "catmullrom",
              "post": [0, 0, 0]
            },
            "1.0": {
              "lerp_mode": "catmullrom",
              "post": [0, 0, 22.5]
            },
            "1.5": {
              "lerp_mode": "catmullrom",
              "post": [0, 0, 22.5]
            },
            "2.5": {
              "lerp_mode": "catmullrom",
              "post": [0, 0, 0]
            }
          }
        },
        "right_arm": {
          "rotation": {
            "0.0": {
              "lerp_mode": "catmullrom",
              "post": [0, 0, 0]
            },
            "1.0": {
              "lerp_mode": "catmullrom",
              "post": [7.73641, 33.41847, 21.81879]
            },
            "1.5": {
              "lerp_mode": "catmullrom",
              "post": [7.73641, 33.41847, 21.81879]
            },
            "2.5": {
              "lerp_mode": "catmullrom",
              "post": [0, 0, 0]
            }
          }
        },
        "right_hand": {
          "rotation": {
            "0.0": {
              "lerp_mode": "catmullrom",
              "post": [0, 0, 0]
            },
            "1.0": {
              "lerp_mode": "catmullrom",
              "post": [3.72322, 1.58421, 10.95408]
            },
            "1.5": {
              "lerp_mode": "catmullrom",
              "post": [3.72322, 1.58421, 10.95408]
            },
            "2.5": {
              "lerp_mode": "catmullrom",
              "post": [0, 0, 0]
            }
          }
        },
        "spine_back_seg_2": {
          "rotation": {
            "0.0": {
              "lerp_mode": "catmullrom",
              "post": [0, 0, 0]
            },
            "1.0": {
              "lerp_mode": "catmullrom",
              "post": [0, 0, -20]
            },
            "1.5": {
              "lerp_mode": "catmullrom",
              "post": [0, 0, -20]
            },
            "2.5": {
              "lerp_mode": "catmullrom",
              "post": [0, 0, 0]
            }
          }
        },
        "spine_back_seg_3": {
          "rotation": {
            "0.0": {
              "lerp_mode": "catmullrom",
              "post": [0, 0, 0]
            },
            "1.0": {
              "lerp_mode": "catmullrom",
              "post": [0, 0, -2.5]
            },
            "1.5": {
              "lerp_mode": "catmullrom",
              "post": [0, 0, -2.5]
            },
            "2.5": {
              "lerp_mode": "catmullrom",
              "post": [0, 0, 0]
            }
          }
        },
        "spine_seg_2": {
          "rotation": {
            "0.0": {
              "lerp_mode": "catmullrom",
              "post": [0, 0, 0]
            },
            "1.0": {
              "lerp_mode": "catmullrom",
              "post": [0, 0, 20]
            },
            "1.5": {
              "lerp_mode": "catmullrom",
              "post": [0, 0, 20]
            },
            "2.5": {
              "lerp_mode": "catmullrom",
              "post": [0, 0, 0]
            }
          }
        },
        "spine_seg_3": {
          "rotation": {
            "0.0": {
              "lerp_mode": "catmullrom",
              "post": [0, 0, 0]
            },
            "1.0": {
              "lerp_mode": "catmullrom",
              "post": [0, 0, 12.5]
            },
            "1.5": {
              "lerp_mode": "catmullrom",
              "post": [0, 0, 12.5]
            },
            "2.5": {
              "lerp_mode": "catmullrom",
              "post": [0, 0, 0]
            }
          }
        },
        "tail": {
          "rotation": {
            "0.0": {
              "lerp_mode": "catmullrom",
              "post": [0, 0, 0]
            },
            "1.0": {
              "lerp_mode": "catmullrom",
              "post": [0, 0, -2.5]
            },
            "1.5": {
              "lerp_mode": "catmullrom",
              "post": [0, 0, -2.5]
            },
            "2.5": {
              "lerp_mode": "catmullrom",
              "post": [0, 0, 0]
            }
          }
        },
        "tail_seg_1": {
          "rotation": {
            "0.0": {
              "lerp_mode": "catmullrom",
              "post": [0, 0, 0]
            },
            "1.0": {
              "lerp_mode": "catmullrom",
              "post": [0, 0, -2.5]
            },
            "1.5": {
              "lerp_mode": "catmullrom",
              "post": [0, 0, -2.5]
            },
            "2.5": {
              "lerp_mode": "catmullrom",
              "post": [0, 0, 0]
            }
          }
        },
        "top_spine": {
          "rotation": {
            "1.0": {
              "lerp_mode": "catmullrom",
              "post": [0, 0, 0],
              "pre": [0, 0, 0]
            },
            "1.5": {
              "lerp_mode": "catmullrom",
              "post": [0, 0, 2.5]
            },
            "2.5": {
              "lerp_mode": "catmullrom",
              "post": [0, 0, 0]
            }
          }
        }
      }
    },
    "animation.eternatus.faint": {
      "animation_length": 4,
      "bones": {
        "core": {
          "position": {
            "1.5": [0, 0, 0],
            "3.0": [28.92111, 27.99231, 0]
          },
          "rotation": {
            "0.0": [0, "query.anim_time*360", 0],
            "1.5": [0, "query.anim_time*720", 0],
            "3.0": [0, "query.anim_time*1080", 0]
          },
          "scale": {
            "0.0": [1, 1, 1],
            "1.5": [2, 2, 2],
            "3.0": [40, 40, 40]
          }
        },
        "core2": {
          "rotation": {
            "0.0": [0, "query.anim_time*-540", 0],
            "1.5": [0, "query.anim_time*-1080", 0],
            "3.75": [0, "query.anim_time*-1620", 0]
          }
        },
        "jaw": {
          "rotation": {
            "0.0": {
              "lerp_mode": "catmullrom",
              "post": [0, 0, 0]
            },
            "0.7917": {
              "lerp_mode": "catmullrom",
              "post": [0, 0, -30]
            },
            "0.8333": {
              "lerp_mode": "catmullrom",
              "post": [0, 0, -35]
            },
            "0.875": {
              "lerp_mode": "catmullrom",
              "post": [0, 0, -30]
            },
            "0.9167": {
              "lerp_mode": "catmullrom",
              "post": [0, 0, -35]
            },
            "0.9583": {
              "lerp_mode": "catmullrom",
              "post": [0, 0, -30]
            },
            "1.0": {
              "lerp_mode": "catmullrom",
              "post": [0, 0, -35]
            },
            "1.0417": {
              "lerp_mode": "catmullrom",
              "post": [0, 0, -30]
            },
            "1.0833": {
              "lerp_mode": "catmullrom",
              "post": [0, 0, -35]
            },
            "1.1667": {
              "lerp_mode": "catmullrom",
              "post": [0, 0, -35]
            },
            "1.2083": {
              "lerp_mode": "catmullrom",
              "post": [0, 0, -30]
            },
            "1.25": {
              "lerp_mode": "catmullrom",
              "post": [0, 0, -35]
            },
            "1.2917": {
              "lerp_mode": "catmullrom",
              "post": [0, 0, -30]
            },
            "1.3333": {
              "lerp_mode": "catmullrom",
              "post": [0, 0, -35]
            },
            "1.375": {
              "lerp_mode": "catmullrom",
              "post": [0, 0, -30]
            },
            "1.4167": {
              "lerp_mode": "catmullrom",
              "post": [0, 0, -35]
            },
            "1.4583": {
              "lerp_mode": "catmullrom",
              "post": [0, 0, -30]
            },
            "1.5": {
              "lerp_mode": "catmullrom",
              "post": [0, 0, -30]
            },
            "1.5417": {
              "lerp_mode": "catmullrom",
              "post": [0, 0, -35]
            },
            "1.5833": {
              "lerp_mode": "catmullrom",
              "post": [0, 0, -30]
            },
            "1.625": {
              "lerp_mode": "catmullrom",
              "post": [0, 0, -35]
            },
            "1.6667": {
              "lerp_mode": "catmullrom",
              "post": [0, 0, -30]
            },
            "1.7083": {
              "lerp_mode": "catmullrom",
              "post": [0, 0, -35]
            },
            "1.75": {
              "lerp_mode": "catmullrom",
              "post": [0, 0, -30]
            },
            "1.7917": {
              "lerp_mode": "catmullrom",
              "post": [0, 0, -35]
            },
            "1.8333": {
              "lerp_mode": "catmullrom",
              "post": [0, 0, -30]
            },
            "1.875": {
              "lerp_mode": "catmullrom",
              "post": [0, 0, -35]
            },
            "1.9167": {
              "lerp_mode": "catmullrom",
              "post": [0, 0, -30]
            },
            "1.9583": {
              "lerp_mode": "catmullrom",
              "post": [0, 0, -35]
            },
            "2.0": {
              "lerp_mode": "catmullrom",
              "post": [0, 0, -30]
            },
            "2.0417": {
              "lerp_mode": "catmullrom",
              "post": [0, 0, -35]
            },
            "2.0833": {
              "lerp_mode": "catmullrom",
              "post": [0, 0, -30]
            },
            "2.125": {
              "lerp_mode": "catmullrom",
              "post": [0, 0, -35]
            },
            "2.1667": {
              "lerp_mode": "catmullrom",
              "post": [0, 0, -30]
            },
            "2.2083": {
              "lerp_mode": "catmullrom",
              "post": [0, 0, -35]
            },
            "2.25": {
              "lerp_mode": "catmullrom",
              "post": [0, 0, -30]
            },
            "2.5": {
              "lerp_mode": "catmullrom",
              "post": [0, 0, 2.5]
            }
          }
        },
        "left_arm": {
          "rotation": {
            "0.0": [0, 0, 0],
            "1.125": [-9.90294, -21.62656, 30.90761]
          }
        },
        "left_hand": {
          "rotation": {
            "0.0": [0, 0, 0],
            "1.125": [7.40391, -10.95463, -19.83547]
          }
        },
        "left_seg": {
          "position": [-0.54024, 0.06832, 2.95016],
          "rotation": ["-19.3747-math.sin(q.anim_time*30*2-10)*11", "-12.7742+math.sin(q.anim_time*30*2-10)", 1.3741]
        },
        "left_seg2": {
          "position": [-0.1668, -0.02495, 1.73264],
          "rotation": ["-9.0087+math.sin(q.anim_time*30*2-10)", "9.4779+math.sin(q.anim_time*30*2-10)*5", 46.67338]
        },
        "left_seg3": {
          "position": [-0.42706, 0.37035, 1.69774],
          "rotation": ["-18.4309+math.sin(q.anim_time*30*2-10)", 2.46811, -11.52132]
        },
        "left_seg4": {
          "position": [-1.2113, 0.57405, 0.97392],
          "rotation": ["8.9128+math.sin(q.anim_time*30*2-10)", "-24.7575+math.sin(q.anim_time*30*2-10)*5", -17.17957]
        },
        "left_seg5": {
          "position": [-0.78898, 0.64545, 1.28876],
          "rotation": ["6.1171+math.sin(q.anim_time*30*2-10)", "-17.0214+math.sin(q.anim_time*30*2-10)*7", -3.24369]
        },
        "left_seg6": {
          "position": [-0.99905, 0.71065, 1.92532],
          "rotation": ["6.1171+math.sin(q.anim_time*30*2-10)", "-17.0214+math.sin(q.anim_time*30*2-10)*7", -3.24369]
        },
        "left_seg7": {
          "position": [-1.40019, 1.25605, 1.58487],
          "rotation": ["0.2811+math.sin(q.anim_time*30*2-10)*5", "-14.4406+math.sin(q.anim_time*30*2-10)*11", 1.88512]
        },
        "left_seg8": {
          "position": [-1.12689, 0.8372, 1.1871],
          "rotation": ["4.1087+math.sin(q.anim_time*30*2-10)*3", "-15.1278+math.sin(q.anim_time*30*2-10)*5", 1.58669]
        },
        "left_tip": {
          "position": [-0.28435, 0.11772, 0.95146],
          "rotation": ["6.1171+math.sin(q.anim_time*30*2-10)*3", "-16.8804+math.sin(q.anim_time*30*2-10)*5", 2.23157]
        },
        "neck": {
          "rotation": {
            "0.0": {
              "lerp_mode": "catmullrom",
              "post": [0, 0, 0]
            },
            "1.125": {
              "lerp_mode": "catmullrom",
              "post": [0, -9.67108, 18.28414]
            },
            "2.25": {
              "lerp_mode": "catmullrom",
              "post": [0, 2.5, 32.5]
            }
          }
        },
        "right_arm": {
          "rotation": {
            "0.0": [0, 0, 0],
            "1.125": [7.73641, 33.41847, 21.81879]
          }
        },
        "right_hand": {
          "rotation": {
            "0.0": [0, 0, 0],
            "1.125": [3.72322, 1.58421, 10.95408]
          }
        },
        "right_seg": {
          "position": [-0.54024, 0.06832, -2.95016],
          "rotation": ["19.3747011939+math.sin(q.anim_time*30*2-10)*11", "12.7742482972-math.sin(q.anim_time*30*2-10)", 1.3741]
        },
        "right_seg2": {
          "position": [-0.1668, -0.02495, -1.73264],
          "rotation": ["9.0086981573-math.sin(q.anim_time*30*2-10)", "-9.4779229373-math.sin(q.anim_time*30*2-10)*5", 46.67338]
        },
        "right_seg3": {
          "position": [-0.42706, 0.37035, -1.69774],
          "rotation": ["18.4309466387-math.sin(q.anim_time*30*2-10)", -2.46811, -11.52132]
        },
        "right_seg4": {
          "position": [-1.2113, 0.57405, -0.97392],
          "rotation": ["-8.9128421955-math.sin(q.anim_time*30*2-10)", "24.7574709461-math.sin(q.anim_time*30*2-10)*5", -17.17957]
        },
        "right_seg5": {
          "position": [-1.2113, 0.57405, -0.97392],
          "rotation": ["-6.1170664869-math.sin(q.anim_time*30*2-10)", "17.0213910964-math.sin(q.anim_time*30*2-10)*7", -3.24369]
        },
        "right_seg6": {
          "position": [-1.2113, 0.57405, -0.97392],
          "rotation": ["-6.1170664869-math.sin(q.anim_time*30*2-10)", "17.0213910964-math.sin(q.anim_time*30*2-10)*7", -3.24369]
        },
        "right_seg7": {
          "position": [-1.40019, 1.25605, -1.58487],
          "rotation": ["-6.1170664869-math.sin(q.anim_time*30*2-10)", "17.0213910964-math.sin(q.anim_time*30*2-10)*7", -3.24369]
        },
        "right_seg8": {
          "position": [-1.40019, 1.25605, -1.58487],
          "rotation": ["-4.1087430216-math.sin(q.anim_time*30*2-10)*3", "15.1277978055-math.sin(q.anim_time*30*2-10)*5", 1.58669]
        },
        "right_tip": {
          "position": [-1.40019, 1.25605, -1.58487],
          "rotation": ["-4.1087430216-math.sin(q.anim_time*30*2-10)*3", "15.1277978055-math.sin(q.anim_time*30*2-10)*5", 1.58669]
        },
        "spine_seg_2": {
          "rotation": {
            "0.0": {
              "lerp_mode": "catmullrom",
              "post": [0, 0, 0]
            },
            "1.125": {
              "lerp_mode": "catmullrom",
              "post": [0.00581, -4.83435, 12.5661]
            },
            "2.25": {
              "lerp_mode": "catmullrom",
              "post": [0.21865, 4.99523, 15.00954]
            }
          }
        },
        "spine_seg_3": {
          "rotation": {
            "0.0": {
              "lerp_mode": "catmullrom",
              "post": [0, 0, 0]
            },
            "1.125": {
              "lerp_mode": "catmullrom",
              "post": [0.06886, -8.93531, 15.38539]
            },
            "2.25": {
              "lerp_mode": "catmullrom",
              "post": [0.88045, 9.96156, 20.07673]
            }
          }
        },
        "tendril_left": {
          "position": [-5.47856, -3.41275, 2.89928],
          "rotation": ["-15.7093-math.clamp(math.cos(q.anim_time*30*2-10)*11,-8,11)", "-33.3299+math.sin(q.anim_time*30*2-10)*3", 28.03752]
        },
        "tendril_right": {
          "position": [-5.47856, -3.41275, -2.89928],
          "rotation": ["15.7093+math.clamp(math.cos(q.anim_time*30*2-10)*11,-8,11)", "33.3301-math.sin(q.anim_time*30*2-10)*3", 28.03751]
        },
        "top_spine": {
          "rotation": {
            "0.0": {
              "lerp_mode": "catmullrom",
              "post": [0, 0, 0]
            },
            "1.125": {
              "lerp_mode": "catmullrom",
              "post": [0, 0, 2.5]
            },
            "2.25": {
              "lerp_mode": "catmullrom",
              "post": [0.21865, 4.99523, 5.00954]
            }
          }
        }
      }
    },
    "animation.eternatus.ground_idle": {
      "bones": {
        "core": {
          "rotation": [0, "query.anim_time*360", 0]
        },
        "core2": {
          "rotation": [0, "query.anim_time*-540", 0]
        },
        "jaw": {
          "rotation": [0, 0, "-math.sin(q.anim_time*30)*12"]
        },
        "left_arm": {
          "rotation": [0, 0, "0+math.sin(q.anim_time*30*2-10)*9"]
        },
        "left_hand": {
          "rotation": [0, 0, "0+math.sin(q.anim_time*30*2-10)*5"]
        },
        "left_seg": {
          "position": [-0.54024, 0.06832, 2.95016],
          "rotation": ["-19.3747-math.sin(q.anim_time*30*2-10)*11", "-12.7742+math.sin(q.anim_time*30*2-10)", 1.3741]
        },
        "left_seg2": {
          "position": [-0.1668, -0.02495, 1.73264],
          "rotation": ["-9.0087+math.sin(q.anim_time*30*2-10)", "9.4779+math.sin(q.anim_time*30*2-10)*5", 46.67338]
        },
        "left_seg3": {
          "position": [-0.42706, 0.37035, 1.69774],
          "rotation": ["-18.4309+math.sin(q.anim_time*30*2-10)", 2.46811, -11.52132]
        },
        "left_seg4": {
          "position": [-1.2113, 0.57405, 0.97392],
          "rotation": ["8.9128+math.sin(q.anim_time*30*2-10)", "-24.7575+math.sin(q.anim_time*30*2-10)*5", -17.17957]
        },
        "left_seg5": {
          "position": [-0.78898, 0.64545, 1.28876],
          "rotation": ["6.1171+math.sin(q.anim_time*30*2-10)", "-17.0214+math.sin(q.anim_time*30*2-10)*7", -3.24369]
        },
        "left_seg6": {
          "position": [-0.99905, 0.71065, 1.92532],
          "rotation": ["9.9343+math.sin(q.anim_time*30*2-10)*3", "-19.8319+math.sin(q.anim_time*30*2-10)*9", -2.79614]
        },
        "left_seg7": {
          "position": [-1.40019, 1.25605, 1.58487],
          "rotation": ["0.2811+math.sin(q.anim_time*30*2-10)*5", "-14.4406+math.sin(q.anim_time*30*2-10)*11", 1.88512]
        },
        "left_seg8": {
          "position": [-1.12689, 0.8372, 1.1871],
          "rotation": ["4.1087+math.sin(q.anim_time*30*2-10)*3", "-15.1278+math.sin(q.anim_time*30*2-10)*5", 1.58669]
        },
        "left_tip": {
          "position": [-0.28435, 0.11772, 0.95146],
          "rotation": ["6.1171+math.sin(q.anim_time*30*2-10)*3", "-16.8804+math.sin(q.anim_time*30*2-10)*5", 2.23157]
        },
        "looky": {
          "rotation": ["math.sin(q.anim_time*30*2-150)*3 ", 0, "math.sin(q.anim_time*30*2-150)*4"]
        },
        "mainbody": {
          "position": [0, "math.sin(q.anim_time*30)*2", 0]
        },
        "right_arm": {
          "rotation": [0, 0, "0+math.sin(q.anim_time*30*2-10)*9"]
        },
        "right_hand": {
          "rotation": [0, 0, "0+math.sin(q.anim_time*30*2-10)*5"]
        },
        "right_seg": {
          "position": [-0.54024, 0.06832, -2.95016],
          "rotation": ["19.3747011939+math.sin(q.anim_time*30*2-10)*11", "12.7742482972-math.sin(q.anim_time*30*2-10)", 1.3741]
        },
        "right_seg2": {
          "position": [-0.1668, -0.02495, -1.73264],
          "rotation": ["9.0086981573-math.sin(q.anim_time*30*2-10)", "-9.4779229373-math.sin(q.anim_time*30*2-10)*5", 46.67338]
        },
        "right_seg3": {
          "position": [-0.42706, 0.37035, -1.69774],
          "rotation": ["18.4309466387-math.sin(q.anim_time*30*2-10)", -2.46811, -11.52132]
        },
        "right_seg4": {
          "position": [-1.2113, 0.57405, -0.97392],
          "rotation": ["-8.9128421955-math.sin(q.anim_time*30*2-10)", "24.7574709461-math.sin(q.anim_time*30*2-10)*5", -17.17957]
        },
        "right_seg5": {
          "position": [-0.78898, 0.64545, -1.28876],
          "rotation": ["-6.1170664869-math.sin(q.anim_time*30*2-10)", "17.0213910964-math.sin(q.anim_time*30*2-10)*7", -3.24369]
        },
        "right_seg6": {
          "position": [-0.99905, 0.71065, -1.92532],
          "rotation": ["-9.9342758047-math.sin(q.anim_time*30*2-10)*3", "19.8319487111-math.sin(q.anim_time*30*2-10)*9", -2.79614]
        },
        "right_seg7": {
          "position": [-1.40019, 1.25605, -1.58487],
          "rotation": ["-0.2811483604-math.sin(q.anim_time*30*2-10)*5", "14.4405545233-math.sin(q.anim_time*30*2-10)*11", 1.88512]
        },
        "right_seg8": {
          "position": [-1.12689, 0.8372, -1.1871],
          "rotation": ["-4.1087430216-math.sin(q.anim_time*30*2-10)*3", "15.1277978055-math.sin(q.anim_time*30*2-10)*5", 1.58669]
        },
        "right_tip": {
          "position": [-0.28435, 0.11772, -0.95146],
          "rotation": ["-6.1170664869-math.sin(q.anim_time*30*2-10)*3", "16.8803729805-math.sin(q.anim_time*30*2-10)*5", 2.23157]
        },
        "spine": {
          "rotation": [0, 0, "math.sin(q.anim_time*30*2-150)*1"]
        },
        "spine_back_seg_2": {
          "rotation": [0, 0, "math.sin(q.anim_time*30*2-10)*3 "]
        },
        "spine_back_seg_3": {
          "rotation": [0, 0, "math.sin(q.anim_time*30*2-12)*5 "]
        },
        "spine_seg_2": {
          "rotation": [0, 0, "0+math.sin(q.anim_time*30*2-12)*4"]
        },
        "spine_seg_3": {
          "rotation": [0, 2.5, "math.sin(q.anim_time*30*2-150)*6"]
        },
        "tail": {
          "rotation": [0, 0, "math.sin(q.anim_time*30*2-150)*7"]
        },
        "tail_seg_1": {
          "rotation": [0, 0, "math.sin(q.anim_time*30*2-180)*9"]
        },
        "tail_seg_2": {
          "rotation": [0, 0, "math.sin(q.anim_time*30*2-180)*11"]
        },
        "tail_tip": {
          "rotation": [0, 0, "math.sin(q.anim_time*30*2-180)*13"]
        },
        "tendril_left": {
          "position": [-5.47856, -3.41275, 2.89928],
          "rotation": ["-15.7093-math.clamp(math.cos(q.anim_time*30*2-10)*11,-8,11)", "-33.3299+math.sin(q.anim_time*30*2-10)*3", -1.96248]
        },
        "tendril_right": {
          "position": [-5.47856, -3.41275, -2.89928],
          "rotation": ["15.7093+math.clamp(math.cos(q.anim_time*30*2-10)*11,-8,11)", "33.3301-math.sin(q.anim_time*30*2-10)*3", -1.96249]
        },
        "top_spine": {
          "rotation": [0, 0, "0+math.sin(q.anim_time*30*2-10)*3 "]
        },
        "undefined": {
          "position": [-1.12689, 0.8372, -1.1871]
        }
      },
      "loop": true
    },
    "animation.eternatus.ground_walk": {
      "bones": {
        "core": {
          "rotation": [0, "query.anim_time*360", 0]
        },
        "core2": {
          "rotation": [0, "query.anim_time*-540", 0]
        },
        "left_arm": {
          "position": [-1, 0, 2],
          "rotation": [0, 0, "0-math.sin(q.anim_time*15*8-10)*6 "]
        },
        "left_hand": {
          "rotation": [0, 0, "0-math.sin(q.anim_time*15*8-10)*3"]
        },
        "left_seg": {
          "position": [-0.54024, 0.06832, 2.95016],
          "rotation": ["-19.3747-math.sin(q.anim_time*30*2-10)*11", "-12.7742+math.sin(q.anim_time*30*2-10)", 1.3741]
        },
        "left_seg2": {
          "position": [-0.1668, -0.02495, 1.73264],
          "rotation": ["-9.0087+math.sin(q.anim_time*30*2-10)", "9.4779+math.sin(q.anim_time*30*2-10)*5", 46.67338]
        },
        "left_seg3": {
          "position": [-0.42706, 0.37035, 1.69774],
          "rotation": ["-18.4309+math.sin(q.anim_time*30*2-10)", 2.46811, -11.52132]
        },
        "left_seg4": {
          "position": [-1.2113, 0.57405, 0.97392],
          "rotation": ["8.9128+math.sin(q.anim_time*30*2-10)", "-24.7575+math.sin(q.anim_time*30*2-10)*5", -17.17957]
        },
        "left_seg5": {
          "position": [-0.78898, 0.64545, 1.28876],
          "rotation": ["6.1171+math.sin(q.anim_time*30*2-10)", "-17.0214+math.sin(q.anim_time*30*2-10)*7", -3.24369]
        },
        "left_seg6": {
          "position": [-0.99905, 0.71065, 1.92532],
          "rotation": ["9.9343+math.sin(q.anim_time*30*2-10)*3", "-19.8319+math.sin(q.anim_time*30*2-10)*9", -2.79614]
        },
        "left_seg7": {
          "position": [-1.40019, 1.25605, 1.58487],
          "rotation": ["0.2811+math.sin(q.anim_time*30*2-10)*5", "-14.4406+math.sin(q.anim_time*30*2-10)*11", 1.88512]
        },
        "left_seg8": {
          "position": [-1.12689, 0.8372, 1.1871],
          "rotation": ["4.1087+math.sin(q.anim_time*30*2-10)*3", "-15.1278+math.sin(q.anim_time*30*2-10)*5", 1.58669]
        },
        "left_tip": {
          "position": [-0.28435, 0.11772, 0.95146],
          "rotation": ["6.1171+math.sin(q.anim_time*30*2-10)*3", "-16.8804+math.sin(q.anim_time*30*2-10)*5", 2.23157]
        },
        "looky": {
          "rotation": ["-math.sin(q.anim_time*30*2-150)*3", 0, 0]
        },
        "mainbody": {
          "position": [0, "math.sin(q.anim_time*15*5-10)*1", 0]
        },
        "right_arm": {
          "rotation": [0, 0, "0-math.sin(q.anim_time*15*8-10)*6 "]
        },
        "right_hand": {
          "rotation": [0, 0, "0-math.sin(q.anim_time*15*8-10)*3"]
        },
        "right_seg": {
          "position": [-0.54024, 0.06832, -2.95016],
          "rotation": ["19.3747011939+math.sin(q.anim_time*30*2-10)*11", "12.7742482972-math.sin(q.anim_time*30*2-10)", 1.3741]
        },
        "right_seg2": {
          "position": [-0.1668, -0.02495, -1.73264],
          "rotation": ["9.0086981573-math.sin(q.anim_time*30*2-10)", "-9.4779229373-math.sin(q.anim_time*30*2-10)*5", 46.67338]
        },
        "right_seg3": {
          "position": [-0.42706, 0.37035, -1.69774],
          "rotation": ["18.4309466387-math.sin(q.anim_time*30*2-10)", -2.46811, -11.52132]
        },
        "right_seg4": {
          "position": [-1.2113, 0.57405, -0.97392],
          "rotation": ["-8.9128421955-math.sin(q.anim_time*30*2-10)", "24.7574709461-math.sin(q.anim_time*30*2-10)*5", -17.17957]
        },
        "right_seg5": {
          "position": [-0.78898, 0.64545, -1.28876],
          "rotation": ["-6.1170664869-math.sin(q.anim_time*30*2-10)", "17.0213910964-math.sin(q.anim_time*30*2-10)*7", -3.24369]
        },
        "right_seg6": {
          "position": [-0.99905, 0.71065, -1.92532],
          "rotation": ["-9.9342758047-math.sin(q.anim_time*30*2-10)*3", "19.8319487111-math.sin(q.anim_time*30*2-10)*9", -2.79614]
        },
        "right_seg7": {
          "position": [-1.40019, 1.25605, -1.58487],
          "rotation": ["-0.2811483604-math.sin(q.anim_time*30*2-10)*5", "14.4405545233-math.sin(q.anim_time*30*2-10)*11", 1.88512]
        },
        "right_seg8": {
          "position": [-1.12689, 0.8372, -1.1871],
          "rotation": ["-4.1087430216-math.sin(q.anim_time*30*2-10)*3", "15.1277978055-math.sin(q.anim_time*30*2-10)*5", 1.58669]
        },
        "right_tip": {
          "position": [-0.28435, 0.11772, -0.95146],
          "rotation": ["-6.1170664869-math.sin(q.anim_time*30*2-10)*3", "16.8803729805-math.sin(q.anim_time*30*2-10)*5", 2.23157]
        },
        "spine": {
          "rotation": [0, 0, "-10+math.sin(q.anim_time*30*3-150)*1"]
        },
        "spine_back_seg_2": {
          "rotation": [0, 0, "math.sin(q.anim_time*30*2-10)*3 "]
        },
        "spine_back_seg_3": {
          "rotation": [0, 0, "2.5+math.sin(q.anim_time*15*10-12)*5"]
        },
        "spine_seg_2": {
          "rotation": [0, 0, "math.sin(q.anim_time*15*8-12)*3 "]
        },
        "spine_seg_3": {
          "rotation": [0, 0, "math.sin(q.anim_time*15*8-10)*6 "]
        },
        "tail": {
          "rotation": [0, 0, "7.5+math.sin(q.anim_time*30*5-150)*7"]
        },
        "tail_seg_1": {
          "rotation": [0, 0, "2.5+math.sin(q.anim_time*30*7-180)*4"]
        },
        "tail_seg_2": {
          "rotation": [0, 0, "10+math.sin(q.anim_time*30*8-180)*2"]
        },
        "tail_tip": {
          "rotation": [0, 0, "2.5+math.sin(q.anim_time*30*9-180)*1"]
        },
        "tendril_left": {
          "position": [-5.47856, -3.41275, 2.89928],
          "rotation": ["-15.7093-math.clamp(math.cos(q.anim_time*30*2-10)*11,-8,11)", "-33.3299+math.sin(q.anim_time*30*2-10)*3", 28.03752]
        },
        "tendril_right": {
          "position": [-5.47856, -3.41275, -2.89928],
          "rotation": ["15.7093+math.clamp(math.cos(q.anim_time*30*2-10)*11,-8,11)", "33.3301-math.sin(q.anim_time*30*2-10)*3", 28.03751]
        },
        "top_spine": {
          "rotation": [0, 0, "math.sin(q.anim_time*15*4-10)*3"]
        },
        "undefined": {
          "rotation": ["math.sin(q.anim_time*30*2-10)*3  ", "math.sin(q.anim_time*30*2-10)*3 ", "math.sin(q.anim_time*30*2-10)*3 "]
        }
      },
      "loop": true
    },
    "animation.eternatus.special_attack": {
      "animation_length": 4.5833,
      "bones": {
        "core": {
          "rotation": {
            "0.0": [0, "query.anim_time*720", 0],
            "1.25": [0, "query.anim_time*900", 0],
            "3.25": [0, "query.anim_time*720", 0]
          }
        },
        "core2": {
          "rotation": {
            "0.0": [0, "query.anim_time*-900", 0],
            "1.25": [0, "query.anim_time*-1080", 0],
            "3.25": [0, "query.anim_time*-900", 0]
          }
        },
        "eternatus": {
          "position": {
            "1.25": {
              "lerp_mode": "catmullrom",
              "post": [0, 0, 0],
              "pre": [0, 0, 0]
            },
            "1.5": {
              "lerp_mode": "catmullrom",
              "post": [0, 0, 8]
            },
            "1.5417": {
              "lerp_mode": "catmullrom",
              "post": [0, 0, 6]
            },
            "1.5833": {
              "lerp_mode": "catmullrom",
              "post": [0, 0, 8]
            },
            "1.625": {
              "lerp_mode": "catmullrom",
              "post": [0, 0, 6]
            },
            "1.6667": {
              "lerp_mode": "catmullrom",
              "post": [0, 0, 8]
            },
            "1.7083": {
              "lerp_mode": "catmullrom",
              "post": [0, 0, 6]
            },
            "1.75": {
              "lerp_mode": "catmullrom",
              "post": [0, 0, 8]
            },
            "1.7917": {
              "lerp_mode": "catmullrom",
              "post": [0, 0, 6]
            },
            "1.8333": {
              "lerp_mode": "catmullrom",
              "post": [0, 0, 8]
            },
            "1.875": {
              "lerp_mode": "catmullrom",
              "post": [0, 0, 6]
            },
            "1.9167": {
              "lerp_mode": "catmullrom",
              "post": [0, 0, 8]
            },
            "1.9583": {
              "lerp_mode": "catmullrom",
              "post": [0, 0, 6]
            },
            "2.0": {
              "lerp_mode": "catmullrom",
              "post": [0, 0, 8]
            },
            "2.0417": {
              "lerp_mode": "catmullrom",
              "post": [0, 0, 6]
            },
            "2.0833": {
              "lerp_mode": "catmullrom",
              "post": [0, 0, 8]
            },
            "2.125": {
              "lerp_mode": "catmullrom",
              "post": [0, 0, 6]
            },
            "2.1667": {
              "lerp_mode": "catmullrom",
              "post": [0, 0, 8]
            },
            "3.0": {
              "lerp_mode": "catmullrom",
              "post": [0, 0, 0]
            }
          }
        },
        "jaw": {
          "rotation": {
            "1.25": [0, 0, 0],
            "1.5": [0, 0, -7.92],
            "1.5417": [0, 0, 0],
            "1.5833": [0, 0, -7.92],
            "1.625": [0, 0, 0],
            "1.6667": [0, 0, -7.92],
            "1.7083": [0, 0, 0],
            "1.75": [0, 0, -7.92],
            "1.7917": [0, 0, 0],
            "1.8333": [0, 0, -7.92],
            "1.875": [0, 0, 0],
            "1.9167": [0, 0, -7.92],
            "1.9583": [0, 0, 0],
            "2.0": [0, 0, -12.5],
            "2.0417": [0, 0, -7.92],
            "2.0833": [0, 0, 0],
            "2.125": [0, 0, -7.92],
            "2.1667": [0, 0, 0],
            "2.2083": [0, 0, -7.92],
            "2.25": [0, 0, 0],
            "2.2917": [0, 0, -7.92],
            "2.3333": [0, 0, 0]
          }
        },
        "left_arm": {
          "position": {
            "3.0": [0, 1, 1],
            "3.5833": [0, 0, 0]
          },
          "rotation": {
            "3.0": {
              "lerp_mode": "catmullrom",
              "post": [20.99692, -18.17696, -50.89594],
              "pre": [20.99692, -18.17696, -50.89594]
            },
            "3.5833": {
              "lerp_mode": "catmullrom",
              "post": [0, 0, 0]
            }
          }
        },
        "left_hand": {
          "rotation": {
            "3.0": {
              "lerp_mode": "catmullrom",
              "post": [0.0547, -4.82922, -63.79717],
              "pre": [0.0547, -4.82922, -63.79717]
            },
            "3.5833": {
              "lerp_mode": "catmullrom",
              "post": [0, 0, 0]
            }
          }
        },
        "left_leg": {
          "position": {
            "0.0": [0, 0, 0],
            "2.0": [0, 1, 0],
            "4.0": [0, 0, 0]
          }
        },
        "left_seg": {
          "position": [-0.54024, 0.06832, 2.95016],
          "rotation": ["-19.3747-math.sin(q.anim_time*30*2-10)*11", "-12.7742+math.sin(q.anim_time*30*2-10)", 1.3741]
        },
        "left_seg2": {
          "position": [-0.1668, -0.02495, 1.73264],
          "rotation": ["-9.0087+math.sin(q.anim_time*30*2-10)", "9.4779+math.sin(q.anim_time*30*2-10)*5", 46.67338]
        },
        "left_seg3": {
          "position": [-0.42706, 0.37035, 1.69774],
          "rotation": ["-18.4309+math.sin(q.anim_time*30*2-10)", 2.46811, -11.52132]
        },
        "left_seg4": {
          "position": [-1.2113, 0.57405, 0.97392],
          "rotation": ["8.9128+math.sin(q.anim_time*30*2-10)", "-24.7575+math.sin(q.anim_time*30*2-10)*5", -17.17957]
        },
        "left_seg5": {
          "position": [-0.78898, 0.64545, 1.28876],
          "rotation": ["6.1171+math.sin(q.anim_time*30*2-10)", "-17.0214+math.sin(q.anim_time*30*2-10)*7", -3.24369]
        },
        "left_seg6": {
          "position": [-0.99905, 0.71065, 1.92532],
          "rotation": ["9.9343+math.sin(q.anim_time*30*2-10)*3", "-19.8319+math.sin(q.anim_time*30*2-10)*9", -2.79614]
        },
        "left_seg7": {
          "position": [-1.40019, 1.25605, 1.58487],
          "rotation": ["0.2811+math.sin(q.anim_time*30*2-10)*5", "-14.4406+math.sin(q.anim_time*30*2-10)*11", 1.88512]
        },
        "left_seg8": {
          "position": [-1.12689, 0.8372, 1.1871],
          "rotation": ["4.1087+math.sin(q.anim_time*30*2-10)*3", "-15.1278+math.sin(q.anim_time*30*2-10)*5", 1.58669]
        },
        "left_tip": {
          "position": [-0.28435, 0.11772, 0.95146],
          "rotation": ["6.1171+math.sin(q.anim_time*30*2-10)*3", "-16.8804+math.sin(q.anim_time*30*2-10)*5", 2.23157]
        },
        "looky": {
          "rotation": ["5+math.sin(q.anim_time*30*2-150)*3 ", 0, "math.sin(q.anim_time*30*2-150)*7"]
        },
        "mainbody": {
          "position": {
            "1.25": {
              "lerp_mode": "catmullrom",
              "post": [0, 0, 0],
              "pre": [0, 0, 0]
            },
            "1.5": {
              "lerp_mode": "catmullrom",
              "post": [0, 0, 0.01928]
            },
            "1.5417": {
              "lerp_mode": "catmullrom",
              "post": [0, 0, -0.65402]
            },
            "1.5833": {
              "lerp_mode": "catmullrom",
              "post": [0, 0, 0.01928]
            },
            "1.625": {
              "lerp_mode": "catmullrom",
              "post": [0, 0, -0.65402]
            },
            "1.6667": {
              "lerp_mode": "catmullrom",
              "post": [0, 0, 0.01928]
            },
            "1.7083": {
              "lerp_mode": "catmullrom",
              "post": [0, 0, -0.65402]
            },
            "1.75": {
              "lerp_mode": "catmullrom",
              "post": [0, 0, 0.01928]
            },
            "1.7917": {
              "lerp_mode": "catmullrom",
              "post": [0, 0, -0.65402]
            },
            "1.8333": {
              "lerp_mode": "catmullrom",
              "post": [0, 0, 0.01928]
            },
            "1.875": {
              "lerp_mode": "catmullrom",
              "post": [0, 0, -0.65402]
            },
            "1.9167": {
              "lerp_mode": "catmullrom",
              "post": [0, 0, 0.01928]
            },
            "1.9583": {
              "lerp_mode": "catmullrom",
              "post": [0, 0, -0.65402]
            },
            "2.0": {
              "lerp_mode": "catmullrom",
              "post": [0, 0, 0.01928]
            },
            "2.0417": {
              "lerp_mode": "catmullrom",
              "post": [0, 0, -0.65402]
            },
            "2.0833": {
              "lerp_mode": "catmullrom",
              "post": [0, 0, 0.01928]
            },
            "2.125": {
              "lerp_mode": "catmullrom",
              "post": [0, 0, -0.65402]
            },
            "2.1667": {
              "lerp_mode": "catmullrom",
              "post": [0, 0, 0.01928]
            },
            "3.0": {
              "lerp_mode": "catmullrom",
              "post": [0, 0, 0]
            }
          }
        },
        "neck": {
          "rotation": {
            "0.0": [0, 0, 0],
            "0.5": [-8.316, 9.50716, 19.62639],
            "3.0": [-8.316, 9.50716, 19.62639],
            "3.5833": [0, 0, "math.sin(q.anim_time*30*2-150)*7"]
          }
        },
        "right_arm": {
          "position": {
            "3.0": [0, 1, 1],
            "3.5833": [0, 0, 0]
          },
          "rotation": {
            "3.0": {
              "lerp_mode": "catmullrom",
              "post": [-11.87183, 39.3184, -36.82891],
              "pre": [-11.87183, 39.3184, -36.82891]
            },
            "3.5833": {
              "lerp_mode": "catmullrom",
              "post": [0, 0, 0]
            }
          }
        },
        "right_hand": {
          "rotation": {
            "3.0": {
              "lerp_mode": "catmullrom",
              "post": [0.0547, -4.82922, -63.79717],
              "pre": [0.0547, -4.82922, -63.79717]
            },
            "3.5833": {
              "lerp_mode": "catmullrom",
              "post": [0, 0, 0]
            }
          }
        },
        "right_leg": {
          "position": {
            "0.0": [0, 0, 0],
            "2.0": [0, 1, 0],
            "4.0": [0, 0, 0]
          }
        },
        "right_seg": {
          "position": [-0.54024, 0.06832, -2.95016],
          "rotation": ["19.3747011939+math.sin(q.anim_time*30*2-10)*11", "12.7742482972-math.sin(q.anim_time*30*2-10)", 1.3741]
        },
        "right_seg2": {
          "position": [-0.1668, -0.02495, -1.73264],
          "rotation": ["9.0086981573-math.sin(q.anim_time*30*2-10)", "-9.4779229373-math.sin(q.anim_time*30*2-10)*5", 46.67338]
        },
        "right_seg3": {
          "position": [-0.42706, 0.37035, -1.69774],
          "rotation": ["18.4309466387-math.sin(q.anim_time*30*2-10)", -2.46811, -11.52132]
        },
        "right_seg4": {
          "position": [-1.2113, 0.57405, -0.97392],
          "rotation": ["-8.9128421955-math.sin(q.anim_time*30*2-10)", "24.7574709461-math.sin(q.anim_time*30*2-10)*5", -17.17957]
        },
        "right_seg5": {
          "position": [-1.2113, 0.57405, -0.97392],
          "rotation": ["-6.1170664869-math.sin(q.anim_time*30*2-10)", "17.0213910964-math.sin(q.anim_time*30*2-10)*7", -3.24369]
        },
        "right_seg6": {
          "position": [-1.2113, 0.57405, -0.97392],
          "rotation": ["-6.1170664869-math.sin(q.anim_time*30*2-10)", "17.0213910964-math.sin(q.anim_time*30*2-10)*7", -3.24369]
        },
        "right_seg7": {
          "position": [-1.40019, 1.25605, -1.58487],
          "rotation": ["-6.1170664869-math.sin(q.anim_time*30*2-10)", "17.0213910964-math.sin(q.anim_time*30*2-10)*7", -3.24369]
        },
        "right_seg8": {
          "position": [-1.40019, 1.25605, -1.58487],
          "rotation": ["-4.1087430216-math.sin(q.anim_time*30*2-10)*3", "15.1277978055-math.sin(q.anim_time*30*2-10)*5", 1.58669]
        },
        "right_tip": {
          "position": [-1.40019, 1.25605, -1.58487],
          "rotation": ["-4.1087430216-math.sin(q.anim_time*30*2-10)*3", "15.1277978055-math.sin(q.anim_time*30*2-10)*5", 1.58669]
        },
        "spine": {
          "rotation": {
            "1.0": {
              "lerp_mode": "catmullrom",
              "post": [0, 0, -12.5],
              "pre": [0, 0, -12.5]
            },
            "1.5417": {
              "lerp_mode": "catmullrom",
              "post": [0, 0, -13.66543]
            },
            "2.0833": {
              "lerp_mode": "catmullrom",
              "post": [0, 0, -14.52889]
            },
            "2.625": {
              "lerp_mode": "catmullrom",
              "post": [0, 0, -14.58589]
            },
            "2.875": {
              "lerp_mode": "catmullrom",
              "post": [0, 0, -13.826]
            },
            "2.9167": {
              "lerp_mode": "catmullrom",
              "post": [0, 0, -13.54705]
            },
            "2.9583": [0, 0, -13.15474],
            "3.0": [0, 0, -12.5],
            "3.5833": [0, 0, "math.sin(q.anim_time*30*2-150)*1"]
          }
        },
        "spine_back_seg_2": {
          "rotation": [0, 0, "math.sin(q.anim_time*30*2-10)*3 "]
        },
        "spine_back_seg_3": {
          "rotation": {
            "0.0": [0, 0, "math.sin(q.anim_time*30*2-12)*5 "],
            "1.0": [0, 0, "math.sin(q.anim_time*30*2-12)*1 "],
            "3.5": [0, 0, "math.sin(q.anim_time*30*2-12)*1 "],
            "4.0": [0, 0, "math.sin(q.anim_time*30*2-12)*5 "]
          }
        },
        "spine_seg_2": {
          "rotation": {
            "3.0": [0, 0, 2.5],
            "3.5833": [0, 0, "math.sin(q.anim_time*30*2-12)*5 "]
          }
        },
        "spine_seg_3": {
          "rotation": {
            "3.0": [0, 0, 10],
            "3.5833": [0, 0, "math.sin(q.anim_time*30*2-150)*7"]
          }
        },
        "tail": {
          "rotation": {
            "0.0": [0, 0, "math.sin(q.anim_time*30*2-150)*7"],
            "1.0": [0, 0, "15+math.sin(q.anim_time*30*2-150)*2"],
            "1.5": [0, 0, "20+math.sin(q.anim_time*30*2-150)*7"],
            "4.0": [0, 0, "15+math.sin(q.anim_time*30*2-150)*2"],
            "4.5833": [0, 0, "math.sin(q.anim_time*30*2-150)*7"]
          }
        },
        "tail_seg_1": {
          "rotation": {
            "0.0": [0, 0, "math.sin(q.anim_time*30*2-180)*9"],
            "1.0": [0, 0, "10+math.sin(q.anim_time*30*2-180)*3"],
            "1.5": [0, 0, "10+math.sin(q.anim_time*30*2-180)*9"],
            "4.0": [0, 0, "10+math.sin(q.anim_time*30*2-180)*3"],
            "4.5833": [0, 0, "math.sin(q.anim_time*30*2-180)*9"]
          }
        },
        "tail_seg_2": {
          "rotation": {
            "0.0": [0, 0, "math.sin(q.anim_time*30*2-180)*11"],
            "1.0": [0, 0, "12.5+math.sin(q.anim_time*30*2-180)*6"],
            "4.0": [0, 0, "12.5+math.sin(q.anim_time*30*2-180)*6"],
            "4.5833": [0, 0, "math.sin(q.anim_time*30*2-180)*11"]
          }
        },
        "tail_tip": {
          "rotation": {
            "0.0": [0, 0, "math.sin(q.anim_time*30*2-180)*13"],
            "1.0": [0, 0, "12.5+math.sin(q.anim_time*30*2-180)*5"],
            "4.0": [0, 0, "12.5+math.sin(q.anim_time*30*2-180)*5"],
            "4.5833": [0, 0, "math.sin(q.anim_time*30*2-180)*13"]
          }
        },
        "tendril_left": {
          "position": [-5.47856, -3.41275, 2.89928],
          "rotation": ["-15.7093-math.clamp(math.cos(q.anim_time*30*2-10)*11,-8,11)", "-33.3299+math.sin(q.anim_time*30*2-10)*3", 38.03752]
        },
        "tendril_right": {
          "position": [-5.47856, -3.41275, -2.89928],
          "rotation": ["15.7093+math.clamp(math.cos(q.anim_time*30*2-10)*11,-8,11)", "33.3301-math.sin(q.anim_time*30*2-10)*3", 38.03751]
        },
        "top_spine": {
          "rotation": {
            "3.0": [0, 0, -7.5],
            "3.5833": [0, 0, "math.sin(q.anim_time*30*2-10)*3 "]
          }
        }
      },
      "loop": true
    }
  },
  "format_version": "1.8.0"
}