{
  "animations": {
    "animation.meloetta_pirouette.battle_idle": {
      "bones": {
        "arm_left": {
          "rotation": [8.68855, "42.3632+math.cos((q.anim_time-0.4)*180*1)*2", 45.44785]
        },
        "arm_right": {
          "rotation": [80.18342, "-70.6488+math.cos((q.anim_time-0.4)*180*1)*2", -99.81658]
        },
        "body": {
          "position": [0, 0.2, 4],
          "rotation": [15, 0, 0]
        },
        "chest": {
          "rotation": [2.5, 0, 0]
        },
        "dress": {
          "position": [1, 1.5, -0.5],
          "rotation": [24.60981, 17.72091, "56.395+math.cos((q.anim_time-0.2)*180*1)*8"]
        },
        "dress10": {
          "rotation": [0, 0, "math.cos((q.anim_time-0.5)*180*1)*12"]
        },
        "dress11": {
          "rotation": [0, 0, "math.cos((q.anim_time-0.5)*180*1)*12"]
        },
        "dress13": {
          "position": [0, 1.5, 0],
          "rotation": [-34.1809, 38.4487, "-56.395-math.cos((q.anim_time-0.2)*180*1)*8"]
        },
        "dress14": {
          "rotation": [0, 0, "-math.cos((q.anim_time-0.5)*180*1)*12"]
        },
        "dress15": {
          "rotation": [0, 0, "-math.cos((q.anim_time-0.5)*180*1)*12"]
        },
        "dress2": {
          "rotation": [0, 0, "math.cos((q.anim_time-0.5)*180*1)*12"]
        },
        "dress3": {
          "rotation": [0, 0, "math.cos((q.anim_time-0.5)*180*1)*12"]
        },
        "dress5": {
          "position": [-1.5, 1.3, -0.5],
          "rotation": [26.37394, -26.75267, "-61.04-math.cos((q.anim_time-0.2)*180*1)*8"]
        },
        "dress6": {
          "rotation": [0, 0, "-math.cos((q.anim_time-0.5)*180*1)*12"]
        },
        "dress8": {
          "rotation": [0, 0, "-math.cos((q.anim_time-0.5)*180*1)*12"]
        },
        "dress9": {
          "position": [0.5, 1.5, 0],
          "rotation": [-46.68086, -38.44868, "56.395+math.cos((q.anim_time-0.2)*180*1)*8"]
        },
        "hair": {
          "rotation": [0, "-15+math.cos((q.anim_time-0.25)*180*1)*5", 0]
        },
        "hair2": {
          "position": [0, 0, 0],
          "rotation": [-0.6957, 0, -7.59494]
        },
        "hand_left": {
          "rotation": [-4.2885, 8.56152, 11.6326]
        },
        "hand_right": {
          "rotation": [54.09343, -54.02322, -53.72409]
        },
        "head": {
          "rotation": ["-7.5+math.cos((q.anim_time-0.15)*180*1)*1", 0, 0]
        },
        "head_anim": {
          "rotation": [4.91615, 1.29876, -7.38733]
        },
        "headthing": {
          "position": [-1, 0, "-0.05+math.cos((q.anim_time)*180*0.5)*0.1"],
          "rotation": [3.96046, 0.16774, -3.16236]
        },
        "hip": {
          "rotation": [-17.5, 0, "math.cos((q.anim_time-0.7)*180*1)*0.5"]
        },
        "left_eye": {
          "position": [0, 0, -0.01],
          "rotation": [0, 0, -42.5]
        },
        "leg_left": {
          "rotation": [10, 0, 0]
        },
        "leg_right": {
          "position": [0, 0.1, 0],
          "rotation": [2.5, 0, 0]
        },
        "mouth": {
          "position": [0, 0, 1]
        },
        "mouth_open": {
          "position": [0, 0, -1],
          "scale": [1, "0.5+math.cos((q.anim_time-0.3)*180*1)*0.2", 1]
        },
        "neck": {
          "rotation": [5, 0, 0]
        },
        "right_eye": {
          "position": [0, 0, -0.01],
          "rotation": [0, 0, 42.5]
        },
        "shoulder_left": {
          "rotation": [-62.29076, 33.86127, 19.12205]
        },
        "shoulder_right": {
          "rotation": [3.58363, -21.03567, -39.60854]
        },
        "thigh_left": {
          "position": [0, 0, 0],
          "rotation": [-17.43024, -2.11632, -4.54676]
        },
        "thigh_right": {
          "rotation": [-14.97271, 3.17807, 3.76612]
        },
        "thing": {
          "position": [0, 0, 0],
          "rotation": [22.5, 0, 0]
        },
        "thing2": {
          "rotation": [0, 0, 0]
        },
        "thingy": {
          "rotation": [14.87739, 1.93597, -7.24721]
        },
        "thingy2": {
          "rotation": [-14.78217, -2.57594, -9.6658]
        }
      },
      "loop": true
    },
    "animation.meloetta_pirouette.blink": {
      "animation_length": 0.16667,
      "bones": {
        "eyelid_left": {
          "position": {
            "0.0": [0, 0, -1],
            "0.0417": {
              "post": [0, 0, 0],
              "pre": [0, 0, -1]
            },
            "0.1667": {
              "post": [0, 0, -1],
              "pre": [0, 0, 0]
            }
          }
        },
        "eyelid_right": {
          "position": {
            "0.0": [0, 0, -1],
            "0.0417": {
              "post": [0, 0, 0],
              "pre": [0, 0, -1]
            },
            "0.1667": {
              "post": [0, 0, -1],
              "pre": [0, 0, 0]
            }
          }
        }
      }
    },
    "animation.meloetta_pirouette.cry": {
      "animation_length": 1.125,
      "bones": {
        "chest": {
          "rotation": {
            "0.0": [0, 0, 0],
            "0.1667": [-10, 0, 0],
            "0.625": [-10, 0, 0],
            "0.9167": [0, 0, 0]
          }
        },
        "head": {
          "rotation": {
            "0.1667": [0, 0, 0],
            "0.5": [-15, 0, 0],
            "0.7083": [-2.5, 0, 0],
            "0.9167": [-2.5, 0, 0]
          }
        },
        "mouth": {
          "position": {
            "0.1667": [0, 0, 1],
            "1.125": [0, 0, 0]
          }
        },
        "mouth_open": {
          "position": {
            "0.1667": [0, 0, -1],
            "1.0": [0, 0, -1],
            "1.125": [0, 0, 0]
          },
          "scale": {
            "0.1667": [1, 0.4, 1],
            "0.5": [1, 0.9, 1],
            "0.7083": [1, 0.4, 1],
            "0.9167": [1, 0.2, 1]
          }
        }
      },
      "sound_effects": {
        "0.0417": {
          "effect": "pokemon.meloetta.cry"
        }
      }
    },
    "animation.meloetta_pirouette.ground_idle": {
      "bones": {
        "arm_left": {
          "rotation": [21.32112, "10.9167+math.cos((q.anim_time-0.4)*180*1)*2", 87.98849]
        },
        "arm_right": {
          "rotation": [27.41649, "-43.6621+math.cos((q.anim_time-0.4)*180*1)*2", -39.74448]
        },
        "body": {
          "position": [0, 0.2, 4],
          "rotation": [15, 0, 0]
        },
        "chest": {
          "rotation": [2.5, 0, 0]
        },
        "dress": {
          "position": [1, 1.5, -0.5],
          "rotation": [24.60981, 17.72091, "56.395+math.cos((q.anim_time-0.2)*180*1)*8"]
        },
        "dress10": {
          "rotation": [0, 0, "math.cos((q.anim_time-0.5)*180*1)*12"]
        },
        "dress11": {
          "rotation": [0, 0, "math.cos((q.anim_time-0.5)*180*1)*12"]
        },
        "dress13": {
          "position": [0, 1.5, 0],
          "rotation": [-34.1809, 38.4487, "-56.395-math.cos((q.anim_time-0.2)*180*1)*8"]
        },
        "dress14": {
          "rotation": [0, 0, "-math.cos((q.anim_time-0.5)*180*1)*12"]
        },
        "dress15": {
          "rotation": [0, 0, "-math.cos((q.anim_time-0.5)*180*1)*12"]
        },
        "dress2": {
          "rotation": [0, 0, "math.cos((q.anim_time-0.5)*180*1)*12"]
        },
        "dress3": {
          "rotation": [0, 0, "math.cos((q.anim_time-0.5)*180*1)*12"]
        },
        "dress5": {
          "position": [-1.5, 1.3, -0.5],
          "rotation": [26.37394, -26.75267, "-61.04-math.cos((q.anim_time-0.2)*180*1)*8"]
        },
        "dress6": {
          "rotation": [0, 0, "-math.cos((q.anim_time-0.5)*180*1)*12"]
        },
        "dress8": {
          "rotation": [0, 0, "-math.cos((q.anim_time-0.5)*180*1)*12"]
        },
        "dress9": {
          "position": [0.5, 1.5, 0],
          "rotation": [-46.68086, -38.44868, "56.395+math.cos((q.anim_time-0.2)*180*1)*8"]
        },
        "hair": {
          "rotation": [0, "-10+math.cos((q.anim_time-0.25)*180*1)*1", 0]
        },
        "hair2": {
          "rotation": [0, 0, -5]
        },
        "hand_left": {
          "rotation": [-4.2885, 8.56152, 11.6326]
        },
        "hand_right": {
          "rotation": [54.09343, -54.02322, -53.72409]
        },
        "head": {
          "rotation": ["-7.5+math.cos((q.anim_time-0.15)*180*1)*1", 0, 0]
        },
        "head_anim": {
          "rotation": [4.91615, 1.29876, -7.38733]
        },
        "headthing": {
          "position": [-1, 0, "-0.05+math.cos((q.anim_time)*180*0.5)*0.1"],
          "rotation": [15.33133, 1.15434, -14.7622]
        },
        "hip": {
          "rotation": [-17.5, 0, "math.cos((q.anim_time-0.7)*180*1)*0.5"]
        },
        "leg_left": {
          "rotation": [10, 0, 0]
        },
        "leg_right": {
          "position": [0, 0.1, 0],
          "rotation": [2.5, 0, 0]
        },
        "mouth": {
          "position": [0, 0, 0]
        },
        "mouth_open": {
          "position": [0, 0, 0]
        },
        "neck": {
          "rotation": [5, 0, 0]
        },
        "shoulder_left": {
          "rotation": [-55.9095, 27.41325, 31.58785]
        },
        "shoulder_right": {
          "rotation": [3.58363, -21.03567, -39.60854]
        },
        "thigh_left": {
          "position": [0, 0, 0],
          "rotation": [-17.43024, -2.11632, -4.54676]
        },
        "thigh_right": {
          "rotation": [-14.97271, 3.17807, 3.76612]
        },
        "thing": {
          "position": [0, 0, 0],
          "rotation": [22.5, 0, 0]
        },
        "thing2": {
          "rotation": [0, 0, 0]
        },
        "thingy": {
          "rotation": [14.87739, 1.93597, -7.24721]
        },
        "thingy2": {
          "rotation": [-14.78217, -2.57594, -9.6658]
        }
      },
      "loop": true
    },
    "animation.meloetta_pirouette.ground_walk": {
      "bones": {
        "arm_left": {
          "rotation": [0, 70, 0]
        },
        "arm_right": {
          "position": [0, -0.1, 0],
          "rotation": [-8.13929, -73.49191, 4.95965]
        },
        "body": {
          "position": [0, "math.cos((q.anim_time-0.2)*360*2)*0.25", 0]
        },
        "chest": {
          "rotation": [0, 0, "math.cos((q.anim_time-0.2)*360*1)*1"]
        },
        "dress": {
          "position": [1, 1.5, -0.5],
          "rotation": [24.60981, 17.72091, "56.395+math.cos((q.anim_time-0.2)*180*1)*8"]
        },
        "dress10": {
          "rotation": [0, 0, "math.cos((q.anim_time-0.5)*180*1)*12"]
        },
        "dress11": {
          "rotation": [0, 0, "math.cos((q.anim_time-0.5)*180*1)*12"]
        },
        "dress13": {
          "position": [0, 1.5, 0],
          "rotation": [-34.1809, 38.4487, "-56.395-math.cos((q.anim_time-0.2)*180*1)*8"]
        },
        "dress14": {
          "rotation": [0, 0, "-math.cos((q.anim_time-0.5)*180*1)*12"]
        },
        "dress15": {
          "rotation": [0, 0, "-math.cos((q.anim_time-0.5)*180*1)*12"]
        },
        "dress16": {
          "rotation": ["math.cos((q.anim_time -0.8)*360*1)*25", 0, 0]
        },
        "dress2": {
          "rotation": [0, 0, "math.cos((q.anim_time-0.5)*180*1)*12"]
        },
        "dress3": {
          "rotation": [0, 0, "math.cos((q.anim_time-0.5)*180*1)*12"]
        },
        "dress5": {
          "position": [-1.5, 1.3, -0.5],
          "rotation": [26.37394, -26.75267, "-61.04-math.cos((q.anim_time-0.2)*180*1)*8"]
        },
        "dress6": {
          "rotation": [0, 0, "-math.cos((q.anim_time-0.5)*180*1)*12"]
        },
        "dress7": {
          "rotation": [0, 0, "-math.cos((q.anim_time-0.5)*180*1)*12"]
        },
        "dress9": {
          "position": [0.5, 1.5, 0],
          "rotation": [-46.68086, -38.44868, "56.395+math.cos((q.anim_time-0.2)*180*1)*8"]
        },
        "hair": {
          "rotation": [0, 0, "-15+math.cos((q.anim_time-0.15)*360*0.5)*1"]
        },
        "hair2": {
          "rotation": [-0.13784, "-2.503+math.cos((q.anim_time-0.25)*360*0.5)*8", -2.50379]
        },
        "hair3": {
          "position": [0, 0.1, 0],
          "rotation": [0, 0, "-5+math.cos((q.anim_time-0.4)*180*1)*18"]
        },
        "hair4": {
          "position": [0, 0.2, 0],
          "rotation": [0, 0, "-2.5+math.cos((q.anim_time-0.7)*180*1)*17"]
        },
        "hair5": {
          "position": [0, 0.6, 0],
          "rotation": [0, 0, "2.5+math.cos((q.anim_time-0.9)*180*1)*20"]
        },
        "hair6": {
          "position": [0, 0.1, 0],
          "rotation": [0, 0, "15+math.cos((q.anim_time-0.9)*180*1)*35"]
        },
        "head": {
          "rotation": [0, 0, "math.cos((q.anim_time-0.2)*360*1)*1"]
        },
        "head_anim": {
          "rotation": [5.01032, 0.8659, -2.4052]
        },
        "headthing": {
          "position": [0, 0, "math.cos((q.anim_time-0.25)*360*0.5)*0.25"]
        },
        "leg_left": {
          "rotation": ["10+math.cos((q.anim_time)*90*4)*12", 0, 0]
        },
        "leg_right": {
          "rotation": ["20-math.cos((q.anim_time)*90*4)*12", 0, 0]
        },
        "shoulder_left": {
          "rotation": [0, "15+math.cos((q.anim_time-0.4)*360*1)*12", 32.5]
        },
        "shoulder_right": {
          "rotation": [0, "-17.5+math.cos((q.anim_time-0.4)*360*1)*12", -32.5]
        },
        "thigh_left": {
          "rotation": ["math.cos((q.anim_time -0.8)*360*1)*25", 0, 0]
        },
        "thigh_right": {
          "rotation": ["-math.cos((q.anim_time -0.8)*360*1)*25", 0, 0]
        },
        "thingy": {
          "position": [0, 0, 0]
        }
      },
      "loop": true
    }
  },
  "format_version": "1.8.0"
}