{
  "format_version": "1.12.0",
  "minecraft:geometry": [
    {
      "bones": [
        {
          "name": "mesprit",
          "pivot": [0, 0, 0]
        }, {
          "name": "body",
          "parent": "mesprit",
          "pivot": [0, 6, 0]
        }, {
          "cubes": [
            {
              "origin": [-2, 3.5, -2.25],
              "size": [4, 4, 4],
              "uv": [0, 12]
            }
          ],
          "name": "torso",
          "parent": "body",
          "pivot": [0, 5.5, -0.25]
        }, {
          "cubes": [
            {
              "origin": [-1.5, 6.5, -1.5],
              "size": [3, 3, 3],
              "uv": [0, 24]
            }
          ],
          "name": "bone8",
          "parent": "torso",
          "pivot": [0, 7, 0]
        }, {
          "cubes": [
            {
              "origin": [-1, 9, -0.65],
              "size": [2, 2, 2],
              "uv": [24, 31]
            }
          ],
          "name": "bone7",
          "parent": "bone8",
          "pivot": [0, 9, 0.35]
        }, {
          "cubes": [
            {
              "origin": [0.5, 9.3, -0.15],
              "size": [2, 1, 1],
              "uv": [38, 1]
            }
          ],
          "name": "arm_left",
          "parent": "bone7",
          "pivot": [0.5, 9.75, 0.35]
        }, {
          "cubes": [
            {
              "inflate": 0.01,
              "origin": [2.5, 9.3, -0.15],
              "size": [3, 1, 1],
              "uv": [36, 27]
            }
          ],
          "name": "bone11",
          "parent": "arm_left",
          "pivot": [2.5, 9.75, 0.35]
        }, {
          "cubes": [
            {
              "inflate": 0.01,
              "origin": [5.5, 9.3, -0.15],
              "size": [1, 1, 1],
              "uv": [8, 33]
            }
          ],
          "name": "bone12",
          "parent": "bone11",
          "pivot": [5.5, 9.75, 0.35]
        }, {
          "cubes": [
            {
              "origin": [5.51082, 9.30119, -0.15],
              "size": [1, 0, 1],
              "uv": [20, 34]
            }
          ],
          "name": "bone13",
          "parent": "bone12",
          "pivot": [5.5, 9.3, 0.35],
          "rotation": [0, 0, 12.5]
        }, {
          "cubes": [
            {
              "origin": [-2.5, 9.3, -0.15],
              "size": [2, 1, 1],
              "uv": [38, 3]
            }
          ],
          "name": "arm_right",
          "parent": "bone7",
          "pivot": [-0.5, 9.75, 0.35]
        }, {
          "cubes": [
            {
              "inflate": 0.01,
              "origin": [-5.5, 9.3, -0.15],
              "size": [3, 1, 1],
              "uv": [36, 29]
            }
          ],
          "name": "bone15",
          "parent": "arm_right",
          "pivot": [-2.5, 9.75, 0.35]
        }, {
          "cubes": [
            {
              "inflate": 0.01,
              "origin": [-6.5, 9.3, -0.15],
              "size": [1, 1, 1],
              "uv": [28, 35]
            }
          ],
          "name": "bone16",
          "parent": "bone15",
          "pivot": [-5.5, 9.75, 0.35]
        }, {
          "cubes": [
            {
              "origin": [-6.51082, 9.30119, -0.15],
              "size": [1, 0, 1],
              "uv": [8, 35]
            }
          ],
          "name": "bone17",
          "parent": "bone16",
          "pivot": [-5.5, 9.3, 0.35],
          "rotation": [0, 0, -12.5]
        }, {
          "cubes": [
            {
              "origin": [-3, 10.5, -3],
              "size": [6, 6, 6],
              "uv": [0, 0]
            },
            {
              "origin": [-0.5, 13.5, -3.075],
              "size": [1, 2, 0],
              "uv": [16, 40]
            }
          ],
          "name": "head",
          "parent": "bone7",
          "pivot": [0, 10.5, 0]
        }, {
          "cubes": [
            {
              "inflate": 0.25,
              "origin": [2.75, 15.1, -1.75],
              "size": [4, 1, 1],
              "uv": [32, 16]
            }
          ],
          "name": "bone48",
          "parent": "head",
          "pivot": [2.5, 15.6, -1.25],
          "rotation": [-1.3378, 14.94159, -5.17544]
        }, {
          "cubes": [
            {
              "origin": [6.5, 14.6, -2.25],
              "size": [6, 2, 2],
              "uv": [16, 12]
            }
          ],
          "name": "bone49",
          "parent": "bone48",
          "pivot": [6.5, 15.6, -1.25]
        }, {
          "cubes": [
            {
              "inflate": 0.25,
              "origin": [2.75, 15.1, 1.25],
              "size": [4, 1, 1],
              "uv": [32, 20]
            }
          ],
          "name": "bone54",
          "parent": "head",
          "pivot": [2.5, 15.6, 1.75],
          "rotation": [2.21372, -37.51782, -10.1429]
        }, {
          "cubes": [
            {
              "origin": [6.5, 14.6, 0.75],
              "size": [6, 2, 2],
              "uv": [0, 20]
            }
          ],
          "name": "bone55",
          "parent": "bone54",
          "pivot": [6.5, 15.6, 1.75]
        }, {
          "cubes": [
            {
              "inflate": 0.25,
              "origin": [-6.75, 15.1, 1.25],
              "size": [4, 1, 1],
              "uv": [32, 22]
            }
          ],
          "name": "bone56",
          "parent": "head",
          "pivot": [-2.5, 15.6, 1.75],
          "rotation": [2.21372, 37.51782, 10.1429]
        }, {
          "cubes": [
            {
              "origin": [-12.5, 14.6, 0.75],
              "size": [6, 2, 2],
              "uv": [16, 20]
            }
          ],
          "name": "bone57",
          "parent": "bone56",
          "pivot": [-6.5, 15.6, 1.75]
        }, {
          "cubes": [
            {
              "inflate": 0.25,
              "origin": [-6.75, 15.1, -1.75],
              "size": [4, 1, 1],
              "uv": [32, 18]
            }
          ],
          "name": "bone52",
          "parent": "head",
          "pivot": [-2.5, 15.6, -1.25],
          "rotation": [-1.3378, -14.94159, 5.17544]
        }, {
          "cubes": [
            {
              "origin": [-12.5, 14.6, -2.25],
              "size": [6, 2, 2],
              "uv": [16, 16]
            }
          ],
          "name": "bone53",
          "parent": "bone52",
          "pivot": [-6.5, 15.6, -1.25]
        }, {
          "name": "bone5",
          "parent": "head",
          "pivot": [3, 13.25, 0.5],
          "rotation": [0, 0, 22.5]
        },
        {
          "name": "bone6",
          "parent": "head",
          "pivot": [-3, 13.25, 0.5],
          "rotation": [0, 0, -22.5]
        },
        {
          "name": "bone4",
          "parent": "head",
          "pivot": [0, 16.5, -1.75],
          "rotation": [-65, 0, 0]
        },
        {
          "name": "bone9",
          "parent": "bone4",
          "pivot": [-0.5, 21.5, -1.5],
          "rotation": [-10, 0, 0]
        }, {
          "cubes": [
            {
              "origin": [1.025, 11.75, -3.025],
              "size": [2, 2, 0],
              "uv": [20, 32]
            },
            {
              "origin": [3.025, 12, -3.025],
              "size": [0, 2, 1],
              "uv": [0, 39]
            },
            {
              "inflate": 0.01,
              "origin": [0.225, 13.05, -3.05],
              "size": [2, 1, 0],
              "uv": [12, 40]
            },
            {
              "inflate": 0.01,
              "origin": [-2.275, 13.05, -3.05],
              "size": [2, 1, 0],
              "uv": [42, 13]
            }
          ],
          "name": "bone",
          "parent": "head",
          "pivot": [0, 10.5, 0]
        }, {
          "cubes": [
            {
              "inflate": 0.01,
              "origin": [0.025, 11.75, -2.075],
              "size": [2, 2, 0],
              "uv": [16, 36]
            },
            {
              "inflate": 0.01,
              "origin": [2.025, 11.975, -2.05],
              "size": [0, 2, 1],
              "uv": [2, 39]
            }
          ],
          "name": "bone18",
          "parent": "bone",
          "pivot": [1.025, 11.75, -1.05]
        }, {
          "cubes": [
            {
              "origin": [1.35, 11.75, -3.05],
              "size": [1, 2, 0],
              "uv": [40, 13]
            }
          ],
          "name": "bone2",
          "parent": "bone",
          "pivot": [2.35, 11.75, -2.05]
        }, {
          "cubes": [
            {
              "origin": [-3.025, 11.75, -3.025],
              "size": [2, 2, 0],
              "uv": [34, 38]
            },
            {
              "origin": [-3.025, 12, -3.025],
              "size": [0, 2, 1],
              "uv": [6, 39]
            }
          ],
          "name": "bone19",
          "parent": "head",
          "pivot": [0, 10.5, 0]
        }, {
          "cubes": [
            {
              "inflate": 0.01,
              "origin": [-2.025, 11.75, -2.05],
              "size": [2, 2, 0],
              "uv": [38, 38]
            },
            {
              "inflate": 0.01,
              "origin": [-2.025, 11.975, -2.025],
              "size": [0, 2, 1],
              "uv": [4, 39]
            }
          ],
          "name": "bone20",
          "parent": "bone19",
          "pivot": [-1.025, 11.75, -1.025]
        }, {
          "cubes": [
            {
              "origin": [-2.35, 11.75, -3.05],
              "size": [1, 2, 0],
              "uv": [18, 40]
            }
          ],
          "name": "bone21",
          "parent": "bone19",
          "pivot": [-2.35, 11.75, -2.05]
        }, {
          "cubes": [
            {
              "inflate": -0.25,
              "origin": [0, 10.45, -2.775],
              "size": [0, 1, 0],
              "uv": [1, 0]
            },
            {
              "inflate": -0.25,
              "origin": [0.4, 10.7, -2.775],
              "size": [0, 1, 0],
              "uv": [1, 0]
            },
            {
              "inflate": -0.25,
              "origin": [-0.35, 10.7, -2.775],
              "size": [0, 1, 0],
              "uv": [1, 0]
            }
          ],
          "name": "bone3",
          "parent": "head",
          "pivot": [0.5, 10.95, -2.525]
        }, {
          "cubes": [
            {
              "origin": [0.25, 4.7, 1.15],
              "size": [1, 0, 3],
              "uv": [32, 31]
            }
          ],
          "name": "bone24",
          "parent": "torso",
          "pivot": [0.75, 4.7, 1.15],
          "rotation": [-25, 0, 0]
        }, {
          "cubes": [
            {
              "origin": [0.25, 4.7, 4.15],
              "size": [1, 0, 3],
              "uv": [0, 33]
            }
          ],
          "name": "bone25",
          "parent": "bone24",
          "pivot": [0.75, 4.7, 4.15]
        }, {
          "cubes": [
            {
              "origin": [0.25, 4.7, 7.15],
              "size": [1, 0, 3],
              "uv": [32, 34]
            }
          ],
          "name": "bone26",
          "parent": "bone25",
          "pivot": [0.75, 4.7, 7.15]
        }, {
          "cubes": [
            {
              "origin": [0.25, 4.7, 10.15],
              "size": [1, 0, 3],
              "uv": [20, 35]
            }
          ],
          "name": "bone27",
          "parent": "bone26",
          "pivot": [0.75, 4.7, 10.15]
        }, {
          "cubes": [
            {
              "origin": [0.25, 4.7, 13.15],
              "size": [1, 0, 2],
              "uv": [38, 5]
            },
            {
              "origin": [-0.75, 4.7, 14.4],
              "size": [3, 0, 1],
              "uv": [36, 11]
            },
            {
              "origin": [-0.75, 4.7, 13.15],
              "size": [3, 0, 1],
              "uv": [28, 37]
            }
          ],
          "name": "bone28",
          "parent": "bone27",
          "pivot": [0.75, 4.7, 13.15]
        }, {
          "cubes": [
            {
              "origin": [-0.75, 4.7, 15.4],
              "size": [3, 0, 4],
              "uv": [24, 0]
            }
          ],
          "name": "bone29",
          "parent": "bone28",
          "pivot": [0.75, 4.7, 15.4]
        }, {
          "cubes": [
            {
              "inflate": 0.02,
              "origin": [0.25, 4.7, 16.4],
              "size": [1, 0, 2],
              "uv": [16, 38]
            }
          ],
          "name": "bone35",
          "parent": "bone29",
          "pivot": [2.25, 5.2, 16.4]
        }, {
          "cubes": [
            {
              "origin": [-0.75, 4.7, 19.4],
              "size": [3, 0, 3],
              "uv": [24, 28]
            }
          ],
          "name": "bone30",
          "parent": "bone29",
          "pivot": [0.75, 4.7, 19.4]
        }, {
          "cubes": [
            {
              "origin": [-0.4, 4.7, 16.4],
              "size": [2, 0, 4],
              "uv": [24, 8]
            }
          ],
          "name": "bone31",
          "parent": "bone29",
          "pivot": [0.6, 4.7, 16.4],
          "rotation": [0, 50, 0]
        }, {
          "cubes": [
            {
              "origin": [0.35, 4.7, 20.4],
              "size": [1, 0, 1],
              "uv": [38, 7]
            }
          ],
          "name": "bone32",
          "parent": "bone31",
          "pivot": [0.6, 4.7, 20.4]
        }, {
          "cubes": [
            {
              "origin": [-0.1, 4.7, 16.4],
              "size": [2, 0, 4],
              "uv": [12, 24]
            }
          ],
          "name": "bone33",
          "parent": "bone29",
          "pivot": [0.9, 4.7, 16.4],
          "rotation": [0, -50, 0]
        }, {
          "cubes": [
            {
              "origin": [0.15, 4.7, 20.4],
              "size": [1, 0, 1],
              "uv": [8, 39]
            }
          ],
          "name": "bone34",
          "parent": "bone33",
          "pivot": [0.65, 4.7, 20.4]
        }, {
          "cubes": [
            {
              "origin": [-1.25, 4.7, 1.15],
              "size": [1, 0, 3],
              "uv": [0, 36]
            }
          ],
          "name": "bone36",
          "parent": "torso",
          "pivot": [-0.75, 4.7, 1.15],
          "rotation": [-25, 0, 0]
        }, {
          "cubes": [
            {
              "origin": [-1.25, 4.7, 4.15],
              "size": [1, 0, 3],
              "uv": [8, 36]
            }
          ],
          "name": "bone37",
          "parent": "bone36",
          "pivot": [-0.75, 4.7, 4.15]
        }, {
          "cubes": [
            {
              "origin": [-1.25, 4.7, 7.15],
              "size": [1, 0, 3],
              "uv": [36, 8]
            }
          ],
          "name": "bone38",
          "parent": "bone37",
          "pivot": [-0.75, 4.7, 7.15]
        }, {
          "cubes": [
            {
              "origin": [-1.25, 4.7, 10.15],
              "size": [1, 0, 3],
              "uv": [36, 24]
            }
          ],
          "name": "bone39",
          "parent": "bone38",
          "pivot": [-0.75, 4.7, 10.15]
        }, {
          "cubes": [
            {
              "origin": [-1.25, 4.7, 13.15],
              "size": [1, 0, 2],
              "uv": [22, 38]
            },
            {
              "origin": [-2.25, 4.7, 14.4],
              "size": [3, 0, 1],
              "uv": [36, 37]
            },
            {
              "origin": [-2.25, 4.7, 13.15],
              "size": [3, 0, 1],
              "uv": [38, 0]
            }
          ],
          "name": "bone40",
          "parent": "bone39",
          "pivot": [-0.75, 4.7, 13.15]
        }, {
          "cubes": [
            {
              "origin": [-2.25, 4.7, 15.4],
              "size": [3, 0, 4],
              "uv": [24, 4]
            }
          ],
          "name": "bone41",
          "parent": "bone40",
          "pivot": [-0.75, 4.7, 15.4]
        }, {
          "cubes": [
            {
              "inflate": 0.02,
              "origin": [-1.25, 4.7, 16.4],
              "size": [1, 0, 2],
              "uv": [28, 38]
            }
          ],
          "name": "bone42",
          "parent": "bone41",
          "pivot": [-2.25, 5.2, 16.4]
        }, {
          "cubes": [
            {
              "origin": [-2.25, 4.7, 19.4],
              "size": [3, 0, 3],
              "uv": [0, 30]
            }
          ],
          "name": "bone43",
          "parent": "bone41",
          "pivot": [-0.75, 4.7, 19.4]
        }, {
          "cubes": [
            {
              "origin": [-1.6, 4.7, 16.4],
              "size": [2, 0, 4],
              "uv": [24, 24]
            }
          ],
          "name": "bone44",
          "parent": "bone41",
          "pivot": [-0.6, 4.7, 16.4],
          "rotation": [0, -50, 0]
        }, {
          "cubes": [
            {
              "origin": [-1.35, 4.7, 20.4],
              "size": [1, 0, 1],
              "uv": [12, 39]
            }
          ],
          "name": "bone45",
          "parent": "bone44",
          "pivot": [-0.6, 4.7, 20.4]
        }, {
          "cubes": [
            {
              "origin": [-1.9, 4.7, 16.4],
              "size": [2, 0, 4],
              "uv": [12, 28]
            }
          ],
          "name": "bone46",
          "parent": "bone41",
          "pivot": [-0.9, 4.7, 16.4],
          "rotation": [0, 50, 0]
        }, {
          "cubes": [
            {
              "origin": [-1.15, 4.7, 20.4],
              "size": [1, 0, 1],
              "uv": [8, 40]
            }
          ],
          "name": "bone47",
          "parent": "bone46",
          "pivot": [-0.65, 4.7, 20.4]
        }, {
          "cubes": [
            {
              "origin": [0.9, 3.1, -3.35],
              "size": [1, 1, 3],
              "uv": [12, 32]
            }
          ],
          "name": "bone22",
          "parent": "body",
          "pivot": [1.4, 4.1, -0.35],
          "rotation": [27.5, 0, 0]
        }, {
          "cubes": [
            {
              "origin": [-1.9, 3.1, -3.35],
              "size": [1, 1, 3],
              "uv": [32, 12]
            }
          ],
          "name": "bone23",
          "parent": "body",
          "pivot": [-1.4, 4.1, -0.35],
          "rotation": [27.5, 0, 0]
        }
      ],
      "description": {
        "identifier": "geometry.mesprit",
        "texture_height": 64,
        "texture_width": 64,
        "visible_bounds_height": 2.5,
        "visible_bounds_offset": [0, 0.75, 0],
        "visible_bounds_width": 4
      }
    }
  ]
}