{
  "animations": {
    "animation.houndstone.cry": {
      "animation_length": 1.5,
      "bones": {
        "ear": {
          "rotation": {
            "0.0": {
              "lerp_mode": "catmullrom",
              "post": [0, 0, 0]
            },
            "0.0833": {
              "lerp_mode": "catmullrom",
              "post": [0, 0, 27.5]
            },
            "0.25": {
              "lerp_mode": "catmullrom",
              "post": [0, 0, -2.5]
            },
            "0.4167": {
              "lerp_mode": "catmullrom",
              "post": [0, 0, 7.5]
            },
            "0.5833": {
              "lerp_mode": "catmullrom",
              "post": [0, 0, 17.5]
            },
            "0.7083": {
              "lerp_mode": "catmullrom",
              "post": [0, 0, 0]
            }
          }
        },
        "ear3": {
          "rotation": {
            "0.0": {
              "lerp_mode": "catmullrom",
              "post": [0, 0, 0]
            },
            "0.1667": {
              "lerp_mode": "catmullrom",
              "post": [0, 0, 10]
            },
            "0.4167": {
              "lerp_mode": "catmullrom",
              "post": [0, 0, -20]
            },
            "0.7083": {
              "lerp_mode": "catmullrom",
              "post": [0, 0, 0]
            }
          }
        },
        "ear4": {
          "rotation": {
            "0.0": {
              "lerp_mode": "catmullrom",
              "post": [0, 0, 0]
            },
            "0.125": {
              "lerp_mode": "catmullrom",
              "post": [0, 0, -32.5]
            },
            "0.2917": {
              "lerp_mode": "catmullrom",
              "post": [0, 0, 47.5]
            },
            "0.4167": {
              "lerp_mode": "catmullrom",
              "post": [0, 0, -12.5]
            },
            "0.5833": {
              "lerp_mode": "catmullrom",
              "post": [0, 0, 2.5]
            },
            "0.7083": {
              "lerp_mode": "catmullrom",
              "post": [0, 0, 0]
            }
          }
        },
        "ear6": {
          "rotation": {
            "0.0": {
              "lerp_mode": "catmullrom",
              "post": [0, 0, 0]
            },
            "0.125": {
              "lerp_mode": "catmullrom",
              "post": [0, 0, 42.5]
            },
            "0.25": {
              "lerp_mode": "catmullrom",
              "post": [0, 0, -67.5]
            },
            "0.375": {
              "lerp_mode": "catmullrom",
              "post": [0, 0, 27.5]
            },
            "0.5": {
              "lerp_mode": "catmullrom",
              "post": [0, 0, -75]
            },
            "0.7083": {
              "lerp_mode": "catmullrom",
              "post": [0, 0, 0]
            }
          }
        },
        "earfur": {
          "rotation": {
            "0.0": {
              "lerp_mode": "catmullrom",
              "post": [0, 0, 0]
            },
            "0.125": {
              "lerp_mode": "catmullrom",
              "post": [0, 0, -12.5]
            },
            "0.25": {
              "lerp_mode": "catmullrom",
              "post": [3.75844, -0.07164, 13.5174]
            },
            "0.3333": {
              "lerp_mode": "catmullrom",
              "post": [3.2096, 1.95792, -18.92539]
            },
            "0.4583": {
              "lerp_mode": "catmullrom",
              "post": [3.12124, 2.09599, -21.42314]
            },
            "0.625": {
              "lerp_mode": "catmullrom",
              "post": [3.56119, 0.2318, 8.65968]
            },
            "0.7083": {
              "lerp_mode": "catmullrom",
              "post": [0, 0, 0]
            }
          }
        },
        "earfur2": {
          "rotation": {
            "0.0": {
              "lerp_mode": "catmullrom",
              "post": [0, 0, 0]
            },
            "0.125": {
              "lerp_mode": "catmullrom",
              "post": [0, 0, -37.5]
            },
            "0.25": {
              "lerp_mode": "catmullrom",
              "post": [0, 0, 55]
            },
            "0.4167": {
              "lerp_mode": "catmullrom",
              "post": [0, 0, -42.5]
            },
            "0.5417": {
              "lerp_mode": "catmullrom",
              "post": [0, 0, -45]
            },
            "0.625": {
              "lerp_mode": "catmullrom",
              "post": [0, 0, 47.5]
            },
            "0.7083": {
              "lerp_mode": "catmullrom",
              "post": [0, 0, 0]
            }
          }
        },
        "earfur4": {
          "rotation": {
            "0.0": {
              "lerp_mode": "catmullrom",
              "post": [0, 0, 0]
            },
            "0.125": {
              "lerp_mode": "catmullrom",
              "post": [0, 0, 30]
            },
            "0.2917": {
              "lerp_mode": "catmullrom",
              "post": [0, 0, -45]
            },
            "0.4167": {
              "lerp_mode": "catmullrom",
              "post": [0, 0, 37.5]
            },
            "0.5417": {
              "lerp_mode": "catmullrom",
              "post": [0, 0, -35]
            },
            "0.7083": {
              "lerp_mode": "catmullrom",
              "post": [0, 0, 0]
            }
          }
        },
        "head": {
          "rotation": {
            "0.0": {
              "lerp_mode": "catmullrom",
              "post": [0, 0, 0]
            },
            "0.125": {
              "lerp_mode": "catmullrom",
              "post": [12.5, 0, 0]
            },
            "0.25": {
              "lerp_mode": "catmullrom",
              "post": [-5.24647, -1.01044, -12.71458]
            },
            "0.375": {
              "lerp_mode": "catmullrom",
              "post": [-10, 0, 0]
            },
            "0.5": {
              "lerp_mode": "catmullrom",
              "post": [-9.74158, 2.35712, 12.27932]
            },
            "0.7083": {
              "lerp_mode": "catmullrom",
              "post": [0, 0, 0]
            }
          }
        },
        "jaw": {
          "rotation": {
            "0.0": {
              "lerp_mode": "catmullrom",
              "post": [0, 0, 0]
            },
            "0.125": {
              "lerp_mode": "catmullrom",
              "post": [-32.5, 0, 0]
            },
            "0.2917": {
              "lerp_mode": "catmullrom",
              "post": [0.83, 0, 0]
            },
            "0.3333": {
              "lerp_mode": "catmullrom",
              "post": [-2.09, 0, 0]
            },
            "0.375": {
              "lerp_mode": "catmullrom",
              "post": [10, 0, 0]
            },
            "0.4167": {
              "lerp_mode": "catmullrom",
              "post": [7.5, 0, 0]
            },
            "0.4583": {
              "lerp_mode": "catmullrom",
              "post": [15, 0, 0]
            },
            "0.5": {
              "lerp_mode": "catmullrom",
              "post": [5, 0, 0]
            },
            "0.5417": {
              "lerp_mode": "catmullrom",
              "post": [10, 0, 0]
            },
            "0.5833": {
              "lerp_mode": "catmullrom",
              "post": [-5, 0, 0]
            },
            "0.7083": {
              "lerp_mode": "catmullrom",
              "post": [0, 0, 0]
            }
          }
        }
      },
      "sound_effects": {
        "0.0417": {
          "effect": "pokemon.houndstone.cry"
        }
      }
    },
    "animation.houndstone.faint": {
      "animation_length": 4,
      "bones": {
        "body": {
          "position": {
            "0.0": {
              "lerp_mode": "catmullrom",
              "post": [0, 0, 0]
            },
            "0.125": {
              "lerp_mode": "catmullrom",
              "post": [0, -5, 0]
            }
          },
          "rotation": {
            "0.0": {
              "lerp_mode": "catmullrom",
              "post": [0, 0, 0]
            }
          }
        },
        "ear": {
          "rotation": {
            "0.0": {
              "lerp_mode": "catmullrom",
              "post": [0, 0, 0]
            },
            "0.125": {
              "lerp_mode": "catmullrom",
              "post": [0, 0, 22.5]
            },
            "0.2917": {
              "lerp_mode": "catmullrom",
              "post": [0, 0, -15]
            }
          }
        },
        "ear3": {
          "rotation": {
            "0.0": {
              "lerp_mode": "catmullrom",
              "post": [0, 0, 0]
            },
            "0.125": {
              "lerp_mode": "catmullrom",
              "post": [0, 0, -27.06]
            },
            "0.2917": {
              "lerp_mode": "catmullrom",
              "post": [0, 0, 12.5]
            }
          }
        },
        "fluff": {
          "rotation": {
            "0.0": {
              "lerp_mode": "catmullrom",
              "post": [0, 0, 0]
            },
            "0.0833": {
              "lerp_mode": "catmullrom",
              "post": [0, 0, -22.5]
            },
            "0.25": {
              "lerp_mode": "catmullrom",
              "post": [0, 0, 7.5]
            }
          }
        },
        "fluff4": {
          "rotation": {
            "0.0": {
              "lerp_mode": "catmullrom",
              "post": [0, 0, 0]
            },
            "0.0833": {
              "lerp_mode": "catmullrom",
              "post": [0, 0, 17.5]
            },
            "0.2083": {
              "lerp_mode": "catmullrom",
              "post": [0, 0, -7.5]
            }
          }
        },
        "head": {
          "rotation": {
            "0.0": {
              "lerp_mode": "catmullrom",
              "post": [0, 0, 0]
            },
            "0.125": {
              "lerp_mode": "catmullrom",
              "post": [10, 0, 0]
            },
            "0.2917": {
              "lerp_mode": "catmullrom",
              "post": [-31.22267, 8.20115, 4.36729]
            },
            "0.5": {
              "lerp_mode": "catmullrom",
              "post": [27.95, 0, 0]
            },
            "1.9167": {
              "lerp_mode": "catmullrom",
              "post": [0, 0, 0]
            },
            "2.2083": {
              "lerp_mode": "catmullrom",
              "post": [27.5, 0, 0]
            }
          }
        },
        "houndstone": {
          "position": {
            "0.0": {
              "lerp_mode": "catmullrom",
              "post": [0, 0, 0]
            },
            "0.125": {
              "lerp_mode": "catmullrom",
              "post": [0, 0, 0]
            },
            "0.3333": {
              "lerp_mode": "catmullrom",
              "post": [0, 17, 0]
            },
            "0.5417": {
              "lerp_mode": "catmullrom",
              "post": [0, 22, 0]
            },
            "0.8333": {
              "lerp_mode": "catmullrom",
              "post": [0, -61, 0]
            },
            "1.5": {
              "lerp_mode": "catmullrom",
              "post": [0, -61, 0]
            },
            "1.5417": {
              "lerp_mode": "catmullrom",
              "post": [0, -83, 3]
            },
            "1.75": {
              "lerp_mode": "catmullrom",
              "post": [0, -101, 13]
            },
            "2.2083": {
              "lerp_mode": "catmullrom",
              "post": [0, -52, 13]
            }
          },
          "rotation": {
            "0.0": {
              "lerp_mode": "catmullrom",
              "post": [0, 0, 0]
            },
            "0.125": {
              "lerp_mode": "catmullrom",
              "post": [2.5, 0, 0]
            },
            "0.25": {
              "lerp_mode": "catmullrom",
              "post": [-17.5, 0, 0]
            },
            "0.5833": {
              "lerp_mode": "catmullrom",
              "post": [82.5, 0, 0]
            },
            "1.5": {
              "lerp_mode": "catmullrom",
              "post": [82.5, 0, 0]
            },
            "1.75": {
              "lerp_mode": "catmullrom",
              "post": [2.5, 0, 0]
            },
            "2.2083": {
              "lerp_mode": "catmullrom",
              "post": [-25, 0, 0]
            }
          }
        },
        "jaw": {
          "rotation": {
            "0.0": {
              "lerp_mode": "catmullrom",
              "post": [0, 0, 0]
            },
            "0.125": {
              "lerp_mode": "catmullrom",
              "post": [-37.5, 0, 0]
            },
            "0.2917": {
              "lerp_mode": "catmullrom",
              "post": [-17.5, 0, 0]
            }
          }
        },
        "leftleg": {
          "rotation": {
            "0.0": {
              "lerp_mode": "catmullrom",
              "post": [0, 0, 0]
            },
            "0.1667": {
              "lerp_mode": "catmullrom",
              "post": [27.5, 0, 0]
            },
            "0.375": {
              "lerp_mode": "catmullrom",
              "post": [-37.5, 0, 0]
            }
          }
        },
        "leftleg2": {
          "rotation": {
            "0.0": {
              "lerp_mode": "catmullrom",
              "post": [0, 0, 0]
            },
            "0.125": {
              "lerp_mode": "catmullrom",
              "post": [10, 0, 0]
            },
            "0.2917": {
              "lerp_mode": "catmullrom",
              "post": [47.5, 0, 0]
            }
          }
        },
        "rightleg": {
          "rotation": {
            "0.0": {
              "lerp_mode": "catmullrom",
              "post": [0, 0, 0]
            },
            "0.1667": {
              "lerp_mode": "catmullrom",
              "post": [27.5, 0, 0]
            },
            "0.375": {
              "lerp_mode": "catmullrom",
              "post": [-42.5, 0, 0]
            }
          }
        },
        "rightleg2": {
          "rotation": {
            "0.0": {
              "lerp_mode": "catmullrom",
              "post": [0, 0, 0]
            },
            "0.2917": {
              "lerp_mode": "catmullrom",
              "post": [41.82197, -0.29954, 0.14146]
            }
          }
        },
        "tail": {
          "rotation": {
            "0.0": {
              "lerp_mode": "catmullrom",
              "post": [0, 0, 0]
            },
            "0.125": {
              "lerp_mode": "catmullrom",
              "post": [35, 0, 0]
            },
            "0.1667": {
              "lerp_mode": "catmullrom",
              "post": [42.5, 0, 0]
            },
            "0.4167": {
              "lerp_mode": "catmullrom",
              "post": [-72.5, 0, 0]
            },
            "0.5417": {
              "lerp_mode": "catmullrom",
              "post": [-80, 0, 0]
            },
            "0.75": {
              "lerp_mode": "catmullrom",
              "post": [-15, 0, 0]
            },
            "0.9167": {
              "lerp_mode": "catmullrom",
              "post": [12.5, 0, 0]
            }
          }
        },
        "tail2": {
          "rotation": {
            "0.0": {
              "lerp_mode": "catmullrom",
              "post": [0, 0, 0]
            },
            "0.125": {
              "lerp_mode": "catmullrom",
              "post": [-17.5, 0, 0]
            },
            "0.25": {
              "lerp_mode": "catmullrom",
              "post": [67.5, 0, 0]
            },
            "0.375": {
              "lerp_mode": "catmullrom",
              "post": [-22.5, 0, 0]
            },
            "0.5417": {
              "lerp_mode": "catmullrom",
              "post": [-45, 0, 0]
            },
            "0.7083": {
              "lerp_mode": "catmullrom",
              "post": [-2.5, 0, 0]
            }
          }
        }
      }
    },
    "animation.houndstone.ground_idle": {
      "animation_length": 4,
      "bones": {
        "body": {
          "position": {
            "0.0": {
              "lerp_mode": "catmullrom",
              "post": [0, 0, 0]
            },
            "1.0": {
              "lerp_mode": "catmullrom",
              "post": [0, -1, 0]
            },
            "3.0": {
              "lerp_mode": "catmullrom",
              "post": [0, 1, 0]
            },
            "4.0": {
              "lerp_mode": "catmullrom",
              "post": [0, 0, 0]
            }
          },
          "rotation": {
            "0.0": {
              "lerp_mode": "catmullrom",
              "post": [0, 0, 0]
            },
            "1.0833": {
              "lerp_mode": "catmullrom",
              "post": [-2.5, 0, 0]
            },
            "2.75": {
              "lerp_mode": "catmullrom",
              "post": [2.5, 0, 0]
            },
            "4.0": {
              "lerp_mode": "catmullrom",
              "post": [0, 0, 0]
            }
          }
        },
        "ear": {
          "rotation": {
            "0.0": {
              "lerp_mode": "catmullrom",
              "post": [0, 0, 0]
            },
            "1.625": {
              "lerp_mode": "catmullrom",
              "post": [0, 0, 10]
            },
            "2.8333": {
              "lerp_mode": "catmullrom",
              "post": [0, 0, -2.5]
            },
            "4.0": {
              "lerp_mode": "catmullrom",
              "post": [0, 0, 0]
            }
          }
        },
        "ear3": {
          "rotation": {
            "0.0": {
              "lerp_mode": "catmullrom",
              "post": [0, 0, 0]
            },
            "1.2083": {
              "lerp_mode": "catmullrom",
              "post": [0, 0, -10]
            },
            "2.4583": {
              "lerp_mode": "catmullrom",
              "post": [0, 0, 10]
            },
            "4.0": {
              "lerp_mode": "catmullrom",
              "post": [0, 0, 0]
            }
          }
        },
        "ear4": {
          "rotation": {
            "0.0": {
              "lerp_mode": "catmullrom",
              "post": [0, 0, 0]
            },
            "0.4583": {
              "lerp_mode": "catmullrom",
              "post": [0, 0, 7.5]
            },
            "0.7083": {
              "lerp_mode": "catmullrom",
              "post": [0, 0, 12.5]
            },
            "1.9167": {
              "lerp_mode": "catmullrom",
              "post": [0, 0, -27.5]
            },
            "2.5417": {
              "lerp_mode": "catmullrom",
              "post": [0, 0, -30]
            },
            "3.2083": {
              "lerp_mode": "catmullrom",
              "post": [0, 0, 0]
            },
            "4.0": {
              "lerp_mode": "catmullrom",
              "post": [0, 0, 0]
            }
          }
        },
        "ear6": {
          "rotation": {
            "0.0": {
              "lerp_mode": "catmullrom",
              "post": [0, 0, 0]
            },
            "1.1667": {
              "lerp_mode": "catmullrom",
              "post": [0, 0, 10]
            },
            "1.7917": {
              "lerp_mode": "catmullrom",
              "post": [0, 0, 12.5]
            },
            "2.7083": {
              "lerp_mode": "catmullrom",
              "post": [0, 0, -27.5]
            },
            "3.1667": {
              "lerp_mode": "catmullrom",
              "post": [0, 0, -50]
            },
            "4.0": {
              "lerp_mode": "catmullrom",
              "post": [0, 0, 0]
            }
          }
        },
        "earfur": {
          "rotation": {
            "0.0": {
              "lerp_mode": "catmullrom",
              "post": [0, 0, 17.5]
            },
            "0.5": {
              "lerp_mode": "catmullrom",
              "post": [0, 0, -5]
            },
            "1.4583": {
              "lerp_mode": "catmullrom",
              "post": [0, 0, 7.5]
            },
            "2.5417": {
              "lerp_mode": "catmullrom",
              "post": [0, 0, -2.5]
            },
            "4.0": {
              "lerp_mode": "catmullrom",
              "post": [0, 0, 17.5]
            }
          }
        },
        "earfur2": {
          "rotation": {
            "0.0": {
              "lerp_mode": "catmullrom",
              "post": [0, 0, 0]
            },
            "0.2917": {
              "lerp_mode": "catmullrom",
              "post": [0, 0, 15]
            },
            "0.8333": {
              "lerp_mode": "catmullrom",
              "post": [0, 0, -15]
            },
            "1.3333": {
              "lerp_mode": "catmullrom",
              "post": [0, 0, -17.5]
            },
            "2.4167": {
              "lerp_mode": "catmullrom",
              "post": [0, 0, 15]
            },
            "3.1667": {
              "lerp_mode": "catmullrom",
              "post": [0, 0, -22.5]
            },
            "4.0": {
              "lerp_mode": "catmullrom",
              "post": [0, 0, 0]
            }
          }
        },
        "earfur3": {
          "rotation": {
            "0.0": {
              "lerp_mode": "catmullrom",
              "post": [0, 0, 0]
            },
            "0.2917": {
              "lerp_mode": "catmullrom",
              "post": [0, 0, 30]
            },
            "0.5833": {
              "lerp_mode": "catmullrom",
              "post": [0, 0, 32.5]
            },
            "0.9583": {
              "lerp_mode": "catmullrom",
              "post": [0, 0, -25]
            },
            "1.5": {
              "lerp_mode": "catmullrom",
              "post": [0, 0, -32.5]
            },
            "2.0417": {
              "lerp_mode": "catmullrom",
              "post": [0, 0, -5]
            },
            "3.0": {
              "lerp_mode": "catmullrom",
              "post": [0, 0, -2.5]
            },
            "3.4583": {
              "lerp_mode": "catmullrom",
              "post": [0, 0, -30]
            },
            "4.0": {
              "lerp_mode": "catmullrom",
              "post": [0, 0, 0]
            }
          }
        },
        "earfur4": {
          "rotation": {
            "0.0": {
              "lerp_mode": "catmullrom",
              "post": [0, 0, 0]
            },
            "0.4583": {
              "lerp_mode": "catmullrom",
              "post": [0, 0, 12.5]
            },
            "0.9583": {
              "lerp_mode": "catmullrom",
              "post": [0, 0, 17.5]
            },
            "1.625": {
              "lerp_mode": "catmullrom",
              "post": [0, 0, -12.5]
            },
            "2.5": {
              "lerp_mode": "catmullrom",
              "post": [0, 0, -17.5]
            },
            "3.125": {
              "lerp_mode": "catmullrom",
              "post": [0, 0, 15]
            },
            "4.0": {
              "lerp_mode": "catmullrom",
              "post": [0, 0, 0]
            }
          }
        },
        "fluff": {
          "rotation": {
            "0.0": {
              "lerp_mode": "catmullrom",
              "post": [0, 0, 0]
            },
            "2.0": {
              "lerp_mode": "catmullrom",
              "post": [0, 0, -7.5]
            },
            "4.0": {
              "lerp_mode": "catmullrom",
              "post": [0, 0, 0]
            }
          }
        },
        "fluff2": {
          "rotation": {
            "0.0": {
              "lerp_mode": "catmullrom",
              "post": [0, 0, 0]
            },
            "1.0": {
              "lerp_mode": "catmullrom",
              "post": [0, 0, 15]
            },
            "3.0": {
              "lerp_mode": "catmullrom",
              "post": [0, 0, -5]
            },
            "4.0": {
              "lerp_mode": "catmullrom",
              "post": [0, 0, 0]
            }
          }
        },
        "fluff3": {
          "rotation": {
            "0.0": {
              "lerp_mode": "catmullrom",
              "post": [0, 0, 0]
            },
            "0.9583": {
              "lerp_mode": "catmullrom",
              "post": [0, 0, 25]
            },
            "1.7083": {
              "lerp_mode": "catmullrom",
              "post": [0, 0, 27.5]
            },
            "2.5833": {
              "lerp_mode": "catmullrom",
              "post": [0, 0, -20]
            },
            "2.875": {
              "lerp_mode": "catmullrom",
              "post": [0, 0, -22.5]
            },
            "4.0": {
              "lerp_mode": "catmullrom",
              "post": [0, 0, 0]
            }
          }
        },
        "fluff4": {
          "rotation": {
            "0.0": {
              "lerp_mode": "catmullrom",
              "post": [0, 0, 0]
            },
            "2.0": {
              "lerp_mode": "catmullrom",
              "post": [0, 0, 7.5]
            },
            "4.0": {
              "lerp_mode": "catmullrom",
              "post": [0, 0, 0]
            }
          }
        },
        "fluff5": {
          "rotation": {
            "0.0": {
              "lerp_mode": "catmullrom",
              "post": [0, 0, 0]
            },
            "1.0": {
              "lerp_mode": "catmullrom",
              "post": [0, 0, -20]
            },
            "3.0": {
              "lerp_mode": "catmullrom",
              "post": [0, 0, 10]
            },
            "4.0": {
              "lerp_mode": "catmullrom",
              "post": [0, 0, 0]
            }
          }
        },
        "fluff6": {
          "rotation": {
            "0.0": {
              "lerp_mode": "catmullrom",
              "post": [0, 0, 0]
            },
            "0.6667": {
              "lerp_mode": "catmullrom",
              "post": [0, 0, -20]
            },
            "1.5": {
              "lerp_mode": "catmullrom",
              "post": [0, 0, -22.5]
            },
            "2.7083": {
              "lerp_mode": "catmullrom",
              "post": [0, 0, 7.5]
            },
            "4.0": {
              "lerp_mode": "catmullrom",
              "post": [0, 0, 0]
            }
          }
        },
        "head": {
          "rotation": {
            "0.0": {
              "lerp_mode": "catmullrom",
              "post": [2.49609, -0.1346, 4.99819]
            },
            "1.0": {
              "lerp_mode": "catmullrom",
              "post": [1.24564, 0.0208, 1.2522]
            },
            "2.0": {
              "lerp_mode": "catmullrom",
              "post": [4.99519, 0.17621, -2.49379]
            },
            "3.0": {
              "lerp_mode": "catmullrom",
              "post": [-3.75436, 0.0208, 1.2522]
            },
            "4.0": {
              "lerp_mode": "catmullrom",
              "post": [2.49609, -0.1346, 4.99819]
            }
          }
        },
        "jaw": {
          "rotation": {
            "0.0": {
              "lerp_mode": "catmullrom",
              "post": [-22.5, 0, 0]
            },
            "0.4167": {
              "lerp_mode": "catmullrom",
              "post": [-15.28, 0, 0]
            },
            "1.375": {
              "lerp_mode": "catmullrom",
              "post": [-32.5, 0, 0]
            },
            "2.3333": {
              "lerp_mode": "catmullrom",
              "post": [-17.5, 0, 0]
            },
            "3.2917": {
              "lerp_mode": "catmullrom",
              "post": [-30, 0, 0]
            },
            "4.0": {
              "lerp_mode": "catmullrom",
              "post": [-22.5, 0, 0]
            }
          }
        },
        "leftleg": {
          "position": {
            "0.0": {
              "lerp_mode": "catmullrom",
              "post": [0, 0, 0]
            },
            "0.3333": {
              "lerp_mode": "catmullrom",
              "post": [0, 2, 0]
            },
            "1.0": {
              "lerp_mode": "catmullrom",
              "post": [0, 0, 0]
            }
          },
          "rotation": {
            "0.0": {
              "lerp_mode": "catmullrom",
              "post": [0, 0, 0]
            },
            "0.375": {
              "lerp_mode": "catmullrom",
              "post": [7.5, 0, 0]
            },
            "0.75": {
              "lerp_mode": "catmullrom",
              "post": [-7.5, 0, 0]
            },
            "1.3333": {
              "lerp_mode": "catmullrom",
              "post": [0, 0, 0]
            }
          }
        },
        "rightleg": {
          "rotation": {
            "0.0": {
              "lerp_mode": "catmullrom",
              "post": [0, 35, 0]
            }
          }
        },
        "tail": {
          "rotation": {
            "0.0": {
              "lerp_mode": "catmullrom",
              "post": [0, 0, 0]
            },
            "0.7083": {
              "lerp_mode": "catmullrom",
              "post": [12.5, 0, 0]
            },
            "1.875": {
              "lerp_mode": "catmullrom",
              "post": [-5, 0, 0]
            },
            "2.4583": {
              "lerp_mode": "catmullrom",
              "post": [-7.5, 0, 0]
            },
            "4.0": {
              "lerp_mode": "catmullrom",
              "post": [0, 0, 0]
            }
          }
        },
        "tail2": {
          "rotation": {
            "0.0": {
              "lerp_mode": "catmullrom",
              "post": [5, 0, 0]
            },
            "1.1667": {
              "lerp_mode": "catmullrom",
              "post": [15, 0, 0]
            },
            "2.125": {
              "lerp_mode": "catmullrom",
              "post": [-17.5, 0, 0]
            },
            "3.3333": {
              "lerp_mode": "catmullrom",
              "post": [0, 0, 0]
            },
            "4.0": {
              "lerp_mode": "catmullrom",
              "post": [5, 0, 0]
            }
          }
        }
      },
      "loop": true
    },
    "animation.houndstone.ground_walk": {
      "animation_length": 2.625,
      "bones": {
        "body": {
          "position": {
            "0.0": {
              "lerp_mode": "catmullrom",
              "post": [0, 0, 0]
            },
            "1.0": {
              "lerp_mode": "catmullrom",
              "post": [0, 1.7, 0]
            },
            "1.1667": {
              "lerp_mode": "catmullrom",
              "post": [0, -0.6, 0]
            },
            "2.5": {
              "lerp_mode": "catmullrom",
              "post": [0, 1.7, 0]
            },
            "2.625": {
              "lerp_mode": "catmullrom",
              "post": [0, 0, 0]
            }
          },
          "rotation": {
            "0.0": {
              "lerp_mode": "catmullrom",
              "post": [0, 0, 0]
            },
            "0.5": {
              "lerp_mode": "catmullrom",
              "post": [-0.10912, 2.49762, -2.50238]
            },
            "0.9583": {
              "lerp_mode": "catmullrom",
              "post": [0.00174, -0.03996, -2.5]
            },
            "1.4583": {
              "lerp_mode": "catmullrom",
              "post": [-0.14011, -1.6083, 4.10198]
            },
            "2.0": {
              "lerp_mode": "catmullrom",
              "post": [-0.10912, -2.49762, 2.50238]
            },
            "2.625": {
              "lerp_mode": "catmullrom",
              "post": [0, 0, 0]
            }
          }
        },
        "ear": {
          "rotation": {
            "0.0": {
              "lerp_mode": "catmullrom",
              "post": [0, 0, 5]
            },
            "0.4167": {
              "lerp_mode": "catmullrom",
              "post": [0, 0, -7.5]
            },
            "0.875": {
              "lerp_mode": "catmullrom",
              "post": [0, 0, -9.53]
            },
            "1.0833": {
              "lerp_mode": "catmullrom",
              "post": [0, 0, 0]
            },
            "1.375": {
              "lerp_mode": "catmullrom",
              "post": [0, 0, -10]
            },
            "2.375": {
              "lerp_mode": "catmullrom",
              "post": [0, 0, -7.5]
            },
            "2.625": {
              "lerp_mode": "catmullrom",
              "post": [0, 0, 5]
            }
          }
        },
        "ear2": {
          "rotation": {
            "0.0": {
              "lerp_mode": "catmullrom",
              "post": [0, 0, -30]
            },
            "0.2083": {
              "lerp_mode": "catmullrom",
              "post": [0, 0, 7.5]
            },
            "0.4167": {
              "lerp_mode": "catmullrom",
              "post": [0, 0, -22.5]
            },
            "0.75": {
              "lerp_mode": "catmullrom",
              "post": [0, 0, -7.5]
            },
            "1.0": {
              "lerp_mode": "catmullrom",
              "post": [0, 0, -25]
            },
            "1.2917": {
              "lerp_mode": "catmullrom",
              "post": [0, 0, 0]
            },
            "1.5833": {
              "lerp_mode": "catmullrom",
              "post": [0, 0, -20]
            },
            "1.875": {
              "lerp_mode": "catmullrom",
              "post": [0, 0, -10]
            },
            "2.4167": {
              "lerp_mode": "catmullrom",
              "post": [0, 0, -12.5]
            },
            "2.625": {
              "lerp_mode": "catmullrom",
              "post": [0, 0, -30]
            }
          }
        },
        "ear3": {
          "rotation": {
            "0.0": {
              "lerp_mode": "catmullrom",
              "post": [0, 0, -2.5]
            },
            "0.0833": {
              "lerp_mode": "catmullrom",
              "post": [0, 0, -5]
            },
            "0.2917": {
              "lerp_mode": "catmullrom",
              "post": [0, 0, 7.5]
            },
            "0.5833": {
              "lerp_mode": "catmullrom",
              "post": [0, 0, 2.5]
            },
            "1.0417": {
              "lerp_mode": "catmullrom",
              "post": [0, 0, 5]
            },
            "1.2083": {
              "lerp_mode": "catmullrom",
              "post": [0, 0, -12.5]
            },
            "1.3333": {
              "lerp_mode": "catmullrom",
              "post": [0, 0, 7.5]
            },
            "1.5": {
              "lerp_mode": "catmullrom",
              "post": [0, 0, 2.5]
            },
            "2.375": {
              "lerp_mode": "catmullrom",
              "post": [0, 0, 5]
            },
            "2.625": {
              "lerp_mode": "catmullrom",
              "post": [0, 0, -2.5]
            }
          }
        },
        "ear4": {
          "rotation": {
            "0.0": {
              "lerp_mode": "catmullrom",
              "post": [0, 0, 0]
            },
            "0.25": {
              "lerp_mode": "catmullrom",
              "post": [0, 0, -10]
            },
            "0.4167": {
              "lerp_mode": "catmullrom",
              "post": [0, 0, 5]
            },
            "0.625": {
              "lerp_mode": "catmullrom",
              "post": [0, 0, -7.5]
            },
            "1.25": {
              "lerp_mode": "catmullrom",
              "post": [0, 0, -25]
            },
            "1.375": {
              "lerp_mode": "catmullrom",
              "post": [0, 0, -2.5]
            },
            "1.5833": {
              "lerp_mode": "catmullrom",
              "post": [0, 0, -15]
            },
            "1.7083": {
              "lerp_mode": "catmullrom",
              "post": [0, 0, -12.5]
            },
            "2.375": {
              "lerp_mode": "catmullrom",
              "post": [0, 0, -7.5]
            },
            "2.625": {
              "lerp_mode": "catmullrom",
              "post": [0, 0, 0]
            }
          }
        },
        "ear5": {
          "rotation": {
            "0.0": {
              "lerp_mode": "catmullrom",
              "post": [0, 0, 0]
            },
            "0.1667": {
              "lerp_mode": "catmullrom",
              "post": [0, 0, 17.5]
            },
            "0.3333": {
              "lerp_mode": "catmullrom",
              "post": [0, 0, -2.5]
            },
            "0.5417": {
              "lerp_mode": "catmullrom",
              "post": [0, 0, 22.5]
            },
            "0.875": {
              "lerp_mode": "catmullrom",
              "post": [0, 0, 12.5]
            },
            "1.2083": {
              "lerp_mode": "catmullrom",
              "post": [0, 0, 40]
            },
            "1.3333": {
              "lerp_mode": "catmullrom",
              "post": [0, 0, -7.5]
            },
            "1.5417": {
              "lerp_mode": "catmullrom",
              "post": [0, 0, 42.5]
            },
            "1.875": {
              "lerp_mode": "catmullrom",
              "post": [0, 0, 12.5]
            },
            "2.625": {
              "lerp_mode": "catmullrom",
              "post": [0, 0, 0]
            }
          }
        },
        "ear6": {
          "rotation": {
            "0.0": {
              "lerp_mode": "catmullrom",
              "post": [0, 0, 0]
            },
            "0.125": {
              "lerp_mode": "catmullrom",
              "post": [0, 0, 17.5]
            },
            "0.2917": {
              "lerp_mode": "catmullrom",
              "post": [0, 0, -40]
            },
            "0.4167": {
              "lerp_mode": "catmullrom",
              "post": [0, 0, -57.5]
            },
            "0.625": {
              "lerp_mode": "catmullrom",
              "post": [0, 0, 7.5]
            },
            "0.9167": {
              "lerp_mode": "catmullrom",
              "post": [0, 0, 12.5]
            },
            "1.0833": {
              "lerp_mode": "catmullrom",
              "post": [0, 0, -52.5]
            },
            "1.2083": {
              "lerp_mode": "catmullrom",
              "post": [0, 0, -60]
            },
            "1.375": {
              "lerp_mode": "catmullrom",
              "post": [0, 0, -10]
            },
            "2.0": {
              "lerp_mode": "catmullrom",
              "post": [0, 0, -5]
            },
            "2.625": {
              "lerp_mode": "catmullrom",
              "post": [0, 0, 0]
            }
          }
        },
        "earfur3": {
          "rotation": {
            "0.0": {
              "lerp_mode": "catmullrom",
              "post": [0, 0, 0]
            },
            "0.125": {
              "lerp_mode": "catmullrom",
              "post": [-3.70103, -2.56707, -14.7339]
            },
            "0.3333": {
              "lerp_mode": "catmullrom",
              "post": [-3.37144, 2.12081, 50.64074]
            },
            "0.5": {
              "lerp_mode": "catmullrom",
              "post": [-3.25186, -2.30008, -16.73154]
            },
            "0.9167": {
              "lerp_mode": "catmullrom",
              "post": [11.34522, 2.582, 36.89102]
            },
            "1.0417": {
              "lerp_mode": "catmullrom",
              "post": [7.35108, 8.12998, 1.98437]
            },
            "1.25": {
              "lerp_mode": "catmullrom",
              "post": [10.39388, 3.42462, 31.56874]
            },
            "1.5": {
              "lerp_mode": "catmullrom",
              "post": [10.74668, 2.0469, 38.94972]
            },
            "1.8333": {
              "lerp_mode": "catmullrom",
              "post": [7.96683, 7.2035, 7.8543]
            },
            "2.625": {
              "lerp_mode": "catmullrom",
              "post": [0, 0, 0]
            }
          }
        },
        "earfur4": {
          "rotation": {
            "0.0": {
              "lerp_mode": "catmullrom",
              "post": [0, 0, 0]
            },
            "0.1667": {
              "lerp_mode": "catmullrom",
              "post": [0, 0, -17.5]
            },
            "0.375": {
              "lerp_mode": "catmullrom",
              "post": [0, 0, -20]
            },
            "0.5833": {
              "lerp_mode": "catmullrom",
              "post": [0, 0, 15]
            },
            "0.7917": {
              "lerp_mode": "catmullrom",
              "post": [0, 0, 17.5]
            },
            "1.0": {
              "lerp_mode": "catmullrom",
              "post": [0, 0, -2.5]
            },
            "1.25": {
              "lerp_mode": "catmullrom",
              "post": [0, 0, 20]
            },
            "1.375": {
              "lerp_mode": "catmullrom",
              "post": [0, 0, -32.5]
            },
            "1.5417": {
              "lerp_mode": "catmullrom",
              "post": [0, 0, -5]
            },
            "1.7917": {
              "lerp_mode": "catmullrom",
              "post": [0, 0, 7.5]
            },
            "2.625": {
              "lerp_mode": "catmullrom",
              "post": [0, 0, 0]
            }
          }
        },
        "fluff": {
          "rotation": {
            "0.0": {
              "lerp_mode": "catmullrom",
              "post": [0, 0, -5]
            },
            "0.1667": {
              "lerp_mode": "catmullrom",
              "post": [0, 0, 3.7]
            },
            "0.25": {
              "lerp_mode": "catmullrom",
              "post": [0, 0, 1.08]
            },
            "1.0417": {
              "lerp_mode": "catmullrom",
              "post": [0, 0, 2.5]
            },
            "1.1667": {
              "lerp_mode": "catmullrom",
              "post": [0, 0, -2.5]
            },
            "1.3333": {
              "lerp_mode": "catmullrom",
              "post": [0, 0, 5]
            },
            "1.4583": {
              "lerp_mode": "catmullrom",
              "post": [0, 0, 2.5]
            },
            "2.5": {
              "lerp_mode": "catmullrom",
              "post": [0, 0, 2.5]
            },
            "2.625": {
              "lerp_mode": "catmullrom",
              "post": [0, 0, -5]
            }
          }
        },
        "fluff2": {
          "rotation": {
            "0.0": {
              "lerp_mode": "catmullrom",
              "post": [0, 0, 12.5]
            },
            "0.1667": {
              "lerp_mode": "catmullrom",
              "post": [0, 0, -15]
            },
            "0.375": {
              "lerp_mode": "catmullrom",
              "post": [0, 0, 25]
            },
            "0.5417": {
              "lerp_mode": "catmullrom",
              "post": [0, 0, 2.5]
            },
            "1.0": {
              "lerp_mode": "catmullrom",
              "post": [0, 0, 2.5]
            },
            "1.1667": {
              "lerp_mode": "catmullrom",
              "post": [0, 0, 30]
            },
            "1.3333": {
              "lerp_mode": "catmullrom",
              "post": [0, 0, -40]
            },
            "1.5": {
              "lerp_mode": "catmullrom",
              "post": [0, 0, -10]
            },
            "2.5": {
              "lerp_mode": "catmullrom",
              "post": [0, 0, -10]
            },
            "2.625": {
              "lerp_mode": "catmullrom",
              "post": [0, 0, 12.5]
            }
          }
        },
        "fluff3": {
          "rotation": {
            "0.0": {
              "lerp_mode": "catmullrom",
              "post": [0, 0, 32.5]
            },
            "0.2083": {
              "lerp_mode": "catmullrom",
              "post": [0, 0, -37.5]
            },
            "0.4583": {
              "lerp_mode": "catmullrom",
              "post": [0, 0, 20]
            },
            "0.6667": {
              "lerp_mode": "catmullrom",
              "post": [0, 0, -2.5]
            },
            "0.875": {
              "lerp_mode": "catmullrom",
              "post": [0, 0, 17.5]
            },
            "1.0": {
              "lerp_mode": "catmullrom",
              "post": [0, 0, 17.5]
            },
            "1.1667": {
              "lerp_mode": "catmullrom",
              "post": [0, 0, 67.5]
            },
            "1.3333": {
              "lerp_mode": "catmullrom",
              "post": [0, 0, -57.5]
            },
            "1.5833": {
              "lerp_mode": "catmullrom",
              "post": [0, 0, 37.5]
            },
            "1.75": {
              "lerp_mode": "catmullrom",
              "post": [0, 0, 22.5]
            },
            "2.625": {
              "lerp_mode": "catmullrom",
              "post": [0, 0, 32.5]
            }
          }
        },
        "fluff4": {
          "rotation": {
            "0.0": {
              "lerp_mode": "catmullrom",
              "post": [0, 0, 5]
            },
            "0.125": {
              "lerp_mode": "catmullrom",
              "post": [0, 0, -3.08]
            },
            "0.3333": {
              "lerp_mode": "catmullrom",
              "post": [0, 0, 2.19]
            },
            "1.0833": {
              "lerp_mode": "catmullrom",
              "post": [0, 0, 0]
            },
            "1.1667": {
              "lerp_mode": "catmullrom",
              "post": [0, 0, 7.5]
            },
            "1.2917": {
              "lerp_mode": "catmullrom",
              "post": [0, 0, -5]
            },
            "1.4583": {
              "lerp_mode": "catmullrom",
              "post": [0, 0, 0]
            },
            "2.4583": {
              "lerp_mode": "catmullrom",
              "post": [0, 0, 0]
            },
            "2.625": {
              "lerp_mode": "catmullrom",
              "post": [0, 0, 5]
            }
          }
        },
        "fluff5": {
          "rotation": {
            "0.0": {
              "lerp_mode": "catmullrom",
              "post": [0, 0, 0]
            },
            "0.0833": {
              "lerp_mode": "catmullrom",
              "post": [0, 0, 27.5]
            },
            "0.1667": {
              "lerp_mode": "catmullrom",
              "post": [0, 0, -20]
            },
            "0.2917": {
              "lerp_mode": "catmullrom",
              "post": [0, 0, -27.5]
            },
            "0.5": {
              "lerp_mode": "catmullrom",
              "post": [0, 0, 20]
            },
            "0.75": {
              "lerp_mode": "catmullrom",
              "post": [0, 0, -5]
            },
            "1.0417": {
              "lerp_mode": "catmullrom",
              "post": [0, 0, -5]
            },
            "1.125": {
              "lerp_mode": "catmullrom",
              "post": [0, 0, -17.5]
            },
            "1.25": {
              "lerp_mode": "catmullrom",
              "post": [0, 0, 20]
            },
            "1.4167": {
              "lerp_mode": "catmullrom",
              "post": [0, 0, -12.5]
            }
          }
        },
        "fluff6": {
          "rotation": {
            "0.0": {
              "lerp_mode": "catmullrom",
              "post": [0, 0, 0]
            },
            "0.1667": {
              "lerp_mode": "catmullrom",
              "post": [0, 0, 30]
            },
            "0.3333": {
              "lerp_mode": "catmullrom",
              "post": [0, 0, -25]
            },
            "0.625": {
              "lerp_mode": "catmullrom",
              "post": [0, 0, -2.5]
            },
            "0.9167": {
              "lerp_mode": "catmullrom",
              "post": [0, 0, -15]
            },
            "1.0833": {
              "lerp_mode": "catmullrom",
              "post": [0, 0, -15]
            },
            "1.1667": {
              "lerp_mode": "catmullrom",
              "post": [0, 0, -37.5]
            },
            "1.2917": {
              "lerp_mode": "catmullrom",
              "post": [0, 0, 2.5]
            },
            "1.4583": {
              "lerp_mode": "catmullrom",
              "post": [0, 0, -27.5]
            },
            "1.5833": {
              "lerp_mode": "catmullrom",
              "post": [0, 0, -2.5]
            },
            "2.625": {
              "lerp_mode": "catmullrom",
              "post": [0, 0, 0]
            }
          }
        },
        "fur": {
          "rotation": {
            "0.0": {
              "lerp_mode": "catmullrom",
              "post": [0, 0, 10]
            },
            "0.1667": {
              "lerp_mode": "catmullrom",
              "post": [0, 0, -2.5]
            },
            "0.2917": {
              "lerp_mode": "catmullrom",
              "post": [0, 0, 2.5]
            },
            "1.0": {
              "lerp_mode": "catmullrom",
              "post": [0, 0, -5]
            },
            "1.1667": {
              "lerp_mode": "catmullrom",
              "post": [0, 0, 5]
            },
            "1.3333": {
              "lerp_mode": "catmullrom",
              "post": [0, 0, -7.5]
            },
            "1.6667": {
              "lerp_mode": "catmullrom",
              "post": [0, 0, -2.5]
            }
          }
        },
        "fur10": {
          "rotation": {
            "0.0": {
              "lerp_mode": "catmullrom",
              "post": [0, 0, -10]
            },
            "0.125": {
              "lerp_mode": "catmullrom",
              "post": [0, 0, 5]
            },
            "0.4583": {
              "lerp_mode": "catmullrom",
              "post": [0, 0, -2.5]
            },
            "1.0": {
              "lerp_mode": "catmullrom",
              "post": [0, 0, -2.5]
            },
            "1.125": {
              "lerp_mode": "catmullrom",
              "post": [0, 0, -10]
            },
            "1.2917": {
              "lerp_mode": "catmullrom",
              "post": [0, 0, 7.5]
            },
            "1.5": {
              "lerp_mode": "catmullrom",
              "post": [0, 0, 0]
            },
            "2.5": {
              "lerp_mode": "catmullrom",
              "post": [0, 0, 0]
            },
            "2.625": {
              "lerp_mode": "catmullrom",
              "post": [0, 0, -10]
            }
          }
        },
        "fur11": {
          "rotation": {
            "0.0": {
              "lerp_mode": "catmullrom",
              "post": [0, 0, 0]
            },
            "0.1667": {
              "lerp_mode": "catmullrom",
              "post": [0, 0, -25]
            },
            "0.3333": {
              "lerp_mode": "catmullrom",
              "post": [0, 0, 35]
            },
            "0.5": {
              "lerp_mode": "catmullrom",
              "post": [0, 0, 12.5]
            },
            "1.1667": {
              "lerp_mode": "catmullrom",
              "post": [0, 0, -22.5]
            },
            "1.2917": {
              "lerp_mode": "catmullrom",
              "post": [0, 0, -25]
            },
            "1.4583": {
              "lerp_mode": "catmullrom",
              "post": [0, 0, 15]
            },
            "1.625": {
              "lerp_mode": "catmullrom",
              "post": [0, 0, -5]
            },
            "2.625": {
              "lerp_mode": "catmullrom",
              "post": [0, 0, 0]
            }
          }
        },
        "fur2": {
          "rotation": {
            "0.0": {
              "lerp_mode": "catmullrom",
              "post": [0, 0, 0]
            },
            "0.125": {
              "lerp_mode": "catmullrom",
              "post": [0, 0, 17.5]
            },
            "0.2917": {
              "lerp_mode": "catmullrom",
              "post": [0, 0, -32.5]
            },
            "0.4167": {
              "lerp_mode": "catmullrom",
              "post": [0, 0, -2.5]
            },
            "1.0833": {
              "lerp_mode": "catmullrom",
              "post": [0, 0, -5]
            },
            "1.1667": {
              "lerp_mode": "catmullrom",
              "post": [0, 0, -22.5]
            },
            "1.25": {
              "lerp_mode": "catmullrom",
              "post": [0, 0, 25]
            },
            "1.5417": {
              "lerp_mode": "catmullrom",
              "post": [0, 0, -7.5]
            },
            "2.625": {
              "lerp_mode": "catmullrom",
              "post": [0, 0, 0]
            }
          }
        },
        "fur4": {
          "rotation": {
            "0.0": {
              "lerp_mode": "catmullrom",
              "post": [0, 0, -10]
            },
            "0.1667": {
              "lerp_mode": "catmullrom",
              "post": [0, 0, 2.5]
            },
            "0.375": {
              "lerp_mode": "catmullrom",
              "post": [0, 0, -2.5]
            },
            "1.0": {
              "lerp_mode": "catmullrom",
              "post": [0, 0, -2.5]
            },
            "1.1667": {
              "lerp_mode": "catmullrom",
              "post": [0, 0, -17.5]
            },
            "1.2917": {
              "lerp_mode": "catmullrom",
              "post": [0, 0, 7.5]
            },
            "1.4583": {
              "lerp_mode": "catmullrom",
              "post": [0, 0, -2.5]
            },
            "2.5417": {
              "lerp_mode": "catmullrom",
              "post": [0, 0, -2.5]
            },
            "2.625": {
              "lerp_mode": "catmullrom",
              "post": [0, 0, -10]
            }
          }
        },
        "fur5": {
          "rotation": {
            "0.0": {
              "lerp_mode": "catmullrom",
              "post": [0, 0, 0]
            },
            "0.1667": {
              "lerp_mode": "catmullrom",
              "post": [0, 0, -27.5]
            },
            "0.375": {
              "lerp_mode": "catmullrom",
              "post": [0, 0, 42.5]
            },
            "0.5417": {
              "lerp_mode": "catmullrom",
              "post": [0, 0, 12.5]
            },
            "0.9583": {
              "lerp_mode": "catmullrom",
              "post": [0, 0, 12.5]
            },
            "1.125": {
              "lerp_mode": "catmullrom",
              "post": [0, 0, 40]
            },
            "1.2917": {
              "lerp_mode": "catmullrom",
              "post": [0, 0, -35]
            },
            "1.4583": {
              "lerp_mode": "catmullrom",
              "post": [0, 0, 30]
            },
            "1.625": {
              "lerp_mode": "catmullrom",
              "post": [0, 0, -5]
            },
            "2.625": {
              "lerp_mode": "catmullrom",
              "post": [0, 0, 0]
            }
          }
        },
        "fur7": {
          "rotation": {
            "0.0": {
              "lerp_mode": "catmullrom",
              "post": [0, 0, 7.5]
            },
            "0.125": {
              "lerp_mode": "catmullrom",
              "post": [0, 0, -5]
            },
            "0.4167": {
              "lerp_mode": "catmullrom",
              "post": [0, 0, 0]
            },
            "0.5417": {
              "lerp_mode": "catmullrom",
              "post": [0, 0, -2.5]
            }
          }
        },
        "fur8": {
          "rotation": {
            "0.0": {
              "lerp_mode": "catmullrom",
              "post": [0, 0, 0]
            },
            "0.0833": {
              "lerp_mode": "catmullrom",
              "post": [0, 0, 22.5]
            },
            "0.2083": {
              "lerp_mode": "catmullrom",
              "post": [0, 0, -22.5]
            },
            "0.3333": {
              "lerp_mode": "catmullrom",
              "post": [0, 0, -2.5]
            },
            "1.0": {
              "lerp_mode": "catmullrom",
              "post": [0, 0, -2.5]
            },
            "1.0833": {
              "lerp_mode": "catmullrom",
              "post": [0, 0, 22.5]
            },
            "1.2083": {
              "lerp_mode": "catmullrom",
              "post": [0, 0, -15]
            },
            "1.4167": {
              "lerp_mode": "catmullrom",
              "post": [0, 0, 0]
            },
            "2.625": {
              "lerp_mode": "catmullrom",
              "post": [0, 0, 0]
            }
          }
        },
        "head": {
          "rotation": {
            "0.0": {
              "lerp_mode": "catmullrom",
              "post": [-2.5, 0, -2.5]
            },
            "0.1667": {
              "lerp_mode": "catmullrom",
              "post": [3.75, 0, -2.5]
            },
            "0.3333": {
              "lerp_mode": "catmullrom",
              "post": [0, 0, -2.5]
            },
            "1.0": {
              "lerp_mode": "catmullrom",
              "post": [0, 0, 2.44316]
            },
            "1.125": {
              "lerp_mode": "catmullrom",
              "post": [0, 0, 3.37]
            },
            "1.2083": {
              "lerp_mode": "catmullrom",
              "post": [-2.5, 0, 3.20694]
            },
            "1.3333": {
              "lerp_mode": "catmullrom",
              "post": [0.22059, 0, 2.70339]
            },
            "2.5417": {
              "lerp_mode": "catmullrom",
              "post": [0.01423, 0, -2.1643]
            },
            "2.625": {
              "lerp_mode": "catmullrom",
              "post": [-2.5, 0, -2.5]
            }
          }
        },
        "jaw": {
          "rotation": {
            "0.0": {
              "lerp_mode": "catmullrom",
              "post": [-22.5, 0, 0]
            },
            "0.125": {
              "lerp_mode": "catmullrom",
              "post": [-28.15, 0, 0]
            },
            "0.9583": {
              "lerp_mode": "catmullrom",
              "post": [-27.5, 0, 0]
            },
            "1.1667": {
              "lerp_mode": "catmullrom",
              "post": [-22.5, 0, 0]
            },
            "1.2917": {
              "lerp_mode": "catmullrom",
              "post": [-30, 0, 0]
            },
            "2.5": {
              "lerp_mode": "catmullrom",
              "post": [-30, 0, 0]
            },
            "2.625": {
              "lerp_mode": "catmullrom",
              "post": [-22.5, 0, 0]
            }
          }
        },
        "leftleg": {
          "position": {
            "0.0": {
              "lerp_mode": "catmullrom",
              "post": [0, 0, -6]
            },
            "1.2083": {
              "lerp_mode": "catmullrom",
              "post": [0, 2, -1]
            },
            "2.5": {
              "lerp_mode": "catmullrom",
              "post": [0, 7, -1]
            },
            "2.625": {
              "lerp_mode": "catmullrom",
              "post": [0, 0, -6]
            }
          },
          "rotation": {
            "0.0": {
              "lerp_mode": "catmullrom",
              "post": [0, 0, 0]
            },
            "1.2083": {
              "lerp_mode": "catmullrom",
              "post": [17.5, 0, 0]
            },
            "2.5": {
              "lerp_mode": "catmullrom",
              "post": [-25, 0, 0]
            },
            "2.625": {
              "lerp_mode": "catmullrom",
              "post": [0, 0, 0]
            }
          }
        },
        "leftleg2": {
          "position": {
            "0.0": {
              "lerp_mode": "catmullrom",
              "post": [0, 0, 3]
            },
            "1.0": {
              "lerp_mode": "catmullrom",
              "post": [0, 6, -5]
            },
            "1.125": {
              "lerp_mode": "catmullrom",
              "post": [0, -1, -8]
            },
            "2.625": {
              "lerp_mode": "catmullrom",
              "post": [0, 0, 3]
            }
          },
          "rotation": {
            "0.0": {
              "lerp_mode": "catmullrom",
              "post": [22.5, 0, 0]
            },
            "1.0": {
              "lerp_mode": "catmullrom",
              "post": [-12.5, 0, 0]
            },
            "1.2083": {
              "lerp_mode": "catmullrom",
              "post": [-2.5, 0, 0]
            },
            "2.625": {
              "lerp_mode": "catmullrom",
              "post": [22.5, 0, 0]
            }
          }
        },
        "rightleg": {
          "position": {
            "0.0": {
              "lerp_mode": "catmullrom",
              "post": [0, 2, 2]
            },
            "1.0": {
              "lerp_mode": "catmullrom",
              "post": [0, 8, 2]
            },
            "1.125": {
              "lerp_mode": "catmullrom",
              "post": [0, -0.31, 0]
            },
            "2.625": {
              "lerp_mode": "catmullrom",
              "post": [0, 2, 2]
            }
          },
          "rotation": {
            "0.0": {
              "lerp_mode": "catmullrom",
              "post": [30, 0, 0]
            },
            "1.0": {
              "lerp_mode": "catmullrom",
              "post": [-32.5, 0, 0]
            },
            "1.125": {
              "lerp_mode": "catmullrom",
              "post": [-0.19, 0, 0]
            },
            "2.625": {
              "lerp_mode": "catmullrom",
              "post": [30, 0, 0]
            }
          }
        },
        "rightleg2": {
          "position": {
            "0.0": {
              "lerp_mode": "catmullrom",
              "post": [0, 0, -7]
            },
            "1.0": {
              "lerp_mode": "catmullrom",
              "post": [0, 0, -3]
            },
            "2.5": {
              "lerp_mode": "catmullrom",
              "post": [0, 6, -5.26]
            },
            "2.625": {
              "lerp_mode": "catmullrom",
              "post": [0, 0, -7]
            }
          },
          "rotation": {
            "0.0": {
              "lerp_mode": "catmullrom",
              "post": [0, 0, 0]
            },
            "1.0": {
              "lerp_mode": "catmullrom",
              "post": [22.5, 0, 0]
            },
            "2.5": {
              "lerp_mode": "catmullrom",
              "post": [-7.5, 0, 0]
            },
            "2.625": {
              "lerp_mode": "catmullrom",
              "post": [0, 0, 0]
            }
          }
        },
        "tail": {
          "rotation": {
            "0.0": {
              "lerp_mode": "catmullrom",
              "post": [0, -22.5, 0]
            },
            "0.5": {
              "lerp_mode": "catmullrom",
              "post": [-10, 0, 0]
            },
            "1.25": {
              "lerp_mode": "catmullrom",
              "post": [4.60057, 14.95384, 1.18952]
            },
            "2.0": {
              "lerp_mode": "catmullrom",
              "post": [-5, 0, 0]
            },
            "2.625": {
              "lerp_mode": "catmullrom",
              "post": [0, -22.5, 0]
            }
          }
        },
        "tail2": {
          "rotation": {
            "0.0": {
              "lerp_mode": "catmullrom",
              "post": [0, -22.5, 0]
            },
            "0.4167": {
              "lerp_mode": "catmullrom",
              "post": [0, -25, 0]
            },
            "0.7917": {
              "lerp_mode": "catmullrom",
              "post": [0, 10, 0]
            },
            "1.2083": {
              "lerp_mode": "catmullrom",
              "post": [-4.82333, 11.94324, 0]
            },
            "1.625": {
              "lerp_mode": "catmullrom",
              "post": [0, 17.5, 0]
            },
            "2.125": {
              "lerp_mode": "catmullrom",
              "post": [0, 22.5, 0]
            },
            "2.625": {
              "lerp_mode": "catmullrom",
              "post": [0, -22.5, 0]
            }
          }
        }
      },
      "loop": true
    },
    "animation.houndstone.sleep": {
      "bones": {
        "body": {
          "position": [0, -5, -18]
        },
        "head": {
          "rotation": [27.5, 0, 0]
        },
        "houndstone": {
          "position": [0, -61, 25],
          "rotation": [-30, 0, 0]
        }
      },
      "loop": true
    }
  },
  "format_version": "1.8.0"
}