{
  "animations": {
    "animation.darmanitan_galar_zen.battle_idle": {
      "animation_length": 1.5476,
      "bones": {
        "body": {
          "position": {
            "0.0": {
              "lerp_mode": "catmullrom",
              "post": [-5, 0, 0]
            },
            "0.3571": {
              "lerp_mode": "catmullrom",
              "post": [0, 17, 0]
            },
            "0.5357": [5, 0, 0],
            "0.7143": [5, 0, 0],
            "0.7738": [4.77044, 0.78052, 0],
            "0.8333": [4.23549, 2.59932, 0],
            "0.8929": [3.52834, 5.00364, 0],
            "0.9524": [2.72551, 7.73325, 0],
            "1.0119": [1.88527, 10.59008, 0],
            "1.0714": [1.06809, 13.36851, 0],
            "1.131": [0.36485, 15.7595, 0],
            "1.1905": {
              "lerp_mode": "catmullrom",
              "post": [0, 17, 0],
              "pre": [0, 17, 0]
            },
            "1.369": {
              "lerp_mode": "catmullrom",
              "post": [-5, 0, 0]
            },
            "1.5476": {
              "lerp_mode": "catmullrom",
              "post": [-5, 0, 0]
            }
          },
          "rotation": ["2.5-math.sin(q.anim_time*90*3/2.3)*1.6", 0, 0],
          "scale": {
            "0.0": {
              "lerp_mode": "catmullrom",
              "post": [1, 0.8, 1]
            },
            "0.1786": {
              "lerp_mode": "catmullrom",
              "post": [0.9, 1.1, 1]
            },
            "0.3571": {
              "lerp_mode": "catmullrom",
              "post": [1, 1, 1]
            },
            "0.5357": {
              "lerp_mode": "catmullrom",
              "post": [1, 1, 1]
            },
            "0.7143": {
              "lerp_mode": "catmullrom",
              "post": [1, 0.8, 1]
            },
            "0.8929": {
              "lerp_mode": "catmullrom",
              "post": [0.9, 1.1, 1]
            },
            "1.0714": {
              "lerp_mode": "catmullrom",
              "post": [1, 1, 1]
            },
            "1.369": {
              "lerp_mode": "catmullrom",
              "post": [1, 1, 1]
            },
            "1.5476": {
              "lerp_mode": "catmullrom",
              "post": [1, 0.8, 1]
            }
          }
        },
        "bone3": {
          "scale": [1, 1, "1+math.sin(q.anim_time*90*100)*0.1"]
        },
        "mouth_closed": {
          "position": {
            "0.0": [0, 0, 0],
            "0.1786": {
              "post": [0, 0, 1],
              "pre": [0, 0, 0]
            },
            "0.3571": {
              "post": [0, 0, 0],
              "pre": [0, 0, 1]
            },
            "0.6548": {
              "post": [0, 0, 0],
              "pre": [0, 0, 0]
            },
            "0.8929": {
              "post": [0, 0, 1],
              "pre": [0, 0, 0]
            },
            "1.1905": {
              "post": [0, 0, 0],
              "pre": [0, 0, 1]
            }
          }
        },
        "mouth_open": {
          "position": {
            "0.0": [0, 0, 0],
            "0.1786": {
              "post": [0, 0, -0.2],
              "pre": [0, 0, 0]
            },
            "0.4167": {
              "post": [0, 0, 0],
              "pre": [0, 0, -0.2]
            },
            "0.6548": {
              "post": [0, 0, 0],
              "pre": [0, 0, 0]
            },
            "0.8929": {
              "post": [0, 0, -0.2],
              "pre": [0, 0, 0]
            },
            "1.1905": {
              "post": [0, 0, 0],
              "pre": [0, 0, -0.2]
            }
          },
          "rotation": {
            "0.0": [0, 0, 0],
            "0.1786": {
              "post": [0, 0, 0],
              "pre": [0, 0, 0]
            },
            "0.4167": {
              "post": [0, 0, 0],
              "pre": [0, 0, 0]
            },
            "0.6548": {
              "post": [0, 0, 0],
              "pre": [0, 0, 0]
            },
            "0.8929": {
              "post": [0, 0, 0],
              "pre": [0, 0, 0]
            },
            "1.1905": {
              "post": [0, 0, 0],
              "pre": [0, 0, 0]
            }
          }
        }
      },
      "loop": true
    },
    "animation.darmanitan_galar_zen.cry": {
      "animation_length": 1.5,
      "bones": {
        "fingers_left": {
          "rotation": {
            "0.0": {
              "lerp_mode": "catmullrom",
              "post": [0, 0, 0]
            },
            "0.1667": {
              "lerp_mode": "catmullrom",
              "post": [0, 0, 0]
            },
            "0.3333": {
              "lerp_mode": "catmullrom",
              "post": [0, 0, 0]
            },
            "0.5": {
              "lerp_mode": "catmullrom",
              "post": [0, 0, 0]
            }
          }
        },
        "fingers_right": {
          "rotation": {
            "0.0": {
              "lerp_mode": "catmullrom",
              "post": [0, 0, 0]
            },
            "0.1667": {
              "lerp_mode": "catmullrom",
              "post": [0, 0, 0]
            },
            "0.3333": {
              "lerp_mode": "catmullrom",
              "post": [0, 0, 0]
            },
            "0.5": {
              "lerp_mode": "catmullrom",
              "post": [0, 0, 0]
            }
          }
        },
        "hand_left": {
          "rotation": {
            "0.0": {
              "lerp_mode": "catmullrom",
              "post": [0, 0, 0]
            },
            "0.1667": {
              "lerp_mode": "catmullrom",
              "post": [7.5, 2.5, 4]
            },
            "0.3333": {
              "lerp_mode": "catmullrom",
              "post": [0, 0, 0]
            },
            "0.5": {
              "lerp_mode": "catmullrom",
              "post": [7.5, 2.5, 4]
            },
            "0.8333": {
              "lerp_mode": "catmullrom",
              "post": [0, 0, 0]
            }
          }
        },
        "hand_right": {
          "rotation": {
            "0.0": {
              "lerp_mode": "catmullrom",
              "post": [0, 0, 0]
            },
            "0.1667": {
              "lerp_mode": "catmullrom",
              "post": [7.5, -2.5, -4]
            },
            "0.3333": {
              "lerp_mode": "catmullrom",
              "post": [0, 0, 0]
            },
            "0.5": {
              "lerp_mode": "catmullrom",
              "post": [7.5, -2.5, -4]
            },
            "0.8333": {
              "lerp_mode": "catmullrom",
              "post": [0, 0, 0]
            }
          }
        },
        "mouth_closed": {
          "position": {
            "0.0": [0, 0, 0],
            "0.7083": {
              "post": [0, 0, 0.1],
              "pre": [0, 0, 0]
            },
            "1.4167": {
              "post": [0, 0, 0],
              "pre": [0, 0, 0.1]
            }
          }
        },
        "mouth_open": {
          "position": {
            "0.6667": [0, 0, 0],
            "0.7083": {
              "post": [0, 0, -0.1],
              "pre": [0, 0, 0]
            },
            "1.375": [0, 0, -0.1],
            "1.4167": {
              "post": [0, 0, 0],
              "pre": [0, 0, -0.1]
            }
          }
        },
        "nostrils": {
          "position": {
            "0.0": [0, 0, 0],
            "0.125": [0, 0, 0],
            "0.3333": [0, 0, 0],
            "0.4583": [0, 0, 0],
            "0.6667": [0, 0, 0]
          },
          "scale": {
            "0.0": [1, 1, 1],
            "0.125": [1, 1.4, 1],
            "0.3333": [1, 1, 1],
            "0.4583": [1, 1.4, 1],
            "0.6667": [1, 1, 1]
          }
        },
        "torso": {
          "rotation": {
            "0.0": {
              "lerp_mode": "catmullrom",
              "post": [0, 0, 0]
            },
            "0.1667": {
              "lerp_mode": "catmullrom",
              "post": [7.5, 0, 0]
            },
            "0.3333": {
              "lerp_mode": "catmullrom",
              "post": [0, 0, 0]
            },
            "0.5": {
              "lerp_mode": "catmullrom",
              "post": [7.5, 0, 0]
            },
            "0.75": {
              "lerp_mode": "catmullrom",
              "post": [0, 0, 0]
            }
          }
        },
        "upper_torso": {
          "rotation": {
            "0.0": {
              "lerp_mode": "catmullrom",
              "post": [0, 0, 0]
            },
            "0.1667": {
              "lerp_mode": "catmullrom",
              "post": [-2.5, 0, 0]
            },
            "0.3333": {
              "lerp_mode": "catmullrom",
              "post": [0, 0, 0]
            },
            "0.5": {
              "lerp_mode": "catmullrom",
              "post": [-2.5, 0, 0]
            },
            "0.75": {
              "lerp_mode": "catmullrom",
              "post": [-0.75, 0, 0]
            },
            "0.875": {
              "lerp_mode": "catmullrom",
              "post": [-4.5, 0, 0]
            },
            "0.9583": {
              "lerp_mode": "catmullrom",
              "post": [-5, 0, 0]
            },
            "1.0417": {
              "lerp_mode": "catmullrom",
              "post": [-4.5, 0, 0]
            },
            "1.25": {
              "lerp_mode": "catmullrom",
              "post": [-0.75, 0, 0]
            },
            "1.3333": [0, 0, 0]
          }
        }
      },
      "sound_effects": {
        "0.0": {
          "effect": "pokemon.darmanitan.cry"
        }
      }
    },
    "animation.darmanitan_galar_zen.expressions": {
      "animation_length": 1.5,
      "bones": {
        "left_eye_closed": {
          "position": {
            "0.0": [0, 0, 0],
            "1.0": {
              "post": [0, 0, -0.1],
              "pre": [0, 0, 0]
            },
            "1.25": {
              "post": [0, 0, 0],
              "pre": [0, 0, -0.1]
            }
          }
        },
        "left_eye_closed_pain": {
          "position": {
            "0.0": [0, 0, 0],
            "1.25": {
              "post": [0, 0, -0.1],
              "pre": [0, 0, 0]
            }
          }
        },
        "left_eye_happy": {
          "position": {
            "0.0": [0, 0, -0.1],
            "0.25": {
              "post": [0, 0, 0],
              "pre": [0, 0, -0.1]
            },
            "0.5": {
              "post": [0, 0, 0],
              "pre": [0, 0, 0]
            },
            "0.75": {
              "post": [0, 0, 0],
              "pre": [0, 0, 0]
            },
            "1.0": {
              "post": [0, 0, 0],
              "pre": [0, 0, 0]
            },
            "1.25": {
              "post": [0, 0, 0],
              "pre": [0, 0, 0]
            }
          }
        },
        "left_eyelid_sad": {
          "position": {
            "0.0": [0, 0, 0],
            "0.75": {
              "post": [0, 0, -0.1],
              "pre": [0, 0, 0]
            },
            "1.0": {
              "post": [0, 0, 0],
              "pre": [0, 0, -0.1]
            },
            "1.25": {
              "post": [0, 0, 0],
              "pre": [0, 0, 0]
            }
          }
        },
        "left_pupil": {
          "position": {
            "0.0": [0, 0, 0.1],
            "0.25": {
              "post": [0, 0, 0],
              "pre": [0, 0, 0.1]
            },
            "0.5": {
              "post": [0, 0, 0],
              "pre": [0, 0, 0]
            },
            "0.75": {
              "post": [0, 0, 0],
              "pre": [0, 0, 0]
            },
            "1.0": {
              "post": [0, 0, 0.1],
              "pre": [0, 0, 0]
            },
            "1.25": {
              "post": [0, 0, 0.1],
              "pre": [0, 0, 0.1]
            }
          },
          "scale": {
            "0.0": [1, 1, 1],
            "0.25": {
              "post": [0.7, 0.7, 1],
              "pre": [1, 1, 1]
            },
            "0.5": {
              "post": [1, 1, 1],
              "pre": [0.7, 0.7, 1]
            },
            "0.75": {
              "post": [1, 1, 1],
              "pre": [1, 1, 1]
            },
            "1.0": {
              "post": [1, 1, 1],
              "pre": [1, 1, 1]
            },
            "1.25": {
              "post": [1, 1, 1],
              "pre": [1, 1, 1]
            }
          }
        },
        "mouth_closed": {
          "position": {
            "0.0": [0, 0, 0.1],
            "0.5": {
              "post": [0, 0, 0],
              "pre": [0, 0, 0.1]
            },
            "0.75": {
              "post": [0, 0, 0.1],
              "pre": [0, 0, 0]
            },
            "1.0": {
              "post": [0, 0, 0.1],
              "pre": [0, 0, 0.1]
            },
            "1.25": {
              "post": [0, 0, 0.1],
              "pre": [0, 0, 0.1]
            }
          }
        },
        "mouth_grimace": {
          "position": {
            "0.0": [0, 0, 0],
            "0.25": {
              "post": [0, 0, 0],
              "pre": [0, 0, 0]
            },
            "0.5": {
              "post": [0, 0, 0],
              "pre": [0, 0, 0]
            },
            "0.75": {
              "post": [0, 0, -0.1],
              "pre": [0, 0, 0]
            },
            "1.0": {
              "post": [0, 0, -0.1],
              "pre": [0, 0, -0.1]
            },
            "1.25": {
              "post": [0, 0, 0],
              "pre": [0, 0, -0.1]
            }
          }
        },
        "mouth_open": {
          "position": {
            "0.0": [0, 0, -0.1],
            "0.25": {
              "post": [0, 0, 0],
              "pre": [0, 0, -0.1]
            },
            "0.5": {
              "post": [0, 0, 0],
              "pre": [0, 0, 0]
            },
            "0.75": {
              "post": [0, 0, 0],
              "pre": [0, 0, 0]
            },
            "1.0": {
              "post": [0, 0, 0],
              "pre": [0, 0, 0]
            },
            "1.25": {
              "post": [0, 0, 0],
              "pre": [0, 0, 0]
            }
          }
        },
        "mouth_open_grimace": {
          "position": {
            "0.0": [0, 0, 0],
            "0.25": {
              "post": [0, 0, -0.1],
              "pre": [0, 0, 0]
            },
            "0.5": {
              "post": [0, 0, 0],
              "pre": [0, 0, -0.1]
            },
            "0.75": {
              "post": [0, 0, 0],
              "pre": [0, 0, 0]
            },
            "1.0": {
              "post": [0, 0, 0],
              "pre": [0, 0, 0]
            },
            "1.25": {
              "post": [0, 0, -0.1],
              "pre": [0, 0, 0]
            }
          }
        },
        "right_eye_closed": {
          "position": {
            "0.0": [0, 0, 0],
            "1.0": {
              "post": [0, 0, -0.1],
              "pre": [0, 0, 0]
            },
            "1.25": {
              "post": [0, 0, 0],
              "pre": [0, 0, -0.1]
            }
          }
        },
        "right_eye_closed_pain": {
          "position": {
            "0.0": [0, 0, 0],
            "1.25": {
              "post": [0, 0, -0.1],
              "pre": [0, 0, 0]
            }
          }
        },
        "right_eye_happy": {
          "position": {
            "0.0": [0, 0, -0.1],
            "0.25": {
              "post": [0, 0, 0],
              "pre": [0, 0, -0.1]
            },
            "0.5": {
              "post": [0, 0, 0],
              "pre": [0, 0, 0]
            },
            "0.75": {
              "post": [0, 0, 0],
              "pre": [0, 0, 0]
            },
            "1.0": {
              "post": [0, 0, 0],
              "pre": [0, 0, 0]
            },
            "1.25": {
              "post": [0, 0, 0],
              "pre": [0, 0, 0]
            }
          }
        },
        "right_eyelid_sad": {
          "position": {
            "0.0": [0, 0, 0],
            "0.75": {
              "post": [0, 0, -0.1],
              "pre": [0, 0, 0]
            },
            "1.0": {
              "post": [0, 0, 0],
              "pre": [0, 0, -0.1]
            },
            "1.25": {
              "post": [0, 0, 0],
              "pre": [0, 0, 0]
            }
          }
        },
        "right_pupil": {
          "position": {
            "0.0": [0, 0, 0.1],
            "0.25": {
              "post": [0, 0, 0],
              "pre": [0, 0, 0.1]
            },
            "0.5": {
              "post": [0, 0, 0],
              "pre": [0, 0, 0]
            },
            "0.75": {
              "post": [0, 0, 0],
              "pre": [0, 0, 0]
            },
            "1.0": {
              "post": [0, 0, 0.1],
              "pre": [0, 0, 0]
            },
            "1.25": {
              "post": [0, 0, 0.1],
              "pre": [0, 0, 0.1]
            }
          },
          "scale": {
            "0.0": [1, 1, 1],
            "0.25": {
              "post": [0.7, 0.7, 1],
              "pre": [1, 1, 1]
            },
            "0.5": {
              "post": [1, 1, 1],
              "pre": [0.7, 0.7, 1]
            },
            "0.75": {
              "post": [1, 1, 1],
              "pre": [1, 1, 1]
            },
            "1.0": {
              "post": [1, 1, 1],
              "pre": [1, 1, 1]
            },
            "1.25": {
              "post": [1, 1, 1],
              "pre": [1, 1, 1]
            }
          }
        }
      }
    },
    "animation.darmanitan_galar_zen.sleep": {
      "bones": {
        "hand_left": {
          "rotation": [-19.9299, -1.70818, 5.30014]
        },
        "hand_right": {
          "rotation": [0, 0, -22.5]
        },
        "left_eye_closed": {
          "position": [0, 0, -0.1]
        },
        "left_index_finger2": {
          "rotation": [0, 0, 22.5]
        },
        "left_middle_finger2": {
          "rotation": [0, 0, 22.5]
        },
        "left_pinky_finger2": {
          "rotation": [0, 0, 27.5]
        },
        "left_pupil": {
          "position": [0, 0, 0.1]
        },
        "left_ring_finger2": {
          "rotation": [0, 0, 22.5]
        },
        "left_thumb": {
          "rotation": [0, 10, -2.5]
        },
        "left_thumb2": {
          "rotation": [0, -20, 0]
        },
        "right_eye_closed": {
          "position": [0, 0, -0.1]
        },
        "right_pupil": {
          "position": [0, 0, 0.1]
        },
        "tail": {
          "rotation": ["-7.5+math.sin(q.anim_time*90*1-30)*2.5", 0, 0]
        },
        "torso": {
          "position": [0, -6, 0],
          "rotation": ["10+math.sin(q.anim_time*90*1+0)*1", 0, 0]
        },
        "upper_torso": {
          "rotation": ["0+math.sin(q.anim_time*90*1-30)*1", 0, "0+math.sin(q.anim_time*90*0.5-30)*0.5"]
        }
      },
      "loop": true
    }
  },
  "format_version": "1.8.0"
}