{
  "animations": {
    "animation.darmanitan_galarian_zen.battle_cry": {
      "animation_length": 1.5,
      "bones": {
        "fingers_right": {
          "rotation": {
            "0.0": {
              "lerp_mode": "catmullrom",
              "post": [0, 0, 0]
            },
            "0.2083": {
              "lerp_mode": "catmullrom",
              "post": [0, 0, 12.5]
            },
            "0.3333": {
              "lerp_mode": "catmullrom",
              "post": [0, 0, 0]
            },
            "0.5417": {
              "lerp_mode": "catmullrom",
              "post": [0, 0, 12.5]
            },
            "1.0": {
              "lerp_mode": "catmullrom",
              "post": [0, 0, 0]
            }
          }
        },
        "hand_left": {
          "rotation": {
            "0.0": {
              "lerp_mode": "catmullrom",
              "post": [0, 0, 0]
            },
            "0.1667": {
              "lerp_mode": "catmullrom",
              "post": [-1, 2, 0]
            },
            "0.3333": {
              "lerp_mode": "catmullrom",
              "post": [0, 0, 0]
            },
            "0.5": {
              "lerp_mode": "catmullrom",
              "post": [-1, 2, 0]
            },
            "0.8333": {
              "lerp_mode": "catmullrom",
              "post": [0, 0, 0]
            }
          }
        },
        "hand_right": {
          "rotation": {
            "0.0": {
              "lerp_mode": "catmullrom",
              "post": [0, 0, 0]
            },
            "0.0833": {
              "lerp_mode": "catmullrom",
              "post": [0, 0, 0]
            },
            "0.2083": {
              "lerp_mode": "catmullrom",
              "post": [-7.5, 10, 7.5]
            },
            "0.3333": {
              "lerp_mode": "catmullrom",
              "post": [0, 0, 0]
            },
            "0.4167": {
              "lerp_mode": "catmullrom",
              "post": [0, 10, 15]
            },
            "0.5417": {
              "lerp_mode": "catmullrom",
              "post": [-7.5, 20, 12.5]
            },
            "0.8333": {
              "lerp_mode": "catmullrom",
              "post": [-7.5, 0, 0]
            },
            "1.0": {
              "lerp_mode": "catmullrom",
              "post": [0, 0, 0]
            }
          }
        },
        "mouth_closed": {
          "position": {
            "0.0": [0, 0, 0],
            "0.7083": {
              "post": [0, 0, 0.1],
              "pre": [0, 0, 0]
            },
            "1.4167": {
              "post": [0, 0, 0],
              "pre": [0, 0, 0.1]
            }
          }
        },
        "mouth_open": {
          "position": {
            "0.6667": [0, 0, 0],
            "0.7083": {
              "post": [0, 0, -0.1],
              "pre": [0, 0, 0]
            },
            "1.375": [0, 0, -0.1],
            "1.4167": {
              "post": [0, 0, 0],
              "pre": [0, 0, -0.1]
            }
          }
        },
        "nostrils": {
          "position": {
            "0.0": [0, 0, 0],
            "0.125": [0, 0, 0],
            "0.3333": [0, 0, 0],
            "0.4583": [0, 0, 0],
            "0.6667": [0, 0, 0]
          },
          "scale": {
            "0.0": [1, 1, 1],
            "0.125": [1, 1.4, 1],
            "0.3333": [1, 1, 1],
            "0.4583": [1, 1.4, 1],
            "0.6667": [1, 1, 1]
          }
        },
        "right_index_finger": {
          "rotation": {
            "0.0": [0, 0, 0],
            "0.1667": [0, 3.5, "-47.5+math.sin(q.anim_time*90*2-140)*2.5"],
            "0.75": [0, 3.5, "-47.5+math.sin(q.anim_time*90*2-140)*2.5"],
            "1.1667": [0, 0, 0]
          }
        },
        "right_index_finger2": {
          "rotation": {
            "0.0": [0, 0, 0],
            "0.1667": [0, 0, -47.5],
            "0.75": [0, 0, -47.5],
            "1.1667": [0, 0, 0]
          }
        },
        "right_middle_finger": {
          "rotation": {
            "0.0": [0, 0, 0],
            "0.1667": [0, 1, "-35+math.sin(q.anim_time*90*2-160)*4"],
            "0.75": [0, 1, "-35+math.sin(q.anim_time*90*2-160)*4"],
            "1.1667": [0, 0, 0]
          }
        },
        "right_middle_finger2": {
          "rotation": {
            "0.0": [0, 0, 0],
            "0.1667": [0, 0, -37.5],
            "0.75": [0, 0, -37.5],
            "1.1667": [0, 0, 0]
          }
        },
        "right_pinky_finger": {
          "rotation": {
            "0.0": [0, 0, 0],
            "0.1667": [0, -3.5, "-6+math.sin(q.anim_time*90*2-180)*7"],
            "0.75": [0, -3.5, "-6+math.sin(q.anim_time*90*2-180)*7"],
            "1.1667": [0, 0, 0]
          }
        },
        "right_pinky_finger2": {
          "rotation": {
            "0.0": [0, 0, 0],
            "0.1667": [0, 0, -10],
            "0.75": [0, 0, -10],
            "1.1667": [0, 0, 0]
          }
        },
        "right_ring_finger": {
          "rotation": {
            "0.0": [0, 0, 0],
            "0.1667": [0, -1, "-22.5+math.sin(q.anim_time*90*2-180)*7"],
            "0.75": [0, -1, "-22.5+math.sin(q.anim_time*90*2-180)*7"],
            "1.1667": [0, 0, 0]
          }
        },
        "right_ring_finger2": {
          "rotation": {
            "0.0": [0, 0, 0],
            "0.1667": [0, 0, -37.5],
            "0.75": [0, 0, -37.5],
            "1.1667": [0, 0, 0]
          }
        },
        "right_thumb": {
          "rotation": {
            "0.0": [0, 0, 0],
            "0.1667": [10, "37.5+math.sin(q.anim_time*90*2-130)*2.5", 1.5],
            "0.75": [10, "37.5+math.sin(q.anim_time*90*2-130)*2.5", 1.5],
            "1.1667": [0, 0, 0]
          }
        },
        "right_thumb2": {
          "rotation": {
            "0.0": [0, 0, 0],
            "0.1667": [0, 40, 0],
            "0.75": [0, 40, 0],
            "1.1667": [0, 0, 0]
          }
        },
        "shoulder_right": {
          "rotation": {
            "0.0": {
              "lerp_mode": "catmullrom",
              "post": [0, 0, 0]
            },
            "0.0833": {
              "lerp_mode": "catmullrom",
              "post": [0, 5, 7.5]
            },
            "0.2083": {
              "lerp_mode": "catmullrom",
              "post": [45.8345, -16.80385, -38.7902]
            },
            "0.3333": {
              "lerp_mode": "catmullrom",
              "post": [0, 0, 0]
            },
            "0.4167": {
              "lerp_mode": "catmullrom",
              "post": [0, 5, 7.5]
            },
            "0.5417": {
              "lerp_mode": "catmullrom",
              "post": [37.37757, -13.2891, -35.10701]
            },
            "1.1667": {
              "lerp_mode": "catmullrom",
              "post": [0, 0, 0]
            }
          }
        },
        "torso": {
          "rotation": {
            "0.0": {
              "lerp_mode": "catmullrom",
              "post": [0, 0, 0]
            },
            "0.0833": {
              "lerp_mode": "catmullrom",
              "post": [4.22, 1, 0.5]
            },
            "0.1667": {
              "lerp_mode": "catmullrom",
              "post": [7.5, 0, 0]
            },
            "0.2083": {
              "lerp_mode": "catmullrom",
              "post": [6.11, -2, -1]
            },
            "0.3333": {
              "lerp_mode": "catmullrom",
              "post": [0, 0, 0]
            },
            "0.4167": {
              "lerp_mode": "catmullrom",
              "post": [4.22, 1, 0.5]
            },
            "0.5": {
              "lerp_mode": "catmullrom",
              "post": [7.5, 0, 0]
            },
            "0.5417": {
              "lerp_mode": "catmullrom",
              "post": [6.11, -2, -1]
            },
            "0.75": {
              "lerp_mode": "catmullrom",
              "post": [0, 0, 0]
            }
          }
        },
        "upper_torso": {
          "rotation": {
            "0.0": {
              "lerp_mode": "catmullrom",
              "post": [0, 0, 0]
            },
            "0.1667": {
              "lerp_mode": "catmullrom",
              "post": [-2.5, 0, 0]
            },
            "0.3333": {
              "lerp_mode": "catmullrom",
              "post": [0, 0, 0]
            },
            "0.5": {
              "lerp_mode": "catmullrom",
              "post": [-2.5, 0, 0]
            },
            "0.75": {
              "lerp_mode": "catmullrom",
              "post": [-0.75, 0, 0]
            },
            "0.875": {
              "lerp_mode": "catmullrom",
              "post": [-4.5, 0, 0]
            },
            "0.9583": {
              "lerp_mode": "catmullrom",
              "post": [-5, 0, 0]
            },
            "1.0417": {
              "lerp_mode": "catmullrom",
              "post": [-4.5, 0, 0]
            },
            "1.25": {
              "lerp_mode": "catmullrom",
              "post": [-0.75, 0, 0]
            },
            "1.3333": [0, 0, 0]
          }
        }
      },
      "sound_effects": {
        "0.0417": {
          "effect": "pokemon.darmanitan.cry"
        }
      }
    },
    "animation.darmanitan_galarian_zen.battle_idle": {
      "animation_length": 1.5476,
      "bones": {
        "body": {
          "position": {
            "0.0": {
              "lerp_mode": "catmullrom",
              "post": [-5, 0, 0]
            },
            "0.3571": {
              "lerp_mode": "catmullrom",
              "post": [0, 17, 0]
            },
            "0.5357": [5, 0, 0],
            "0.7143": [5, 0, 0],
            "0.7738": [4.77043, 0.78054, 0],
            "0.8333": [4.23548, 2.59937, 0],
            "0.8929": [3.52833, 5.00368, 0],
            "0.9524": [2.7255, 7.7333, 0],
            "1.0119": [1.88526, 10.5901, 0],
            "1.0714": [1.06808, 13.36851, 0],
            "1.131": [0.36486, 15.75949, 0],
            "1.1905": {
              "lerp_mode": "catmullrom",
              "post": [0, 17, 0],
              "pre": [0, 17, 0]
            },
            "1.369": {
              "lerp_mode": "catmullrom",
              "post": [-5, 0, 0]
            },
            "1.5476": {
              "lerp_mode": "catmullrom",
              "post": [-5, 0, 0]
            }
          },
          "rotation": ["2.5-math.sin(q.anim_time*90*3/2.3)*1.6", 0, 0],
          "scale": {
            "0.0": {
              "lerp_mode": "catmullrom",
              "post": [1, 0.8, 1]
            },
            "0.1786": {
              "lerp_mode": "catmullrom",
              "post": [0.9, 1.1, 1]
            },
            "0.3571": {
              "lerp_mode": "catmullrom",
              "post": [1, 1, 1]
            },
            "0.5357": {
              "lerp_mode": "catmullrom",
              "post": [1, 1, 1]
            },
            "0.7143": {
              "lerp_mode": "catmullrom",
              "post": [1, 0.8, 1]
            },
            "0.8929": {
              "lerp_mode": "catmullrom",
              "post": [0.9, 1.1, 1]
            },
            "1.0714": {
              "lerp_mode": "catmullrom",
              "post": [1, 1, 1]
            },
            "1.369": {
              "lerp_mode": "catmullrom",
              "post": [1, 1, 1]
            },
            "1.5476": {
              "lerp_mode": "catmullrom",
              "post": [1, 0.8, 1]
            }
          }
        },
        "bone3": {
          "scale": [1, 1, "1+math.sin(q.anim_time*90*100)*0.1"]
        },
        "mouth_closed": {
          "position": {
            "0.0": [0, 0, 0],
            "0.1786": {
              "post": [0, 0, 1],
              "pre": [0, 0, 0]
            },
            "0.3571": {
              "post": [0, 0, 0],
              "pre": [0, 0, 1]
            },
            "0.6548": [0, 0, 0],
            "0.8929": {
              "post": [0, 0, 1],
              "pre": [0, 0, 0]
            },
            "1.1905": {
              "post": [0, 0, 0],
              "pre": [0, 0, 1]
            }
          }
        },
        "mouth_open": {
          "position": {
            "0.0": [0, 0, 0],
            "0.1786": {
              "post": [0, 0, -0.2],
              "pre": [0, 0, 0]
            },
            "0.4167": {
              "post": [0, 0, 0],
              "pre": [0, 0, -0.2]
            },
            "0.6548": [0, 0, 0],
            "0.8929": {
              "post": [0, 0, -0.2],
              "pre": [0, 0, 0]
            },
            "1.1905": {
              "post": [0, 0, 0],
              "pre": [0, 0, -0.2]
            }
          },
          "rotation": {
            "0.0": [0, 0, 0],
            "0.1786": [0, 0, 0],
            "0.4167": [0, 0, 0],
            "0.6548": [0, 0, 0],
            "0.8929": [0, 0, 0],
            "1.1905": [0, 0, 0]
          }
        }
      },
      "loop": true
    },
    "animation.darmanitan_galarian_zen.cry": {
      "animation_length": 1.5,
      "bones": {
        "fingers_left": {
          "rotation": {
            "0.0": {
              "lerp_mode": "catmullrom",
              "post": [0, 0, 0]
            },
            "0.1667": {
              "lerp_mode": "catmullrom",
              "post": [0, 0, 0]
            },
            "0.3333": {
              "lerp_mode": "catmullrom",
              "post": [0, 0, 0]
            },
            "0.5": {
              "lerp_mode": "catmullrom",
              "post": [0, 0, 0]
            }
          }
        },
        "fingers_right": {
          "rotation": {
            "0.0": {
              "lerp_mode": "catmullrom",
              "post": [0, 0, 0]
            },
            "0.1667": {
              "lerp_mode": "catmullrom",
              "post": [0, 0, 0]
            },
            "0.3333": {
              "lerp_mode": "catmullrom",
              "post": [0, 0, 0]
            },
            "0.5": {
              "lerp_mode": "catmullrom",
              "post": [0, 0, 0]
            }
          }
        },
        "hand_left": {
          "rotation": {
            "0.0": {
              "lerp_mode": "catmullrom",
              "post": [0, 0, 0]
            },
            "0.1667": {
              "lerp_mode": "catmullrom",
              "post": [7.5, 2.5, 4]
            },
            "0.3333": {
              "lerp_mode": "catmullrom",
              "post": [0, 0, 0]
            },
            "0.5": {
              "lerp_mode": "catmullrom",
              "post": [7.5, 2.5, 4]
            },
            "0.8333": {
              "lerp_mode": "catmullrom",
              "post": [0, 0, 0]
            }
          }
        },
        "hand_right": {
          "rotation": {
            "0.0": {
              "lerp_mode": "catmullrom",
              "post": [0, 0, 0]
            },
            "0.1667": {
              "lerp_mode": "catmullrom",
              "post": [7.5, -2.5, -4]
            },
            "0.3333": {
              "lerp_mode": "catmullrom",
              "post": [0, 0, 0]
            },
            "0.5": {
              "lerp_mode": "catmullrom",
              "post": [7.5, -2.5, -4]
            },
            "0.8333": {
              "lerp_mode": "catmullrom",
              "post": [0, 0, 0]
            }
          }
        },
        "mouth_closed": {
          "position": {
            "0.0": [0, 0, 0],
            "0.7083": {
              "post": [0, 0, 0.1],
              "pre": [0, 0, 0]
            },
            "1.4167": {
              "post": [0, 0, 0],
              "pre": [0, 0, 0.1]
            }
          }
        },
        "mouth_open": {
          "position": {
            "0.6667": [0, 0, 0],
            "0.7083": {
              "post": [0, 0, -0.1],
              "pre": [0, 0, 0]
            },
            "1.375": [0, 0, -0.1],
            "1.4167": {
              "post": [0, 0, 0],
              "pre": [0, 0, -0.1]
            }
          }
        },
        "nostrils": {
          "position": {
            "0.0": [0, 0, 0],
            "0.125": [0, 0, 0],
            "0.3333": [0, 0, 0],
            "0.4583": [0, 0, 0],
            "0.6667": [0, 0, 0]
          },
          "scale": {
            "0.0": [1, 1, 1],
            "0.125": [1, 1.4, 1],
            "0.3333": [1, 1, 1],
            "0.4583": [1, 1.4, 1],
            "0.6667": [1, 1, 1]
          }
        },
        "torso": {
          "rotation": {
            "0.0": {
              "lerp_mode": "catmullrom",
              "post": [0, 0, 0]
            },
            "0.1667": {
              "lerp_mode": "catmullrom",
              "post": [7.5, 0, 0]
            },
            "0.3333": {
              "lerp_mode": "catmullrom",
              "post": [0, 0, 0]
            },
            "0.5": {
              "lerp_mode": "catmullrom",
              "post": [7.5, 0, 0]
            },
            "0.75": {
              "lerp_mode": "catmullrom",
              "post": [0, 0, 0]
            }
          }
        },
        "upper_torso": {
          "rotation": {
            "0.0": {
              "lerp_mode": "catmullrom",
              "post": [0, 0, 0]
            },
            "0.1667": {
              "lerp_mode": "catmullrom",
              "post": [-2.5, 0, 0]
            },
            "0.3333": {
              "lerp_mode": "catmullrom",
              "post": [0, 0, 0]
            },
            "0.5": {
              "lerp_mode": "catmullrom",
              "post": [-2.5, 0, 0]
            },
            "0.75": {
              "lerp_mode": "catmullrom",
              "post": [-0.75, 0, 0]
            },
            "0.875": {
              "lerp_mode": "catmullrom",
              "post": [-4.5, 0, 0]
            },
            "0.9583": {
              "lerp_mode": "catmullrom",
              "post": [-5, 0, 0]
            },
            "1.0417": {
              "lerp_mode": "catmullrom",
              "post": [-4.5, 0, 0]
            },
            "1.25": {
              "lerp_mode": "catmullrom",
              "post": [-0.75, 0, 0]
            },
            "1.3333": [0, 0, 0]
          }
        }
      },
      "sound_effects": {
        "0.0417": {
          "effect": "pokemon.darmanitan.cry"
        }
      }
    },
    "animation.darmanitan_galarian_zen.expressions": {
      "animation_length": 1.5,
      "bones": {
        "left_eye_closed": {
          "position": {
            "0.0": [0, 0, 0],
            "1.0": {
              "post": [0, 0, -0.1],
              "pre": [0, 0, 0]
            },
            "1.25": {
              "post": [0, 0, 0],
              "pre": [0, 0, -0.1]
            }
          }
        },
        "left_eye_closed_pain": {
          "position": {
            "0.0": [0, 0, 0],
            "1.25": {
              "post": [0, 0, -0.1],
              "pre": [0, 0, 0]
            }
          }
        },
        "left_eye_happy": {
          "position": {
            "0.0": [0, 0, -0.1],
            "0.25": {
              "post": [0, 0, 0],
              "pre": [0, 0, -0.1]
            },
            "0.5": [0, 0, 0],
            "0.75": [0, 0, 0],
            "1.0": [0, 0, 0],
            "1.25": [0, 0, 0]
          }
        },
        "left_eyelid_sad": {
          "position": {
            "0.0": [0, 0, 0],
            "0.75": {
              "post": [0, 0, -0.1],
              "pre": [0, 0, 0]
            },
            "1.0": {
              "post": [0, 0, 0],
              "pre": [0, 0, -0.1]
            },
            "1.25": [0, 0, 0]
          }
        },
        "left_pupil": {
          "position": {
            "0.0": [0, 0, 0.1],
            "0.25": {
              "post": [0, 0, 0],
              "pre": [0, 0, 0.1]
            },
            "0.5": [0, 0, 0],
            "0.75": [0, 0, 0],
            "1.0": {
              "post": [0, 0, 0.1],
              "pre": [0, 0, 0]
            },
            "1.25": [0, 0, 0.1]
          },
          "scale": {
            "0.0": [1, 1, 1],
            "0.25": {
              "post": [0.7, 0.7, 1],
              "pre": [1, 1, 1]
            },
            "0.5": {
              "post": [1, 1, 1],
              "pre": [0.7, 0.7, 1]
            },
            "0.75": [1, 1, 1],
            "1.0": [1, 1, 1],
            "1.25": [1, 1, 1]
          }
        },
        "mouth_closed": {
          "position": {
            "0.0": [0, 0, 0.1],
            "0.5": {
              "post": [0, 0, 0],
              "pre": [0, 0, 0.1]
            },
            "0.75": {
              "post": [0, 0, 0.1],
              "pre": [0, 0, 0]
            },
            "1.0": [0, 0, 0.1],
            "1.25": [0, 0, 0.1]
          }
        },
        "mouth_grimace": {
          "position": {
            "0.0": [0, 0, 0],
            "0.25": [0, 0, 0],
            "0.5": [0, 0, 0],
            "0.75": {
              "post": [0, 0, -0.1],
              "pre": [0, 0, 0]
            },
            "1.0": [0, 0, -0.1],
            "1.25": {
              "post": [0, 0, 0],
              "pre": [0, 0, -0.1]
            }
          }
        },
        "mouth_open": {
          "position": {
            "0.0": [0, 0, -0.1],
            "0.25": {
              "post": [0, 0, 0],
              "pre": [0, 0, -0.1]
            },
            "0.5": [0, 0, 0],
            "0.75": [0, 0, 0],
            "1.0": [0, 0, 0],
            "1.25": [0, 0, 0]
          }
        },
        "mouth_open_grimace": {
          "position": {
            "0.0": [0, 0, 0],
            "0.25": {
              "post": [0, 0, -0.1],
              "pre": [0, 0, 0]
            },
            "0.5": {
              "post": [0, 0, 0],
              "pre": [0, 0, -0.1]
            },
            "0.75": [0, 0, 0],
            "1.0": [0, 0, 0],
            "1.25": {
              "post": [0, 0, -0.1],
              "pre": [0, 0, 0]
            }
          }
        },
        "right_eye_closed": {
          "position": {
            "0.0": [0, 0, 0],
            "1.0": {
              "post": [0, 0, -0.1],
              "pre": [0, 0, 0]
            },
            "1.25": {
              "post": [0, 0, 0],
              "pre": [0, 0, -0.1]
            }
          }
        },
        "right_eye_closed_pain": {
          "position": {
            "0.0": [0, 0, 0],
            "1.25": {
              "post": [0, 0, -0.1],
              "pre": [0, 0, 0]
            }
          }
        },
        "right_eye_happy": {
          "position": {
            "0.0": [0, 0, -0.1],
            "0.25": {
              "post": [0, 0, 0],
              "pre": [0, 0, -0.1]
            },
            "0.5": [0, 0, 0],
            "0.75": [0, 0, 0],
            "1.0": [0, 0, 0],
            "1.25": [0, 0, 0]
          }
        },
        "right_eyelid_sad": {
          "position": {
            "0.0": [0, 0, 0],
            "0.75": {
              "post": [0, 0, -0.1],
              "pre": [0, 0, 0]
            },
            "1.0": {
              "post": [0, 0, 0],
              "pre": [0, 0, -0.1]
            },
            "1.25": [0, 0, 0]
          }
        },
        "right_pupil": {
          "position": {
            "0.0": [0, 0, 0.1],
            "0.25": {
              "post": [0, 0, 0],
              "pre": [0, 0, 0.1]
            },
            "0.5": [0, 0, 0],
            "0.75": [0, 0, 0],
            "1.0": {
              "post": [0, 0, 0.1],
              "pre": [0, 0, 0]
            },
            "1.25": [0, 0, 0.1]
          },
          "scale": {
            "0.0": [1, 1, 1],
            "0.25": {
              "post": [0.7, 0.7, 1],
              "pre": [1, 1, 1]
            },
            "0.5": {
              "post": [1, 1, 1],
              "pre": [0.7, 0.7, 1]
            },
            "0.75": [1, 1, 1],
            "1.0": [1, 1, 1],
            "1.25": [1, 1, 1]
          }
        }
      }
    },
    "animation.darmanitan_galarian_zen.sleep": {
      "bones": {
        "hand_left": {
          "rotation": [-19.9299, -1.70818, 5.30014]
        },
        "hand_right": {
          "rotation": [0, 0, -22.5]
        },
        "left_eye_closed": {
          "position": [0, 0, -0.1]
        },
        "left_index_finger2": {
          "rotation": [0, 0, 22.5]
        },
        "left_middle_finger2": {
          "rotation": [0, 0, 22.5]
        },
        "left_pinky_finger2": {
          "rotation": [0, 0, 27.5]
        },
        "left_pupil": {
          "position": [0, 0, 0.1]
        },
        "left_ring_finger2": {
          "rotation": [0, 0, 22.5]
        },
        "left_thumb": {
          "rotation": [0, 10, -2.5]
        },
        "left_thumb2": {
          "rotation": [0, -20, 0]
        },
        "right_eye_closed": {
          "position": [0, 0, -0.1]
        },
        "right_pupil": {
          "position": [0, 0, 0.1]
        },
        "tail": {
          "rotation": ["-7.5+math.sin(q.anim_time*90*1-30)*2.5", 0, 0]
        },
        "torso": {
          "position": [0, -6, 0],
          "rotation": ["10+math.sin(q.anim_time*90*1+0)*1", 0, 0]
        },
        "upper_torso": {
          "rotation": ["0+math.sin(q.anim_time*90*1-30)*1", 0, "0+math.sin(q.anim_time*90*0.5-30)*0.5"]
        }
      },
      "loop": true
    },
    "animation.darmanitan_galarian_zen.test": {
      "bones": {
        "hand_left": {
          "rotation": [-38.69424, 8.76283, 15.27074]
        },
        "hand_right": {
          "rotation": [-38.69424, -8.76283, -15.27074]
        },
        "left_index_finger": {
          "rotation": [0, 3.5, 2.5]
        },
        "left_index_finger2": {
          "rotation": [0, 0, 32.5]
        },
        "left_middle_finger": {
          "rotation": [0, 1, 15]
        },
        "left_middle_finger2": {
          "rotation": [0, 0, 42.5]
        },
        "left_pinky_finger": {
          "rotation": [0, -3.5, 42.5]
        },
        "left_pinky_finger2": {
          "rotation": [0, 0, 67.5]
        },
        "left_ring_finger": {
          "rotation": [0, -1, 27.5]
        },
        "left_ring_finger2": {
          "rotation": [0, 0, 42.5]
        },
        "left_thumb": {
          "rotation": [-13.48067, 52.15282, 14.35296]
        },
        "left_thumb2": {
          "rotation": [0, -35, 0]
        },
        "mouth_closed": {
          "position": [0, 0, 0.2]
        },
        "mouth_open": {
          "position": [0, 0, -0.1]
        },
        "right_index_finger": {
          "rotation": [0, -3.5, -2.5]
        },
        "right_index_finger2": {
          "rotation": [0, 0, -32.5]
        },
        "right_middle_finger": {
          "rotation": [0, -1, -15]
        },
        "right_middle_finger2": {
          "rotation": [0, 0, -42.5]
        },
        "right_pinky_finger": {
          "rotation": [0, 3.5, -42.5]
        },
        "right_pinky_finger2": {
          "rotation": [0, 0, -67.5]
        },
        "right_ring_finger": {
          "rotation": [0, 1, -27.5]
        },
        "right_ring_finger2": {
          "rotation": [0, 0, -42.5]
        },
        "right_thumb": {
          "rotation": [-13.48067, -52.15282, -14.35296]
        },
        "right_thumb2": {
          "rotation": [0, 35, 0]
        },
        "tail": {
          "rotation": [10, 0, 0]
        },
        "torso": {
          "rotation": [-5, 0, 0]
        },
        "upper_torso": {
          "rotation": [5, 0, 0]
        }
      },
      "loop": true
    },
    "animation.darmanitan_galarian_zen.test3": {
      "bones": {
        "hand_left": {
          "rotation": [-0.6263, 0.94763, 4.50522]
        },
        "hand_right": {
          "rotation": [-38.69424, -8.76283, -15.27074]
        },
        "left_index_finger": {
          "rotation": [0, 0, 60]
        },
        "left_index_finger2": {
          "rotation": [0, 0, 80]
        },
        "left_middle_finger": {
          "rotation": [0, 0, 60]
        },
        "left_middle_finger2": {
          "rotation": [0, 0, 80]
        },
        "left_pinky_finger": {
          "rotation": [0, 0, 60]
        },
        "left_pinky_finger2": {
          "rotation": [0, 0, 80]
        },
        "left_ring_finger": {
          "rotation": [0, 0, 60]
        },
        "left_ring_finger2": {
          "rotation": [0, 0, 80]
        },
        "left_thumb": {
          "rotation": [9.83077, 27.15711, 30.17387]
        },
        "left_thumb2": {
          "rotation": [0, -80, 0]
        },
        "mouth_closed": {
          "position": [0, 0, 0.1]
        },
        "mouth_open": {
          "position": [0, 0, -0.1],
          "rotation": [0, 0, 0]
        },
        "right_index_finger": {
          "rotation": [0, -3.5, -2.5]
        },
        "right_index_finger2": {
          "rotation": [0, 0, -32.5]
        },
        "right_middle_finger": {
          "rotation": [0, -1, -15]
        },
        "right_middle_finger2": {
          "rotation": [0, 0, -42.5]
        },
        "right_pinky_finger": {
          "rotation": [0, 3.5, -42.5]
        },
        "right_pinky_finger2": {
          "rotation": [0, 0, -67.5]
        },
        "right_ring_finger": {
          "rotation": [0, 1, -27.5]
        },
        "right_ring_finger2": {
          "rotation": [0, 0, -42.5]
        },
        "right_thumb": {
          "rotation": [-13.48067, -52.15282, -14.35296]
        },
        "right_thumb2": {
          "rotation": [0, 35, 0]
        },
        "tail": {
          "rotation": [10, 0, 0]
        },
        "torso": {
          "rotation": [-4.98107, 0.43523, 4.98107]
        },
        "upper_torso": {
          "position": [0, 0.25, 0],
          "rotation": [5, 0, 0]
        }
      },
      "loop": true
    }
  },
  "format_version": "1.8.0"
}