{
  "animations": {
    "animation.suicune.battle_idle": {
      "bones": {
        "body": {
          "position": [0, -1, 0]
        },
        "chest": {
          "position": [0, 0, "-math.sin((query.anim_time) * 90 * 1)*0.2"],
          "rotation": ["-math.sin((query.anim_time) * 90 * 1-30)*3", 0, 0]
        },
        "head": {
          "rotation": ["7.5+math.sin((query.anim_time) * 90 * 1)*5", 0, 0]
        },
        "left_ankle": {
          "rotation": ["-10-math.sin((query.anim_time) * 90 * 1)*2", 0, 2.5]
        },
        "left_arm": {
          "position": [0, "math.sin((query.anim_time) * 90 * 1-30)*0.2", "-math.sin((query.anim_time) * 90 * 1-30)*0.3"],
          "rotation": ["5.2787-math.sin((query.anim_time) * 90 * 1-30)*5", -0.73522, -9.84737]
        },
        "left_elbow": {
          "rotation": ["-7.5+ math.sin((query.anim_time) * 90 * 1-30)*8", 0, 0]
        },
        "left_fingers": {
          "rotation": ["0- math.sin((query.anim_time) * 90 * 1-30)*6", 0, 0]
        },
        "left_foot": {
          "rotation": [-5, 0, 0]
        },
        "left_knee": {
          "rotation": ["7.5-math.sin((query.anim_time) * 90 * 1)*2", 0, 0]
        },
        "left_leg": {
          "position": [0, "-0.75-math.sin((query.anim_time) * 90 * 1)*0.2", "math.sin((query.anim_time) * 90 * 1)*0.1"],
          "rotation": ["7.4539+math.sin((query.anim_time) * 90 * 1)*2", 1.08089, -4.88206]
        },
        "left_paw": {
          "position": [0.22394, "0.1193+ math.sin((query.anim_time) * 90 * 1-30)*0.5", "-0.0265+ math.sin((query.anim_time) * 90 * 1-30)*0.2"],
          "rotation": ["3.5+ math.sin((query.anim_time) * 90 * 1-30)*2", 0, 7.5]
        },
        "neck": {
          "rotation": ["5+math.sin((query.anim_time) * 90 * 1+30)*2", 0, 0]
        },
        "right_ankle": {
          "rotation": ["-10-math.sin((query.anim_time) * 90 * 1)*2", 0, -2.5]
        },
        "right_arm": {
          "position": [0, "math.sin((query.anim_time) * 90 * 1-30)*0.2", "-math.sin((query.anim_time) * 90 * 1-30)*0.3"],
          "rotation": ["5.2787-math.sin((query.anim_time) * 90 * 1-30)*5", 0.73522, 9.84737]
        },
        "right_elbow": {
          "rotation": ["-7.5+ math.sin((query.anim_time) * 90 * 1-30)*8", 0, 0]
        },
        "right_fingers": {
          "rotation": ["0- math.sin((query.anim_time) * 90 * 1-30)*6", 0, 0]
        },
        "right_foot": {
          "rotation": [-5, 0, 0]
        },
        "right_knee": {
          "rotation": ["7.5-math.sin((query.anim_time) * 90 * 1)*2", 0, 0]
        },
        "right_leg": {
          "position": [0, "-0.75-math.sin((query.anim_time) * 90 * 1)*0.2", "math.sin((query.anim_time) * 90 * 1)*0.1"],
          "rotation": ["7.4539+math.sin((query.anim_time) * 90 * 1)*2", -1.08089, 4.88206]
        },
        "right_paw": {
          "position": [-0.22394, "0.1193+ math.sin((query.anim_time) * 90 * 1-30)*0.5", "-0.0265+ math.sin((query.anim_time) * 90 * 1-30)*0.2"],
          "rotation": ["3.5+ math.sin((query.anim_time) * 90 * 1-30)*2", 0, -7.5]
        },
        "torso": {
          "rotation": ["-math.sin((query.anim_time) * 90 * 1)*2", 0, 0]
        }
      },
      "loop": true
    },
    "animation.suicune.blink": {
      "animation_length": 0.1667,
      "bones": {
        "left_eye": {
          "position": {
            "0.0": [-1, 0, 0],
            "0.1667": {
              "post": [0, 0, 0],
              "pre": [-1, 0, 0]
            }
          }
        },
        "left_eyelid": {
          "position": {
            "0.0": [2, 0, 0],
            "0.1667": {
              "post": [0, 0, 0],
              "pre": [2, 0, 0]
            }
          }
        },
        "right_eye": {
          "position": {
            "0.0": [1, 0, 0],
            "0.1667": {
              "post": [0, 0, 0],
              "pre": [1, 0, 0]
            }
          }
        },
        "right_eyelid": {
          "position": {
            "0.0": [-2, 0, 0],
            "0.1667": {
              "post": [0, 0, 0],
              "pre": [-2, 0, 0]
            }
          }
        }
      }
    },
    "animation.suicune.cry": {
      "animation_length": 1.5,
      "bones": {
        "chest": {
          "rotation": {
            "0.0": {
              "lerp_mode": "catmullrom",
              "post": [0, 0, 0]
            },
            "0.25": {
              "lerp_mode": "catmullrom",
              "post": [15, 0, 0]
            },
            "0.5": {
              "lerp_mode": "catmullrom",
              "post": [-2.5, 0, 0]
            },
            "1.0": {
              "lerp_mode": "catmullrom",
              "post": [-2.5, 0, 0]
            },
            "1.5": {
              "lerp_mode": "catmullrom",
              "post": [0, 0, 0]
            }
          }
        },
        "hair": {
          "rotation": {
            "0.0": {
              "lerp_mode": "catmullrom",
              "post": [0, 0, 0]
            },
            "0.25": {
              "lerp_mode": "catmullrom",
              "post": [-15, 0, 0]
            },
            "0.5": {
              "lerp_mode": "catmullrom",
              "post": [7.5, 0, 0]
            },
            "1.0": {
              "lerp_mode": "catmullrom",
              "post": [7.5, 0, 0]
            },
            "1.5": {
              "lerp_mode": "catmullrom",
              "post": [0, 0, 0]
            }
          }
        },
        "head": {
          "rotation": {
            "0.0": {
              "lerp_mode": "catmullrom",
              "post": [0, 0, 0]
            },
            "0.25": {
              "lerp_mode": "catmullrom",
              "post": [15, 0, 0]
            },
            "0.5": {
              "lerp_mode": "catmullrom",
              "post": [5, 0, 0]
            },
            "0.75": {
              "lerp_mode": "catmullrom",
              "post": [-4.84, 0, 0]
            },
            "1.0": {
              "lerp_mode": "catmullrom",
              "post": [-7.5, 0, 0]
            },
            "1.5": {
              "lerp_mode": "catmullrom",
              "post": [0, 0, 0]
            }
          }
        },
        "jaw": {
          "rotation": {
            "0.25": {
              "lerp_mode": "catmullrom",
              "post": [0, 0, 0],
              "pre": [0, 0, 0]
            },
            "0.5": {
              "lerp_mode": "catmullrom",
              "post": [77.5, 0, 0]
            },
            "0.625": {
              "lerp_mode": "catmullrom",
              "post": [59.69, 0, 0]
            },
            "0.75": {
              "lerp_mode": "catmullrom",
              "post": [84.02, 0, 0]
            },
            "1.0": {
              "lerp_mode": "catmullrom",
              "post": [77.5, 0, 0]
            },
            "1.5": {
              "lerp_mode": "catmullrom",
              "post": [0, 0, 0]
            }
          }
        },
        "left_eye": {
          "position": {
            "0.0417": [-1, 0, 0],
            "0.375": {
              "post": [0, 0, 0],
              "pre": [-1, 0, 0]
            }
          }
        },
        "left_eyelid": {
          "position": {
            "0.0417": [2, 0, 0],
            "0.375": {
              "post": [0, 0, 0],
              "pre": [2, 0, 0]
            }
          }
        },
        "neck": {
          "rotation": {
            "0.0": {
              "lerp_mode": "catmullrom",
              "post": [0, 0, 0]
            },
            "0.25": {
              "lerp_mode": "catmullrom",
              "post": [10, 0, 0]
            },
            "0.5": {
              "lerp_mode": "catmullrom",
              "post": [-17.5, 0, 0]
            },
            "1.0": {
              "lerp_mode": "catmullrom",
              "post": [-17.5, 0, 0]
            },
            "1.5": {
              "lerp_mode": "catmullrom",
              "post": [0, 0, 0]
            }
          }
        },
        "right_eye": {
          "position": {
            "0.0417": [1, 0, 0],
            "0.375": {
              "post": [0, 0, 0],
              "pre": [1, 0, 0]
            }
          }
        },
        "right_eyelid": {
          "position": {
            "0.0417": [-2, 0, 0],
            "0.375": {
              "post": [0, 0, 0],
              "pre": [-2, 0, 0]
            }
          }
        }
      },
      "sound_effects": {
        "0.25": {
          "effect": "pokemon.suicune.cry"
        }
      }
    },
    "animation.suicune.ground_idle": {
      "bones": {
        "chest": {
          "position": [0, 0, "-math.sin((query.anim_time) * 90 * 0.5)*0.2"],
          "rotation": ["-math.sin((query.anim_time) * 90 * 0.5-30)*3", 0, 0]
        },
        "head": {
          "rotation": ["math.sin((query.anim_time) * 90 * 0.5)*5", 0, 0]
        },
        "left_ankle": {
          "rotation": ["-math.sin((query.anim_time) * 90 * 0.5)*3", 0, 0]
        },
        "left_arm": {
          "position": [0, "math.sin((query.anim_time) * 90 * 0.5-30)*0.2", "-math.sin((query.anim_time) * 90 * 0.5-30)*0.4"],
          "rotation": ["-math.sin((query.anim_time) * 90 * 0.5-30)*2", 0, 0]
        },
        "left_elbow": {
          "rotation": ["math.sin((query.anim_time) * 90 * 0.5-30)*3", 0, 0]
        },
        "left_knee": {
          "rotation": ["-math.sin((query.anim_time) * 90 * 0.5)*2", 0, 0]
        },
        "left_leg": {
          "position": [0, "-math.sin((query.anim_time) * 90 * 0.5)*0.5", 0],
          "rotation": ["math.sin((query.anim_time) * 90 * 0.5)*2", 0, 0]
        },
        "left_paw": {
          "position": [0, "math.sin((query.anim_time) * 90 * 0.5-30)*0.2", "math.sin((query.anim_time) * 90 * 0.5-30)*0.2"],
          "rotation": ["math.sin((query.anim_time) * 90 * 0.5-30)*2", 0, 0]
        },
        "neck": {
          "rotation": ["math.sin((query.anim_time) * 90 * 0.5+30)*2", 0, 0]
        },
        "right_ankle": {
          "rotation": ["-math.sin((query.anim_time) * 90 * 0.5)*3", 0, 0]
        },
        "right_arm": {
          "position": [0, "math.sin((query.anim_time) * 90 * 0.5-30)*0.2", "-math.sin((query.anim_time) * 90 * 0.5-30)*0.4"],
          "rotation": ["-math.sin((query.anim_time) * 90 * 0.5-30)*2", 0, 0]
        },
        "right_elbow": {
          "rotation": ["math.sin((query.anim_time) * 90 * 0.5-30)*3", 0, 0]
        },
        "right_knee": {
          "rotation": ["-math.sin((query.anim_time) * 90 * 0.5)*2", 0, 0]
        },
        "right_leg": {
          "position": [0, "-math.sin((query.anim_time) * 90 * 0.5)*0.5", 0],
          "rotation": ["math.sin((query.anim_time) * 90 * 0.5)*2", 0, 0]
        },
        "right_paw": {
          "position": [0, "math.sin((query.anim_time) * 90 * 0.5-30)*0.2", "math.sin((query.anim_time) * 90 * 0.5-30)*0.2"],
          "rotation": ["math.sin((query.anim_time) * 90 * 0.5-30)*2", 0, 0]
        },
        "torso": {
          "rotation": ["-math.sin((query.anim_time) * 90 * 0.5)*2", 0, 0]
        }
      },
      "loop": true
    },
    "animation.suicune.ground_walk": {
      "animation_length": 2,
      "bones": {
        "body": {
          "position": [0, -2, 0]
        },
        "chest": {
          "position": [0, 0, "-(math.sin((query.anim_time- 0.5) * 90 * 4-90)*0.2)"],
          "rotation": ["7.5-(math.sin((query.anim_time) * 90 * 4-90)*3)", "-(math.sin((query.anim_time) * 90 * 2-90)*1)", "(math.sin((query.anim_time) * 90 * 2-90)*2)"]
        },
        "head": {
          "rotation": ["7.5+(math.sin((query.anim_time) * 90 * 4-90)*2)", 0, 0]
        },
        "hip": {
          "position": [0, 0, "-(math.sin((query.anim_time- 0.5) * 90 * 4-90)*0.2)"],
          "rotation": ["-(math.sin((query.anim_time- 0.15) * 90 * 4-90)*2)", "-(math.sin((query.anim_time) * 90 * 2-90)*2)", 0]
        },
        "left_ankle": {
          "rotation": {
            "0.0": {
              "lerp_mode": "catmullrom",
              "post": [-10, 0, 0]
            },
            "0.25": {
              "lerp_mode": "catmullrom",
              "post": [-5.94, 0, 0]
            },
            "0.5": {
              "lerp_mode": "catmullrom",
              "post": [5, 0, 0]
            },
            "0.75": {
              "lerp_mode": "catmullrom",
              "post": [-2.5, 0, 0]
            },
            "1.0": {
              "lerp_mode": "catmullrom",
              "post": [-17.5, 0, 0]
            },
            "1.25": {
              "lerp_mode": "catmullrom",
              "post": [-7.5, 0, 0]
            },
            "1.5": {
              "lerp_mode": "catmullrom",
              "post": [5, 0, 0]
            },
            "1.75": {
              "lerp_mode": "catmullrom",
              "post": [-9.47, 0, 0]
            },
            "2.0": {
              "lerp_mode": "catmullrom",
              "post": [-10, 0, 0]
            }
          }
        },
        "left_arm": {
          "position": {
            "0.0": {
              "lerp_mode": "catmullrom",
              "post": [-0.75, 0, -1]
            },
            "0.25": {
              "lerp_mode": "catmullrom",
              "post": [-0.25, 1, -0.25]
            },
            "0.5": {
              "lerp_mode": "catmullrom",
              "post": [0.25, 2, 0.5]
            },
            "0.75": {
              "lerp_mode": "catmullrom",
              "post": [0.5, 0.25, -0.25]
            },
            "1.0": {
              "lerp_mode": "catmullrom",
              "post": [0.5, -0.5, 0]
            },
            "1.25": {
              "lerp_mode": "catmullrom",
              "post": [0.5, 0.25, 0.25]
            },
            "1.5": {
              "lerp_mode": "catmullrom",
              "post": [0, 1, 0.5]
            },
            "1.75": {
              "lerp_mode": "catmullrom",
              "post": [-0.5, 0.5, -0.25]
            },
            "2.0": {
              "lerp_mode": "catmullrom",
              "post": [-0.75, 0, -1]
            }
          },
          "rotation": {
            "0.0": {
              "lerp_mode": "catmullrom",
              "post": [-30, 0, 0]
            },
            "0.25": {
              "lerp_mode": "catmullrom",
              "post": [-12.5, 0, 1.5]
            },
            "0.5": {
              "lerp_mode": "catmullrom",
              "post": [0, 0, 2.5]
            },
            "0.75": {
              "lerp_mode": "catmullrom",
              "post": [20, 0, 3.5]
            },
            "1.0": {
              "lerp_mode": "catmullrom",
              "post": [30, 0, 3.5]
            },
            "1.25": {
              "lerp_mode": "catmullrom",
              "post": [28.75, 0, 2.5]
            },
            "1.5": {
              "lerp_mode": "catmullrom",
              "post": [12.5, 0, -2.5]
            },
            "1.75": {
              "lerp_mode": "catmullrom",
              "post": [-18.75, 0, -2.5]
            },
            "2.0": {
              "lerp_mode": "catmullrom",
              "post": [-30, 0, 0]
            }
          }
        },
        "left_elbow": {
          "rotation": {
            "0.0": {
              "lerp_mode": "catmullrom",
              "post": [5, 0, 0]
            },
            "0.25": {
              "lerp_mode": "catmullrom",
              "post": [-3.75, 0, 0]
            },
            "0.5": {
              "lerp_mode": "catmullrom",
              "post": [0, 0, 0]
            },
            "0.75": {
              "lerp_mode": "catmullrom",
              "post": [-15, 0, 0]
            },
            "1.0": {
              "lerp_mode": "catmullrom",
              "post": [-15, 0, 0]
            },
            "1.25": {
              "lerp_mode": "catmullrom",
              "post": [-36.25, 0, 0]
            },
            "1.5": {
              "lerp_mode": "catmullrom",
              "post": [-47.5, 0, 0]
            },
            "1.75": {
              "lerp_mode": "catmullrom",
              "post": [-21.41, 0, 0]
            },
            "2.0": {
              "lerp_mode": "catmullrom",
              "post": [5, 0, 0]
            }
          }
        },
        "left_fingers": {
          "rotation": {
            "0.0": {
              "lerp_mode": "catmullrom",
              "post": [10, 0, 0]
            },
            "0.25": {
              "lerp_mode": "catmullrom",
              "post": [4.76, 0, 0]
            },
            "0.5": {
              "lerp_mode": "catmullrom",
              "post": [-2.51, 0, 0]
            },
            "0.75": {
              "lerp_mode": "catmullrom",
              "post": [-10.95, 0, 0]
            },
            "1.0": {
              "lerp_mode": "catmullrom",
              "post": [-17.5, 0, 0]
            },
            "1.25": {
              "lerp_mode": "catmullrom",
              "post": [-9.69, 0, 0]
            },
            "1.5": {
              "lerp_mode": "catmullrom",
              "post": [2.5, 0, 0]
            },
            "1.75": {
              "lerp_mode": "catmullrom",
              "post": [7.34, 0, 0]
            },
            "2.0": {
              "lerp_mode": "catmullrom",
              "post": [10, 0, 0]
            }
          }
        },
        "left_foot": {
          "rotation": {
            "0.0": {
              "lerp_mode": "catmullrom",
              "post": [-5, 0, 0]
            },
            "0.25": {
              "lerp_mode": "catmullrom",
              "post": [-8.44, 0, 0]
            },
            "0.5": {
              "lerp_mode": "catmullrom",
              "post": [-15, 0, 0]
            },
            "0.75": {
              "lerp_mode": "catmullrom",
              "post": [22.56, 0, 0]
            },
            "1.0": {
              "lerp_mode": "catmullrom",
              "post": [37.5, 0, 0]
            },
            "1.25": {
              "lerp_mode": "catmullrom",
              "post": [-4.16, 0, 0]
            },
            "1.5": {
              "lerp_mode": "catmullrom",
              "post": [10, 0, 0]
            },
            "2.0": {
              "lerp_mode": "catmullrom",
              "post": [-5, 0, 0]
            }
          }
        },
        "left_knee": {
          "rotation": {
            "0.0": {
              "lerp_mode": "catmullrom",
              "post": [15, 0, 0]
            },
            "0.25": {
              "lerp_mode": "catmullrom",
              "post": [6.17, 0, 0]
            },
            "0.5": {
              "lerp_mode": "catmullrom",
              "post": [2.5, 0, 0]
            },
            "0.75": {
              "lerp_mode": "catmullrom",
              "post": [35, 0, 0]
            },
            "1.0": {
              "lerp_mode": "catmullrom",
              "post": [35, 0, 0]
            },
            "1.25": {
              "lerp_mode": "catmullrom",
              "post": [30, 0, 0]
            },
            "1.5": {
              "lerp_mode": "catmullrom",
              "post": [22.5, 0, 0]
            },
            "1.75": {
              "lerp_mode": "catmullrom",
              "post": [23.75, 0, 0]
            },
            "2.0": {
              "lerp_mode": "catmullrom",
              "post": [15, 0, 0]
            }
          }
        },
        "left_leg": {
          "position": {
            "0.0": {
              "lerp_mode": "catmullrom",
              "post": [0, 0.5, -1]
            },
            "0.25": {
              "lerp_mode": "catmullrom",
              "post": [0, 0.5, -0.5]
            },
            "0.5": {
              "lerp_mode": "catmullrom",
              "post": [0, 1, 0]
            },
            "0.75": {
              "lerp_mode": "catmullrom",
              "post": [0, 0.75, -0.5]
            },
            "1.0": {
              "lerp_mode": "catmullrom",
              "post": [0, 0.5, -1]
            },
            "1.25": {
              "lerp_mode": "catmullrom",
              "post": [0, 0.75, -0.5]
            },
            "1.5": {
              "lerp_mode": "catmullrom",
              "post": [0, 0.75, 0]
            },
            "1.75": {
              "lerp_mode": "catmullrom",
              "post": [0, 0.5, -0.75]
            },
            "2.0": {
              "lerp_mode": "catmullrom",
              "post": [0, 0.5, -1]
            }
          },
          "rotation": {
            "0.0": {
              "lerp_mode": "catmullrom",
              "post": [-2.5, 0, 0]
            },
            "0.25": {
              "lerp_mode": "catmullrom",
              "post": [6.56, 0, 0]
            },
            "0.5": {
              "lerp_mode": "catmullrom",
              "post": [12.5, 0, 0]
            },
            "0.75": {
              "lerp_mode": "catmullrom",
              "post": [3.75, 0, 0]
            },
            "1.0": {
              "lerp_mode": "catmullrom",
              "post": [-2.5, 0, 0]
            },
            "1.25": {
              "lerp_mode": "catmullrom",
              "post": [-26.25, 0, 0]
            },
            "1.5": {
              "lerp_mode": "catmullrom",
              "post": [-40, 0, 0]
            },
            "1.75": {
              "lerp_mode": "catmullrom",
              "post": [-18.75, 0, 0]
            },
            "2.0": {
              "lerp_mode": "catmullrom",
              "post": [-2.5, 0, 0]
            }
          }
        },
        "left_paw": {
          "rotation": {
            "0.0": {
              "lerp_mode": "catmullrom",
              "post": [10, 0, 0]
            },
            "0.25": {
              "lerp_mode": "catmullrom",
              "post": [5, 0, -2.5]
            },
            "0.5": {
              "lerp_mode": "catmullrom",
              "post": [0, 0, -2.5]
            },
            "0.75": {
              "lerp_mode": "catmullrom",
              "post": [2.5, 0, -3.75]
            },
            "1.0": {
              "lerp_mode": "catmullrom",
              "post": [5, 0, -3]
            },
            "1.25": {
              "lerp_mode": "catmullrom",
              "post": [8.94, 0, -1.47]
            },
            "1.5": {
              "lerp_mode": "catmullrom",
              "post": [12.5, 0, 0]
            },
            "1.75": {
              "lerp_mode": "catmullrom",
              "post": [12.03, 0, 0.34]
            },
            "2.0": {
              "lerp_mode": "catmullrom",
              "post": [10, 0, 0]
            }
          }
        },
        "neck": {
          "rotation": ["-2.5-(math.sin((query.anim_time) * 90 * 4-90)*1)", 0, 0]
        },
        "right_ankle": {
          "rotation": {
            "0.0": {
              "lerp_mode": "catmullrom",
              "post": [-17.5, 0, 0]
            },
            "0.25": {
              "lerp_mode": "catmullrom",
              "post": [-7.5, 0, 0]
            },
            "0.5": {
              "lerp_mode": "catmullrom",
              "post": [5, 0, 0]
            },
            "0.75": {
              "lerp_mode": "catmullrom",
              "post": [-9.47, 0, 0]
            },
            "1.0": {
              "lerp_mode": "catmullrom",
              "post": [-10, 0, 0]
            },
            "1.25": {
              "lerp_mode": "catmullrom",
              "post": [-5.94, 0, 0]
            },
            "1.5": {
              "lerp_mode": "catmullrom",
              "post": [5, 0, 0]
            },
            "1.75": {
              "lerp_mode": "catmullrom",
              "post": [-2.5, 0, 0]
            },
            "2.0": {
              "lerp_mode": "catmullrom",
              "post": [-17.5, 0, 0]
            }
          }
        },
        "right_arm": {
          "position": {
            "0.0": {
              "lerp_mode": "catmullrom",
              "post": [-0.5, -0.5, 0]
            },
            "0.25": {
              "lerp_mode": "catmullrom",
              "post": [-0.5, 0.25, 0.25]
            },
            "0.5": {
              "lerp_mode": "catmullrom",
              "post": [0, 1, 0.5]
            },
            "0.75": {
              "lerp_mode": "catmullrom",
              "post": [0.5, 0.5, -0.25]
            },
            "1.0": {
              "lerp_mode": "catmullrom",
              "post": [0.75, 0, -1]
            },
            "1.25": {
              "lerp_mode": "catmullrom",
              "post": [0.25, 1, -0.25]
            },
            "1.5": {
              "lerp_mode": "catmullrom",
              "post": [-0.25, 2, 0.5]
            },
            "1.75": {
              "lerp_mode": "catmullrom",
              "post": [-0.5, 0.25, -0.25]
            },
            "2.0": {
              "lerp_mode": "catmullrom",
              "post": [-0.5, -0.5, 0]
            }
          },
          "rotation": {
            "0.0": {
              "lerp_mode": "catmullrom",
              "post": [30, 0, -3.5]
            },
            "0.25": {
              "lerp_mode": "catmullrom",
              "post": [28.75, 0, -2.5]
            },
            "0.5": {
              "lerp_mode": "catmullrom",
              "post": [12.5, 0, 2.5]
            },
            "0.75": {
              "lerp_mode": "catmullrom",
              "post": [-18.75, 0, 2.5]
            },
            "1.0": {
              "lerp_mode": "catmullrom",
              "post": [-30, 0, 0]
            },
            "1.25": {
              "lerp_mode": "catmullrom",
              "post": [-12.5, 0, -1.5]
            },
            "1.5": {
              "lerp_mode": "catmullrom",
              "post": [0, 0, -2.5]
            },
            "1.75": {
              "lerp_mode": "catmullrom",
              "post": [20, 0, -3.5]
            },
            "2.0": {
              "lerp_mode": "catmullrom",
              "post": [30, 0, -3.5]
            }
          }
        },
        "right_elbow": {
          "rotation": {
            "0.0": {
              "lerp_mode": "catmullrom",
              "post": [-15, 0, 0]
            },
            "0.25": {
              "lerp_mode": "catmullrom",
              "post": [-36.25, 0, 0]
            },
            "0.5": {
              "lerp_mode": "catmullrom",
              "post": [-47.5, 0, 0]
            },
            "0.75": {
              "lerp_mode": "catmullrom",
              "post": [-21.41, 0, 0]
            },
            "1.0": {
              "lerp_mode": "catmullrom",
              "post": [5, 0, 0]
            },
            "1.25": {
              "lerp_mode": "catmullrom",
              "post": [-3.75, 0, 0]
            },
            "1.5": {
              "lerp_mode": "catmullrom",
              "post": [0, 0, 0]
            },
            "1.75": {
              "lerp_mode": "catmullrom",
              "post": [-15, 0, 0]
            },
            "2.0": {
              "lerp_mode": "catmullrom",
              "post": [-15, 0, 0]
            }
          }
        },
        "right_fingers": {
          "rotation": {
            "0.0": {
              "lerp_mode": "catmullrom",
              "post": [-17.5, 0, 0]
            },
            "0.25": {
              "lerp_mode": "catmullrom",
              "post": [-9.69, 0, 0]
            },
            "0.5": {
              "lerp_mode": "catmullrom",
              "post": [2.5, 0, 0]
            },
            "0.75": {
              "lerp_mode": "catmullrom",
              "post": [7.34, 0, 0]
            },
            "1.0": {
              "lerp_mode": "catmullrom",
              "post": [10, 0, 0]
            },
            "1.25": {
              "lerp_mode": "catmullrom",
              "post": [4.76, 0, 0]
            },
            "1.5": {
              "lerp_mode": "catmullrom",
              "post": [-2.51, 0, 0]
            },
            "1.75": {
              "lerp_mode": "catmullrom",
              "post": [-10.95, 0, 0]
            },
            "2.0": {
              "lerp_mode": "catmullrom",
              "post": [-17.5, 0, 0]
            }
          }
        },
        "right_foot": {
          "rotation": {
            "0.0": {
              "lerp_mode": "catmullrom",
              "post": [37.5, 0, 0]
            },
            "0.25": {
              "lerp_mode": "catmullrom",
              "post": [-4.16, 0, 0]
            },
            "0.5": {
              "lerp_mode": "catmullrom",
              "post": [10, 0, 0]
            },
            "1.0": {
              "lerp_mode": "catmullrom",
              "post": [-5, 0, 0]
            },
            "1.25": {
              "lerp_mode": "catmullrom",
              "post": [-8.44, 0, 0]
            },
            "1.5": {
              "lerp_mode": "catmullrom",
              "post": [-15, 0, 0]
            },
            "1.75": {
              "lerp_mode": "catmullrom",
              "post": [22.56, 0, 0]
            },
            "2.0": {
              "lerp_mode": "catmullrom",
              "post": [37.5, 0, 0]
            }
          }
        },
        "right_knee": {
          "rotation": {
            "0.0": {
              "lerp_mode": "catmullrom",
              "post": [35, 0, 0]
            },
            "0.25": {
              "lerp_mode": "catmullrom",
              "post": [30, 0, 0]
            },
            "0.5": {
              "lerp_mode": "catmullrom",
              "post": [22.5, 0, 0]
            },
            "0.75": {
              "lerp_mode": "catmullrom",
              "post": [23.75, 0, 0]
            },
            "1.0": {
              "lerp_mode": "catmullrom",
              "post": [15, 0, 0]
            },
            "1.25": {
              "lerp_mode": "catmullrom",
              "post": [6.17, 0, 0]
            },
            "1.5": {
              "lerp_mode": "catmullrom",
              "post": [2.5, 0, 0]
            },
            "1.75": {
              "lerp_mode": "catmullrom",
              "post": [35, 0, 0]
            },
            "2.0": {
              "lerp_mode": "catmullrom",
              "post": [35, 0, 0]
            }
          }
        },
        "right_leg": {
          "position": {
            "0.0": {
              "lerp_mode": "catmullrom",
              "post": [0, 0.5, -1]
            },
            "0.25": {
              "lerp_mode": "catmullrom",
              "post": [0, 0.75, -0.5]
            },
            "0.5": {
              "lerp_mode": "catmullrom",
              "post": [0, 0.75, 0]
            },
            "0.75": {
              "lerp_mode": "catmullrom",
              "post": [0, 0.5, -0.75]
            },
            "1.0": {
              "lerp_mode": "catmullrom",
              "post": [0, 0.5, -1]
            },
            "1.25": {
              "lerp_mode": "catmullrom",
              "post": [0, 0.5, -0.5]
            },
            "1.5": {
              "lerp_mode": "catmullrom",
              "post": [0, 1, 0]
            },
            "1.75": {
              "lerp_mode": "catmullrom",
              "post": [0, 0.75, -0.5]
            },
            "2.0": {
              "lerp_mode": "catmullrom",
              "post": [0, 0.5, -1]
            }
          },
          "rotation": {
            "0.0": {
              "lerp_mode": "catmullrom",
              "post": [-2.5, 0, 0]
            },
            "0.25": {
              "lerp_mode": "catmullrom",
              "post": [-26.25, 0, 0]
            },
            "0.5": {
              "lerp_mode": "catmullrom",
              "post": [-40, 0, 0]
            },
            "0.75": {
              "lerp_mode": "catmullrom",
              "post": [-18.75, 0, 0]
            },
            "1.0": {
              "lerp_mode": "catmullrom",
              "post": [-2.5, 0, 0]
            },
            "1.25": {
              "lerp_mode": "catmullrom",
              "post": [6.56, 0, 0]
            },
            "1.5": {
              "lerp_mode": "catmullrom",
              "post": [12.5, 0, 0]
            },
            "1.75": {
              "lerp_mode": "catmullrom",
              "post": [3.75, 0, 0]
            },
            "2.0": {
              "lerp_mode": "catmullrom",
              "post": [-2.5, 0, 0]
            }
          }
        },
        "right_paw": {
          "rotation": {
            "0.0": {
              "lerp_mode": "catmullrom",
              "post": [5, 0, 3]
            },
            "0.25": {
              "lerp_mode": "catmullrom",
              "post": [8.94, 0, 1.47]
            },
            "0.5": {
              "lerp_mode": "catmullrom",
              "post": [12.5, 0, 0]
            },
            "0.75": {
              "lerp_mode": "catmullrom",
              "post": [12.03, 0, -0.34]
            },
            "1.0": {
              "lerp_mode": "catmullrom",
              "post": [10, 0, 0]
            },
            "1.25": {
              "lerp_mode": "catmullrom",
              "post": [5, 0, 2.5]
            },
            "1.5": {
              "lerp_mode": "catmullrom",
              "post": [0, 0, 2.5]
            },
            "1.75": {
              "lerp_mode": "catmullrom",
              "post": [2.5, 0, 3.75]
            },
            "2.0": {
              "lerp_mode": "catmullrom",
              "post": [5, 0, 3]
            }
          }
        },
        "torso": {
          "position": ["(math.sin((query.anim_time) * 90 * 2-90)*0.5)", "(math.sin((query.anim_time) * 90 * 4-90)*0.2)", "(math.sin((query.anim_time) * 90 * 4-90)*0.3)"],
          "rotation": ["(math.sin((query.anim_time) * 90 * 4-90)*2)", 0, "0+(math.sin((query.anim_time) * 90 * 2+90)*1)"]
        },
        "waist": {
          "position": [0, 0, "-1-(math.sin((query.anim_time- 0.45) * 90 * 4-90)*0.1)"]
        }
      },
      "loop": true
    },
    "animation.suicune.hair": {
      "bones": {
        "hair": {
          "rotation": ["-math.sin((query.anim_time) * 90 * 1)*5", 0, 0]
        },
        "hair_middle": {
          "rotation": ["-math.sin((query.anim_time) * 90 * 1-300)*20", 0, 0]
        },
        "hair_middle2": {
          "rotation": ["-2.5-math.sin((query.anim_time) * 90 * 1-120)*50", 0, 0]
        },
        "hair_middle3": {
          "rotation": ["-2.5-math.sin((query.anim_time) * 90 * 1-270)*40", 0, 0]
        },
        "hair_middle4": {
          "rotation": ["-math.sin((query.anim_time) * 90 * 1-30)*30", 0, 0]
        },
        "hair_middle5": {
          "rotation": ["-math.sin((query.anim_time) * 90 * 1-120)*20", 0, 0]
        },
        "hair_middle6": {
          "rotation": ["-math.sin((query.anim_time) * 90 * 1-180)*25", 0, 0]
        },
        "hair_side": {
          "rotation": ["-math.sin((query.anim_time) * 90 * 1-30)*3", 0, 0]
        },
        "hair_side2": {
          "rotation": ["-2.5-math.sin((query.anim_time) * 90 * 1-300)*20", 0, 0]
        },
        "hair_side3": {
          "rotation": ["-2.5-math.sin((query.anim_time) * 90 * 1-120)*50", 0, 0]
        },
        "hair_side4": {
          "rotation": ["-math.sin((query.anim_time) * 90 * 1-270)*40", 0, 0]
        },
        "hair_side5": {
          "rotation": ["-math.sin((query.anim_time) * 90 * 1-30)*30", 0, 0]
        },
        "hair_side6": {
          "rotation": ["-math.sin((query.anim_time) * 90 * 1-120)*20", 0, 0]
        }
      },
      "loop": true
    },
    "animation.suicune.recoil": {
      "animation_length": 1.5,
      "bones": {
        "arm_left": {
          "rotation": {
            "0.0": [0, 0, 0],
            "0.125": {
              "lerp_mode": "catmullrom",
              "post": [0, 30, 0],
              "pre": [0, 30, 0]
            },
            "0.9167": {
              "lerp_mode": "catmullrom",
              "post": [0, 0, 0]
            },
            "1.2917": [0, 0, 0]
          }
        },
        "arm_right": {
          "rotation": {
            "0.0": [0, 0, 0],
            "0.125": {
              "lerp_mode": "catmullrom",
              "post": [0, -30, 0],
              "pre": [0, -30, 0]
            },
            "0.9167": {
              "lerp_mode": "catmullrom",
              "post": [0, 0, 0]
            },
            "1.2917": [0, 0, 0]
          }
        },
        "eyelid_left": {
          "position": {
            "0.0": [0.02, 0, -0.035],
            "0.125": [0.02, 0, -0.035],
            "0.1667": {
              "post": [0, 0, 0],
              "pre": [0.02, 0, -0.035]
            }
          }
        },
        "eyelid_right": {
          "position": {
            "0.0": [-0.02, 0, -0.035],
            "0.125": [-0.02, 0, -0.035],
            "0.1667": {
              "post": [0, 0, 0],
              "pre": [-0.02, 0, -0.035]
            }
          }
        },
        "forearm_left": {
          "rotation": {
            "0.0": [0, 0, 0],
            "0.375": [0, 17.5, 0],
            "1.125": [0, 0, 0]
          }
        },
        "forearm_right": {
          "rotation": {
            "0.0": [0, 0, 0],
            "0.375": [0, -17.5, 0],
            "1.125": [0, 0, 0]
          }
        },
        "fur": {
          "rotation": {
            "0.0": [0, 0, 0],
            "0.25": [45, 0, 0],
            "1.5": [0, 0, 0]
          }
        },
        "hair": {
          "rotation": {
            "0.0": [0, 0, 0],
            "0.25": [15, 0, 0],
            "1.5": [0, 0, 0]
          }
        },
        "head": {
          "rotation": {
            "0.0": [0, 0, 0],
            "0.125": {
              "lerp_mode": "catmullrom",
              "post": [10, 0, 0],
              "pre": [10, 0, 0]
            },
            "0.25": {
              "lerp_mode": "catmullrom",
              "post": [-10, 0, 0]
            },
            "0.5833": {
              "lerp_mode": "catmullrom",
              "post": [-10, 0, 0]
            },
            "0.9583": {
              "lerp_mode": "catmullrom",
              "post": [0, 0, 0]
            },
            "1.3333": [0, 0, 0]
          }
        },
        "neck": {
          "position": {
            "0.0": [0, 0, 0],
            "0.0833": [0, -2.2505, -0.49774],
            "1.125": [0, 0, 0]
          },
          "rotation": {
            "0.0": [0, 0, 0],
            "0.0833": {
              "lerp_mode": "catmullrom",
              "post": [-25, 0, 0],
              "pre": [-25, 0, 0]
            },
            "0.625": {
              "lerp_mode": "catmullrom",
              "post": [-12.5, 0, 0]
            },
            "1.125": {
              "lerp_mode": "catmullrom",
              "post": [0, 0, 0]
            },
            "1.5": [0, 0, 0]
          }
        },
        "neck2": {
          "rotation": {
            "0.0": [0, 0, 0],
            "0.125": {
              "lerp_mode": "catmullrom",
              "post": [5, 0, 0],
              "pre": [5, 0, 0]
            },
            "0.5": {
              "lerp_mode": "catmullrom",
              "post": [14.85, 0, 0]
            },
            "1.1667": [0, 0, 0]
          }
        },
        "tail": {
          "rotation": {
            "0.0": [0, 0, 0],
            "0.1667": {
              "lerp_mode": "catmullrom",
              "post": [17.5, 0, 0],
              "pre": [17.5, 0, 0]
            },
            "0.625": {
              "lerp_mode": "catmullrom",
              "post": [15.38, 0, 0]
            },
            "1.3333": [0, 0, 0]
          }
        },
        "torso": {
          "rotation": {
            "0.0": [0, 0, 0],
            "0.125": [-12, 0, 0],
            "0.4583": {
              "lerp_mode": "catmullrom",
              "post": [2.24067, 0, 0],
              "pre": [2.24067, 0, 0]
            },
            "0.8333": {
              "lerp_mode": "catmullrom",
              "post": [2.24067, 0, 0]
            },
            "1.2917": [0, 0, 0]
          }
        },
        "torso2": {
          "rotation": {
            "0.0": [0, 0, 0],
            "0.0833": [4.98, 0, 0],
            "0.4167": {
              "lerp_mode": "catmullrom",
              "post": [0, 0, 0],
              "pre": [0, 0, 0]
            },
            "0.7083": {
              "lerp_mode": "catmullrom",
              "post": [1.5, 0, 0]
            },
            "1.4167": [0, 0, 0]
          }
        }
      }
    },
    "animation.suicune.sleep": {
      "bones": {
        "body": {
          "position": [0, -14, 0],
          "rotation": [0, 0, -12.5]
        },
        "chest": {
          "rotation": ["0-math.sin((query.anim_time) * 90 * 0.25)*3", 0, 0]
        },
        "hair": {
          "rotation": [-12.5, 0, 0]
        },
        "hair_middle": {
          "rotation": [-15, 0, 0]
        },
        "hair_middle2": {
          "rotation": [0, 12.5, 0]
        },
        "hair_middle3": {
          "rotation": [-21.17283, 18.74724, -7.09597]
        },
        "hair_middle4": {
          "rotation": [-17.5, 0, 0]
        },
        "hair_middle5": {
          "rotation": [20, 0, 0]
        },
        "hair_middle6": {
          "rotation": [-12.5, 0, 0]
        },
        "hair_side": {
          "position": [0, 0.06526, 0.49572],
          "rotation": [7.5, 0, 0]
        },
        "hair_side2": {
          "rotation": [-17.5, 7.5, 0]
        },
        "hair_side3": {
          "rotation": [10, 0, 0]
        },
        "hair_side4": {
          "rotation": [-36.28567, 14.26008, -10.25103]
        },
        "hair_side5": {
          "rotation": [10, 0, 0]
        },
        "hair_side6": {
          "position": [0, -0.42526, -1.34876],
          "rotation": [-27.5, 0, 0]
        },
        "head": {
          "position": [0.74358, 0, 0.09789],
          "rotation": ["0-math.sin((query.anim_time) * 90 * 0.25-120)*2", -17.5, 0]
        },
        "hip": {
          "rotation": [0, 0, -2.5]
        },
        "jaw": {
          "rotation": ["15+math.sin((query.anim_time) * 90 * 0.25-30)*10", 0, 0]
        },
        "left_ankle": {
          "rotation": [-5, 0, 0]
        },
        "left_arm": {
          "position": [0.43288, "1.9526+math.sin((query.anim_time) * 90 * 0.25)*0.5", -2],
          "rotation": ["-52.5+math.sin((query.anim_time) * 90 * 0.25)*3", 22.5, 0]
        },
        "left_elbow": {
          "rotation": [-50, 0, 0]
        },
        "left_eye": {
          "position": [-1, 0, 0]
        },
        "left_eyelid": {
          "position": [2, 0, 0]
        },
        "left_knee": {
          "rotation": [55, 0, 0]
        },
        "left_leg": {
          "rotation": [-87.03659, 6.06809, -37.07723]
        },
        "left_paw": {
          "position": [0.27055, 0.85351, -1.15036],
          "rotation": [107.5, 0, 0]
        },
        "left_tail": {
          "rotation": [7.5, 0, 0]
        },
        "neck": {
          "position": [-0.21644, -0.69035, -0.69035],
          "rotation": ["60+math.sin((query.anim_time) * 90 * 0.25-60)*2", -16.57738, 30.45218]
        },
        "right_ankle": {
          "rotation": [-4.97622, -10.23077, -17.3689]
        },
        "right_arm": {
          "position": [-0.43288, "1.9526+math.sin((query.anim_time) * 90 * 0.25)*0.5", -2],
          "rotation": ["-50.2259+math.sin((query.anim_time) * 90 * 0.25)*3", -34.01074, 10.95716]
        },
        "right_elbow": {
          "rotation": [-45, 0, 0]
        },
        "right_eye": {
          "position": [1, 0, 0]
        },
        "right_eyelid": {
          "position": [-2, 0, 0]
        },
        "right_knee": {
          "rotation": [54.52468, 19.82169, -2.71994]
        },
        "right_leg": {
          "position": [1.67057, -3.61244, 1.07679],
          "rotation": [-91.87478, 11.3543, -32.91119]
        },
        "right_paw": {
          "position": [-0.27055, 0.85351, -1.15036],
          "rotation": [107.5, 0, 0]
        },
        "right_tail": {
          "rotation": [0, 0, 32.5]
        },
        "torso": {
          "rotation": ["-math.sin((query.anim_time) * 90 * 0.25-30)*3", 0, 0]
        },
        "waist": {
          "rotation": [0, 0, -10]
        }
      },
      "loop": true
    },
    "animation.suicune.tail_idle": {
      "bones": {
        "jaw": {
          "rotation": [0, 0, 0]
        },
        "left_tail": {
          "rotation": [0, "-(math.sin((query.anim_time) * 90 * 1)*10)", 0]
        },
        "left_tail12": {
          "rotation": [0, "-(math.sin((query.anim_time) * 90 * 1-180)*40*1.5)", 0]
        },
        "left_tail13": {
          "rotation": [0, "-(math.sin((query.anim_time) * 90 * 1-180-45)*40*1.5)", 0]
        },
        "left_tail14": {
          "rotation": [0, "-(math.sin((query.anim_time) * 90 * 1-270)*40*1.5)", 0]
        },
        "left_tail15": {
          "rotation": [0, "-(math.sin((query.anim_time) * 90 * 1-270-45)*40*1.5)", 0]
        },
        "left_tail2": {
          "rotation": [0, "-(math.sin((query.anim_time) * 90 * 1-45)*15)", 0]
        },
        "left_tail2_base": {
          "rotation": [-37.5, 0, 0]
        },
        "left_tail3": {
          "rotation": [0, "-(math.sin((query.anim_time) * 90 * 1-90)*35)", "math.sin((query.anim_time) * 90 * 1-45)*15"]
        },
        "left_tail3_base": {
          "rotation": [-62.5, 0, 0]
        },
        "left_tail4": {
          "rotation": [0, "-(math.sin((query.anim_time) * 90 * 1-180)*20)", "math.sin((query.anim_time) * 90 * 1-90)*15"]
        },
        "left_tail4_base": {
          "rotation": [-42.5, 0, 0]
        },
        "left_tail5": {
          "rotation": [0, "-(math.sin((query.anim_time) * 90 * 1-180-45)*20*2)", "math.sin((query.anim_time) * 90 * 1-90-45)*5"]
        },
        "left_tail6": {
          "rotation": [0, "-(math.sin((query.anim_time) * 90 * 1-180-90)*20*2)", 0]
        },
        "left_tail7": {
          "rotation": [0, "-(math.sin((query.anim_time) * 90 * 1-180-90-45)*40*1.5)", 0]
        },
        "left_tail8": {
          "rotation": [0, "-(math.sin((query.anim_time) * 90 * 1)*40*1.5)", 0]
        },
        "left_tail9": {
          "rotation": [0, "-(math.sin((query.anim_time) * 90 * 1-45)*40*1.5)", 0]
        },
        "left_tail_base": {
          "rotation": [-35, 0, 0]
        },
        "left_taileleven": {
          "rotation": [0, "-(math.sin((query.anim_time) * 90 * 1-90-45)*40*1.5)", 0]
        },
        "left_tailten": {
          "rotation": [0, "-(math.sin((query.anim_time) * 90 * 1-90)*40*1.5)", 0]
        },
        "right_tail": {
          "rotation": [0, "math.sin((query.anim_time) * 90 * 1)*10", 0]
        },
        "right_tail12": {
          "rotation": [0, "math.sin((query.anim_time) * 90 * 1-180)*40*1.5", 0]
        },
        "right_tail13": {
          "rotation": [0, "math.sin((query.anim_time) * 90 * 1-180-45)*40*1.5", 0]
        },
        "right_tail14": {
          "rotation": [0, "math.sin((query.anim_time) * 90 * 1-270)*40*1.5", 0]
        },
        "right_tail15": {
          "rotation": [0, "math.sin((query.anim_time) * 90 * 1-270-45)*40*1.5", 0]
        },
        "right_tail2": {
          "rotation": [0, "(math.sin((query.anim_time) * 90 * 1-45)*15)", 0]
        },
        "right_tail2_base": {
          "rotation": [-37.5, 0, 0]
        },
        "right_tail3": {
          "rotation": [0, "math.sin((query.anim_time) * 90 * 1-90)*35", "-math.sin((query.anim_time) * 90 * 1-45)*15"]
        },
        "right_tail3_base": {
          "rotation": [-62.5, 0, 0]
        },
        "right_tail4": {
          "rotation": [0, "(math.sin((query.anim_time) * 90 * 1-180)*20)", "-(math.sin((query.anim_time) * 90 * 1-90)*15)"]
        },
        "right_tail4_base": {
          "rotation": [-42.5, 0, 0]
        },
        "right_tail5": {
          "rotation": [0, "math.sin((query.anim_time) * 90 * 1-180-45)*20*2", "-math.sin((query.anim_time) * 90 * 1-90-45)*5"]
        },
        "right_tail6": {
          "rotation": [0, "math.sin((query.anim_time) * 90 * 1-180-90)*20*2", 0]
        },
        "right_tail7": {
          "rotation": [0, "math.sin((query.anim_time) * 90 * 1-180-90-45)*40*1.5", 0]
        },
        "right_tail8": {
          "rotation": [0, "math.sin((query.anim_time) * 90 * 1)*40*1.5", 0]
        },
        "right_tail9": {
          "rotation": [0, "math.sin((query.anim_time) * 90 * 1-45)*40*1.5", 0]
        },
        "right_tail_base": {
          "rotation": [-35, 0, 0]
        },
        "right_taileleven": {
          "rotation": [0, "math.sin((query.anim_time) * 90 * 1-90-45)*40*1.5", 0]
        },
        "right_tailten": {
          "rotation": [0, "math.sin((query.anim_time) * 90 * 1-90)*40*1.5", 0]
        },
        "undefined": {
          "rotation": [0, "math.sin((query.anim_time) * 90 * 1-270-45)*40*1.5", 0]
        }
      },
      "loop": true
    },
    "animation.suicune.tail_sleep": {
      "bones": {
        "jaw": {
          "rotation": [0, 0, 0]
        },
        "left_tail": {
          "rotation": [0, "-(math.sin((query.anim_time) * 90 * 0.5)*10)", 0]
        },
        "left_tail12": {
          "rotation": [0, "-(math.sin((query.anim_time) * 90 * 0.5-180)*40*1.5)", 0]
        },
        "left_tail13": {
          "rotation": [0, "-(math.sin((query.anim_time) * 90 * 0.5-180-45)*40*1.5)", 0]
        },
        "left_tail14": {
          "rotation": [0, "-(math.sin((query.anim_time) * 90 * 0.5-270)*40*1.5)", 0]
        },
        "left_tail15": {
          "rotation": [0, "-(math.sin((query.anim_time) * 90 * 0.5-270-45)*40*1.5)", 0]
        },
        "left_tail2": {
          "rotation": [0, "-(math.sin((query.anim_time) * 90 * 0.5-45)*15)", 0]
        },
        "left_tail2_base": {
          "rotation": [-37.5, 0, 0]
        },
        "left_tail3": {
          "rotation": [0, "-(math.sin((query.anim_time) * 90 * 0.5-90)*35)", "math.sin((query.anim_time) * 90 * 0.5-45)*15"]
        },
        "left_tail3_base": {
          "rotation": [-62.5, 0, 0]
        },
        "left_tail4": {
          "rotation": [0, "-(math.sin((query.anim_time) * 90 * 0.5-180)*20)", "math.sin((query.anim_time) * 90 * 0.5-90)*15"]
        },
        "left_tail4_base": {
          "rotation": [-42.5, 0, 0]
        },
        "left_tail5": {
          "rotation": [0, "-(math.sin((query.anim_time) * 90 * 0.5-180-45)*20*2)", "math.sin((query.anim_time) * 90 * 0.5-90-45)*5"]
        },
        "left_tail6": {
          "rotation": [0, "-(math.sin((query.anim_time) * 90 * 0.5-180-90)*20*2)", 0]
        },
        "left_tail7": {
          "rotation": [0, "-(math.sin((query.anim_time) * 90 * 0.5-180-90-45)*40*1.5)", 0]
        },
        "left_tail8": {
          "rotation": [0, "-(math.sin((query.anim_time) * 90 * 0.5)*40*1.5)", 0]
        },
        "left_tail9": {
          "rotation": [0, "-(math.sin((query.anim_time) * 90 * 0.5-45)*40*1.5)", 0]
        },
        "left_tail_base": {
          "rotation": [-35, 0, 0]
        },
        "left_taileleven": {
          "rotation": [0, "-(math.sin((query.anim_time) * 90 * 0.5-90-45)*40*1.5)", 0]
        },
        "left_tailten": {
          "rotation": [0, "-(math.sin((query.anim_time) * 90 * 0.5-90)*40*1.5)", 0]
        },
        "right_tail": {
          "rotation": [0, "math.sin((query.anim_time) * 90 * 0.5)*10", 0]
        },
        "right_tail12": {
          "rotation": [0, "math.sin((query.anim_time) * 90 * 0.5-180)*40*1.5", 0]
        },
        "right_tail13": {
          "rotation": [0, "math.sin((query.anim_time) * 90 * 0.5-180-45)*40*1.5", 0]
        },
        "right_tail14": {
          "rotation": [0, "math.sin((query.anim_time) * 90 * 0.5-270)*40*1.5", 0]
        },
        "right_tail15": {
          "rotation": [0, "math.sin((query.anim_time) * 90 * 0.5-270-45)*40*1.5", 0]
        },
        "right_tail2": {
          "rotation": [0, "(math.sin((query.anim_time) * 90 * 0.5-45)*15)", 0]
        },
        "right_tail2_base": {
          "rotation": [-37.5, 0, 0]
        },
        "right_tail3": {
          "rotation": [0, "math.sin((query.anim_time) * 90 * 0.5-90)*35", "-math.sin((query.anim_time) * 90 * 0.5-45)*15"]
        },
        "right_tail3_base": {
          "rotation": [-62.5, 0, 0]
        },
        "right_tail4": {
          "rotation": [0, "(math.sin((query.anim_time) * 90 * 0.5-180)*20)", "-(math.sin((query.anim_time) * 90 * 0.5-90)*15)"]
        },
        "right_tail4_base": {
          "rotation": [-42.5, 0, 0]
        },
        "right_tail5": {
          "rotation": [0, "math.sin((query.anim_time) * 90 * 0.5-180-45)*20*2", "-math.sin((query.anim_time) * 90 * 0.5-90-45)*5"]
        },
        "right_tail6": {
          "rotation": [0, "math.sin((query.anim_time) * 90 * 0.5-180-90)*20*2", 0]
        },
        "right_tail7": {
          "rotation": [0, "math.sin((query.anim_time) * 90 * 0.5-180-90-45)*40*1.5", 0]
        },
        "right_tail8": {
          "rotation": [0, "math.sin((query.anim_time) * 90 * 0.5)*40*1.5", 0]
        },
        "right_tail9": {
          "rotation": [0, "math.sin((query.anim_time) * 90 * 0.5-45)*40*1.5", 0]
        },
        "right_tail_base": {
          "rotation": [-35, 0, 0]
        },
        "right_taileleven": {
          "rotation": [0, "math.sin((query.anim_time) * 90 * 0.5-90-45)*40*1.5", 0]
        },
        "right_tailten": {
          "rotation": [0, "math.sin((query.anim_time) * 90 * 0.5-90)*40*1.5", 0]
        },
        "undefined": {
          "rotation": [0, "math.sin((query.anim_time) * 90 * 0.5-270-45)*40*1.5", 0]
        }
      },
      "loop": true
    }
  },
  "format_version": "1.8.0"
}