{
  "animations": {
    "animation.charizard_gigantamax.air_idle": {
      "animation_length": 4,
      "bones": {
        "arm_left": {
          "rotation": ["0+math.sin(q.anim_time*90*2-90)*-5", 0, "-17.5+math.sin(q.anim_time*90*2-90)*-5"]
        },
        "arm_right": {
          "rotation": ["0+math.sin(q.anim_time*90*2-90)*-5", 0, "17.5-math.sin(q.anim_time*90*2-90)*-5"]
        },
        "body": {
          "position": ["math.cos(q.anim_time*90*1-60)*1", "12+math.cos((q.anim_time*90*2-60)+math.sin(q.anim_time*90*2)*20)*3", 0],
          "rotation": [7.5, 0, "math.sin(q.anim_time*90*1-90)*-0.5"]
        },
        "bone10": {
          "rotation": {
            "0.0": {
              "lerp_mode": "catmullrom",
              "post": ["17.5+math.sin(q.anim_time*90*2-90)*6", 0, 0]
            }
          }
        },
        "bone101": {
          "rotation": ["0-math.sin(q.anim_time*90*6)*6", 0, 0],
          "scale": "1-math.sin(q.anim_time*90*30)*0.01"
        },
        "bone102": {
          "rotation": ["0-math.sin(q.anim_time*90*6-90)*6", 0, 0],
          "scale": "1-math.sin(q.anim_time*90*30-90)*0.01"
        },
        "bone12": {
          "rotation": {
            "0.0": {
              "lerp_mode": "catmullrom",
              "post": ["20+math.sin(q.anim_time*90*2-210)*-6", 0, 0]
            }
          }
        },
        "bone24": {
          "rotation": ["27.1324645905+math.sin(q.anim_time*90*2-150)*-6", -0.53501, -9.99246]
        },
        "bone25": {
          "rotation": {
            "0.0": {
              "lerp_mode": "catmullrom",
              "post": ["10+math.sin(q.anim_time*90*2-90)*6", 0, 0]
            }
          }
        },
        "bone27": {
          "rotation": {
            "0.0": {
              "lerp_mode": "catmullrom",
              "post": ["20+math.sin(q.anim_time*90*2-210)*-6", 0, 0]
            }
          }
        },
        "bone35": {
          "rotation": {
            "0.0": {
              "lerp_mode": "catmullrom",
              "post": [0, 32.5, 0]
            }
          }
        },
        "bone36": {
          "rotation": [0, 0, "0+math.sin(q.anim_time*90*2-90)*-5"]
        },
        "bone39": {
          "rotation": [0, 0, "0+math.sin(q.anim_time*90*2-90)*-5"]
        },
        "bone40": {
          "rotation": [0, 0, "0+math.sin(q.anim_time*90*2-90)*-5"]
        },
        "bone41": {
          "rotation": [0, 0, 0],
          "scale": [1, "1-math.sin(q.anim_time*90*30)*0.01", 1]
        },
        "bone43": {
          "rotation": [0, 0, "0+math.sin(q.anim_time*90*2-90)*-5"]
        },
        "bone44": {
          "rotation": [0, 0, "0+math.sin(q.anim_time*90*2-90)*-5"]
        },
        "bone45": {
          "rotation": [0, 0, "0+math.sin(q.anim_time*90*2-90)*-5"]
        },
        "bone47": {
          "rotation": [0, 0, "0+math.sin(q.anim_time*90*2-90)*-5"]
        },
        "bone48": {
          "rotation": [0, 0, "0+math.sin(q.anim_time*90*2-90)*-5"]
        },
        "bone49": {
          "rotation": [0, 0, "0+math.sin(q.anim_time*90*2-90)*-5"]
        },
        "bone5": {
          "rotation": ["27.0556088275+math.sin(q.anim_time*90*2-150)*-6", 0.67813, 12.48954]
        },
        "bone51": {
          "rotation": {
            "0.0": {
              "lerp_mode": "catmullrom",
              "post": [0, -32.5, 0]
            },
            "2.0": {
              "lerp_mode": "catmullrom",
              "post": [0, -32.5, 0]
            },
            "4.0": {
              "lerp_mode": "catmullrom",
              "post": [0, -32.5, 0]
            }
          }
        },
        "bone52": {
          "rotation": [0, 0, "0+math.sin(q.anim_time*90*2-90)*-5"]
        },
        "bone53": {
          "rotation": [0, 0, "0-math.sin(q.anim_time*90*2-90)*-5"]
        },
        "bone54": {
          "rotation": [0, 0, "0-math.sin(q.anim_time*90*2-90)*-5"]
        },
        "bone55": {
          "rotation": [0, 0, "0-math.sin(q.anim_time*90*2-90)*-5"]
        },
        "bone57": {
          "rotation": [0, 0, "0-math.sin(q.anim_time*90*2-90)*-5"]
        },
        "bone58": {
          "rotation": [0, 0, "0-math.sin(q.anim_time*90*2-90)*-5"]
        },
        "bone59": {
          "rotation": [0, 0, "0-math.sin(q.anim_time*90*2-90)*-5"]
        },
        "bone61": {
          "rotation": [0, 0, "0-math.sin(q.anim_time*90*2-90)*-5"]
        },
        "bone62": {
          "rotation": [0, 0, "0-math.sin(q.anim_time*90*2-90)*-5"]
        },
        "bone63": {
          "rotation": [0, 0, "0-math.sin(q.anim_time*90*2-90)*-5"]
        },
        "bone68": {
          "scale": [1, "1-math.sin(q.anim_time*90*30)*0.01", 1]
        },
        "bone7": {
          "rotation": {
            "0.0": {
              "lerp_mode": "catmullrom",
              "post": ["10+math.sin(q.anim_time*90*2)*4", 0, 0]
            }
          }
        },
        "bone71": {
          "scale": [1, "1-math.sin(q.anim_time*90*30)*0.01", 1]
        },
        "bone74": {
          "rotation": {
            "0.0": {
              "lerp_mode": "catmullrom",
              "post": [57.5, 0, 22.5]
            },
            "1.0": {
              "lerp_mode": "catmullrom",
              "post": [76.29878, -29.76212, -41.34303]
            },
            "2.0": {
              "lerp_mode": "catmullrom",
              "post": [57.5, 0, 22.5]
            },
            "3.0": {
              "lerp_mode": "catmullrom",
              "post": [76.29878, -29.76212, -41.34303]
            },
            "4.0": {
              "lerp_mode": "catmullrom",
              "post": [57.5, 0, 22.5]
            }
          },
          "scale": "1-math.sin(q.anim_time*90*30)*0.01"
        },
        "bone75": {
          "rotation": {
            "0.0": {
              "lerp_mode": "catmullrom",
              "post": [0, 15, 0]
            },
            "0.5": {
              "lerp_mode": "catmullrom",
              "post": [0, 13.75, 0]
            },
            "1.0": {
              "lerp_mode": "catmullrom",
              "post": [0, 2.5, 0]
            },
            "1.5": {
              "lerp_mode": "catmullrom",
              "post": [0, -15, 0]
            },
            "2.0": {
              "lerp_mode": "catmullrom",
              "post": [0, 15, 0]
            },
            "2.5": {
              "lerp_mode": "catmullrom",
              "post": [0, 13.75, 0]
            },
            "3.0": {
              "lerp_mode": "catmullrom",
              "post": [0, 2.5, 0]
            },
            "3.5": {
              "lerp_mode": "catmullrom",
              "post": [0, -15, 0]
            },
            "4.0": {
              "lerp_mode": "catmullrom",
              "post": [0, 15, 0]
            }
          },
          "scale": "1-math.sin(q.anim_time*90*30-90)*0.01"
        },
        "bone76": {
          "rotation": {
            "0.0": {
              "lerp_mode": "catmullrom",
              "post": [0, 25, 0]
            },
            "0.5": {
              "lerp_mode": "catmullrom",
              "post": [0, 45, 0]
            },
            "1.0": {
              "lerp_mode": "catmullrom",
              "post": [0, -5, 0]
            },
            "1.5": {
              "lerp_mode": "catmullrom",
              "post": [0, -17.5, 0]
            },
            "2.0": {
              "lerp_mode": "catmullrom",
              "post": [0, 25, 0]
            },
            "2.5": {
              "lerp_mode": "catmullrom",
              "post": [0, 45, 0]
            },
            "3.0": {
              "lerp_mode": "catmullrom",
              "post": [0, -5, 0]
            },
            "3.5": {
              "lerp_mode": "catmullrom",
              "post": [0, -17.5, 0]
            },
            "4.0": {
              "lerp_mode": "catmullrom",
              "post": [0, 25, 0]
            }
          },
          "scale": "1-math.sin(q.anim_time*90*30-90)*0.01"
        },
        "bone77": {
          "rotation": {
            "0.0": {
              "lerp_mode": "catmullrom",
              "post": [0, 20, 0]
            },
            "0.4583": {
              "lerp_mode": "catmullrom",
              "post": [0, 26.04, 0]
            },
            "1.0": {
              "lerp_mode": "catmullrom",
              "post": [0, -5, 0]
            },
            "1.5": {
              "lerp_mode": "catmullrom",
              "post": [0, -17.5, 0]
            },
            "2.0": {
              "lerp_mode": "catmullrom",
              "post": [0, 20, 0]
            },
            "2.4583": {
              "lerp_mode": "catmullrom",
              "post": [0, 26.04, 0]
            },
            "3.0": {
              "lerp_mode": "catmullrom",
              "post": [0, -5, 0]
            },
            "3.5": {
              "lerp_mode": "catmullrom",
              "post": [0, -17.5, 0]
            },
            "4.0": {
              "lerp_mode": "catmullrom",
              "post": [0, 20, 0]
            }
          },
          "scale": "1-math.sin(q.anim_time*90*30-90)*0.01"
        },
        "bone78": {
          "rotation": {
            "0.0": {
              "lerp_mode": "catmullrom",
              "post": [57.5, 0, -22.5]
            },
            "1.0": {
              "lerp_mode": "catmullrom",
              "post": [76.29878, 29.76212, 41.34303]
            },
            "2.0": {
              "lerp_mode": "catmullrom",
              "post": [57.5, 0, -22.5]
            },
            "3.0": {
              "lerp_mode": "catmullrom",
              "post": [76.29878, 29.76212, 41.34303]
            },
            "4.0": {
              "lerp_mode": "catmullrom",
              "post": [57.5, 0, -22.5]
            }
          },
          "scale": "1-math.sin(q.anim_time*90*30)*0.01"
        },
        "bone79": {
          "rotation": {
            "0.0": {
              "lerp_mode": "catmullrom",
              "post": [0, -15, 0]
            },
            "0.5": {
              "lerp_mode": "catmullrom",
              "post": [0, -13.75, 0]
            },
            "1.0": {
              "lerp_mode": "catmullrom",
              "post": [0, 2.5, 0]
            },
            "1.5": {
              "lerp_mode": "catmullrom",
              "post": [0, 15, 0]
            },
            "2.0": {
              "lerp_mode": "catmullrom",
              "post": [0, -15, 0]
            },
            "2.5": {
              "lerp_mode": "catmullrom",
              "post": [0, -13.75, 0]
            },
            "3.0": {
              "lerp_mode": "catmullrom",
              "post": [0, 2.5, 0]
            },
            "3.5": {
              "lerp_mode": "catmullrom",
              "post": [0, 15, 0]
            },
            "4.0": {
              "lerp_mode": "catmullrom",
              "post": [0, -15, 0]
            }
          },
          "scale": "1-math.sin(q.anim_time*90*30-90)*0.01"
        },
        "bone8": {
          "rotation": ["10+math.sin(q.anim_time*90*2+45)*-2", 0, 0]
        },
        "bone80": {
          "rotation": {
            "0.0": {
              "lerp_mode": "catmullrom",
              "post": [0, -25, 0]
            },
            "0.5": {
              "lerp_mode": "catmullrom",
              "post": [0, -45, 0]
            },
            "1.0": {
              "lerp_mode": "catmullrom",
              "post": [0, 5, 0]
            },
            "1.5": {
              "lerp_mode": "catmullrom",
              "post": [0, 17.5, 0]
            },
            "2.0": {
              "lerp_mode": "catmullrom",
              "post": [0, -25, 0]
            },
            "2.5": {
              "lerp_mode": "catmullrom",
              "post": [0, -45, 0]
            },
            "3.0": {
              "lerp_mode": "catmullrom",
              "post": [0, 5, 0]
            },
            "3.5": {
              "lerp_mode": "catmullrom",
              "post": [0, 17.5, 0]
            },
            "4.0": {
              "lerp_mode": "catmullrom",
              "post": [0, -25, 0]
            }
          },
          "scale": "1-math.sin(q.anim_time*90*30-90)*0.01"
        },
        "bone81": {
          "rotation": {
            "0.0": {
              "lerp_mode": "catmullrom",
              "post": [0, -20, 0]
            },
            "0.4583": {
              "lerp_mode": "catmullrom",
              "post": [0, -26.04, 0]
            },
            "1.0": {
              "lerp_mode": "catmullrom",
              "post": [0, 5, 0]
            },
            "1.5": {
              "lerp_mode": "catmullrom",
              "post": [0, 17.5, 0]
            },
            "2.0": {
              "lerp_mode": "catmullrom",
              "post": [0, -20, 0]
            },
            "2.4583": {
              "lerp_mode": "catmullrom",
              "post": [0, -26.04, 0]
            },
            "3.0": {
              "lerp_mode": "catmullrom",
              "post": [0, 5, 0]
            },
            "3.5": {
              "lerp_mode": "catmullrom",
              "post": [0, 17.5, 0]
            },
            "4.0": {
              "lerp_mode": "catmullrom",
              "post": [0, -20, 0]
            }
          },
          "scale": "1-math.sin(q.anim_time*90*30-90)*0.01"
        },
        "bone83": {
          "scale": "1+math.sin(q.anim_time*90*30)*0.01"
        },
        "bone85": {
          "scale": "1+math.sin(q.anim_time*90*30)*0.01"
        },
        "bone88": {
          "scale": "1+math.sin(q.anim_time*90*30)*0.01"
        },
        "bone9": {
          "rotation": ["0+math.sin(q.anim_time*90*2)*-3", 0, 0]
        },
        "bone90": {
          "scale": "1+math.sin(q.anim_time*90*30)*0.01"
        },
        "bone96": {
          "rotation": [0, "0-q.anim_time*90*0.5", 0]
        },
        "flames": {
          "rotation": ["math.sin(q.anim_time*90*16)*-0.4", 0, "math.sin(q.anim_time*90*14)*-0.7"],
          "scale": "1-math.sin(q.anim_time*90*30)*0.01"
        },
        "head": {
          "rotation": {
            "0.0": {
              "lerp_mode": "catmullrom",
              "post": [-10, 0, 0]
            }
          }
        },
        "jaw": {
          "rotation": ["5+math.sin(q.anim_time*90*2+45)*-2", 0, 0]
        },
        "neck": {
          "rotation": ["-10+math.sin(q.anim_time*90*2-45)*3", 0, 0]
        },
        "tail": {
          "rotation": {
            "0.0": {
              "lerp_mode": "catmullrom",
              "post": ["-32.5+math.sin(q.anim_time*90*2-150)*4", "math.cos(q.anim_time*90*1-60)*-1", "math.cos(q.anim_time*90*1-120)*-2"]
            }
          }
        },
        "tail2": {
          "rotation": {
            "0.0": {
              "lerp_mode": "catmullrom",
              "post": ["15+math.sin(q.anim_time*90*2)*-5", "math.cos(q.anim_time*90*1-160)*4", 0]
            }
          }
        },
        "tail3": {
          "rotation": {
            "0.0": {
              "lerp_mode": "catmullrom",
              "post": ["5+math.sin(q.anim_time*90*2-45)*-7", "math.cos(q.anim_time*90*1-200)*6", 0]
            }
          }
        },
        "tail4": {
          "rotation": ["-10+math.sin(q.anim_time*90*2-120)*-15", "math.cos(q.anim_time*90*1-260)*10", 0]
        },
        "torso": {
          "rotation": {
            "0.0": {
              "lerp_mode": "catmullrom",
              "post": [7.5, 0, 0]
            },
            "2.0": {
              "lerp_mode": "catmullrom",
              "post": [7.5, 0, 0]
            },
            "4.0": {
              "lerp_mode": "catmullrom",
              "post": [7.5, 0, 0]
            }
          }
        }
      },
      "loop": true
    },
    "animation.charizard_gigantamax.battle_idle": {
      "bones": {
        "arm_left": {
          "rotation": [-1.31231, 15.86404, "-17.4729266444+math.sin(q.anim_time*90*1)*2"]
        },
        "arm_right": {
          "rotation": [-1.31231, -15.86404, "17.4729266444-math.sin(q.anim_time*90*1)*2"]
        },
        "bone10": {
          "rotation": ["15+math.sin(q.anim_time*90*1)*4", 0, 0]
        },
        "bone101": {
          "rotation": ["0-math.sin(q.anim_time*90*6)*6", 0, 0],
          "scale": "1-math.sin(q.anim_time*90*30)*0.01"
        },
        "bone102": {
          "rotation": ["0-math.sin(q.anim_time*90*6-90)*6", 0, 0],
          "scale": "1-math.sin(q.anim_time*90*30-90)*0.01"
        },
        "bone11": {
          "rotation": ["-20-math.sin(q.anim_time*90*1)*1", 0, 0]
        },
        "bone12": {
          "rotation": [15, 0, 0]
        },
        "bone13": {
          "rotation": [0, 0, 15]
        },
        "bone17": {
          "rotation": [0, 0, -12.5]
        },
        "bone23": {
          "rotation": [-45, 0, 0]
        },
        "bone24": {
          "position": [0, "0-math.sin(q.anim_time*90*1)*0.5", 0],
          "rotation": ["-9.9074827318-math.sin(q.anim_time*90*1)*2", 24.72894, -27.11525]
        },
        "bone25": {
          "rotation": ["15+math.sin(q.anim_time*90*1)*4", 0, 0]
        },
        "bone26": {
          "rotation": ["-20-math.sin(q.anim_time*90*1)*1", 0, 0]
        },
        "bone27": {
          "rotation": [15, 0, 0]
        },
        "bone28": {
          "rotation": [0, 0, -15]
        },
        "bone32": {
          "rotation": [0, 0, 12.5]
        },
        "bone35": {
          "rotation": [0, 32.5, 0]
        },
        "bone36": {
          "rotation": [0, 0, "12.5+math.sin(q.anim_time*90*1-90)*4"]
        },
        "bone39": {
          "rotation": [0, 0, "0+math.sin(q.anim_time*90*1-90)*4"]
        },
        "bone40": {
          "rotation": [0, 0, "0+math.sin(q.anim_time*90*1-90)*4"]
        },
        "bone43": {
          "rotation": [0, 0, "0+math.sin(q.anim_time*90*1-90)*4"]
        },
        "bone44": {
          "rotation": [0, 0, "0+math.sin(q.anim_time*90*1-90)*4"]
        },
        "bone47": {
          "rotation": [0, 0, "0+math.sin(q.anim_time*90*1-90)*4"]
        },
        "bone48": {
          "rotation": [0, 0, "0+math.sin(q.anim_time*90*1-90)*4"]
        },
        "bone5": {
          "position": [0, "0-math.sin(q.anim_time*90*1)*0.5", 0],
          "rotation": ["-10-math.sin(q.anim_time*90*1)*2", -24.72894, 27.11525]
        },
        "bone51": {
          "rotation": [0, -32.5, 0]
        },
        "bone52": {
          "rotation": [0, 0, "-12.5+math.sin(q.anim_time*90*1-90)*4"]
        },
        "bone53": {
          "rotation": [0, 0, "0-math.sin(q.anim_time*90*1-90)*4"]
        },
        "bone54": {
          "rotation": [0, 0, "0-math.sin(q.anim_time*90*1-90)*4"]
        },
        "bone57": {
          "rotation": [0, 0, "0-math.sin(q.anim_time*90*1-90)*4"]
        },
        "bone58": {
          "rotation": [0, 0, "0-math.sin(q.anim_time*90*1-90)*4"]
        },
        "bone61": {
          "rotation": [0, 0, "0-math.sin(q.anim_time*90*1-90)*4"]
        },
        "bone62": {
          "rotation": [0, 0, "0-math.sin(q.anim_time*90*1-90)*4"]
        },
        "bone68": {
          "scale": [1, "1-math.sin(q.anim_time*90*30)*0.01", 1]
        },
        "bone69": {
          "scale": [1, 1, 1.1]
        },
        "bone7": {
          "rotation": ["15+math.sin(q.anim_time*90*1-90)*2", 0, 0]
        },
        "bone71": {
          "scale": [1, "1-math.sin(q.anim_time*90*30)*0.01", 1]
        },
        "bone74": {
          "rotation": [0, "-40+math.sin(q.anim_time*90*1)*5", -20],
          "scale": "1-math.sin(q.anim_time*90*30)*0.01"
        },
        "bone75": {
          "rotation": [0, "0+math.sin(q.anim_time*90*1-90)*5", -27.5],
          "scale": "1-math.sin(q.anim_time*90*30-90)*0.01"
        },
        "bone76": {
          "rotation": [0, "0+math.sin(q.anim_time*90*1-90)*5", 25],
          "scale": "1-math.sin(q.anim_time*90*30-90)*0.01"
        },
        "bone77": {
          "rotation": [0, "0+math.sin(q.anim_time*90*1-90)*5", 15],
          "scale": "1-math.sin(q.anim_time*90*30-90)*0.01"
        },
        "bone78": {
          "rotation": [0, "40-math.sin(q.anim_time*90*1)*5", 20],
          "scale": "1-math.sin(q.anim_time*90*30)*0.01"
        },
        "bone79": {
          "rotation": [0, "0-math.sin(q.anim_time*90*1-90)*5", 27.5],
          "scale": "1-math.sin(q.anim_time*90*30-90)*0.01"
        },
        "bone8": {
          "rotation": ["12.5+math.sin(q.anim_time*90*1-90)*2", 0, 0]
        },
        "bone80": {
          "rotation": [0, "0-math.sin(q.anim_time*90*1-90)*5", -25],
          "scale": "1-math.sin(q.anim_time*90*30-90)*0.01"
        },
        "bone81": {
          "rotation": [0, "0-math.sin(q.anim_time*90*1-90)*5", -15],
          "scale": "1-math.sin(q.anim_time*90*30-90)*0.01"
        },
        "bone82": {
          "scale": 1
        },
        "bone83": {
          "rotation": [0, "-math.sin(q.anim_time*90*6)*6", 0],
          "scale": "1-math.sin(q.anim_time*90*30)*0.01"
        },
        "bone84": {
          "rotation": [0, "0-math.sin(q.anim_time*90*6-45)*6", 0],
          "scale": "1-math.sin(q.anim_time*90*30)*0.01"
        },
        "bone85": {
          "rotation": ["0-math.sin(q.anim_time*90*6)*6", 0, 0],
          "scale": "1-math.sin(q.anim_time*90*30)*0.01"
        },
        "bone86": {
          "rotation": ["0-math.sin(q.anim_time*90*6-45)*6", 0, 0],
          "scale": "1-math.sin(q.anim_time*90*30)*0.01"
        },
        "bone88": {
          "rotation": [0, "+math.sin(q.anim_time*90*6)*6", 0],
          "scale": "1-math.sin(q.anim_time*90*30)*0.01"
        },
        "bone89": {
          "rotation": [0, "0+math.sin(q.anim_time*90*6-45)*6", 0],
          "scale": "1-math.sin(q.anim_time*90*30)*0.01"
        },
        "bone9": {
          "rotation": ["12.5+math.sin(q.anim_time*90*1-90)*2", 0, 0]
        },
        "bone90": {
          "rotation": ["0-math.sin(q.anim_time*90*6)*6", 0, 0],
          "scale": "1-math.sin(q.anim_time*90*30)*0.01"
        },
        "bone91": {
          "rotation": ["0-math.sin(q.anim_time*90*6-45)*6", 0, 0],
          "scale": "1-math.sin(q.anim_time*90*30)*0.01"
        },
        "bone96": {
          "rotation": [0, "-q.anim_time*90*0.5", 0]
        },
        "charizard_gigantamax": {
          "scale": 1
        },
        "chest": {
          "rotation": ["0+math.sin(q.anim_time*90*1-90)*2", 0, 0]
        },
        "flames": {
          "rotation": [0, 0, "0+math.sin(q.anim_time*90*1-90)*4"],
          "scale": "1-math.sin(q.anim_time*90*30)*0.01"
        },
        "head": {
          "rotation": ["-10+math.sin(q.anim_time*90*1-90)*2", 0, 0]
        },
        "jaw": {
          "rotation": ["10+math.sin(q.anim_time*90*1-90)*4", 0, 0]
        },
        "neck": {
          "rotation": ["-15+math.sin(q.anim_time*90*1-90)*2", 0, 0]
        },
        "tail": {
          "rotation": [-20, "0+math.sin(q.anim_time*90*1)*4", 0]
        },
        "tail2": {
          "rotation": [17.5, "0+math.sin(q.anim_time*90*1-90)*4", 0]
        },
        "tail3": {
          "rotation": [25, "0+math.sin(q.anim_time*90*1-90)*4", 0]
        },
        "tail4": {
          "rotation": [22.5, "0+math.sin(q.anim_time*90*1-90)*4", 0]
        },
        "torso": {
          "position": [0, "0-math.sin(q.anim_time*90*1)*1", 0],
          "rotation": ["0+math.sin(q.anim_time*90*1-90)*2", 0, 0]
        }
      },
      "loop": true
    },
    "animation.charizard_gigantamax.blink": {
      "animation_length": 0.25,
      "bones": {
        "bone92": {
          "position": {
            "0.0": [0.975, 0, -1],
            "0.25": {
              "post": [0, 0, 0],
              "pre": [0.975, 0, -1]
            }
          }
        },
        "bone95": {
          "position": {
            "0.0": [-0.975, 0, -1],
            "0.25": {
              "post": [0, 0, 0],
              "pre": [-0.975, 0, -1]
            }
          }
        }
      }
    },
    "animation.charizard_gigantamax.pose": {
      "bones": {
        "arm_left": {
          "rotation": [-1.99748, -13.96224, -14.14075]
        },
        "arm_right": {
          "rotation": [-1.99748, 13.96224, 14.14075]
        },
        "bone10": {
          "rotation": [15, 0, 0]
        },
        "bone11": {
          "rotation": [-20, 0, 0]
        },
        "bone12": {
          "rotation": [15, 0, 0]
        },
        "bone13": {
          "rotation": [0, 0, 15]
        },
        "bone17": {
          "rotation": [0, 0, -12.5]
        },
        "bone23": {
          "rotation": [-30, 0, 0]
        },
        "bone24": {
          "rotation": [-9.90748, 24.72894, -27.11525]
        },
        "bone25": {
          "rotation": [15, 0, 0]
        },
        "bone26": {
          "rotation": [-20, 0, 0]
        },
        "bone27": {
          "rotation": [15, 0, 0]
        },
        "bone28": {
          "rotation": [0, 0, -15]
        },
        "bone32": {
          "rotation": [0, 0, 12.5]
        },
        "bone35": {
          "rotation": [0, 32.5, 0]
        },
        "bone36": {
          "rotation": [0, 0, 12.5]
        },
        "bone5": {
          "rotation": [-9.90748, -24.72894, 27.11525]
        },
        "bone51": {
          "rotation": [0, -32.5, 0]
        },
        "bone52": {
          "rotation": [0, 0, -12.5]
        },
        "bone69": {
          "scale": [1, 1, 1.1]
        },
        "bone7": {
          "rotation": [17.5, 0, 0]
        },
        "bone74": {
          "rotation": [8.29012, -39.27345, -32.96248],
          "scale": 1
        },
        "bone75": {
          "rotation": [0, 0, -27.5]
        },
        "bone76": {
          "rotation": [0, 0, 25]
        },
        "bone77": {
          "rotation": [0, 0, 15]
        },
        "bone78": {
          "rotation": [8.29012, 39.27345, 32.96248],
          "scale": 1
        },
        "bone79": {
          "rotation": [0, 0, 27.5]
        },
        "bone8": {
          "rotation": [0.09597, 0.65639, 0.18639]
        },
        "bone80": {
          "rotation": [0, 0, -25]
        },
        "bone81": {
          "rotation": [0, 0, -15]
        },
        "bone9": {
          "rotation": [-7.5, 0, 0]
        },
        "bone93": {
          "position": [0, -0.15, 0]
        },
        "bone94": {
          "position": [0, 0, 0]
        },
        "charizard_gigantamax": {
          "scale": 5
        },
        "chest": {
          "rotation": [10, 0, 0]
        },
        "head": {
          "rotation": [-32.5, 0, 0]
        },
        "jaw": {
          "rotation": [42.5, 0, 0]
        },
        "neck": {
          "rotation": [0, 0, 0]
        },
        "tail": {
          "rotation": [-17.5, 0, 0]
        },
        "tail2": {
          "rotation": [2.5, 0, 0]
        },
        "tail3": {
          "rotation": [17.5, 0, 0]
        },
        "tail4": {
          "rotation": [17.5, 0, 0]
        },
        "torso": {
          "rotation": [12.5, 0, 0]
        }
      },
      "loop": true
    }
  },
  "format_version": "1.8.0"
}