{
  "format_version": "1.12.0",
  "minecraft:geometry": [
    {
      "bones": [
        {
          "name": "silcoon",
          "pivot": [0, 0, 0]
        }, {
          "cubes": [
            {
              "origin": [-6.5, 0, -6.5],
              "size": [13, 10, 14],
              "uv": [0, 0]
            }
          ],
          "name": "body",
          "parent": "silcoon",
          "pivot": [0, 0, 0]
        }, {
          "cubes": [
            {
              "origin": [-6.4, 4.7, -6.5],
              "size": [2, 2, 0],
              "uv": [2, 4]
            }
          ],
          "name": "eyelash_right2",
          "parent": "body",
          "pivot": [-5.4, 6.7, -6.5],
          "rotation": [-4.88206, 1.08089, 12.45392]
        }, {
          "cubes": [
            {
              "mirror": true,
              "origin": [-4.9, 4.7, -6.5],
              "size": [2, 2, 0],
              "uv": [2, 2]
            }
          ],
          "name": "eyelash_left2",
          "parent": "body",
          "pivot": [-3.9, 6.7, -6.5],
          "rotation": [-4.88206, -1.08089, -12.45392]
        }, {
          "cubes": [
            {
              "mirror": true,
              "origin": [4.4, 4.7, -6.5],
              "size": [2, 2, 0],
              "uv": [2, 2]
            }
          ],
          "name": "eyelash_right",
          "parent": "body",
          "pivot": [5.4, 6.7, -6.5],
          "rotation": [-4.88206, -1.08089, -12.45392]
        }, {
          "cubes": [
            {
              "origin": [2.9, 4.7, -6.5],
              "size": [2, 2, 0],
              "uv": [2, 2]
            }
          ],
          "name": "eyelash_left",
          "parent": "body",
          "pivot": [3.9, 6.7, -6.5],
          "rotation": [-4.88206, 1.08089, 12.45392]
        }, {
          "cubes": [
            {
              "mirror": true,
              "origin": [-5.51, 3, -5.51],
              "size": [4, 3, 2],
              "uv": [22, 42]
            }
          ],
          "name": "blink_right",
          "parent": "body",
          "pivot": [-5.5, 4, -5.5]
        }, {
          "cubes": [
            {
              "origin": [1.51, 3, -5.51],
              "size": [4, 3, 2],
              "uv": [22, 42]
            }
          ],
          "name": "blink_left",
          "parent": "body",
          "pivot": [5.5, 4, -5.5]
        }, {
          "cubes": [
            {
              "mirror": true,
              "origin": [-6.51, 3, -6.51],
              "size": [4, 3, 0],
              "uv": [24, 39]
            },
            {
              "mirror": true,
              "origin": [-4.82, 3.7, -6.52],
              "size": [1, 2, 0],
              "uv": [32, 34]
            }
          ],
          "name": "eye_right",
          "parent": "body",
          "pivot": [-6.5, 4, -6.5]
        }, {
          "cubes": [
            {
              "origin": [2.51, 3, -6.51],
              "size": [4, 3, 0],
              "uv": [24, 39]
            },
            {
              "origin": [3.82, 3.7, -6.52],
              "size": [1, 2, 0],
              "uv": [32, 34]
            }
          ],
          "name": "eye_left",
          "parent": "body",
          "pivot": [6.5, 4, -6.5]
        }, {
          "name": "spike",
          "parent": "body",
          "pivot": [0, 9.2, -4.5],
          "rotation": [30, 0, 0]
        }, {
          "cubes": [
            {
              "origin": [0, 9.2, -6],
              "size": [0, 9, 3],
              "uv": [0, 21]
            }
          ],
          "name": "bone",
          "parent": "spike",
          "pivot": [0, 9.2, -4.5]
        }, {
          "name": "spike2",
          "parent": "body",
          "pivot": [4, 9.2, 5],
          "rotation": [-30, 45, 0]
        }, {
          "cubes": [
            {
              "origin": [4, 9.2, 3.5],
              "size": [0, 9, 3],
              "uv": [6, 21]
            }
          ],
          "name": "bone2",
          "parent": "spike2",
          "pivot": [4, 9.2, 5]
        }, {
          "name": "spike3",
          "parent": "body",
          "pivot": [-4, 9.2, 5],
          "rotation": [-30, -45, 0]
        }, {
          "cubes": [
            {
              "origin": [-4, 9.2, 3.5],
              "size": [0, 9, 3],
              "uv": [6, 21]
            }
          ],
          "name": "bone3",
          "parent": "spike3",
          "pivot": [-4, 9.2, 5]
        }, {
          "name": "spike8",
          "parent": "body",
          "pivot": [-6, 4.2, 1.5],
          "rotation": [-15, 0, -90]
        }, {
          "cubes": [
            {
              "origin": [-6, 4.2, 0],
              "size": [0, 9, 3],
              "uv": [6, 21]
            }
          ],
          "name": "bone4",
          "parent": "spike8",
          "pivot": [-6, 4.2, 1.5]
        }, {
          "name": "spike7",
          "parent": "body",
          "pivot": [6, 4.2, 1.5],
          "rotation": [-15, 0, 90]
        }, {
          "cubes": [
            {
              "origin": [6, 4.2, 0],
              "size": [0, 9, 3],
              "uv": [6, 21]
            }
          ],
          "name": "bone5",
          "parent": "spike7",
          "pivot": [6, 4.2, 1.5]
        }, {
          "name": "spike6",
          "parent": "body",
          "pivot": [0, 0.8, 6],
          "rotation": [30, 0, 0]
        }, {
          "cubes": [
            {
              "origin": [0, -8.2, 4.5],
              "size": [0, 9, 3],
              "uv": [0, 31]
            }
          ],
          "name": "bone6",
          "parent": "spike6",
          "pivot": [0, 0.8, 6]
        }, {
          "name": "spike5",
          "parent": "body",
          "pivot": [4, 0.8, -4.5],
          "rotation": [-30, -45, 0]
        }, {
          "cubes": [
            {
              "origin": [4, -8.2, -6],
              "size": [0, 9, 3],
              "uv": [6, 31]
            }
          ],
          "name": "bone7",
          "parent": "spike5",
          "pivot": [4, 0.8, -4.5]
        }, {
          "name": "spike4",
          "parent": "body",
          "pivot": [-4, 0.8, -4.5],
          "rotation": [-30, 45, 0]
        }, {
          "cubes": [
            {
              "origin": [-4, -8.2, -6],
              "size": [0, 9, 3],
              "uv": [6, 31]
            }
          ],
          "name": "bone8",
          "parent": "spike4",
          "pivot": [-4, 0.8, -4.5]
        }
      ],
      "description": {
        "identifier": "geometry.silcoon",
        "texture_height": 64,
        "texture_width": 64,
        "visible_bounds_height": 2.5,
        "visible_bounds_offset": [0, 0.75, 0],
        "visible_bounds_width": 3
      }
    }
  ]
}