{
  "animations": {
    "animation.terapagos_stellar.ground_idle": {
      "bones": {
        "body": {
          "position": [0, "3.5+math.sin(q.anim_time*90*1)*0.5", 0]
        },
        "gems": {
          "rotation": [0, "(q.anim_time*90*0.55)", 0]
        },
        "hand_left": {
          "rotation": [12.5, 0, 0]
        },
        "hand_right": {
          "rotation": [17.5, 12.5, 0]
        },
        "head": {
          "rotation": [0, 0, 0]
        },
        "tail_center": {
          "rotation": ["15+math.sin(q.anim_time*90*1)*8", 0, 0]
        },
        "tail_center_2": {
          "rotation": ["-10+math.sin(q.anim_time*90*1-100)*8", 0, 0]
        },
        "tail_center_3": {
          "rotation": [10, 0, 0]
        },
        "tail_center_4": {
          "rotation": ["12.5+math.sin(q.anim_time*90*1-120)*8", -5, 0]
        },
        "tail_center_5": {
          "rotation": ["12.5+math.sin(q.anim_time*90*1-120)*8", -7.5, 0]
        },
        "tail_center_6": {
          "rotation": ["12.5+math.sin(q.anim_time*90*1-120)*8", -10, 0]
        },
        "tail_center_7": {
          "rotation": [0, -17.5, -20]
        },
        "tail_left": {
          "rotation": ["-10+math.sin(q.anim_time*90*1)*8", 7.5, 0]
        },
        "tail_left_2": {
          "rotation": ["10+math.sin(q.anim_time*90*1-100)*8", 0, 0]
        },
        "tail_left_3": {
          "rotation": [15, -5, 0]
        },
        "tail_left_4": {
          "rotation": ["10+math.sin(q.anim_time*90*1-120)*8", -7.5, 0]
        },
        "tail_left_5": {
          "rotation": ["10+math.sin(q.anim_time*90*1-120)*8", -7.5, 0]
        },
        "tail_left_6": {
          "rotation": ["0+math.sin(q.anim_time*90*1-120)*8", 12.5, 0]
        },
        "tail_left_7": {
          "rotation": [0, 15, 0]
        },
        "tail_right": {
          "rotation": ["12.5+math.sin(q.anim_time*90*1)*8", -17.5, 0]
        },
        "tail_right_2": {
          "rotation": ["0+math.sin(q.anim_time*90*1-100)*8", 5, 0]
        },
        "tail_right_3": {
          "rotation": [0, 7.5, 0]
        },
        "tail_right_4": {
          "rotation": ["0+math.sin(q.anim_time*90*1-120)*8", 10, 10]
        },
        "tail_right_5": {
          "rotation": ["0+math.sin(q.anim_time*90*1-120)*8", -15, 20]
        },
        "tail_right_6": {
          "rotation": ["0+math.sin(q.anim_time*90*1-120)*8", -22.5, 27.5]
        },
        "tail_right_7": {
          "rotation": [0, -22.5, 22.5]
        }
      },
      "loop": true
    }
  },
  "format_version": "1.8.0"
}