{
  "format_version": "1.12.0",
  "minecraft:geometry": [
    {
      "bones": [
        {
          "name": "wormadam",
          "pivot": [-1, 0, 0]
        }, {
          "name": "body",
          "parent": "wormadam",
          "pivot": [0, 0, 0]
        }, {
          "cubes": [
            {
              "origin": [-0.5, 21, -0.3],
              "pivot": [0, 21, 0.2],
              "rotation": [0, 0, -22.5],
              "size": [1, 2, 1],
              "uv": [28, 69]
            }
          ],
          "name": "torso3",
          "parent": "body",
          "pivot": [-0.325, 22.975, 0.25]
        }, {
          "cubes": [
            {
              "origin": [-1, 20.25, -0.8],
              "size": [2, 1, 2],
              "uv": [64, 68]
            }
          ],
          "name": "bone10",
          "parent": "torso3",
          "pivot": [0, 21.25, 0.75]
        }, {
          "cubes": [
            {
              "origin": [-0.5, 17.75, -0.25],
              "size": [1, 3, 1],
              "uv": [62, 12]
            }
          ],
          "name": "torso2",
          "parent": "bone10",
          "pivot": [0, 20.75, 0.8]
        }, {
          "cubes": [
            {
              "inflate": 0.1,
              "origin": [-0.5, 13.75, -0.25],
              "size": [1, 4, 1],
              "uv": [40, 46]
            }
          ],
          "name": "bone28",
          "parent": "torso2",
          "pivot": [0, 17.75, 0.25]
        }, {
          "cubes": [
            {
              "origin": [-2.5, 10.75, -2.25],
              "size": [5, 4, 5],
              "uv": [48, 51]
            }
          ],
          "name": "bone",
          "parent": "bone28",
          "pivot": [0, 14.75, 0.25]
        }, {
          "cubes": [
            {
              "origin": [-2.75, 14.25, -0.75],
              "size": [2, 2, 2],
              "uv": [66, 47]
            },
            {
              "origin": [-2.25, 16.25, -0.25],
              "size": [1, 1, 1],
              "uv": [32, 69]
            }
          ],
          "name": "arm_left",
          "parent": "bone",
          "pivot": [-0.75, 14.25, 1.25],
          "rotation": [-16.73634, -5.188, -16.73634]
        }, {
          "cubes": [
            {
              "origin": [-5.75, 13.75, -1.25],
              "size": [3, 3, 3],
              "uv": [32, 17]
            }
          ],
          "name": "arm_left2",
          "parent": "arm_left",
          "pivot": [-2.75, 15.25, 0.25]
        }, {
          "cubes": [
            {
              "inflate": 0.1,
              "origin": [-8.75, 13.75, -1.25],
              "size": [3, 3, 3],
              "uv": [32, 23]
            }
          ],
          "name": "arm_left3",
          "parent": "arm_left2",
          "pivot": [-5.75, 15.25, 0.25]
        }, {
          "cubes": [
            {
              "origin": [-12.75, 13.25, -1.75],
              "size": [4, 4, 4],
              "uv": [0, 64]
            }
          ],
          "name": "arm_left4",
          "parent": "arm_left3",
          "pivot": [-8.75, 15.25, 0.25]
        }, {
          "cubes": [
            {
              "origin": [0.75, 14.25, -0.75],
              "size": [2, 2, 2],
              "uv": [68, 51]
            },
            {
              "origin": [1.25, 16.25, -0.25],
              "size": [1, 1, 1],
              "uv": [36, 69]
            }
          ],
          "name": "arm_right",
          "parent": "bone",
          "pivot": [0.75, 14.25, 1.25],
          "rotation": [-16.73634, 5.188, 16.73634]
        }, {
          "cubes": [
            {
              "origin": [2.75, 13.75, -1.25],
              "size": [3, 3, 3],
              "uv": [66, 27]
            }
          ],
          "name": "arm_right2",
          "parent": "arm_right",
          "pivot": [2.75, 15.25, 0.25]
        }, {
          "cubes": [
            {
              "inflate": 0.1,
              "origin": [5.75, 13.75, -1.25],
              "size": [3, 3, 3],
              "uv": [66, 33]
            }
          ],
          "name": "arm_right3",
          "parent": "arm_right2",
          "pivot": [5.75, 15.25, 0.25]
        }, {
          "cubes": [
            {
              "origin": [8.75, 13.25, -1.75],
              "size": [4, 4, 4],
              "uv": [64, 60]
            }
          ],
          "name": "arm_right4",
          "parent": "arm_right3",
          "pivot": [8.75, 15.25, 0.25]
        }, {
          "cubes": [
            {
              "origin": [-0.5, 11.875, -5.25],
              "size": [1, 1, 3],
              "uv": [16, 52]
            }
          ],
          "name": "bone8",
          "parent": "bone",
          "pivot": [0, 12.875, -2.25],
          "rotation": [25, 0, 0]
        }, {
          "cubes": [
            {
              "origin": [-2.25, 11.75, -2.275],
              "size": [1, 2, 0],
              "uv": [40, 69]
            }
          ],
          "name": "bone2",
          "parent": "bone",
          "pivot": [-1.25, 11.75, -1.275]
        }, {
          "cubes": [
            {
              "origin": [-2.25, 12.2, -2.3],
              "size": [1, 1, 0],
              "uv": [46, 16]
            }
          ],
          "name": "bone3",
          "parent": "bone2",
          "pivot": [-1.25, 11.75, -1.275]
        }, {
          "cubes": [
            {
              "origin": [-2, 13.75, -2.275],
              "size": [1, 1, 0],
              "uv": [50, 16]
            },
            {
              "origin": [-1.55, 13.75, -2.3],
              "size": [1, 1, 0],
              "uv": [24, 50]
            }
          ],
          "name": "bone6",
          "parent": "bone3",
          "pivot": [-1.25, 11.2, -1.3]
        }, {
          "cubes": [
            {
              "origin": [1.25, 11.75, -2.275],
              "size": [1, 2, 0],
              "uv": [42, 69]
            }
          ],
          "name": "bone4",
          "parent": "bone",
          "pivot": [2.25, 11.75, -1.275]
        }, {
          "cubes": [
            {
              "origin": [1.25, 12.2, -2.3],
              "size": [1, 1, 0],
              "uv": [48, 16]
            }
          ],
          "name": "bone5",
          "parent": "bone4",
          "pivot": [2.25, 11.75, -1.275]
        }, {
          "cubes": [
            {
              "origin": [1.05, 13.75, -2.275],
              "size": [1, 1, 0],
              "uv": [26, 50]
            },
            {
              "origin": [0.6, 13.75, -2.3],
              "size": [1, 1, 0],
              "uv": [28, 50]
            }
          ],
          "name": "bone7",
          "parent": "bone4",
          "pivot": [1.3, 11.2, -1.3]
        }, {
          "cubes": [
            {
              "origin": [-1, 5.75, -5.25],
              "pivot": [0, 6.75, -4.25],
              "rotation": [0, 0, -47.5],
              "size": [2, 2, 2],
              "uv": [68, 55]
            }, {
              "origin": [2, 7, -5.5],
              "size": [1, 1, 2],
              "uv": [16, 69]
            },
            {
              "origin": [-2.5, 7.75, -5.5],
              "size": [1, 1, 2],
              "uv": [22, 69]
            }, {
              "origin": [-4.75, 9.75, -6.25],
              "pivot": [-3.25, 10.75, -5.25],
              "rotation": [-25, 0, 10],
              "size": [3, 2, 2],
              "uv": [66, 39]
            }, {
              "origin": [1.75, 9.75, -6.25],
              "pivot": [3.25, 10.75, -5.25],
              "rotation": [-20, 0, -10],
              "size": [3, 2, 2],
              "uv": [66, 43]
            },
            {
              "origin": [-6, 6, -5.2],
              "pivot": [-1, 9.5, 0.3],
              "rotation": [5, 0, 0],
              "size": [12, 6, 11],
              "uv": [0, 0]
            },
            {
              "origin": [-6, 6.48126, 5.82265],
              "pivot": [0, 9.48126, 5.82265],
              "rotation": [5.04292, -7.4713, -0.6574],
              "size": [12, 6, 0],
              "uv": [24, 51]
            }, {
              "origin": [-6, 6.48126, 5.82265],
              "pivot": [0, 9.48126, 5.82265],
              "rotation": [5.04292, 7.4713, 0.6574],
              "size": [12, 6, 0],
              "uv": [46, 6]
            }, {
              "origin": [6, 6.0019, -5.15642],
              "pivot": [6, 9.0019, 0.34358],
              "rotation": [5.04292, -7.4713, -0.6574],
              "size": [0, 6, 11],
              "uv": [44, 34]
            }, {
              "origin": [6, 6.0019, -5.15642],
              "pivot": [6, 9.0019, 0.34358],
              "rotation": [5.04292, 7.4713, 0.6574],
              "size": [0, 6, 11],
              "uv": [44, 17]
            }, {
              "origin": [-6, 6.0019, -5.15642],
              "pivot": [-6, 9.0019, 0.34358],
              "rotation": [5.04292, -7.4713, -0.6574],
              "size": [0, 6, 11],
              "uv": [44, 17]
            }, {
              "origin": [-6, 6.0019, -5.15642],
              "pivot": [-6, 9.0019, 0.34358],
              "rotation": [5.04292, 7.4713, 0.6574],
              "size": [0, 6, 11],
              "uv": [0, 29]
            }, {
              "origin": [-6, 5.52255, -5.13549],
              "pivot": [0, 8.52255, -5.13549],
              "rotation": [5.04292, -7.4713, -0.6574],
              "size": [12, 6, 0],
              "uv": [46, 0]
            }, {
              "origin": [-6, 5.52255, -5.13549],
              "pivot": [0, 8.52255, -5.13549],
              "rotation": [5.04292, 7.4713, 0.6574],
              "size": [12, 6, 0],
              "uv": [0, 46]
            }
          ],
          "name": "torso",
          "parent": "bone",
          "pivot": [0, 12, -0.25]
        }, {
          "cubes": [
            {
              "origin": [-4, 3, -4],
              "size": [8, 4, 8],
              "uv": [0, 17]
            },
            {
              "origin": [-4, 3, 4],
              "pivot": [0, 5, 4],
              "rotation": [0, -7.5, 0],
              "size": [8, 4, 0],
              "uv": [66, 23]
            },
            {
              "origin": [-4, 3, 4],
              "pivot": [0, 5, 4],
              "rotation": [0, 7.5, 0],
              "size": [8, 4, 0],
              "uv": [66, 19]
            },
            {
              "origin": [4, 3, -4],
              "pivot": [4, 5, 0],
              "rotation": [0, -7.5, 0],
              "size": [0, 4, 8],
              "uv": [48, 60]
            },
            {
              "origin": [4, 3, -4],
              "pivot": [4, 5, 0],
              "rotation": [0, 7.5, 0],
              "size": [0, 4, 8],
              "uv": [32, 57]
            },
            {
              "origin": [-4, 3, -4],
              "pivot": [-4, 5, 0],
              "rotation": [0, 7.5, 0],
              "size": [0, 4, 8],
              "uv": [0, 52]
            },
            {
              "origin": [-4, 3, -4],
              "pivot": [-4, 5, 0],
              "rotation": [0, -7.5, 0],
              "size": [0, 4, 8],
              "uv": [16, 57]
            },
            {
              "origin": [-4, 3, -4],
              "pivot": [0, 5, -4],
              "rotation": [0, 7.5, 0],
              "size": [8, 4, 0],
              "uv": [46, 12]
            },
            {
              "origin": [-4, 3, -4],
              "pivot": [0, 5, -4],
              "rotation": [0, -7.5, 0],
              "size": [8, 4, 0],
              "uv": [24, 46]
            }
          ],
          "name": "bone12",
          "parent": "torso",
          "pivot": [0, 4, 0]
        }, {
          "cubes": [
            {
              "inflate": 0.2,
              "origin": [-2, 1, -1.75],
              "size": [4, 3, 4],
              "uv": [66, 12]
            }
          ],
          "name": "bone13",
          "parent": "bone12",
          "pivot": [0, 5.5, 0.25]
        }
      ],
      "description": {
        "identifier": "geometry.wormadam",
        "texture_height": 128,
        "texture_width": 128,
        "visible_bounds_height": 2.5,
        "visible_bounds_offset": [0, 0.75, 0],
        "visible_bounds_width": 3
      }
    }
  ]
}