{
    "priority": -1,                         
    "include": [
		"#cobblemonraiddens:sandshrew_alolan",
		"#cobblemonraiddens:sandslash_alolan",
		"#cobblemonraiddens:vulpix_alolan",
		"#cobblemonraiddens:ninetales_alolan",
		"#cobblemonraiddens:dewgong",
		"#cobblemonraiddens:mrmime_galarian",
		"#cobblemonraiddens:lapras",
		"#cobblemonraiddens:articuno",
		"#cobblemonraiddens:swinub",
		"#cobblemonraiddens:piloswine",
		"#cobblemonraiddens:delibird",
		"#cobblemonraiddens:castform",
		"#cobblemonraiddens:snorunt",
		"#cobblemonraiddens:glalie",
		"#cobblemonraiddens:spheal",
		"#cobblemonraiddens:sealeo",
		"#cobblemonraiddens:walrein",
		"#cobblemonraiddens:regice",
		"#cobblemonraiddens:glaceon",
		"#cobblemonraiddens:mamoswine",
		"#cobblemonraiddens:froslass",
		"#cobblemonraiddens:darumaka_galarian",
		"#cobblemonraiddens:darmanitan_galarian",
		"#cobblemonraiddens:vanillite",
		"#cobblemonraiddens:vanillish",
		"#cobblemonraiddens:vanilluxe",
		"#cobblemonraiddens:cubchoo",
		"#cobblemonraiddens:beartic",
		"#cobblemonraiddens:cryogonal",
		"#cobblemonraiddens:kyurem",
		"#cobblemonraiddens:kyurem_black",
		"#cobblemonraiddens:kyurem_white",
		"#cobblemonraiddens:amaura",
		"#cobblemonraiddens:amourus",
		"#cobblemonraiddens:bergmite",
		"#cobblemonraiddens:avalugg",
		"#cobblemonraiddens:avalugg_hisuian",
		"#cobblemonraiddens:crabominable",
		"#cobblemonraiddens:mrrime",
		"#cobblemonraiddens:snom",
		"#cobblemonraiddens:frosmoth",
		"#cobblemonraiddens:eiscue",
		"#cobblemonraiddens:arctozolt",
		"#cobblemonraiddens:arctovish",
		"#cobblemonraiddens:glastrier",
		"#cobblemonraiddens:calyrex_icerider",
		"#cobblemonraiddens:cetoddle",
		"#cobblemonraiddens:cetitan",
		"#cobblemonraiddens:ironbundle",
		"#cobblemonraiddens:frigibax",
		"#cobblemonraiddens:arctibax",
		"#cobblemonraiddens:baxcalibur",
		"#cobblemonraiddens:chienpao"
	],                        
    "exclude": [],
    "additions": { 
        "den": [                                 
        "cobblemonraiddens:raid_den/icearena"
    ]
    },
    "replace": true                       // whether the additions should edit the targeted raid boss or add a variant
}