{
  "animations": {
    "animation.palpitoad.ground_idle": {
      "bones": {
        "body": {
          "position": [0, "0-math.sin(q.anim_time*90*2)*0.3", 0]
        },
        "head": {
          "position": [0, -0.5, 0.1],
          "rotation": ["-2.5+math.sin(q.anim_time*90*2+20)*1", 0, "0+math.sin(q.anim_time*90*1-20+180)*1"]
        },
        "left_feet": {
          "position": [0, "-0.1+math.sin(q.anim_time*90*2)*0.3", 0.5],
          "rotation": ["0-math.sin(q.anim_time*90*2)*4", -5, 0]
        },
        "open": {
          "position": [0, 0, 1]
        },
        "right_feet": {
          "position": [0, "-0.1+math.sin(q.anim_time*90*2)*0.3", 0.5],
          "rotation": ["0-math.sin(q.anim_time*90*2)*4", 5, 0]
        },
        "tail": {
          "rotation": ["math.sin(q.anim_time*90*2-12)*5", 0, 0]
        },
        "tail2": {
          "rotation": ["math.sin(q.anim_time*90*2-14)*9", 0, 0]
        },
        "tail3": {
          "rotation": ["math.sin(q.anim_time*90*2-16)*5", 0, 0]
        },
        "tonge": {
          "scale": 0
        },
        "torso": {
          "rotation": ["math.sin(q.anim_time*90*2-0)*2", 0, "0+math.sin(q.anim_time*90*1-30)*2"]
        }
      },
      "loop": true
    },
    "animation.palpitoad.pose1": {
      "bones": {
        "body": {
          "position": [0, 10, 0]
        },
        "head": {
          "position": [0, -0.7, -1.1],
          "rotation": [5, 0, 0]
        },
        "left_feet": {
          "position": [0, 2.3, 0],
          "rotation": [47.5, 0, 0]
        },
        "open": {
          "position": [0, 0, 1]
        },
        "right_feet": {
          "position": [-1.6, 6.3, -1.9],
          "rotation": [-68.73235, 7.52076, -18.58597]
        },
        "tail": {
          "position": [0, 0, -2.3],
          "rotation": [-77.5, 0, 0]
        },
        "tail2": {
          "rotation": [-15, 0, 0]
        },
        "tail3": {
          "rotation": [-17.5, 0, 0]
        },
        "tonge": {
          "position": [0, 1.1, 0.5],
          "scale": [1, 1, 0]
        },
        "tonge6": {
          "scale": 1
        },
        "torso": {
          "rotation": [-7.5, 0, 0]
        }
      },
      "loop": true
    },
    "animation.palpitoad.pose2": {
      "bones": {
        "head": {
          "position": [0, -0.5, -1.4],
          "rotation": [5, 0, 0]
        },
        "left_feet": {
          "rotation": [0, -17.5, 0]
        },
        "right_feet": {
          "rotation": [0, 15, 0]
        },
        "tail": {
          "rotation": [20, 0, 0]
        },
        "tail2": {
          "position": [0, 0.2, -0.2],
          "rotation": [25, 0, 0]
        },
        "tail3": {
          "position": [0, 0.2, -0.2],
          "rotation": [25, 0, 0]
        },
        "tonge": {
          "rotation": [10, 0, 0]
        },
        "tonge2": {
          "rotation": [-27.5, 0, 0]
        },
        "tonge3": {
          "position": [0, -0.2, 0],
          "rotation": [-22.5, 0, 0]
        },
        "tonge4": {
          "rotation": [37.5, 0, 0]
        },
        "tonge5": {
          "rotation": [25, 0, 0]
        },
        "tonge6": {
          "rotation": [-40, 0, 0]
        },
        "tonge7": {
          "rotation": [32.5, 0, 0]
        },
        "torso": {
          "rotation": [7.5, 0, 0]
        }
      },
      "loop": true
    }
  },
  "format_version": "1.8.0"
}