{
  "animations": {
    "animation.rolycoly.ground_idle": {
      "bones": {
        "body": {
          "rotation": ["-math.cos((q.anim_time)*90*8/4)*2", 0, "-math.cos((q.anim_time)*90*8/4-90)*2"]
        }
      },
      "loop": true
    },
    "animation.rolycoly.ground_walk": {
      "bones": {
        "body": {
          "position": ["0-math.cos((q.anim_time)*90*8/2)*0.2", "0-math.cos((q.anim_time)*90*20/1)*0.1", 0],
          "rotation": [0, 0, "0-math.cos((q.anim_time)*90*8/2-90)*2"]
        },
        "bone2": {
          "position": [0, 0, 0],
          "rotation": ["q.anim_time*90*5", 0, 0]
        },
        "rolycoly": {
          "position": [0, 0, 0],
          "rotation": [0, 0, 0]
        }
      },
      "loop": true
    },
    "animation.rolycoly.pose": {
      "bones": {
        "bone3": {
          "position": [0.75, -0.25, 0]
        }
      },
      "loop": true
    }
  },
  "format_version": "1.8.0"
}