{
  "animations": {
    "animation.lucario.angry": {
      "bones": {
        "eye_left_emote": {
          "position": [1, 0, 0],
          "scale": [0.5, 1, 1]
        },
        "eye_right_emote": {
          "position": [-1, 0, 0],
          "scale": [0.5, 1, 1]
        },
        "fangs": {
          "position": [0, -1, 0]
        },
        "jaw": {
          "position": [0, 1, 0]
        },
        "mouth_open2": {
          "position": [0, -1.1, -0.1]
        },
        "muzzle": {
          "position": [0, 0, 0],
          "rotation": [-3, 0, 0]
        },
        "pupil_left": {
          "position": [0, -0.3, 0],
          "scale": [1, 0.7, 1]
        },
        "pupil_right": {
          "position": [0, -0.3, 0],
          "scale": [1, 0.7, 1]
        }
      },
      "loop": true
    },
    "animation.lucario.attack": {
      "animation_length": 2.5417,
      "bones": {
        "arm_left": {
          "rotation": {
            "0.0": [-10, 7.5, 32.5],
            "0.2083": {
              "lerp_mode": "catmullrom",
              "post": [-11.72196, 32.06858, 27.5319],
              "pre": [-11.72196, 32.06858, 27.5319]
            },
            "0.4583": {
              "lerp_mode": "catmullrom",
              "post": [-16.05815, 51.5087, 21.12191]
            },
            "0.8333": {
              "lerp_mode": "catmullrom",
              "post": [-108.22152, 72.0119, -61.69857]
            },
            "1.25": [-115.18854, 71.08549, -69.04191],
            "1.2917": {
              "lerp_mode": "catmullrom",
              "post": [-13.75814, -12.03089, 24.49406],
              "pre": [-13.75814, -12.03089, 24.49406]
            },
            "1.5": {
              "lerp_mode": "catmullrom",
              "post": [-14.0702, -16.88346, 25.73137]
            },
            "1.6667": {
              "lerp_mode": "catmullrom",
              "post": [-14.0702, -16.88346, 25.73137]
            },
            "2.125": {
              "lerp_mode": "catmullrom",
              "post": [-10, 7.5, 32.5]
            },
            "2.375": [-10, 7.5, 32.5]
          }
        },
        "arm_left2": {
          "position": {
            "0.0": [0, 0, -0.25],
            "0.4583": {
              "lerp_mode": "catmullrom",
              "post": [0, 0, -0.25],
              "pre": [0, 0, -0.25]
            },
            "0.8333": {
              "lerp_mode": "catmullrom",
              "post": [0, 0, -0.25]
            },
            "1.25": [0, 0, -0.25],
            "1.2917": {
              "lerp_mode": "catmullrom",
              "post": [0, 0, -0.25],
              "pre": [0, 0, -0.25]
            },
            "1.5": {
              "lerp_mode": "catmullrom",
              "post": [0, 0, -0.25]
            },
            "1.6667": {
              "lerp_mode": "catmullrom",
              "post": [0, 0, -0.25]
            },
            "2.125": {
              "lerp_mode": "catmullrom",
              "post": [0, 0, -0.25]
            },
            "2.375": [0, 0, -0.25]
          },
          "rotation": {
            "0.0": [107.9407, 65.911, 115.7059],
            "0.2083": {
              "lerp_mode": "catmullrom",
              "post": [76.65256, 66.33895, 103.31203],
              "pre": [76.65256, 66.33895, 103.31203]
            },
            "0.4583": {
              "lerp_mode": "catmullrom",
              "post": [25.84357, 69.83234, 66.94064]
            },
            "0.8333": {
              "lerp_mode": "catmullrom",
              "post": [26.07527, 24.41923, 20.22084]
            },
            "1.25": [25.19348, 19.9107, 17.88568],
            "1.2917": {
              "lerp_mode": "catmullrom",
              "post": [123.51974, 61.30695, 135.83649],
              "pre": [123.51974, 61.30695, 135.83649]
            },
            "1.5": {
              "lerp_mode": "catmullrom",
              "post": [125.637, 66.82111, 137.58621]
            },
            "1.6667": [125.637, 66.82111, 137.58621],
            "2.125": {
              "lerp_mode": "catmullrom",
              "post": [107.9407, 65.911, 115.7059],
              "pre": [107.9407, 65.911, 115.7059]
            },
            "2.375": [107.9407, 65.911, 115.7059]
          }
        },
        "arm_right": {
          "position": {
            "0.0": [0, -0.5, 0],
            "0.2083": [0, -0.5, 0],
            "0.4583": [0, -0.5, 0],
            "0.8333": [0, -0.5, 0],
            "1.25": [0, -0.5, 0],
            "1.2917": {
              "lerp_mode": "catmullrom",
              "post": [0, -0.5, 0],
              "pre": [0, -0.5, 0]
            },
            "1.5": {
              "lerp_mode": "catmullrom",
              "post": [0, -0.5, 0]
            },
            "1.625": {
              "lerp_mode": "catmullrom",
              "post": [0, -0.5, 0]
            },
            "2.25": {
              "lerp_mode": "catmullrom",
              "post": [0, -0.5, 0]
            },
            "2.5": [0, -0.5, 0]
          },
          "rotation": {
            "0.0": [-62.10335, -32.2712, -22.3311],
            "0.2083": [-58.62117, -39.51259, -2.69798],
            "0.4583": [-76.12117, -39.51259, -2.69798],
            "0.8333": {
              "lerp_mode": "catmullrom",
              "post": [-58.29855, 39.26971, -94.61059],
              "pre": [-58.29855, 39.26971, -94.61059]
            },
            "1.25": [-64.0372, 42.89506, -103.32938],
            "1.2917": [-15.94766, -32.18935, 4.15649],
            "1.5": {
              "lerp_mode": "catmullrom",
              "post": [-17.43786, -31.4691, 6.97623],
              "pre": [-17.43786, -31.4691, 6.97623]
            },
            "1.625": {
              "lerp_mode": "catmullrom",
              "post": [-17.43786, -31.4691, 6.97623]
            },
            "2.25": {
              "lerp_mode": "catmullrom",
              "post": [-62.10335, -32.2712, -22.3311]
            },
            "2.5": [-62.10335, -32.2712, -22.3311]
          },
          "scale": {
            "0.0": [1, 1, 1],
            "1.2917": [1, 1, 1],
            "1.3333": [1.3, 1, 1],
            "1.4167": [1, 1, 1]
          }
        },
        "arm_right2": {
          "rotation": {
            "0.0": [-2.77432, -50.9947, -4.64223],
            "0.2083": {
              "lerp_mode": "catmullrom",
              "post": [42, -20, -50],
              "pre": [42, -20, -50]
            },
            "0.4583": {
              "lerp_mode": "catmullrom",
              "post": [11.5, -25, -65]
            },
            "0.6667": {
              "lerp_mode": "catmullrom",
              "post": [32.55064, -30.74147, -90.64454]
            },
            "0.8333": {
              "lerp_mode": "catmullrom",
              "post": [78.66809, -65.74054, -132.67089]
            },
            "1.25": [89.06081, -64.87197, -150.87271],
            "1.2917": {
              "lerp_mode": "catmullrom",
              "post": [1.41298, -11.31047, 2.28821],
              "pre": [1.41298, -11.31047, 2.28821]
            },
            "1.5": {
              "lerp_mode": "catmullrom",
              "post": [1.41, -11.31, 2.29]
            },
            "1.625": {
              "lerp_mode": "catmullrom",
              "post": [1.41, -11.31, 2.29]
            },
            "2.25": {
              "lerp_mode": "catmullrom",
              "post": [-2.77432, -50.9947, -4.64223]
            },
            "2.5": [-2.77432, -50.9947, -4.64223]
          }
        },
        "aura_sensor_back_left": {
          "rotation": {
            "0.0": [-31.5359, 20, -2.5],
            "0.4583": {
              "lerp_mode": "catmullrom",
              "post": [-51.54, 20, -2.5],
              "pre": [-51.54, 20, -2.5]
            },
            "1.25": [-31.54, 20, -2.5],
            "1.2917": {
              "lerp_mode": "catmullrom",
              "post": [18.46, 20, -2.5],
              "pre": [18.46, 20, -2.5]
            },
            "1.5": {
              "lerp_mode": "catmullrom",
              "post": [-31.54, 20, -2.5]
            },
            "1.6667": {
              "lerp_mode": "catmullrom",
              "post": [-31.54, 20, -2.5]
            },
            "2.125": {
              "lerp_mode": "catmullrom",
              "post": [-31.5359, 20, -2.5]
            },
            "2.375": [-31.5359, 20, -2.5]
          }
        },
        "aura_sensor_back_left2": {
          "rotation": {
            "0.0": [-7.54254, 0, 0],
            "0.4583": {
              "lerp_mode": "catmullrom",
              "post": [-7.54, 0, 0],
              "pre": [-7.54, 0, 0]
            },
            "0.8333": {
              "lerp_mode": "catmullrom",
              "post": [-7.54, 0, 0]
            },
            "1.25": [-7.54, 0, 0],
            "1.3333": {
              "lerp_mode": "catmullrom",
              "post": [7.46, 0, 0],
              "pre": [7.46, 0, 0]
            },
            "1.5833": {
              "lerp_mode": "catmullrom",
              "post": [-7.54, 0, 0]
            },
            "1.75": {
              "lerp_mode": "catmullrom",
              "post": [-7.54, 0, 0]
            },
            "2.125": {
              "lerp_mode": "catmullrom",
              "post": [-7.54254, 0, 0]
            },
            "2.375": [-7.54254, 0, 0]
          }
        },
        "aura_sensor_back_right": {
          "rotation": {
            "0.0": [-31.5359, -20, -2.5],
            "0.4583": {
              "lerp_mode": "catmullrom",
              "post": [-51.54, -20, -2.5],
              "pre": [-51.54, -20, -2.5]
            },
            "1.25": [-31.54, -20, -2.5],
            "1.2917": {
              "lerp_mode": "catmullrom",
              "post": [18.46, -20, -2.5],
              "pre": [18.46, -20, -2.5]
            },
            "1.5": {
              "lerp_mode": "catmullrom",
              "post": [-31.54, -20, -2.5]
            },
            "1.6667": {
              "lerp_mode": "catmullrom",
              "post": [-31.54, -20, -2.5]
            },
            "2.125": {
              "lerp_mode": "catmullrom",
              "post": [-31.5359, -20, -2.5]
            },
            "2.375": [-31.5359, -20, -2.5]
          }
        },
        "aura_sensor_back_right2": {
          "rotation": {
            "0.0": [-7.54254, 0, 0],
            "0.4583": {
              "lerp_mode": "catmullrom",
              "post": [-7.54, 0, 0],
              "pre": [-7.54, 0, 0]
            },
            "0.8333": {
              "lerp_mode": "catmullrom",
              "post": [-7.54, 0, 0]
            },
            "1.25": [-7.54, 0, 0],
            "1.3333": {
              "lerp_mode": "catmullrom",
              "post": [7.46, 0, 0],
              "pre": [7.46, 0, 0]
            },
            "1.5833": {
              "lerp_mode": "catmullrom",
              "post": [-7.54, 0, 0]
            },
            "1.75": {
              "lerp_mode": "catmullrom",
              "post": [-7.54, 0, 0]
            },
            "2.125": {
              "lerp_mode": "catmullrom",
              "post": [-7.54254, 0, 0]
            },
            "2.375": [-7.54254, 0, 0]
          }
        },
        "aura_sensor_left": {
          "rotation": {
            "0.0": [-21.5359, 50, 10],
            "0.4583": {
              "lerp_mode": "catmullrom",
              "post": [-41.54, 50, 10],
              "pre": [-41.54, 50, 10]
            },
            "1.25": [-21.54, 50, 10],
            "1.2917": {
              "lerp_mode": "catmullrom",
              "post": [18.46, 50, 10],
              "pre": [18.46, 50, 10]
            },
            "1.5": {
              "lerp_mode": "catmullrom",
              "post": [-21.54, 50, 10]
            },
            "1.6667": {
              "lerp_mode": "catmullrom",
              "post": [-21.54, 50, 10]
            },
            "2.125": {
              "lerp_mode": "catmullrom",
              "post": [-21.5359, 50, 10]
            },
            "2.375": [-21.5359, 50, 10]
          }
        },
        "aura_sensor_left2": {
          "rotation": {
            "0.0": [-7.54254, 0, 0],
            "0.4583": {
              "lerp_mode": "catmullrom",
              "post": [-7.54, 0, 0],
              "pre": [-7.54, 0, 0]
            },
            "0.8333": {
              "lerp_mode": "catmullrom",
              "post": [-7.54, 0, 0]
            },
            "1.25": [-7.54, 0, 0],
            "1.3333": {
              "lerp_mode": "catmullrom",
              "post": [7.46, 0, 0],
              "pre": [7.46, 0, 0]
            },
            "1.5833": {
              "lerp_mode": "catmullrom",
              "post": [-7.54, 0, 0]
            },
            "1.75": {
              "lerp_mode": "catmullrom",
              "post": [-7.54, 0, 0]
            },
            "2.125": {
              "lerp_mode": "catmullrom",
              "post": [-7.54254, 0, 0]
            },
            "2.375": [-7.54254, 0, 0]
          }
        },
        "aura_sensor_right": {
          "rotation": {
            "0.0": [-21.5359, -50, -10],
            "0.4583": {
              "lerp_mode": "catmullrom",
              "post": [-44.04, -50, -10],
              "pre": [-44.04, -50, -10]
            },
            "1.25": [-21.54, -50, -10],
            "1.2917": {
              "lerp_mode": "catmullrom",
              "post": [18.46, -50, -10],
              "pre": [18.46, -50, -10]
            },
            "1.5": {
              "lerp_mode": "catmullrom",
              "post": [-21.54, -50, -10]
            },
            "1.6667": {
              "lerp_mode": "catmullrom",
              "post": [-21.54, -50, -10]
            },
            "2.125": {
              "lerp_mode": "catmullrom",
              "post": [-21.5359, -50, -10]
            },
            "2.375": [-21.5359, -50, -10]
          }
        },
        "aura_sensor_right2": {
          "rotation": {
            "0.0": [-7.54254, 0, 0],
            "0.4583": {
              "lerp_mode": "catmullrom",
              "post": [-7.54, 0, 0],
              "pre": [-7.54, 0, 0]
            },
            "0.8333": {
              "lerp_mode": "catmullrom",
              "post": [-7.54, 0, 0]
            },
            "1.25": [-7.54, 0, 0],
            "1.3333": {
              "lerp_mode": "catmullrom",
              "post": [7.46, 0, 0],
              "pre": [7.46, 0, 0]
            },
            "1.5833": {
              "lerp_mode": "catmullrom",
              "post": [-7.54, 0, 0]
            },
            "1.75": {
              "lerp_mode": "catmullrom",
              "post": [-7.54, 0, 0]
            },
            "2.125": {
              "lerp_mode": "catmullrom",
              "post": [-7.54254, 0, 0]
            },
            "2.375": [-7.54254, 0, 0]
          }
        },
        "body": {
          "position": {
            "0.0": [0, -2.325, 0],
            "0.4583": {
              "lerp_mode": "catmullrom",
              "post": [0, -2.23, 0],
              "pre": [0, -2.23, 0]
            },
            "0.8333": {
              "lerp_mode": "catmullrom",
              "post": [2.6, 0.77, 3.8]
            },
            "1.25": [2.9, 0.87, 4.5],
            "1.2917": [0, -2.33, 0],
            "1.5": {
              "lerp_mode": "catmullrom",
              "post": [-0.4, -2.33, 0.1],
              "pre": [-0.4, -2.33, 0.1]
            },
            "1.6667": {
              "lerp_mode": "catmullrom",
              "post": [-0.4, -2.33, 0.1]
            },
            "2.125": {
              "lerp_mode": "catmullrom",
              "post": [0, -2.325, 0]
            },
            "2.375": [0, -2.325, 0]
          },
          "rotation": {
            "0.0": [0, -37.5, 0],
            "0.4583": [0, -37.5, 0],
            "0.8333": [0, -37.5, 0],
            "1.25": [0, -37.5, 0],
            "1.2917": {
              "lerp_mode": "catmullrom",
              "post": [0, -37.5, 0],
              "pre": [0, -37.5, 0]
            },
            "1.5": {
              "lerp_mode": "catmullrom",
              "post": [0, -37.5, 0]
            },
            "1.6667": {
              "lerp_mode": "catmullrom",
              "post": [0, -37.5, 0]
            },
            "2.125": {
              "lerp_mode": "catmullrom",
              "post": [0, -37.5, 0]
            },
            "2.375": [0, -37.5, 0]
          }
        },
        "ear_left": {
          "rotation": {
            "0.0": [0, 0, 7.5],
            "0.4583": {
              "lerp_mode": "catmullrom",
              "post": [0, 0, 7.5],
              "pre": [0, 0, 7.5]
            },
            "0.8333": {
              "lerp_mode": "catmullrom",
              "post": [0, 0, 7.5]
            },
            "1.25": [0, 0, 7.5],
            "1.2917": {
              "lerp_mode": "catmullrom",
              "post": [-15, 0, 7.5],
              "pre": [-15, 0, 7.5]
            },
            "1.5417": {
              "lerp_mode": "catmullrom",
              "post": [0, 0, 7.5]
            },
            "1.7083": {
              "lerp_mode": "catmullrom",
              "post": [0, 0, 7.5]
            },
            "2.125": {
              "lerp_mode": "catmullrom",
              "post": [0, 0, 7.5]
            },
            "2.375": [0, 0, 7.5]
          }
        },
        "ear_right": {
          "rotation": {
            "0.0": [0, 0, -7.5],
            "0.4583": {
              "lerp_mode": "catmullrom",
              "post": [0, 0, -7.5],
              "pre": [0, 0, -7.5]
            },
            "0.8333": {
              "lerp_mode": "catmullrom",
              "post": [0, 0, -7.5]
            },
            "1.25": [0, 0, -7.5],
            "1.2917": {
              "lerp_mode": "catmullrom",
              "post": [-15, 0, -7.5],
              "pre": [-15, 0, -7.5]
            },
            "1.5417": {
              "lerp_mode": "catmullrom",
              "post": [0, 0, -7.5]
            },
            "1.7083": {
              "lerp_mode": "catmullrom",
              "post": [0, 0, -7.5]
            },
            "2.125": {
              "lerp_mode": "catmullrom",
              "post": [0, 0, -7.5]
            },
            "2.375": [0, 0, -7.5]
          }
        },
        "eye_left": {
          "position": {
            "0.0": [0, 0, 0],
            "0.2917": [0, 0, 0],
            "0.3333": {
              "post": [-0.1, 0, 0.1],
              "pre": [0, 0, 0]
            },
            "1.2083": [-0.1, 0, 0.1],
            "1.25": {
              "post": [0, 0, 0],
              "pre": [-0.1, 0, 0.1]
            },
            "1.75": {
              "post": [-0.1, 0, 0.1],
              "pre": [0, 0, 0]
            },
            "1.9583": {
              "post": [0, 0, 0],
              "pre": [-0.1, 0, 0.1]
            }
          }
        },
        "eye_right": {
          "position": {
            "0.0": [0, 0, 0],
            "0.2917": [0, 0, 0],
            "0.3333": {
              "post": [0.1, 0, 0.1],
              "pre": [0, 0, 0]
            },
            "1.2083": [0.1, 0, 0.1],
            "1.25": {
              "post": [0, 0, 0],
              "pre": [0.1, 0, 0.1]
            },
            "1.75": {
              "post": [0.1, 0, 0.1],
              "pre": [0, 0, 0]
            },
            "1.9583": {
              "post": [0, 0, 0],
              "pre": [0.1, 0, 0.1]
            }
          }
        },
        "eyelid_left": {
          "position": {
            "0.0": [0, 0, 0],
            "0.2917": [0, 0, 0],
            "0.3333": {
              "post": [0.1, 0, -0.1],
              "pre": [0, 0, 0]
            },
            "1.2083": [0.1, 0, -0.1],
            "1.25": {
              "post": [0, 0, 0],
              "pre": [0.1, 0, -0.1]
            },
            "1.75": {
              "post": [0.1, 0, -0.1],
              "pre": [0, 0, 0]
            },
            "1.9583": {
              "post": [0, 0, 0],
              "pre": [0.1, 0, -0.1]
            }
          }
        },
        "eyelid_left_emote": {
          "scale": {
            "0.125": [1, 1, 1],
            "0.25": [1, 1, 1]
          }
        },
        "eyelid_right": {
          "position": {
            "0.0": [0, 0, 0],
            "0.2917": [0, 0, 0],
            "0.3333": {
              "post": [-0.1, 0, -0.1],
              "pre": [0, 0, 0]
            },
            "1.2083": [-0.1, 0, -0.1],
            "1.25": {
              "post": [0, 0, 0],
              "pre": [-0.1, 0, -0.1]
            },
            "1.75": {
              "post": [-0.1, 0, -0.1],
              "pre": [0, 0, 0]
            },
            "1.9583": {
              "post": [0, 0, 0],
              "pre": [-0.1, 0, -0.1]
            }
          }
        },
        "fingers_left": {
          "rotation": {
            "0.0": [0, 0, 27.5],
            "0.4583": {
              "lerp_mode": "catmullrom",
              "post": [0, 0, 27.5],
              "pre": [0, 0, 27.5]
            },
            "0.8333": {
              "lerp_mode": "catmullrom",
              "post": [0, 0, 27.5]
            },
            "1.25": [0, 0, 27.5],
            "1.2917": {
              "lerp_mode": "catmullrom",
              "post": [0, 0, 27.5],
              "pre": [0, 0, 27.5]
            },
            "1.5": {
              "lerp_mode": "catmullrom",
              "post": [0, 0, 27.5]
            },
            "1.6667": {
              "lerp_mode": "catmullrom",
              "post": [0, 0, 27.5]
            },
            "2.125": {
              "lerp_mode": "catmullrom",
              "post": [0, 0, 27.5]
            },
            "2.375": [0, 0, 27.5]
          }
        },
        "fingers_right": {
          "position": {
            "0.0": [0, 0, 0],
            "1.2917": {
              "lerp_mode": "catmullrom",
              "post": [0.1, 0, 0],
              "pre": [0.1, 0, 0]
            },
            "1.5": {
              "lerp_mode": "catmullrom",
              "post": [0.1, 0, 0]
            },
            "1.7917": {
              "lerp_mode": "catmullrom",
              "post": [0.1, 0, 0]
            },
            "2.0833": {
              "lerp_mode": "catmullrom",
              "post": [0, 0, 0]
            },
            "2.375": [0, 0, 0]
          },
          "rotation": {
            "0.0": [0, 0, -12.5],
            "0.4583": {
              "lerp_mode": "catmullrom",
              "post": [0, 0, -12.5],
              "pre": [0, 0, -12.5]
            },
            "0.8333": {
              "lerp_mode": "catmullrom",
              "post": [0, 0, -12.5]
            },
            "1.25": [0, 0, -12.5],
            "1.2917": {
              "lerp_mode": "catmullrom",
              "post": [0, 0, -2.5],
              "pre": [0, 0, -2.5]
            },
            "1.5": {
              "lerp_mode": "catmullrom",
              "post": [0, 0, -2.5]
            },
            "1.7917": {
              "lerp_mode": "catmullrom",
              "post": [0, 0, -2.5]
            },
            "2.0833": {
              "lerp_mode": "catmullrom",
              "post": [0, 0, -12.5]
            },
            "2.375": [0, 0, -12.5]
          }
        },
        "foot_left": {
          "rotation": {
            "0.0": [25, 2, 19.5],
            "0.4583": {
              "lerp_mode": "catmullrom",
              "post": [30, 2, 19.5],
              "pre": [30, 2, 19.5]
            },
            "0.8333": {
              "lerp_mode": "catmullrom",
              "post": [25.38021, 0.54962, 7.10411]
            },
            "1.25": [25.33742, 1.62048, 4.84463],
            "1.2917": {
              "lerp_mode": "catmullrom",
              "post": [30, 2, 19.5],
              "pre": [30, 2, 19.5]
            },
            "1.5": {
              "lerp_mode": "catmullrom",
              "post": [32.5, 2, 19.5]
            },
            "1.6667": {
              "lerp_mode": "catmullrom",
              "post": [32.5, 2, 19.5]
            },
            "2.125": {
              "lerp_mode": "catmullrom",
              "post": [25, 2, 19.5]
            },
            "2.375": [25, 2, 19.5]
          }
        },
        "foot_right": {
          "position": {
            "0.0": [0.46742, 0.00599, -0.17744],
            "0.4583": {
              "lerp_mode": "catmullrom",
              "post": [0, 0, 0],
              "pre": [0, 0, 0]
            },
            "0.8333": {
              "lerp_mode": "catmullrom",
              "post": [0, 0, -1.3]
            },
            "1.25": [0, 0, -1.3],
            "1.2917": {
              "lerp_mode": "catmullrom",
              "post": [0, 0, 0],
              "pre": [0, 0, 0]
            },
            "1.5": {
              "lerp_mode": "catmullrom",
              "post": [0, 0, 0]
            },
            "1.6667": {
              "lerp_mode": "catmullrom",
              "post": [0, 0, 0]
            },
            "1.9583": {
              "lerp_mode": "catmullrom",
              "post": [0.29, 0, -0.71]
            },
            "2.125": {
              "lerp_mode": "catmullrom",
              "post": [0.46742, 0.00599, -0.17744]
            },
            "2.375": [0.46742, 0.00599, -0.17744]
          },
          "rotation": {
            "0.0": [30.86709, 23.37759, -14.28299],
            "0.4583": {
              "lerp_mode": "catmullrom",
              "post": [57.5, 0, 0],
              "pre": [57.5, 0, 0]
            },
            "0.8333": {
              "lerp_mode": "catmullrom",
              "post": [70, 0, 0]
            },
            "1.25": [70, 0, 0],
            "1.2917": {
              "lerp_mode": "catmullrom",
              "post": [50, 0, 0],
              "pre": [50, 0, 0]
            },
            "1.5": {
              "lerp_mode": "catmullrom",
              "post": [50, 0, 0]
            },
            "1.6667": {
              "lerp_mode": "catmullrom",
              "post": [50, 0, 0]
            },
            "1.9583": {
              "lerp_mode": "catmullrom",
              "post": [50.9747, 16.57331, -7.31923]
            },
            "2.125": {
              "lerp_mode": "catmullrom",
              "post": [30.86709, 23.37759, -14.28299]
            },
            "2.375": [30.86709, 23.37759, -14.28299]
          }
        },
        "hand_left": {
          "rotation": {
            "0.0": [0, 0, 22.5],
            "0.4583": {
              "lerp_mode": "catmullrom",
              "post": [0, 0, 22.5],
              "pre": [0, 0, 22.5]
            },
            "0.8333": {
              "lerp_mode": "catmullrom",
              "post": [0, 0, 22.5]
            },
            "1.25": [0, 0, 22.5],
            "1.2917": {
              "lerp_mode": "catmullrom",
              "post": [0, 0, 22.5],
              "pre": [0, 0, 22.5]
            },
            "1.5": {
              "lerp_mode": "catmullrom",
              "post": [0, 0, 22.5]
            },
            "1.6667": {
              "lerp_mode": "catmullrom",
              "post": [0, 0, 22.5]
            },
            "2.125": {
              "lerp_mode": "catmullrom",
              "post": [0, 0, 22.5]
            },
            "2.375": [0, 0, 22.5]
          }
        },
        "hand_right": {
          "position": {
            "0.0": [0, 0, 0],
            "0.4583": {
              "lerp_mode": "catmullrom",
              "post": [0, 0, 0],
              "pre": [0, 0, 0]
            },
            "0.8333": {
              "lerp_mode": "catmullrom",
              "post": [0, 0, 0]
            },
            "1.25": [0, 0, 0],
            "1.2917": {
              "lerp_mode": "catmullrom",
              "post": [1, -1, 0],
              "pre": [1, -1, 0]
            },
            "1.5": {
              "lerp_mode": "catmullrom",
              "post": [1, -1, 0]
            },
            "1.7917": {
              "lerp_mode": "catmullrom",
              "post": [1, -1, 0]
            },
            "2.0833": {
              "lerp_mode": "catmullrom",
              "post": [0, 0, 0]
            },
            "2.375": [0, 0, 0]
          },
          "rotation": {
            "0.0": [0, 0, -12.5],
            "0.4583": {
              "lerp_mode": "catmullrom",
              "post": [0, 0, -12.5],
              "pre": [0, 0, -12.5]
            },
            "0.8333": {
              "lerp_mode": "catmullrom",
              "post": [0, 0, -12.5]
            },
            "1.25": [0, 0, -12.5],
            "1.2917": {
              "lerp_mode": "catmullrom",
              "post": [0, 0, 60],
              "pre": [0, 0, 60]
            },
            "1.5": {
              "lerp_mode": "catmullrom",
              "post": [0, 0, 70]
            },
            "1.7917": {
              "lerp_mode": "catmullrom",
              "post": [0, 0, 70]
            },
            "2.0833": {
              "lerp_mode": "catmullrom",
              "post": [0, 0, -12.5]
            },
            "2.375": [0, 0, -12.5]
          }
        },
        "head": {
          "rotation": {
            "0.0": [-9.40192, 23, -2.5],
            "0.4583": {
              "lerp_mode": "catmullrom",
              "post": [-4.4, 23, -2.5],
              "pre": [-4.4, 23, -2.5]
            },
            "0.8333": {
              "lerp_mode": "catmullrom",
              "post": [-6.9, -12.5, -2.5]
            },
            "1.25": {
              "lerp_mode": "catmullrom",
              "post": [-6.9, -12.5, -2.5]
            },
            "1.2917": {
              "lerp_mode": "catmullrom",
              "post": [-19.40192, 30, -2.5]
            },
            "1.5": {
              "lerp_mode": "catmullrom",
              "post": [-9.4, 30, -2.5]
            },
            "1.8333": {
              "lerp_mode": "catmullrom",
              "post": [-9.4, 30, -2.5]
            },
            "2.2083": {
              "lerp_mode": "catmullrom",
              "post": [-9.40192, 20, -2.5]
            },
            "2.5": [-9.40192, 23, -2.5]
          }
        },
        "head_angle": {
          "rotation": {
            "0.0": [12.47203, -2.49338, -0.17904],
            "0.4583": {
              "lerp_mode": "catmullrom",
              "post": [12.47, -2.49, -0.18],
              "pre": [12.47, -2.49, -0.18]
            },
            "0.8333": {
              "lerp_mode": "catmullrom",
              "post": [12.47, -2.49, -0.18]
            },
            "1.25": [12.47, -2.49, -0.18],
            "1.2917": {
              "lerp_mode": "catmullrom",
              "post": [12.47, -2.49, -0.18],
              "pre": [12.47, -2.49, -0.18]
            },
            "1.5": {
              "lerp_mode": "catmullrom",
              "post": [12.47, -2.49, -0.18]
            },
            "1.6667": {
              "lerp_mode": "catmullrom",
              "post": [12.47, -2.49, -0.18]
            },
            "2.125": {
              "lerp_mode": "catmullrom",
              "post": [12.47203, -2.49338, -0.17904]
            },
            "2.375": [12.47203, -2.49338, -0.17904]
          }
        },
        "leg_left": {
          "position": {
            "0.0": [-0.925, -0.1, 0.275],
            "0.4583": {
              "lerp_mode": "catmullrom",
              "post": [-0.92, -0.8, 0.27],
              "pre": [-0.92, -0.8, 0.27]
            },
            "0.8333": {
              "lerp_mode": "catmullrom",
              "post": [-0.92, -0.8, 0.27]
            },
            "1.25": [-0.92, -0.8, 0.27],
            "1.2917": {
              "lerp_mode": "catmullrom",
              "post": [-0.92, -0.8, 0.27],
              "pre": [-0.92, -0.8, 0.27]
            },
            "1.5": {
              "lerp_mode": "catmullrom",
              "post": [-0.92, -0.8, 0.27]
            },
            "1.6667": {
              "lerp_mode": "catmullrom",
              "post": [-0.92, -0.8, 0.27]
            },
            "2.125": {
              "lerp_mode": "catmullrom",
              "post": [-0.925, -0.1, 0.275]
            },
            "2.375": [-0.925, -0.1, 0.275]
          },
          "rotation": {
            "0.0": [12, -22.5, -30],
            "0.4583": {
              "lerp_mode": "catmullrom",
              "post": [14.5, -22.5, -30],
              "pre": [14.5, -22.5, -30]
            },
            "0.8333": {
              "lerp_mode": "catmullrom",
              "post": [6.72942, -25.75547, -11.14107]
            },
            "1.25": [5.5228, -26.02232, -8.378],
            "1.2917": {
              "lerp_mode": "catmullrom",
              "post": [14.5, -22.5, -30],
              "pre": [14.5, -22.5, -30]
            },
            "1.5": {
              "lerp_mode": "catmullrom",
              "post": [14.5, -22.5, -30]
            },
            "1.6667": {
              "lerp_mode": "catmullrom",
              "post": [14.5, -22.5, -30]
            },
            "2.125": {
              "lerp_mode": "catmullrom",
              "post": [12, -22.5, -30]
            },
            "2.375": [12, -22.5, -30]
          }
        },
        "leg_left2": {
          "rotation": {
            "0.0": [5, 0, 0],
            "0.4583": {
              "lerp_mode": "catmullrom",
              "post": [5, 0, 0],
              "pre": [5, 0, 0]
            },
            "0.8333": {
              "lerp_mode": "catmullrom",
              "post": [5, 0, 0]
            },
            "1.25": [5, 0, 0],
            "1.2917": {
              "lerp_mode": "catmullrom",
              "post": [5, 0, 0],
              "pre": [5, 0, 0]
            },
            "1.5": {
              "lerp_mode": "catmullrom",
              "post": [5, 0, 0]
            },
            "1.6667": {
              "lerp_mode": "catmullrom",
              "post": [5, 0, 0]
            },
            "2.125": {
              "lerp_mode": "catmullrom",
              "post": [5, 0, 0]
            },
            "2.375": [5, 0, 0]
          }
        },
        "leg_left3": {
          "rotation": {
            "0.0": [-7.5, 0, 0],
            "0.4583": {
              "lerp_mode": "catmullrom",
              "post": [-7.5, 0, 0],
              "pre": [-7.5, 0, 0]
            },
            "0.8333": {
              "lerp_mode": "catmullrom",
              "post": [-17.5, 0, 0]
            },
            "1.25": [-17.5, 0, 0],
            "1.2917": {
              "lerp_mode": "catmullrom",
              "post": [-7.5, 0, 0],
              "pre": [-7.5, 0, 0]
            },
            "1.5": {
              "lerp_mode": "catmullrom",
              "post": [-10, 0, 0]
            },
            "1.6667": {
              "lerp_mode": "catmullrom",
              "post": [-10, 0, 0]
            },
            "2.125": {
              "lerp_mode": "catmullrom",
              "post": [-7.5, 0, 0]
            },
            "2.375": [-7.5, 0, 0]
          }
        },
        "leg_left4": {
          "rotation": {
            "0.0": [-21.5, 2.5, 12.5],
            "0.4583": {
              "lerp_mode": "catmullrom",
              "post": [-29, 2.5, 12.5],
              "pre": [-29, 2.5, 12.5]
            },
            "0.8333": {
              "lerp_mode": "catmullrom",
              "post": [-13.60603, 2.42393, 1.34659]
            },
            "1.25": [-13.60603, 2.42393, 1.34659],
            "1.2917": {
              "lerp_mode": "catmullrom",
              "post": [-29, 2.5, 12.5],
              "pre": [-29, 2.5, 12.5]
            },
            "1.5": {
              "lerp_mode": "catmullrom",
              "post": [-29, 2.5, 12.5]
            },
            "1.6667": {
              "lerp_mode": "catmullrom",
              "post": [-29, 2.5, 12.5]
            },
            "2.125": {
              "lerp_mode": "catmullrom",
              "post": [-21.5, 2.5, 12.5]
            },
            "2.375": [-21.5, 2.5, 12.5]
          }
        },
        "leg_right": {
          "position": {
            "0.0": [-0.6, -0.5, 0.5],
            "0.4583": {
              "lerp_mode": "catmullrom",
              "post": [-1.6, -1.3, -0.5],
              "pre": [-1.6, -1.3, -0.5]
            },
            "0.8333": {
              "lerp_mode": "catmullrom",
              "post": [-1.6, 2.7, -0.5]
            },
            "1.25": [-1.6, 2.7, -0.5],
            "1.2917": {
              "lerp_mode": "catmullrom",
              "post": [-1.6, -1.3, -0.5],
              "pre": [-1.6, -1.3, -0.5]
            },
            "1.5": {
              "lerp_mode": "catmullrom",
              "post": [-1.6, -1.3, -0.5]
            },
            "1.6667": {
              "lerp_mode": "catmullrom",
              "post": [-1.6, -1.3, -0.5]
            },
            "1.9583": {
              "lerp_mode": "catmullrom",
              "post": [-0.98, 1.2, 0.12]
            },
            "2.125": {
              "lerp_mode": "catmullrom",
              "post": [-0.6, -0.5, 0.5]
            },
            "2.375": [-0.6, -0.5, 0.5]
          },
          "rotation": {
            "0.0": [-15.2296, 18.23584, 20.01038],
            "0.4583": {
              "lerp_mode": "catmullrom",
              "post": [-23.6397, 41.08043, 0.20761],
              "pre": [-23.6397, 41.08043, 0.20761]
            },
            "0.8333": {
              "lerp_mode": "catmullrom",
              "post": [3.86, 41.08, 0.21]
            },
            "1.25": [3.86, 41.08, 0.21],
            "1.2917": {
              "lerp_mode": "catmullrom",
              "post": [-16.1397, 41.08043, 0.20761],
              "pre": [-16.1397, 41.08043, 0.20761]
            },
            "1.5": {
              "lerp_mode": "catmullrom",
              "post": [-18.64, 41.08, 0.21]
            },
            "1.6667": {
              "lerp_mode": "catmullrom",
              "post": [-18.64, 41.08, 0.21]
            },
            "1.9583": {
              "lerp_mode": "catmullrom",
              "post": [-11.50863, 26.80326, 12.58449]
            },
            "2.125": {
              "lerp_mode": "catmullrom",
              "post": [-15.2296, 18.23584, 20.01038]
            },
            "2.375": [-15.2296, 18.23584, 20.01038]
          }
        },
        "leg_right2": {
          "rotation": {
            "0.0": [0, 2.5, 0],
            "0.4583": {
              "lerp_mode": "catmullrom",
              "post": [-7.5, 0, 0],
              "pre": [-7.5, 0, 0]
            },
            "0.8333": {
              "lerp_mode": "catmullrom",
              "post": [-7.5, 0, 0]
            },
            "1.25": [-7.5, 0, 0],
            "1.2917": {
              "lerp_mode": "catmullrom",
              "post": [-7.5, 0, 0],
              "pre": [-7.5, 0, 0]
            },
            "1.5": {
              "lerp_mode": "catmullrom",
              "post": [-7.5, 0, 0]
            },
            "1.6667": {
              "lerp_mode": "catmullrom",
              "post": [-7.5, 0, 0]
            },
            "2.125": {
              "lerp_mode": "catmullrom",
              "post": [0, 2.5, 0]
            },
            "2.375": [0, 2.5, 0]
          }
        },
        "leg_right3": {
          "rotation": {
            "0.0": [10.5, 0, 0],
            "0.4583": {
              "lerp_mode": "catmullrom",
              "post": [5, 0, 0],
              "pre": [5, 0, 0]
            },
            "0.8333": {
              "lerp_mode": "catmullrom",
              "post": [5, 0, 0]
            },
            "1.25": [5, 0, 0],
            "1.2917": {
              "lerp_mode": "catmullrom",
              "post": [15, 0, 0],
              "pre": [15, 0, 0]
            },
            "1.5": {
              "lerp_mode": "catmullrom",
              "post": [17.5, 0, 0]
            },
            "1.6667": {
              "lerp_mode": "catmullrom",
              "post": [17.5, 0, 0]
            },
            "1.9583": {
              "lerp_mode": "catmullrom",
              "post": [5.63, 0, 0]
            },
            "2.125": {
              "lerp_mode": "catmullrom",
              "post": [10.5, 0, 0]
            },
            "2.375": [10.5, 0, 0]
          }
        },
        "leg_right4": {
          "rotation": {
            "0.0": [-20.1195, 5.06614, 7.43095],
            "0.4583": {
              "lerp_mode": "catmullrom",
              "post": [-30, 0, 0],
              "pre": [-30, 0, 0]
            },
            "0.8333": {
              "lerp_mode": "catmullrom",
              "post": [-25.14311, -0.55516, 1.74723]
            },
            "1.25": [-25.14311, -0.55516, 1.74723],
            "1.2917": {
              "lerp_mode": "catmullrom",
              "post": [-40, 0, 0],
              "pre": [-40, 0, 0]
            },
            "1.5": {
              "lerp_mode": "catmullrom",
              "post": [-40, 0, 0]
            },
            "1.6667": {
              "lerp_mode": "catmullrom",
              "post": [-40, 0, 0]
            },
            "2.125": {
              "lerp_mode": "catmullrom",
              "post": [-20.1195, 5.06614, 7.43095]
            },
            "2.375": [-20.1195, 5.06614, 7.43095]
          }
        },
        "neck": {
          "rotation": {
            "0.0": [8.268, 15, 1.73205],
            "0.4583": {
              "lerp_mode": "catmullrom",
              "post": [8.27, 15, 1.73],
              "pre": [8.27, 15, 1.73]
            },
            "0.8333": {
              "lerp_mode": "catmullrom",
              "post": [8.27, 15, 1.73]
            },
            "1.25": [8.27, 15, 1.73],
            "1.2917": {
              "lerp_mode": "catmullrom",
              "post": [8.27, 15, 1.73],
              "pre": [8.27, 15, 1.73]
            },
            "1.5": {
              "lerp_mode": "catmullrom",
              "post": [8.27, 15, 1.73]
            },
            "1.6667": {
              "lerp_mode": "catmullrom",
              "post": [8.27, 15, 1.73]
            },
            "2.125": {
              "lerp_mode": "catmullrom",
              "post": [8.268, 15, 1.73205]
            },
            "2.375": [8.268, 15, 1.73205]
          }
        },
        "pupil_left": {
          "position": {
            "0.0": [0, 0, 0],
            "0.2917": [0, 0, 0],
            "0.3333": {
              "post": [0, 0, 0.01],
              "pre": [0, 0, 0]
            },
            "1.2083": [0, 0, 0.01],
            "1.25": {
              "post": [0, 0, 0],
              "pre": [0, 0, 0.01]
            },
            "1.75": {
              "post": [0, 0, 0.01],
              "pre": [0, 0, 0]
            },
            "1.9583": {
              "post": [0, 0, 0],
              "pre": [0, 0, 0.01]
            }
          }
        },
        "pupil_left_aura": {
          "position": {
            "0.0": [0, 0, 0],
            "0.2917": [0, 0, 0],
            "1.2083": [0, 0, -0.1],
            "1.7917": [0, 0, -0.1],
            "1.8333": [0, 0, 0]
          }
        },
        "pupil_right": {
          "position": {
            "0.0": [0, 0, 0],
            "0.2917": [0, 0, 0],
            "0.3333": {
              "post": [0, 0, 0.01],
              "pre": [0, 0, 0]
            },
            "1.2083": [0, 0, 0.01],
            "1.25": {
              "post": [0, 0, 0],
              "pre": [0, 0, 0.01]
            },
            "1.75": {
              "post": [0, 0, 0.01],
              "pre": [0, 0, 0]
            },
            "1.9583": {
              "post": [0, 0, 0],
              "pre": [0, 0, 0.01]
            }
          }
        },
        "pupil_right_aura": {
          "position": {
            "0.0": [0, 0, 0],
            "0.2917": [0, 0, 0],
            "1.2083": [0, 0, -0.1],
            "1.7917": [0, 0, -0.1],
            "1.8333": [0, 0, 0]
          }
        },
        "shoulder_left": {
          "position": {
            "0.0": [0, 0, 0.25],
            "0.4583": {
              "lerp_mode": "catmullrom",
              "post": [0, 0, 0.25],
              "pre": [0, 0, 0.25]
            },
            "0.8333": {
              "lerp_mode": "catmullrom",
              "post": [0, 0, 0.25]
            },
            "1.25": [0, 0, 0.25],
            "1.2917": {
              "lerp_mode": "catmullrom",
              "post": [0, 0, 0.25],
              "pre": [0, 0, 0.25]
            },
            "1.5": {
              "lerp_mode": "catmullrom",
              "post": [0, 0, 0.25]
            },
            "1.6667": {
              "lerp_mode": "catmullrom",
              "post": [0, 0, 0.25]
            },
            "2.125": {
              "lerp_mode": "catmullrom",
              "post": [0, 0, 0.25]
            },
            "2.375": [0, 0, 0.25]
          },
          "rotation": {
            "0.0": [12.5, -22.5, 2.5],
            "0.4583": {
              "lerp_mode": "catmullrom",
              "post": [12.5, -22.5, 2.5],
              "pre": [12.5, -22.5, 2.5]
            },
            "0.8333": {
              "lerp_mode": "catmullrom",
              "post": [12.5, -22.5, 2.5]
            },
            "1.25": [12.5, -22.5, 2.5],
            "1.2917": {
              "lerp_mode": "catmullrom",
              "post": [12.5, -22.5, 2.5],
              "pre": [12.5, -22.5, 2.5]
            },
            "1.5": {
              "lerp_mode": "catmullrom",
              "post": [12.5, -22.5, 2.5]
            },
            "1.6667": {
              "lerp_mode": "catmullrom",
              "post": [12.5, -22.5, 2.5]
            },
            "2.125": {
              "lerp_mode": "catmullrom",
              "post": [12.5, -22.5, 2.5]
            },
            "2.375": [12.5, -22.5, 2.5]
          }
        },
        "shoulder_right": {
          "position": {
            "0.0": [0, 0, -0.5],
            "0.4583": {
              "lerp_mode": "catmullrom",
              "post": [0, 0, -0.5],
              "pre": [0, 0, -0.5]
            },
            "0.8333": {
              "lerp_mode": "catmullrom",
              "post": [0, 0, -0.5]
            },
            "1.25": [0, 0, -0.5],
            "1.2917": {
              "lerp_mode": "catmullrom",
              "post": [0, 0, -0.5],
              "pre": [0, 0, -0.5]
            },
            "1.5": {
              "lerp_mode": "catmullrom",
              "post": [0, 0, -0.5]
            },
            "1.6667": {
              "lerp_mode": "catmullrom",
              "post": [0, 0, -0.5]
            },
            "2.125": {
              "lerp_mode": "catmullrom",
              "post": [0, 0, -0.5]
            },
            "2.375": [0, 0, -0.5]
          },
          "rotation": {
            "0.0": [0, -7.67365, 0.3473],
            "0.4583": {
              "lerp_mode": "catmullrom",
              "post": [0, -7.67, 0.35],
              "pre": [0, -7.67, 0.35]
            },
            "0.8333": {
              "lerp_mode": "catmullrom",
              "post": [0, -7.67, 0.35]
            },
            "1.25": [0, -7.67, 0.35],
            "1.2917": {
              "lerp_mode": "catmullrom",
              "post": [0, -7.67, 0.35],
              "pre": [0, -7.67, 0.35]
            },
            "1.5": {
              "lerp_mode": "catmullrom",
              "post": [0, -7.67, 0.35]
            },
            "1.6667": {
              "lerp_mode": "catmullrom",
              "post": [0, -7.67, 0.35]
            },
            "2.125": {
              "lerp_mode": "catmullrom",
              "post": [0, -7.67365, 0.3473]
            },
            "2.375": [0, -7.67365, 0.3473]
          }
        },
        "tail": {
          "rotation": {
            "0.0": [-20.69622, 25.80637, -11.14859],
            "0.4583": {
              "lerp_mode": "catmullrom",
              "post": [-20.7, 25.81, -11.15],
              "pre": [-20.7, 25.81, -11.15]
            },
            "0.8333": {
              "lerp_mode": "catmullrom",
              "post": [-20.7, 25.81, -11.15]
            },
            "1.25": [-20.7, 25.81, -11.15],
            "1.2917": {
              "lerp_mode": "catmullrom",
              "post": [-20.7, 25.81, -11.15],
              "pre": [-20.7, 25.81, -11.15]
            },
            "1.5": {
              "lerp_mode": "catmullrom",
              "post": [-20.7, 25.81, -11.15]
            },
            "1.6667": {
              "lerp_mode": "catmullrom",
              "post": [-20.7, 25.81, -11.15]
            },
            "2.125": {
              "lerp_mode": "catmullrom",
              "post": [-20.69622, 25.80637, -11.14859]
            },
            "2.375": [-20.69622, 25.80637, -11.14859]
          }
        },
        "tail2": {
          "rotation": {
            "0.0": [46.53209, 0, 0],
            "0.4583": {
              "lerp_mode": "catmullrom",
              "post": [46.53, 0, 0],
              "pre": [46.53, 0, 0]
            },
            "0.8333": {
              "lerp_mode": "catmullrom",
              "post": [46.53, 0, 0]
            },
            "1.25": [46.53, 0, 0],
            "1.2917": {
              "lerp_mode": "catmullrom",
              "post": [46.53, 0, 0],
              "pre": [46.53, 0, 0]
            },
            "1.5": {
              "lerp_mode": "catmullrom",
              "post": [46.53, 0, 0]
            },
            "1.6667": {
              "lerp_mode": "catmullrom",
              "post": [46.53, 0, 0]
            },
            "2.125": {
              "lerp_mode": "catmullrom",
              "post": [46.53209, 0, 0]
            },
            "2.375": [46.53209, 0, 0]
          }
        },
        "tail3": {
          "rotation": {
            "0.0": [38.5, 0, 0],
            "0.4583": {
              "lerp_mode": "catmullrom",
              "post": [38.5, 0, 0],
              "pre": [38.5, 0, 0]
            },
            "0.8333": {
              "lerp_mode": "catmullrom",
              "post": [38.5, 0, 0]
            },
            "1.25": [38.5, 0, 0],
            "1.2917": {
              "lerp_mode": "catmullrom",
              "post": [38.5, 0, 0],
              "pre": [38.5, 0, 0]
            },
            "1.5": {
              "lerp_mode": "catmullrom",
              "post": [38.5, 0, 0]
            },
            "1.6667": {
              "lerp_mode": "catmullrom",
              "post": [38.5, 0, 0]
            },
            "2.125": {
              "lerp_mode": "catmullrom",
              "post": [38.5, 0, 0]
            },
            "2.375": [38.5, 0, 0]
          }
        },
        "tail_end": {
          "rotation": {
            "0.0": [20, 0, 0],
            "0.4583": {
              "lerp_mode": "catmullrom",
              "post": [20, 0, 0],
              "pre": [20, 0, 0]
            },
            "0.8333": {
              "lerp_mode": "catmullrom",
              "post": [20, 0, 0]
            },
            "1.25": [20, 0, 0],
            "1.2917": {
              "lerp_mode": "catmullrom",
              "post": [20, 0, 0],
              "pre": [20, 0, 0]
            },
            "1.5": {
              "lerp_mode": "catmullrom",
              "post": [20, 0, 0]
            },
            "1.6667": {
              "lerp_mode": "catmullrom",
              "post": [20, 0, 0]
            },
            "2.125": {
              "lerp_mode": "catmullrom",
              "post": [20, 0, 0]
            },
            "2.375": [20, 0, 0]
          }
        },
        "tail_end2": {
          "rotation": {
            "0.0": [-20, 0, 0],
            "0.4583": {
              "lerp_mode": "catmullrom",
              "post": [-20, 0, 0],
              "pre": [-20, 0, 0]
            },
            "0.8333": {
              "lerp_mode": "catmullrom",
              "post": [-20, 0, 0]
            },
            "1.25": [-20, 0, 0],
            "1.2917": {
              "lerp_mode": "catmullrom",
              "post": [-20, 0, 0],
              "pre": [-20, 0, 0]
            },
            "1.5": {
              "lerp_mode": "catmullrom",
              "post": [-20, 0, 0]
            },
            "1.6667": {
              "lerp_mode": "catmullrom",
              "post": [-20, 0, 0]
            },
            "2.125": {
              "lerp_mode": "catmullrom",
              "post": [-20, 0, 0]
            },
            "2.375": [-20, 0, 0]
          }
        },
        "torso": {
          "position": {
            "0.0": [-0.75, -0.35, 0.85],
            "0.4583": {
              "lerp_mode": "catmullrom",
              "post": [-0.75, -1.35, -0.05],
              "pre": [-0.75, -1.35, -0.05]
            },
            "0.8333": {
              "lerp_mode": "catmullrom",
              "post": [0.25, 0.65, 0.95]
            },
            "1.25": [0.25, 0.65, 0.95],
            "1.2917": {
              "lerp_mode": "catmullrom",
              "post": [-0.75, -1.35, -0.05],
              "pre": [-0.75, -1.35, -0.05]
            },
            "1.5": {
              "lerp_mode": "catmullrom",
              "post": [-0.75, -1.35, -0.05]
            },
            "1.6667": {
              "lerp_mode": "catmullrom",
              "post": [-0.75, -1.35, -0.05]
            },
            "2.1667": {
              "lerp_mode": "catmullrom",
              "post": [-0.75, -0.35, 0.85]
            },
            "2.375": [-0.75, -0.35, 0.85]
          },
          "rotation": {
            "0.0": [7.5, -7.5, 2],
            "0.4583": {
              "lerp_mode": "catmullrom",
              "post": [7.5, -7.5, 2],
              "pre": [7.5, -7.5, 2]
            },
            "0.8333": {
              "lerp_mode": "catmullrom",
              "post": [-0.66771, 12.52739, 6.8126]
            },
            "1.25": [-0.6749, 15.02722, 6.78244],
            "1.2917": {
              "lerp_mode": "catmullrom",
              "post": [7.79469, -17.41154, 0.63887],
              "pre": [7.79469, -17.41154, 0.63887]
            },
            "1.5": {
              "lerp_mode": "catmullrom",
              "post": [10.29, -17.41, 0.64]
            },
            "1.6667": {
              "lerp_mode": "catmullrom",
              "post": [10.29, -17.41, 0.64]
            },
            "2.0": {
              "lerp_mode": "catmullrom",
              "post": [7.76879, -13.18052, 6.39364]
            },
            "2.2917": {
              "lerp_mode": "catmullrom",
              "post": [7.5, -7.5, 2]
            },
            "2.4583": [7.5, -7.5, 2]
          }
        },
        "torso2": {
          "rotation": {
            "0.0": [-7, 2.5, -2.5],
            "0.4583": {
              "lerp_mode": "catmullrom",
              "post": [-4.5, 2.5, -2.5],
              "pre": [-4.5, 2.5, -2.5]
            },
            "0.8333": {
              "lerp_mode": "catmullrom",
              "post": [-4.71312, 17.45212, -3.71972]
            },
            "1.25": [-4.71312, 17.45212, -3.71972],
            "1.2917": {
              "lerp_mode": "catmullrom",
              "post": [-4.5, 2.5, -2.5],
              "pre": [-4.5, 2.5, -2.5]
            },
            "1.5": {
              "lerp_mode": "catmullrom",
              "post": [-4.5, 2.5, -2.5]
            },
            "1.6667": {
              "lerp_mode": "catmullrom",
              "post": [-4.5, 2.5, -2.5]
            },
            "2.125": {
              "lerp_mode": "catmullrom",
              "post": [-7, 2.5, -2.5]
            },
            "2.375": [-7, 2.5, -2.5]
          }
        },
        "torso3": {
          "rotation": {
            "0.0": [4.23205, 7.5, 0],
            "0.4583": {
              "lerp_mode": "catmullrom",
              "post": [9.23, 7.5, 0],
              "pre": [9.23, 7.5, 0]
            },
            "0.8333": {
              "lerp_mode": "catmullrom",
              "post": [9.23, 7.5, 0]
            },
            "1.25": [9.23, 7.5, 0],
            "1.2917": {
              "lerp_mode": "catmullrom",
              "post": [9.23, 7.5, 0],
              "pre": [9.23, 7.5, 0]
            },
            "1.5": {
              "lerp_mode": "catmullrom",
              "post": [9.23, 7.5, 0]
            },
            "1.9583": {
              "lerp_mode": "catmullrom",
              "post": [9.23, 7.5, 0]
            },
            "2.25": {
              "lerp_mode": "catmullrom",
              "post": [4.23205, 7.5, 0]
            },
            "2.4167": [4.23205, 7.5, 0]
          }
        },
        "wrist_right": {
          "rotation": {
            "0.0": [0, -6.16978, 0],
            "0.4583": {
              "lerp_mode": "catmullrom",
              "post": [0, -6.17, 0],
              "pre": [0, -6.17, 0]
            },
            "0.8333": {
              "lerp_mode": "catmullrom",
              "post": [0, -6.17, 0]
            },
            "1.25": [0, -6.17, 0],
            "1.2917": {
              "lerp_mode": "catmullrom",
              "post": [0, -6.17, 0],
              "pre": [0, -6.17, 0]
            },
            "1.5": {
              "lerp_mode": "catmullrom",
              "post": [0, -6.17, 0]
            },
            "1.6667": {
              "lerp_mode": "catmullrom",
              "post": [0, -6.17, 0]
            },
            "2.125": {
              "lerp_mode": "catmullrom",
              "post": [0, -6.16978, 0]
            },
            "2.375": [0, -6.16978, 0]
          }
        }
      },
      "loop": "hold_on_last_frame"
    },
    "animation.lucario.aura_eyes": {
      "bones": {
        "pupil_left": {
          "position": [0, 0, 0.1]
        },
        "pupil_left_aura": {
          "position": [0, 0, -0.1]
        },
        "pupil_right": {
          "position": [0, 0, 0.1]
        },
        "pupil_right_aura": {
          "position": [0, 0, -0.1]
        }
      },
      "loop": true
    },
    "animation.lucario.battle_idle": {
      "bones": {
        "arm_left": {
          "rotation": [-10, 7.5, "32.5+math.cos(q.anim_time*90*2-90)*3"]
        },
        "arm_left2": {
          "position": [0, 0, -0.25],
          "rotation": [107.9407, 65.911, "116.7059+math.cos(q.anim_time*90*2-120)*2"]
        },
        "arm_right": {
          "position": [0, -0.5, 0],
          "rotation": [-62.10335, -32.2712, "-22.3311-math.cos(q.anim_time*90*2-90)*3"]
        },
        "arm_right2": {
          "rotation": [-2.77432, "-52.4947-math.cos(q.anim_time*90*2-120)*3", -4.64223]
        },
        "arm_spike_left": {
          "rotation": [0, 0, 27.5]
        },
        "arm_spike_right": {
          "rotation": [0, 0, -27.5]
        },
        "aura_sensor_back_left": {
          "rotation": ["-35-math.cos(q.anim_time*90*2-150)*4", 20, -2.5]
        },
        "aura_sensor_back_left2": {
          "rotation": ["-10-math.cos(q.anim_time*90*2-215)*3", 0, 0]
        },
        "aura_sensor_back_right": {
          "rotation": ["-35-math.cos(q.anim_time*90*2-150)*4", -20, -2.5]
        },
        "aura_sensor_back_right2": {
          "rotation": ["-10-math.cos(q.anim_time*90*2-215)*3", 0, 0]
        },
        "aura_sensor_left": {
          "rotation": ["-25-math.cos(q.anim_time*90*2-150)*4", 50, 10]
        },
        "aura_sensor_left2": {
          "rotation": ["-10-math.cos(q.anim_time*90*2-215)*3", 0, 0]
        },
        "aura_sensor_right": {
          "rotation": ["-25-math.cos(q.anim_time*90*2-150)*4", -50, -10]
        },
        "aura_sensor_right2": {
          "rotation": ["-10-math.cos(q.anim_time*90*2-215)*3", 0, 0]
        },
        "body": {
          "position": [0, -2.325, 0],
          "rotation": [0, -37.5, 0]
        },
        "chest_fur": {
          "rotation": [-5.76795, 0, -1.73205]
        },
        "chest_fur_back2": {
          "rotation": [0.86824, 0, 0]
        },
        "chest_fur_front2": {
          "rotation": [11.7101, 0, 0]
        },
        "chest_fur_left": {
          "rotation": [0, 0, 8]
        },
        "chest_fur_right": {
          "rotation": [0, 0, -8]
        },
        "dread_back_left": {
          "rotation": [-22.99038, 20, 2.5]
        },
        "dread_back_left2": {
          "rotation": [17.32051, 0, 0]
        },
        "dread_back_right": {
          "rotation": [-22.99038, -20, -2.5]
        },
        "dread_back_right2": {
          "rotation": [0, 0, 0]
        },
        "dread_left": {
          "rotation": [-10, 50, 10]
        },
        "dread_left2": {
          "rotation": [17.32051, 0, 0]
        },
        "dread_right": {
          "rotation": [-10, -50, -10]
        },
        "dread_right2": {
          "rotation": [-21.65064, 0, 0]
        },
        "ear_left": {
          "rotation": [0, 0, 7.5]
        },
        "ear_right": {
          "rotation": [0, 0, -7.5]
        },
        "figner_back_left": {
          "rotation": [0, 0, 32.5]
        },
        "figner_back_right": {
          "rotation": [0, 0, -28.87164]
        },
        "figner_center_left": {
          "rotation": [0, 0, 15]
        },
        "figner_center_right": {
          "rotation": [0, 0, -11.5]
        },
        "figner_front_right": {
          "rotation": [0, 0, 0.86824]
        },
        "fingers_left": {
          "rotation": [0, 0, 27.5]
        },
        "fingers_right": {
          "rotation": [0, 0, -12.5]
        },
        "foot_left": {
          "rotation": [25, "2.5-math.cos(q.anim_time*90*2-60)*1", 19.5]
        },
        "foot_right": {
          "position": [0.46742, 0.00599, -0.17744],
          "rotation": [30.86709, 23.37759, -14.28299]
        },
        "hand_left": {
          "rotation": [0, 0, 22.5]
        },
        "hand_right": {
          "rotation": [0, 0, -12.5]
        },
        "head": {
          "rotation": [-9.40192, 23, -2.5]
        },
        "head_angle": {
          "rotation": [12.47203, -2.49338, -0.17904]
        },
        "leg_left": {
          "position": ["-1+math.cos(q.anim_time*90*2-60)*0.15", "0-math.cos(q.anim_time*90*2-60)*0.2", "0.5-math.cos(q.anim_time*90*2-60)*0.45"],
          "rotation": ["10.5+math.cos(q.anim_time*90*2-60)*3", -22.5, -30]
        },
        "leg_left2": {
          "rotation": [5, 0, 0]
        },
        "leg_left3": {
          "rotation": [-7.5, 0, 0]
        },
        "leg_left4": {
          "rotation": ["-20-math.cos(q.anim_time*90*2-60)*3", 2.5, 12.5]
        },
        "leg_right": {
          "position": ["-0.5-math.cos(q.anim_time*90*2-60)*0.2", -0.5, "0.75-math.cos(q.anim_time*90*2-60)*0.5"],
          "rotation": ["-16.7296+math.cos(q.anim_time*90*2-60)*3", 18.23584, 20.01038]
        },
        "leg_right2": {
          "rotation": [0, 2.5, 0]
        },
        "leg_right3": {
          "rotation": [10.5, 0, 0]
        },
        "leg_right4": {
          "rotation": ["-18.6195-math.cos(q.anim_time*90*2-60)*3", 5.06614, 7.43095]
        },
        "neck": {
          "rotation": ["8.268+math.cos(q.anim_time*90*2-90)*2", 15, 1.73205]
        },
        "shoulder_left": {
          "position": [0, 0, 0.25],
          "rotation": [12.5, -22.5, 2.5]
        },
        "shoulder_right": {
          "position": [0, 0, -0.5],
          "rotation": [0, -7.67365, 0.3473]
        },
        "tail": {
          "rotation": ["-23.5153+math.cos(q.anim_time*90*2-20)*3", "28.1045-math.cos(q.anim_time*90*1-40)*3", -11.14859]
        },
        "tail2": {
          "rotation": ["45+math.cos(q.anim_time*90*2-40)*2", 0, 0]
        },
        "tail3": {
          "rotation": ["37.5+math.cos(q.anim_time*90*2-60)*2", 0, 0]
        },
        "tail_end": {
          "rotation": [20, 0, 0]
        },
        "tail_end2": {
          "rotation": [-20, 0, 0]
        },
        "torso": {
          "position": [-0.75, "-0.2-math.cos(q.anim_time*90*2-60)*0.3", "1-math.cos(q.anim_time*90*2-60)*0.3"],
          "rotation": [7.5, -7.5, 2]
        },
        "torso2": {
          "rotation": ["-8+math.cos(q.anim_time*90*2)*1", 2.5, -2.5]
        },
        "torso3": {
          "rotation": ["2.5+math.cos(q.anim_time*90*2-30)*2", 7.5, 0]
        },
        "wrist_right": {
          "rotation": [0, -6.16978, 0]
        }
      },
      "loop": true
    },
    "animation.lucario.blink": {
      "animation_length": 0.1667,
      "bones": {
        "eye_left": {
          "position": {
            "0.0": [-0.1, 0, 0.1],
            "0.125": [-0.1, 0, 0.1],
            "0.1667": {
              "post": [0, 0, 0],
              "pre": [-0.1, 0, 0.1]
            }
          }
        },
        "eye_right": {
          "position": {
            "0.0": [0.1, 0, 0.1],
            "0.125": [0.1, 0, 0.1],
            "0.1667": {
              "post": [0, 0, 0],
              "pre": [0.1, 0, 0.1]
            }
          }
        },
        "eyelid_left": {
          "position": {
            "0.0": [0.1, 0, -0.1],
            "0.125": [0.1, 0, -0.1],
            "0.1667": {
              "post": [0, 0, 0],
              "pre": [0.1, 0, -0.1]
            }
          }
        },
        "eyelid_left_emote": {
          "scale": {
            "0.0": [1, 1, 1],
            "0.125": [1, 1, 1],
            "0.1667": [1, 1, 1]
          }
        },
        "eyelid_right": {
          "position": {
            "0.0": [-0.1, 0, -0.1],
            "0.125": [-0.1, 0, -0.1],
            "0.1667": {
              "post": [0, 0, 0],
              "pre": [-0.1, 0, -0.1]
            }
          }
        },
        "eyelid_right_emote": {
          "scale": {
            "0.0": [1, 1, 1],
            "0.125": [1, 1, 1],
            "0.1667": [1, 1, 1]
          }
        },
        "pupil_left": {
          "position": {
            "0.0": [0, 0, 0.01],
            "0.125": [0, 0, 0.01],
            "0.1667": {
              "post": [0, 0, 0],
              "pre": [0, 0, 0.01]
            }
          }
        },
        "pupil_right": {
          "position": {
            "0.0": [0, 0, 0.01],
            "0.125": [0, 0, 0.01],
            "0.1667": {
              "post": [0, 0, 0],
              "pre": [0, 0, 0.01]
            }
          }
        }
      }
    },
    "animation.lucario.cry": {
      "animation_length": 0.75,
      "bones": {
        "fangs": {
          "position": {
            "0.0": [0, 0, 0],
            "0.0417": {
              "post": [0, -1, 0],
              "pre": [0, 0, 0]
            },
            "0.5833": [0, -1, 0],
            "0.625": {
              "post": [0, 0, 0],
              "pre": [0, -1, 0]
            }
          }
        },
        "head": {
          "rotation": {
            "0.0": [0, 0, 0],
            "0.0417": [-1.5, 0, 0],
            "0.0833": [-1.6, 0, 0],
            "0.1667": [-1.37, 0, 0],
            "0.2917": [0.58, 0, 0],
            "0.375": [0.68, 0, 0],
            "0.5417": [-0.42, 0, 0],
            "0.5833": [-0.5, 0, 0],
            "0.6667": [-0.02, 0, 0],
            "0.7083": [0.07, 0, 0],
            "0.75": [0, 0, 0]
          }
        },
        "jaw": {
          "position": {
            "0.0": [0, 0, 0],
            "0.0417": {
              "post": [0, 1, 0],
              "pre": [0, 0, 0]
            },
            "0.5833": [0, 1, 0],
            "0.625": {
              "post": [0, 0, 0],
              "pre": [0, 1, 0]
            }
          }
        },
        "mouth_open2": {
          "position": {
            "0.0": [0, 0, 0],
            "0.0417": {
              "post": [0, -1.1, -0.1],
              "pre": [0, 0, 0]
            },
            "0.125": [0, -1.1, -0.1],
            "0.25": [0, -0.9, -0.1],
            "0.4167": [0, -0.9, -0.1],
            "0.5": [0, -1, -0.1],
            "0.5833": [0, -0.8, -0.1],
            "0.625": {
              "post": [0, 0, 0],
              "pre": [0, -0.8, -0.1]
            }
          }
        },
        "torso2": {
          "rotation": {
            "0.0": [0, 0, 0],
            "0.125": {
              "lerp_mode": "catmullrom",
              "post": [-0.65, 0, 0],
              "pre": [-0.65, 0, 0]
            },
            "0.625": [0, 0, 0]
          }
        },
        "torso3": {
          "rotation": {
            "0.0": [0, 0, 0],
            "0.125": {
              "lerp_mode": "catmullrom",
              "post": [-0.75, 0, 0],
              "pre": [-0.75, 0, 0]
            },
            "0.4167": {
              "lerp_mode": "catmullrom",
              "post": [-0.35, 0, 0]
            },
            "0.625": [0, 0, 0]
          }
        }
      },
      "sound_effects": {
        "0.0": {
          "effect": "pokemon.lucario.cry"
        }
      }
    },
    "animation.lucario.cryempty": {
      "animation_length": 0.4,
      "sound_effects": {
        "0.0417": {
          "effect": "pokemon.lucario.cry"
        }
      }
    },
    "animation.lucario.ground_idle": {
      "bones": {
        "arm_left": {
          "rotation": [-5.6639, "-11.7351+math.cos(q.anim_time*90*2-125)*1", 52.05418]
        },
        "arm_left2": {
          "rotation": [0, "17.5+math.cos(q.anim_time*90*2-145)*2.25", 0]
        },
        "arm_right": {
          "rotation": [0, "10-math.cos(q.anim_time*90*2-125)*1", -52.5]
        },
        "arm_right2": {
          "rotation": [0, "-17.5-math.cos(q.anim_time*90*2-145)*2.25", 0]
        },
        "aura_sensor_back_left": {
          "rotation": [-50, 17.5, 2.5]
        },
        "aura_sensor_back_left2": {
          "rotation": [-20, 0, 0]
        },
        "aura_sensor_back_right": {
          "rotation": [-50, -17.5, -2.5]
        },
        "aura_sensor_back_right2": {
          "rotation": [-20, 0, 0]
        },
        "aura_sensor_left": {
          "rotation": [-57.5, 50, 0]
        },
        "aura_sensor_left2": {
          "rotation": [-20, 0, 0]
        },
        "aura_sensor_right": {
          "rotation": [-57.5, -50, 0]
        },
        "aura_sensor_right2": {
          "rotation": [-20, 0, 0]
        },
        "crotch_fur": {
          "rotation": [-15, 0, 0]
        },
        "dread_back_left": {
          "rotation": [-50, 17.5, 2.5]
        },
        "dread_back_left2": {
          "rotation": [-20, 0, 0]
        },
        "dread_back_right": {
          "rotation": [-50, -17.5, -2.5]
        },
        "dread_back_right2": {
          "rotation": [-20, 0, 0]
        },
        "dread_left": {
          "position": [0, 0, 0],
          "rotation": [-57.5, 50, 0]
        },
        "dread_left2": {
          "rotation": [-20, 0, 0]
        },
        "dread_right": {
          "rotation": [-57.5, -50, 0]
        },
        "dread_right2": {
          "rotation": [-20, 0, 0]
        },
        "ear_left": {
          "rotation": [0, 0, 7.5]
        },
        "ear_right": {
          "rotation": [0, 0, -7.5]
        },
        "eyes": {
          "scale": [1, 0.92, 1]
        },
        "figner_back_left": {
          "rotation": [0, 0, 12.5]
        },
        "figner_back_right": {
          "rotation": [0, 0, -27.5]
        },
        "figner_center_left": {
          "rotation": [0, 0, 5]
        },
        "figner_center_right": {
          "rotation": [0, 0, -10]
        },
        "figner_front_left": {
          "rotation": [0, 0, 20]
        },
        "figner_front_right": {
          "rotation": [0, 0, -22.5]
        },
        "fingers_left": {
          "rotation": [0, 0, 15]
        },
        "fingers_right": {
          "rotation": [0, 0, -15]
        },
        "foot_left": {
          "rotation": ["-2.5-1.+math.cos(q.anim_time*90*2-60)*2", "0-math.cos(q.anim_time*90*2-60)*2", "6.5-math.cos(q.anim_time*90*2-60)*1"]
        },
        "foot_right": {
          "position": [0, 0.4, 0],
          "rotation": ["10+math.cos(q.anim_time*90*2-60)*2.5", "0+math.cos(q.anim_time*90*2-60)*1", "-2.5+math.cos(q.anim_time*90*2-60)*1"]
        },
        "hand_left": {
          "rotation": [0, 0, 12.5]
        },
        "hand_right": {
          "rotation": [0, 0, -10]
        },
        "head_angle": {
          "rotation": [2.5, 0, 0]
        },
        "jaw": {
          "position": [0, 0, 0.25]
        },
        "leg_left": {
          "position": [0, 0, "-0.175+math.cos(q.anim_time*90*2-60)*0.15"],
          "rotation": ["2.5+math.cos(q.anim_time*90*2-60)*1", -15, -10]
        },
        "leg_left2": {
          "rotation": [0, -7.5, -2.5]
        },
        "leg_left3": {
          "rotation": [-2.5, 0, 0]
        },
        "leg_left4": {
          "position": [-0.25, 0, 0],
          "rotation": ["7.5272-math.cos(q.anim_time*90*2-60)*3", "-1.7206+math.cos(q.anim_time*90*2-60)*2", 5.68602]
        },
        "leg_right": {
          "position": [0, 0, "0+math.cos(q.anim_time*90*2-60)*0.25"],
          "rotation": ["-5+math.cos(q.anim_time*90*2-60)*1", 5, 10]
        },
        "leg_right2": {
          "rotation": [0, 7.5, 0]
        },
        "leg_right3": {
          "rotation": ["-2.5-math.cos(q.anim_time*90*2-60)*2", 0, "0-math.cos(q.anim_time*90*2-60)*2"]
        },
        "leg_right4": {
          "position": [0.25, 0, 0],
          "rotation": ["0-math.cos(q.anim_time*90*2-60)*2", 0, "-10+math.cos(q.anim_time*90*2-60)*2"]
        },
        "neck": {
          "rotation": ["0+math.cos(q.anim_time*90*2-115)*1.5", 0, 0]
        },
        "shoulder_left": {
          "rotation": [0, 0, 5]
        },
        "shoulder_right": {
          "rotation": [0, 0, -5]
        },
        "tail": {
          "rotation": ["-7.5+math.cos(q.anim_time*90*2-125)*1.5", "0+math.cos(q.anim_time*90*1-125)*3.25", 0]
        },
        "tail2": {
          "rotation": ["32.5+math.cos(q.anim_time*90*2-165)*2.5", "0+math.cos(q.anim_time*90*1-165)*5", 0]
        },
        "tail3": {
          "rotation": ["27.5+math.cos(q.anim_time*90*2-215)*4", 0, 0]
        },
        "tail_end": {
          "rotation": [5, 0, 0]
        },
        "tail_end2": {
          "rotation": [-20, 0, 0]
        },
        "torso": {
          "position": [0, 0, "0+math.cos(q.anim_time*90*2-60)*0.25"],
          "rotation": [0, 0, 0]
        },
        "torso2": {
          "rotation": ["-2.5-math.cos(q.anim_time*90*2-85)*1", 0, 0]
        },
        "torso3": {
          "rotation": ["0-math.cos(q.anim_time*90*2-95)*1", 0, 0]
        }
      },
      "loop": true
    },
    "animation.lucario.ground_walk": {
      "animation_length": 1,
      "bones": {
        "arm_left": {
          "rotation": {
            "0.0": {
              "lerp_mode": "catmullrom",
              "post": [-7.19366, -39.6446, 55.44705]
            },
            "0.2917": {
              "lerp_mode": "catmullrom",
              "post": [5.98033, 22.25739, 53.11522]
            },
            "0.5": {
              "lerp_mode": "catmullrom",
              "post": [5.98033, 22.25739, 53.11522]
            },
            "0.7917": {
              "lerp_mode": "catmullrom",
              "post": [-7.19366, -39.6446, 55.44705]
            },
            "1.0": {
              "lerp_mode": "catmullrom",
              "post": [-7.19366, -39.6446, 55.44705]
            }
          }
        },
        "arm_left2": {
          "rotation": {
            "0.0": [0, 10, 0],
            "0.5": [0, 27.5, 0],
            "1.0": [0, 10, 0]
          }
        },
        "arm_right": {
          "rotation": {
            "0.0": {
              "lerp_mode": "catmullrom",
              "post": [5.98032, -22.25744, -53.11523]
            },
            "0.2917": {
              "lerp_mode": "catmullrom",
              "post": [-7.19366, 39.64465, -55.44706]
            },
            "0.5": {
              "lerp_mode": "catmullrom",
              "post": [-7.19366, 39.64465, -55.44706]
            },
            "0.7917": {
              "lerp_mode": "catmullrom",
              "post": [5.98032, -22.25744, -53.11523]
            },
            "1.0": {
              "lerp_mode": "catmullrom",
              "post": [5.98032, -22.25744, -53.11523]
            }
          }
        },
        "arm_right2": {
          "rotation": {
            "0.0": [0, -27.5, 0],
            "0.5": [0, -10, 0],
            "1.0": [0, -27.5, 0]
          }
        },
        "aura_sensor_back_left": {
          "rotation": ["-50+math.cos(q.anim_time*90*8-60)*2", 17.5, 2.5]
        },
        "aura_sensor_back_left2": {
          "rotation": ["-20+math.cos(q.anim_time*90*8-90)*3", 0, 0]
        },
        "aura_sensor_back_right": {
          "rotation": ["-50+math.cos(q.anim_time*90*8-60)*2", -17.5, -2.5]
        },
        "aura_sensor_back_right2": {
          "rotation": ["-20+math.cos(q.anim_time*90*8-90)*3", 0, 0]
        },
        "aura_sensor_left": {
          "rotation": ["-57.5+math.cos(q.anim_time*90*8-60)*2", 50, 0]
        },
        "aura_sensor_left2": {
          "rotation": ["-20+math.cos(q.anim_time*90*8-90)*3", 0, 0]
        },
        "aura_sensor_right": {
          "rotation": ["-57.5+math.cos(q.anim_time*90*8-60)*2", -50, 0]
        },
        "aura_sensor_right2": {
          "rotation": ["-20+math.cos(q.anim_time*90*8-90)*3", 0, 0]
        },
        "body": {
          "position": {
            "0.0": [0, -0.2, 0],
            "0.25": {
              "lerp_mode": "catmullrom",
              "post": [0, 1, 0],
              "pre": [0, 1, 0]
            },
            "0.5": [0, -0.2, 0],
            "0.75": {
              "lerp_mode": "catmullrom",
              "post": [0, 1, 0],
              "pre": [0, 1, 0]
            },
            "1.0": [0, -0.2, 0]
          }
        },
        "crotch_fur": {
          "rotation": [-15, 0, 0]
        },
        "dread_back_left": {
          "rotation": [-50, 17.5, 2.5]
        },
        "dread_back_left2": {
          "rotation": [-20, 0, 0]
        },
        "dread_back_right": {
          "rotation": [-50, -17.5, -2.5]
        },
        "dread_back_right2": {
          "rotation": [-20, 0, 0]
        },
        "dread_left": {
          "position": [0, 0, 0],
          "rotation": [-57.5, 50, 0]
        },
        "dread_left2": {
          "rotation": [-20, 0, 0]
        },
        "dread_right": {
          "rotation": [-57.5, -50, 0]
        },
        "dread_right2": {
          "rotation": [-20, 0, 0]
        },
        "ear_left": {
          "rotation": [0, 0, 7.5]
        },
        "ear_right": {
          "rotation": [0, 0, -7.5]
        },
        "eyes": {
          "scale": [1, 0.92, 1]
        },
        "figner_back_left": {
          "rotation": [0, 0, 12.5]
        },
        "figner_back_right": {
          "rotation": [0, 0, -27.5]
        },
        "figner_center_left": {
          "rotation": [0, 0, 5]
        },
        "figner_center_right": {
          "rotation": [0, 0, -10]
        },
        "figner_front_left": {
          "rotation": [0, 0, 20]
        },
        "figner_front_right": {
          "rotation": [0, 0, -22.5]
        },
        "fingers_left": {
          "rotation": [0, 0, 15]
        },
        "fingers_right": {
          "rotation": [0, 0, -15]
        },
        "foot_left": {
          "rotation": {
            "0.0": {
              "lerp_mode": "catmullrom",
              "post": [17.5, 0, 0]
            },
            "0.25": {
              "lerp_mode": "catmullrom",
              "post": [5, 0, 0]
            },
            "0.5": {
              "lerp_mode": "catmullrom",
              "post": [5, 0, 0]
            },
            "0.75": {
              "lerp_mode": "catmullrom",
              "post": [17.5, 0, 0]
            },
            "1.0": {
              "lerp_mode": "catmullrom",
              "post": [17.5, 0, 0]
            }
          }
        },
        "foot_right": {
          "rotation": {
            "0.0": {
              "lerp_mode": "catmullrom",
              "post": [5, 0, 0]
            },
            "0.25": {
              "lerp_mode": "catmullrom",
              "post": [17.5, 0, 0]
            },
            "0.5": {
              "lerp_mode": "catmullrom",
              "post": [17.5, 0, 0]
            },
            "0.75": {
              "lerp_mode": "catmullrom",
              "post": [5, 0, 0]
            },
            "1.0": {
              "lerp_mode": "catmullrom",
              "post": [5, 0, 0]
            }
          }
        },
        "hand_left": {
          "rotation": [0, 0, 12.5]
        },
        "hand_right": {
          "rotation": [0, 0, -10]
        },
        "head_angle": {
          "rotation": [2.5, 0, 0]
        },
        "jaw": {
          "position": [0, 0, 0.25]
        },
        "leg_left": {
          "position": [0.4, 0, 0],
          "rotation": {
            "0.0": {
              "lerp_mode": "catmullrom",
              "post": [-14.94548, -1.29256, -4.83045]
            },
            "0.5": {
              "lerp_mode": "catmullrom",
              "post": [14.94548, 1.29256, -4.83045]
            },
            "1.0": {
              "lerp_mode": "catmullrom",
              "post": [-14.94548, -1.29256, -4.83045]
            }
          }
        },
        "leg_left2": {
          "rotation": [0, 0, 4.5]
        },
        "leg_left3": {
          "rotation": {
            "0.0": {
              "lerp_mode": "catmullrom",
              "post": [-5, 0, 0]
            },
            "0.25": {
              "lerp_mode": "catmullrom",
              "post": [0, 0, 0]
            },
            "0.5": {
              "lerp_mode": "catmullrom",
              "post": [0, 0, 0]
            },
            "0.75": {
              "lerp_mode": "catmullrom",
              "post": [8.07, 0, 0]
            },
            "1.0": {
              "lerp_mode": "catmullrom",
              "post": [-5, 0, 0]
            }
          }
        },
        "leg_left4": {
          "rotation": {
            "0.0": {
              "lerp_mode": "catmullrom",
              "post": [-10, 0, 0]
            },
            "0.25": {
              "lerp_mode": "catmullrom",
              "post": [7.5, 0, 0]
            },
            "0.5": {
              "lerp_mode": "catmullrom",
              "post": [7.5, 0, 0]
            },
            "0.75": {
              "lerp_mode": "catmullrom",
              "post": [-19.33, 0, 0]
            },
            "1.0": {
              "lerp_mode": "catmullrom",
              "post": [-10, 0, 0]
            }
          }
        },
        "leg_right": {
          "position": [-0.4, 0, 0],
          "rotation": {
            "0.0": {
              "lerp_mode": "catmullrom",
              "post": [14.94548, -1.29256, 4.83045]
            },
            "0.5": {
              "lerp_mode": "catmullrom",
              "post": [-14.94548, 1.29256, 4.83045]
            },
            "1.0": {
              "lerp_mode": "catmullrom",
              "post": [14.94548, -1.29256, 4.83045]
            }
          }
        },
        "leg_right2": {
          "rotation": [0, 0, -4.5]
        },
        "leg_right3": {
          "rotation": {
            "0.0": {
              "lerp_mode": "catmullrom",
              "post": [0, 0, 0]
            },
            "0.25": {
              "lerp_mode": "catmullrom",
              "post": [8.07, 0, 0]
            },
            "0.5": {
              "lerp_mode": "catmullrom",
              "post": [-5, 0, 0]
            },
            "0.75": {
              "lerp_mode": "catmullrom",
              "post": [0, 0, 0]
            },
            "1.0": {
              "lerp_mode": "catmullrom",
              "post": [0, 0, 0]
            }
          }
        },
        "leg_right4": {
          "rotation": {
            "0.0": {
              "lerp_mode": "catmullrom",
              "post": [7.5, 0, 0]
            },
            "0.25": {
              "lerp_mode": "catmullrom",
              "post": [-19.33, 0, 0]
            },
            "0.5": {
              "lerp_mode": "catmullrom",
              "post": [-10, 0, 0]
            },
            "0.75": {
              "lerp_mode": "catmullrom",
              "post": [7.5, 0, 0]
            },
            "1.0": {
              "lerp_mode": "catmullrom",
              "post": [7.5, 0, 0]
            }
          }
        },
        "neck": {
          "rotation": ["-0.6339+math.cos(q.anim_time*90*8-120)*1 ", "0+math.cos(q.anim_time*90*4-120)*2", 0]
        },
        "shoulder_left": {
          "rotation": [0, 0, 5]
        },
        "shoulder_right": {
          "rotation": [0, 0, -5]
        },
        "tail": {
          "rotation": ["-8.3604-math.cos(q.anim_time*90*8-90)*3", "-1.8641+math.cos(q.anim_time*90*4-90)*3", 0]
        },
        "tail2": {
          "rotation": ["30.0852-math.cos(q.anim_time*90*8-130)*3.5", "-4.8296+math.cos(q.anim_time*90*4-130)*4", 0]
        },
        "tail3": {
          "rotation": [24.22339, 0, 0]
        },
        "tail_end": {
          "rotation": [5, 0, 0]
        },
        "tail_end2": {
          "rotation": [-20, 0, 0]
        },
        "torso": {
          "position": [0, "0-math.cos(q.anim_time*90*8-50)*0.35", 0],
          "rotation": ["0-math.cos(q.anim_time*90*4-80)*1", "0-math.cos(q.anim_time*90*4-120)*2", 0]
        },
        "torso2": {
          "rotation": [-0.08716, 0, 0]
        },
        "torso3": {
          "rotation": [0.08716, 0, 0]
        }
      },
      "loop": true
    },
    "animation.lucario.happy": {
      "bones": {
        "eye_left_emote2": {
          "position": [0.1, 0.6, 0]
        },
        "eye_right_emote2": {
          "position": [-0.1, 0.6, 0]
        },
        "fangs": {
          "position": [0, -1, 0]
        },
        "jaw": {
          "position": [0, 1, 0]
        },
        "mouth_open": {
          "position": [0, -1.1, -0.1]
        }
      },
      "loop": true
    },
    "animation.lucario.hurt": {
      "animation_length": 0.1667,
      "bones": {
        "eye_right": {
          "position": [0.1, 0, 0.1]
        },
        "eye_right_core": {
          "position": [0.1, 0, 0.1]
        },
        "eyelid_right": {
          "position": [-0.1, 0, -0.1]
        },
        "eyelid_right_emote": {
          "position": [0, 0, 0]
        },
        "eyelid_right_emote2": {
          "position": [-0.2, 0.6, 0]
        },
        "eyelid_right_emote3": {
          "position": [0, 0.6, 0]
        },
        "jaw": {
          "position": [0, 1, 1]
        },
        "muzzle": {
          "position": [0, 0, 0],
          "rotation": [-2, 0, 0]
        },
        "pupil_right": {
          "position": [0, 0, 0.1]
        },
        "teeth_clench": {
          "position": [0, -0.1, -0.1]
        }
      },
      "loop": true
    },
    "animation.lucario.judgy": {
      "bones": {
        "eye_left_emote": {
          "position": [1, 0, 0],
          "scale": [0.5, 1, 1]
        },
        "eye_right_emote": {
          "position": [0.1, 0, 0.1]
        },
        "pupil_left": {
          "position": [0.8, 0, 0]
        },
        "pupil_right": {
          "position": [0.5, -0.5, 0],
          "scale": [1, 0.5, 1]
        }
      },
      "loop": true
    },
    "animation.lucario.recoil": {
      "animation_length": 0.5,
      "bones": {
        "eye_left": {
          "position": {
            "0.0": [0, 0, 0],
            "0.0417": {
              "post": [-0.1, 0, 0.1],
              "pre": [0, 0, 0]
            },
            "0.4167": [-0.1, 0, 0.1],
            "0.4583": {
              "post": [0, 0, 0],
              "pre": [-0.1, 0, 0.1]
            }
          }
        },
        "eye_right": {
          "position": {
            "0.0": [0, 0, 0],
            "0.0417": {
              "post": [0.1, 0, 0.1],
              "pre": [0, 0, 0]
            },
            "0.4167": [0.1, 0, 0.1],
            "0.4583": {
              "post": [0, 0, 0],
              "pre": [0.1, 0, 0.1]
            }
          }
        },
        "eyelid_left": {
          "position": {
            "0.0": [0, 0, 0],
            "0.0417": {
              "post": [0.1, 0, -0.1],
              "pre": [0, 0, 0]
            },
            "0.4583": {
              "post": [0, 0, 0],
              "pre": [0.1, 0, -0.1]
            }
          }
        },
        "eyelid_left_emote": {
          "position": {
            "0.0": [0, 0, 0],
            "0.0417": [0, 0, 0],
            "0.4583": [0, 0, 0]
          }
        },
        "eyelid_left_emote2": {
          "position": {
            "0.0": [0, 0, 0],
            "0.0417": {
              "post": [0.2, 0.6, 0],
              "pre": [0, 0, 0]
            },
            "0.4583": {
              "post": [0, 0, 0],
              "pre": [0.2, 0.6, 0]
            }
          }
        },
        "eyelid_left_emote3": {
          "position": {
            "0.0": [0, 0, 0],
            "0.0417": {
              "post": [0, 0.6, 0],
              "pre": [0, 0, 0]
            },
            "0.4583": {
              "post": [0, 0, 0],
              "pre": [0, 0.6, 0]
            }
          }
        },
        "eyelid_right": {
          "position": {
            "0.0": [0, 0, 0],
            "0.0417": {
              "post": [-0.1, 0, -0.1],
              "pre": [0, 0, 0]
            },
            "0.4583": {
              "post": [0, 0, 0],
              "pre": [-0.1, 0, -0.1]
            }
          }
        },
        "eyelid_right_emote": {
          "position": {
            "0.0": [0, 0, 0],
            "0.0417": [0, 0, 0],
            "0.4583": [0, 0, 0]
          }
        },
        "eyelid_right_emote2": {
          "position": {
            "0.0": [0, 0, 0],
            "0.0417": {
              "post": [-0.2, 0.6, 0],
              "pre": [0, 0, 0]
            },
            "0.4583": {
              "post": [0, 0, 0],
              "pre": [-0.2, 0.6, 0]
            }
          }
        },
        "eyelid_right_emote3": {
          "position": {
            "0.0": [0, 0, 0],
            "0.0417": {
              "post": [0, 0.6, 0],
              "pre": [0, 0, 0]
            },
            "0.4583": {
              "post": [0, 0, 0],
              "pre": [0, 0.6, 0]
            }
          }
        },
        "neck": {
          "rotation": {
            "0.0": [10, 0, 0],
            "0.0833": {
              "lerp_mode": "catmullrom",
              "post": [-15, 0, 0],
              "pre": [-15, 0, 0]
            },
            "0.5": [0, 0, 0]
          }
        },
        "torso2": {
          "rotation": {
            "0.0": [-4.88213, 0.51734, 2.44873],
            "0.0833": {
              "lerp_mode": "catmullrom",
              "post": [-4.78176, 1.88174, 4.66572],
              "pre": [-4.78176, 1.88174, 4.66572]
            },
            "0.4167": [0, 0, 0],
            "0.5": [0, 0, 0]
          }
        }
      }
    },
    "animation.lucario.sad": {
      "bones": {
        "eye_left_emote": {
          "position": [0, -0.5, 0]
        },
        "eye_left_emote3": {
          "position": [0, 0, -0.1],
          "scale": 1
        },
        "eye_right_emote": {
          "position": [0, -0.5, 0]
        },
        "eye_right_emote3": {
          "position": [0, 0, -0.1],
          "scale": 1
        },
        "pupil_right": {
          "position": [0, 0, 0]
        }
      },
      "loop": true
    },
    "animation.lucario.shocked": {
      "bones": {
        "fangs": {
          "position": [0, -1, 0]
        },
        "jaw": {
          "position": [0, 1, 0]
        },
        "mouth_open2": {
          "position": [0, -1.2, -0.1]
        },
        "pupil_left": {
          "scale": [0.7, 0.5, 1]
        },
        "pupil_right": {
          "scale": [0.7, 0.5, 1]
        }
      },
      "loop": true
    },
    "animation.lucario.squint": {
      "bones": {
        "eye_left_emote": {
          "position": [-0.1, 0, 0.1]
        },
        "eye_right_emote": {
          "position": [0.1, 0, 0.1]
        },
        "pupil_left": {
          "position": [0, -0.5, 0],
          "scale": [1, 0.5, 1]
        },
        "pupil_right": {
          "position": [0, -0.5, 0],
          "scale": [1, 0.5, 1]
        }
      },
      "loop": true
    }
  },
  "format_version": "1.8.0"
}