{
  "animations": {
    "animation.arceus.air_fly": {
      "animation_length": 1.5,
      "bones": {
        "back_head": {
          "rotation": ["7.5+math.cos((q.anim_time+0.25)*90*5.35/2-30)*2.5", "math.cos((q.anim_time+1)*90*5.35/2)*2", 0]
        },
        "back_head2": {
          "rotation": ["-12.5+math.cos((q.anim_time+0.25)*90*5.35/2-60)*2", "math.cos((q.anim_time+1)*90*5.35/2-50)*2", 0]
        },
        "back_head3": {
          "rotation": ["22.5+math.cos((q.anim_time+0.25)*90*5.35/2-90)*2", "math.cos((q.anim_time+1)*90*5.35/2-100)*3", 0]
        },
        "back_head4": {
          "rotation": ["-12.5+math.cos((q.anim_time+0.25)*90*5.35/2-120)*8", "math.cos((q.anim_time+1)*90*5.35/2-150)*4", 0]
        },
        "back_head5": {
          "rotation": ["-20+math.cos((q.anim_time+0.25)*90*5.35/2-150)*10", "math.cos((q.anim_time+1)*90*5.35/2-200)*5", 0]
        },
        "back_leg_foot_back_left": {
          "rotation": {
            "0.0": [0, 0, 0],
            "0.5417": [-17.5, 0, 0],
            "1.5": [0, 0, 0]
          }
        },
        "back_leg_foot_back_right": {
          "rotation": {
            "0.0": [-13.7, 0, 0],
            "0.75": [0, 0, 0],
            "1.2917": [-17.5, 0, 0],
            "1.5": [-13.7, 0, 0]
          }
        },
        "back_leg_left": {
          "position": {
            "0.0": [0, 2.44, 0],
            "0.5": {
              "lerp_mode": "catmullrom",
              "post": [0, 4, 0],
              "pre": [0, 4, 0]
            },
            "1.0417": {
              "lerp_mode": "catmullrom",
              "post": [0, 0.6, 0]
            },
            "1.1667": {
              "lerp_mode": "catmullrom",
              "post": [0, 2.47, 0]
            },
            "1.3333": [0, 2.84, 0],
            "1.5": {
              "lerp_mode": "catmullrom",
              "post": [0, 2.44, 0],
              "pre": [0, 2.44, 0]
            }
          },
          "rotation": {
            "0.0": [11.89, 0, 0],
            "0.1667": [9.81, 0, 0],
            "0.4167": {
              "lerp_mode": "catmullrom",
              "post": [-11.85, 0, 0],
              "pre": [-11.85, 0, 0]
            },
            "0.7917": [-18.74, 0, 0],
            "1.0": [-20, 0, 0],
            "1.3333": {
              "lerp_mode": "catmullrom",
              "post": [-2.88, 0, 0],
              "pre": [-2.88, 0, 0]
            },
            "1.5": {
              "lerp_mode": "catmullrom",
              "post": [11.89, 0, 0]
            }
          }
        },
        "back_leg_left2": {
          "rotation": {
            "0.0": [-22.82, 0, 0],
            "0.1667": [-17.35, 0, 0],
            "0.4167": {
              "lerp_mode": "catmullrom",
              "post": [27.78, 0, 0],
              "pre": [27.78, 0, 0]
            },
            "0.7917": {
              "lerp_mode": "catmullrom",
              "post": [20.15, 0, 0]
            },
            "1.0": [0, 0, 0],
            "1.0833": [0.3, 0, 0],
            "1.1667": [-5, 0, 0],
            "1.3333": [-9.69, 0, 0],
            "1.5": {
              "lerp_mode": "catmullrom",
              "post": [-22.82, 0, 0],
              "pre": [-22.82, 0, 0]
            }
          }
        },
        "back_leg_left3": {
          "rotation": {
            "0.0": [13.73, 0, 0],
            "0.1667": [24.93, 0, 0],
            "0.4167": {
              "lerp_mode": "catmullrom",
              "post": [-0.83, 0, 0],
              "pre": [-0.83, 0, 0]
            },
            "0.7917": [-14.81, 0, 0],
            "1.0": [-17.5, 0, 0],
            "1.0833": [-12.1, 0, 0],
            "1.1667": [-2.9, 0, 0],
            "1.3333": [6.5, 0, 0],
            "1.5": {
              "lerp_mode": "catmullrom",
              "post": [13.73, 0, 0],
              "pre": [13.73, 0, 0]
            }
          }
        },
        "back_leg_right": {
          "position": {
            "0.0": {
              "lerp_mode": "catmullrom",
              "post": [0, 2.46, 0]
            },
            "0.2917": {
              "lerp_mode": "catmullrom",
              "post": [0, 0.6, 0]
            },
            "0.4167": {
              "lerp_mode": "catmullrom",
              "post": [0, 2.47, 0]
            },
            "0.5833": [0, 2.84, 0],
            "0.75": [0, 2.44, 0],
            "1.25": {
              "lerp_mode": "catmullrom",
              "post": [0, 4, 0],
              "pre": [0, 4, 0]
            },
            "1.5": {
              "lerp_mode": "catmullrom",
              "post": [0, 2.46, 0]
            }
          },
          "rotation": {
            "0.0": [-18.3, 0, 0],
            "0.25": {
              "lerp_mode": "catmullrom",
              "post": [-20, 0, 0],
              "pre": [-20, 0, 0]
            },
            "0.5833": [-2.88, 0, 0],
            "0.75": [11.89, 0, 0],
            "0.9167": [9.81, 0, 0],
            "1.1667": {
              "lerp_mode": "catmullrom",
              "post": [-11.85, 0, 0],
              "pre": [-11.85, 0, 0]
            },
            "1.5": [-18.3, 0, 0]
          }
        },
        "back_leg_right2": {
          "rotation": {
            "0.0": [21.84, 0, 0],
            "0.25": {
              "lerp_mode": "catmullrom",
              "post": [0, 0, 0],
              "pre": [0, 0, 0]
            },
            "0.3333": [0.3, 0, 0],
            "0.4167": [-5, 0, 0],
            "0.5833": [-9.69, 0, 0],
            "0.75": [-22.82, 0, 0],
            "0.9167": [-17.35, 0, 0],
            "1.1667": {
              "lerp_mode": "catmullrom",
              "post": [27.78, 0, 0],
              "pre": [27.78, 0, 0]
            },
            "1.5": {
              "lerp_mode": "catmullrom",
              "post": [21.84, 0, 0]
            }
          }
        },
        "back_leg_right3": {
          "rotation": {
            "0.0": [-13.82, 0, 0],
            "0.25": {
              "lerp_mode": "catmullrom",
              "post": [-17.5, 0, 0],
              "pre": [-17.5, 0, 0]
            },
            "0.3333": [-12.1, 0, 0],
            "0.4167": [-2.9, 0, 0],
            "0.5833": [6.5, 0, 0],
            "0.75": [13.73, 0, 0],
            "0.9167": [24.93, 0, 0],
            "1.1667": {
              "lerp_mode": "catmullrom",
              "post": [-0.83, 0, 0],
              "pre": [-0.83, 0, 0]
            },
            "1.5": [-13.82, 0, 0]
          }
        },
        "front_leg_left": {
          "position": {
            "0.0": [0, 0.8, 0],
            "0.0833": [0, 2.1, 0],
            "0.1667": [0, 3.05, 0],
            "0.2917": [0, 3.55, 0],
            "0.4167": [0, 3.6, 0],
            "0.5": [0, 3.35, 0],
            "0.5833": [0, 2.6, 0],
            "0.875": {
              "lerp_mode": "catmullrom",
              "post": [0, 2.86, 0],
              "pre": [0, 2.86, 0]
            },
            "1.125": {
              "lerp_mode": "catmullrom",
              "post": [0, 3.78, 0]
            },
            "1.5": {
              "lerp_mode": "catmullrom",
              "post": [0, 1, 0]
            }
          },
          "rotation": {
            "0.0": [-2.21383, 9.08092, 14.38613],
            "0.1667": [2.44, 8.9, 14.72],
            "0.2917": [5.9, 8.57, 14.8],
            "0.4167": [10.8, 8.1, 14.74],
            "0.75": {
              "lerp_mode": "catmullrom",
              "post": [21.6, 6.78, 14.27],
              "pre": [21.6, 6.78, 14.27]
            },
            "0.9583": {
              "lerp_mode": "catmullrom",
              "post": [-4.80168, 8.05742, 12.09813]
            },
            "1.125": {
              "lerp_mode": "catmullrom",
              "post": [-12.18, 7.65, 10.94]
            },
            "1.3333": {
              "lerp_mode": "catmullrom",
              "post": [-17.30104, 8.50098, 11.7827]
            },
            "1.5": {
              "lerp_mode": "catmullrom",
              "post": [-2.21383, 9.08092, 14.38613]
            }
          }
        },
        "front_leg_left2": {
          "rotation": {
            "0.0": [-7.5, 0, 0],
            "0.1667": [-4.68, 0, 0],
            "0.2917": [-2.01, 0, 0],
            "0.4167": [-0.5, 0, 0],
            "0.75": [7.84, 0, 0],
            "0.9583": {
              "lerp_mode": "catmullrom",
              "post": [42.5, 0, 0],
              "pre": [42.5, 0, 0]
            },
            "1.3333": [12.5, 0, 0],
            "1.5": {
              "lerp_mode": "catmullrom",
              "post": [-7.5, 0, 0],
              "pre": [-7.5, 0, 0]
            }
          }
        },
        "front_leg_left3": {
          "rotation": {
            "0.0": [17.5, 0, 0],
            "0.1667": [26.55, 0, 0],
            "0.2917": [31.46, 0, 0],
            "0.4167": [34, 0, 0],
            "0.5": [34.2, 0, 0],
            "0.5833": [31.5, 0, 0],
            "0.8333": {
              "lerp_mode": "catmullrom",
              "post": [40, 0, 0],
              "pre": [40, 0, 0]
            },
            "1.125": {
              "lerp_mode": "catmullrom",
              "post": [6.25, 0, 0]
            },
            "1.5": {
              "lerp_mode": "catmullrom",
              "post": [17.5, 0, 0]
            }
          }
        },
        "front_leg_right": {
          "position": {
            "0.0": {
              "lerp_mode": "catmullrom",
              "post": [0, 2.65, 0]
            },
            "0.125": {
              "lerp_mode": "catmullrom",
              "post": [0, 2.86, 0]
            },
            "0.375": {
              "lerp_mode": "catmullrom",
              "post": [0, 3.78, 0]
            },
            "0.75": [0, 0.8, 0],
            "0.8333": [0, 2.1, 0],
            "0.9167": [0, 3.05, 0],
            "1.0417": [0, 3.55, 0],
            "1.1667": [0, 3.6, 0],
            "1.25": [0, 3.15, 0],
            "1.3333": [0, 2.6, 0],
            "1.5": {
              "lerp_mode": "catmullrom",
              "post": [0, 2.65, 0],
              "pre": [0, 2.65, 0]
            }
          },
          "rotation": {
            "0.0": {
              "lerp_mode": "catmullrom",
              "post": [21.6, -6.78, -14.27]
            },
            "0.2083": {
              "lerp_mode": "catmullrom",
              "post": [-4.80168, -8.05742, -12.09813]
            },
            "0.375": {
              "lerp_mode": "catmullrom",
              "post": [-12.18, -7.65, -10.94]
            },
            "0.5833": {
              "lerp_mode": "catmullrom",
              "post": [-17.30104, -8.50098, -11.7827]
            },
            "0.75": [-2.21383, -9.08092, -14.38613],
            "0.9167": [2.44, -8.9, -14.72],
            "1.0417": [5.9, -8.57, -14.8],
            "1.1667": [10.8, -8.1, -14.74],
            "1.5": {
              "lerp_mode": "catmullrom",
              "post": [21.6, -6.78, -14.27],
              "pre": [21.6, -6.78, -14.27]
            }
          }
        },
        "front_leg_right2": {
          "rotation": {
            "0.0": [7.84, 0, 0],
            "0.2083": {
              "lerp_mode": "catmullrom",
              "post": [42.5, 0, 0],
              "pre": [42.5, 0, 0]
            },
            "0.5833": [12.5, 0, 0],
            "0.75": [-7.5, 0, 0],
            "0.9167": [-4.68, 0, 0],
            "1.0417": [-2.01, 0, 0],
            "1.1667": [-0.5, 0, 0],
            "1.3333": [6.17, 0, 0],
            "1.5": [7.84, 0, 0]
          }
        },
        "front_leg_right3": {
          "rotation": {
            "0.0": {
              "lerp_mode": "catmullrom",
              "post": [39.88, 0, 0]
            },
            "0.0833": {
              "lerp_mode": "catmullrom",
              "post": [40, 0, 0]
            },
            "0.375": {
              "lerp_mode": "catmullrom",
              "post": [6.25, 0, 0]
            },
            "0.75": [17.5, 0, 0],
            "0.9167": [26.55, 0, 0],
            "1.0417": [31.46, 0, 0],
            "1.1667": [34, 0, 0],
            "1.25": [33.8, 0, 0],
            "1.3333": [32, 0, 0],
            "1.5": {
              "lerp_mode": "catmullrom",
              "post": [39.88, 0, 0],
              "pre": [39.88, 0, 0]
            }
          }
        },
        "head": {
          "rotation": ["-7.5-math.cos((q.anim_time+3.1)*90*5.35-40)*1.5", 0, 0]
        },
        "neck": {
          "rotation": ["10+math.cos((q.anim_time+3.1)*90*5.35-40)*0.5", 0, "-math.cos((q.anim_time+1.6)*90*5.35/2)*2.5"]
        },
        "neck2": {
          "rotation": ["-5+math.cos((q.anim_time+3.1)*90*5.35-80)*1", 0, 0]
        },
        "tail": {
          "rotation": ["math.cos((q.anim_time+0.8)*90*5.35/2-40)*3", "-math.cos((q.anim_time+0.3)*90*5.35/2-40)*2", 0]
        },
        "tail2": {
          "rotation": ["27.5+math.cos((q.anim_time+0.8)*90*5.35/2-80)*3", "-math.cos((q.anim_time+0.3)*90*5.35/2-80)*1.5", 0]
        },
        "tail3": {
          "rotation": ["-27.5+math.cos((q.anim_time+0.8)*90*5.35/2-120)*3", "-math.cos((q.anim_time+0.3)*90*5.35/2-120)*1", 0]
        },
        "tail4": {
          "rotation": ["-20+math.cos((q.anim_time+0.8)*90*5.35/2-120)*8", "-math.cos((q.anim_time+0.3)*90*5.35/2-160)*0.5", 0]
        },
        "torso": {
          "position": ["-math.cos((q.anim_time+0.9)*90*5.35/2)*1", "math.cos((q.anim_time+0.9)*90*5.35)*0.85", "-math.cos((q.anim_time+0.3)*90*5.35)*0.5"],
          "rotation": ["math.cos((q.anim_time+0.3)*90*5.35)*1", "-math.cos((q.anim_time+1)*90*5.35/2)*2", "math.cos((q.anim_time+0.3)*90*5.35/2)*2.5"]
        },
        "torso2": {
          "rotation": ["math.cos((q.anim_time+3.1)*90*5.35)*1", 0, 0]
        },
        "torso3": {
          "rotation": [0, 0, "math.cos((q.anim_time+1.4)*90*5.35/2)*2.5"]
        }
      },
      "loop": true
    },
    "animation.arceus.air_idle": {
      "bones": {
        "back_head": {
          "rotation": ["7.5+math.cos((q.anim_time+0.25)*90/2-30)*2.5", 0, 0]
        },
        "back_head2": {
          "rotation": ["-12.5+math.cos((q.anim_time+0.25)*90/2-60)*1", 0, 0]
        },
        "back_head3": {
          "rotation": ["22.5+math.cos((q.anim_time+0.25)*90/2-90)*1", 0, 0]
        },
        "back_head4": {
          "rotation": ["-12.5+math.cos((q.anim_time+0.25)*90/2-120)*5", 0, 0]
        },
        "back_head5": {
          "rotation": ["-20+math.cos((q.anim_time+0.25)*90/2-150)*8", 0, 0]
        },
        "back_leg_left": {
          "position": ["math.cos((q.anim_time+0.5)*90)*0.25", "-0.15+math.cos((q.anim_time+0.1)*90/2)*0.02", "-math.cos((q.anim_time+0.8)*90/2)*0.5"],
          "rotation": ["-10+math.cos((q.anim_time+0.5)*90/2)*1.1", 0, "+math.cos((q.anim_time+0.5)*90)*0.35"]
        },
        "back_leg_left2": {
          "rotation": ["7.5-math.cos((q.anim_time+0.3)*90/2)*0.8", 0, 0]
        },
        "back_leg_left3": {
          "rotation": [2.5, 0, 0]
        },
        "back_leg_right": {
          "position": ["math.cos((q.anim_time+0.5)*90)*0.25", -1.1, "-math.cos((q.anim_time+0.8)*90/2)*0.5"],
          "rotation": ["7.5+math.cos((q.anim_time+0.8)*90/2)*1", 0, "math.cos((q.anim_time+0.55)*90)*0.4"]
        },
        "back_leg_right2": {
          "rotation": ["-5-math.cos((q.anim_time+0.8)*90/2)*0.85", 0, 0]
        },
        "back_leg_right3": {
          "rotation": ["5+math.cos((q.anim_time+0.8)*90/2)*0.5", 0, 0]
        },
        "front_leg_left": {
          "position": ["math.cos((q.anim_time+0.4)*90)*0.14", "0.3+math.cos((q.anim_time+0.7)*90/2)*0.05", "-math.cos((q.anim_time+0.5)*90/2)*0.5"],
          "rotation": ["20+math.cos((q.anim_time+0.7)*90/2)*1.17", 0, "20+math.cos((q.anim_time+0.7)*90)*0.17"]
        },
        "front_leg_left2": {
          "rotation": ["7.5-math.cos((q.anim_time+0.8)*90/2)*0.8", 0, 0]
        },
        "front_leg_right": {
          "position": ["math.cos((q.anim_time+0.5)*90)*0.25", "2.1+math.cos((q.anim_time+0.2)*90/2)*0.025", "-math.cos((q.anim_time+0.8)*90/2)*0.5"],
          "rotation": ["-7.5+math.cos((q.anim_time+0.1)*90/2)*0.05", 0, "-22.5+math.cos((q.anim_time+0.5)*90)*0.3"]
        },
        "front_leg_right2": {
          "rotation": ["-2.5+math.cos((q.anim_time+0.8)*90/2)*0.8", 0, 0]
        },
        "front_leg_right3": {
          "rotation": [42.5, 0, 0]
        },
        "head": {
          "rotation": ["-10+math.cos((q.anim_time+0.5)*90/2)*1", 0, 0]
        },
        "neck": {
          "rotation": ["7.5+math.cos((q.anim_time+0.25)*90/2)*0.5", 0, 0]
        },
        "neck2": {
          "rotation": ["-math.cos((q.anim_time+0.25)*90/2)*0.75", 0, 0]
        },
        "tail": {
          "rotation": ["12.5-math.cos((q.anim_time+0.2)*90/2-40)*2", 0, 0]
        },
        "tail2": {
          "rotation": ["-22.5-math.cos((q.anim_time+0.2)*90/2-80)*3", 0, 0]
        },
        "tail3": {
          "rotation": ["30-math.cos((q.anim_time+0.2)*90/2-120)*3.5", 0, 0]
        },
        "tail4": {
          "rotation": ["-27.5-math.cos((q.anim_time+0.2)*90/2-160)*9", 0, 0]
        },
        "torso": {
          "position": ["math.cos((q.anim_time+0.5)*90)*0.25", "math.cos((q.anim_time+0.5)*90/2)*0.25", "-math.cos((q.anim_time+0.8)*90/2)*0.5"],
          "rotation": ["math.cos((q.anim_time+0.25)*90/2)*0.25", 0, 0]
        },
        "torso2": {
          "rotation": ["math.cos((q.anim_time+0.5)*90/2)*0.25", 0, 0]
        },
        "torso3": {
          "rotation": ["-math.cos((q.anim_time+0.25)*90/2)*0.5", 0, 0]
        }
      },
      "loop": true
    },
    "animation.arceus.battle_idle": {
      "bones": {
        "back_head": {
          "rotation": ["math.cos((q.anim_time+0.25)*90)*3", 0, 0]
        },
        "back_head2": {
          "rotation": ["10+math.cos((q.anim_time+0.25)*90-40)*5", 0, 0]
        },
        "back_head3": {
          "rotation": ["-12.5+math.cos((q.anim_time+0.25)*90-90)*19", 0, 0]
        },
        "back_head4": {
          "rotation": ["math.cos((q.anim_time+0.25)*90-150)*25", 0, 0]
        },
        "back_head5": {
          "rotation": ["math.cos((q.anim_time+0.25)*90-160)*25", 0, 0]
        },
        "back_leg_foot_back_left": {
          "rotation": [-7.5, 0, 0]
        },
        "back_leg_foot_back_right": {
          "rotation": [-7.5, 0, 0]
        },
        "back_leg_left": {
          "position": [0, "-0.1-math.cos((q.anim_time+0.9)*90/2)*0.025", "2+math.cos((q.anim_time+0.3)*90/2)*1.15"],
          "rotation": ["-7.5-math.cos((q.anim_time+0.35)*90/2)*1.65", 0, 0]
        },
        "back_leg_left2": {
          "rotation": ["5+math.cos((q.anim_time+0.2)*90/2)*0.45", 0, 0]
        },
        "back_leg_left3": {
          "rotation": ["2.5-math.cos((q.anim_time+0.2)*90/2)*0.9", 0, 0]
        },
        "back_leg_right": {
          "position": [0, "-0.1-math.cos((q.anim_time+0.9)*90/2)*0.025", "2+math.cos((q.anim_time+0.3)*90/2)*1.15"],
          "rotation": ["-7.5-math.cos((q.anim_time+0.35)*90/2)*1.65", 0, 0]
        },
        "back_leg_right2": {
          "rotation": ["5+math.cos((q.anim_time+0.2)*90/2)*0.45", 0, 0]
        },
        "back_leg_right3": {
          "rotation": ["2.5-math.cos((q.anim_time+0.2)*90/2)*0.9", 0, 0]
        },
        "front_leg_foot_back_left": {
          "rotation": [-10, 0, 0]
        },
        "front_leg_foot_back_right": {
          "rotation": [-10, 0, 0]
        },
        "front_leg_left": {
          "position": [0, "-0.95+math.cos((q.anim_time+0.6)*90)*0.55", 0],
          "rotation": ["20.899180601+math.cos((q.anim_time+0.7)*90)*0.8", -4.29895, 15.36648]
        },
        "front_leg_left2": {
          "position": [0, "-math.cos((q.anim_time+0.08)*90)*0.15", 0],
          "rotation": ["10-math.cos((q.anim_time+0.75)*90)*2.75", 0, 0]
        },
        "front_leg_left3": {
          "position": [0, 1, 0],
          "rotation": ["math.cos((q.anim_time+0.85)*90)*2.15", 0, 0]
        },
        "front_leg_right": {
          "position": [0, "-0.95+math.cos((q.anim_time+0.6)*90)*0.55", 0],
          "rotation": ["20.899180601+math.cos((q.anim_time+0.7)*90)*0.8", 4.29895, -15.36648]
        },
        "front_leg_right2": {
          "position": [0, "-math.cos((q.anim_time+0.08)*90)*0.15", 0],
          "rotation": ["10-math.cos((q.anim_time+0.75)*90)*2.75", 0, 0]
        },
        "front_leg_right3": {
          "position": [0, 1, 0],
          "rotation": ["math.cos((q.anim_time+0.85)*90)*2.15", 0, 0]
        },
        "head": {
          "rotation": ["+math.cos((q.anim_time+0.25)*90)*1.5", 0, 0]
        },
        "neck": {
          "rotation": ["10+math.cos((q.anim_time+0.25)*90)*0.1", 0, 0]
        },
        "neck2": {
          "rotation": ["-7.5-math.cos((q.anim_time+0.25)*90)*0.15", 0, 0]
        },
        "tail": {
          "rotation": ["5+math.cos((q.anim_time+0.8)*90*3/2-40)*3", "math.cos((q.anim_time+0.3)*90*3/2-40)*2", 0]
        },
        "tail2": {
          "rotation": ["27.5+math.cos((q.anim_time+0.8)*90*3/2-80)*3", "math.cos((q.anim_time+0.3)*90*3/2-80)*1.5", 0]
        },
        "tail3": {
          "rotation": ["-27.5+math.cos((q.anim_time+0.8)*90*3/2-120)*3", "math.cos((q.anim_time+0.3)*90*3/2-120)*1", 0]
        },
        "tail4": {
          "rotation": ["-20+math.cos((q.anim_time+0.8)*90*3/2-120)*10", "math.cos((q.anim_time+0.3)*90*3/2-160)*0.5", 0]
        },
        "torso": {
          "position": [0, "math.cos((q.anim_time+0.25)*90*2)*0.05", "2+math.cos((q.anim_time+0.25)*90/2)*0.5"],
          "rotation": ["math.cos((q.anim_time+0.5)*90)*0.2", 0, 0]
        },
        "torso2": {
          "position": [0, 0, 0],
          "rotation": ["-5-math.cos((q.anim_time+0.8)*90)*0.8", 0, 0]
        }
      },
      "loop": true
    },
    "animation.arceus.blink": {
      "animation_length": 0.1667,
      "bones": {
        "eyelid_left": {
          "position": {
            "0.0": [0, 0, -0.25],
            "0.125": [0.1, 0.1, 0],
            "0.1667": {
              "post": [0, 0, 0],
              "pre": [0.1, 0.1, 0]
            }
          }
        },
        "eyelid_right": {
          "position": {
            "0.0": [0, 0, -0.25],
            "0.125": [-0.1, 0.1, 0],
            "0.1667": {
              "post": [0, 0, 0],
              "pre": [-0.1, 0.1, 0]
            }
          }
        }
      }
    },
    "animation.arceus.cry": {
      "animation_length": 2.25,
      "bones": {
        "eyelid_left": {
          "position": {
            "0.0": [0, 0, 0],
            "0.0417": {
              "post": [0, 0, -0.2],
              "pre": [0, 0, 0]
            },
            "0.4167": {
              "post": [0, 0, 0],
              "pre": [0, 0, -0.2]
            }
          }
        },
        "eyelid_right": {
          "position": {
            "0.0": [0, 0, 0],
            "0.0417": {
              "post": [0, 0, -0.2],
              "pre": [0, 0, 0]
            },
            "0.4167": {
              "post": [0, 0, 0],
              "pre": [0, 0, -0.2]
            }
          }
        },
        "front_leg_foot_back_right": {
          "rotation": {
            "0.0": [0, 0, 0],
            "0.4167": [-18, 0, 0],
            "0.5": [0, 0, 0]
          }
        },
        "front_leg_right": {
          "position": {
            "0.0": {
              "lerp_mode": "catmullrom",
              "post": [0, 0, 0]
            },
            "0.4583": {
              "lerp_mode": "catmullrom",
              "post": [0, 3, 0]
            },
            "0.5417": [0, 0, 0],
            "0.875": [0, 0, 0]
          },
          "rotation": {
            "0.0": {
              "lerp_mode": "catmullrom",
              "post": [0, 0, 0]
            },
            "0.4167": {
              "lerp_mode": "catmullrom",
              "post": [-7.5, 0, 0]
            },
            "0.5": [0, 0, 0],
            "0.875": [0, 0, 0]
          }
        },
        "front_leg_right2": {
          "rotation": {
            "0.0": {
              "lerp_mode": "catmullrom",
              "post": [0, 0, 0]
            },
            "0.4167": {
              "lerp_mode": "catmullrom",
              "post": [30, 0, 0]
            },
            "0.5": [0, 0, 0],
            "0.875": [0, 0, 0]
          }
        },
        "front_leg_right3": {
          "rotation": {
            "0.0": {
              "lerp_mode": "catmullrom",
              "post": [0, 0, 0]
            },
            "0.4167": {
              "lerp_mode": "catmullrom",
              "post": [-22.5, 0, 0]
            },
            "0.5": [0, 0, 0],
            "0.875": [0, 0, 0]
          }
        },
        "head": {
          "rotation": {
            "0.0": {
              "lerp_mode": "catmullrom",
              "post": [0, 0, 0]
            },
            "0.3333": {
              "lerp_mode": "catmullrom",
              "post": [-2.5, 0, 0]
            },
            "0.5833": {
              "lerp_mode": "catmullrom",
              "post": [-19.37, 0, 0]
            },
            "1.375": {
              "lerp_mode": "catmullrom",
              "post": [-25, 0, 0]
            },
            "2.0": {
              "lerp_mode": "catmullrom",
              "post": [0, 0, 0]
            },
            "2.25": {
              "lerp_mode": "catmullrom",
              "post": [0, 0, 0]
            }
          }
        },
        "neck": {
          "rotation": {
            "0.0": {
              "lerp_mode": "catmullrom",
              "post": [0, 0, 0]
            },
            "0.25": {
              "lerp_mode": "catmullrom",
              "post": [-2.5, 0, 0]
            },
            "0.5": {
              "lerp_mode": "catmullrom",
              "post": [7.5, 0, 0]
            },
            "1.2917": {
              "lerp_mode": "catmullrom",
              "post": [15, 0, 0]
            },
            "1.75": {
              "lerp_mode": "catmullrom",
              "post": [0, 0, 0]
            },
            "2.25": {
              "lerp_mode": "catmullrom",
              "post": [0, 0, 0]
            }
          }
        },
        "neck2": {
          "rotation": {
            "0.0": {
              "lerp_mode": "catmullrom",
              "post": [0, 0, 0]
            },
            "0.2917": {
              "lerp_mode": "catmullrom",
              "post": [7.5, 0, 0]
            },
            "0.5417": {
              "lerp_mode": "catmullrom",
              "post": [0, 0, 0]
            },
            "1.3333": {
              "lerp_mode": "catmullrom",
              "post": [-7.5, 0, 0]
            },
            "1.75": {
              "lerp_mode": "catmullrom",
              "post": [0, 0, 0]
            },
            "2.25": {
              "lerp_mode": "catmullrom",
              "post": [0, 0, 0]
            }
          }
        },
        "torso": {
          "rotation": {
            "0.0": {
              "lerp_mode": "catmullrom",
              "post": [0, 0, 0]
            },
            "0.25": {
              "lerp_mode": "catmullrom",
              "post": [-2.5, 0, 0]
            },
            "0.5417": {
              "lerp_mode": "catmullrom",
              "post": [2.5, 0, 0]
            },
            "1.75": {
              "lerp_mode": "catmullrom",
              "post": [0, 0, 0]
            },
            "2.25": {
              "lerp_mode": "catmullrom",
              "post": [0, 0, 0]
            }
          }
        },
        "torso3": {
          "rotation": {
            "0.0": {
              "lerp_mode": "catmullrom",
              "post": [0, 0, 0]
            },
            "0.2917": {
              "lerp_mode": "catmullrom",
              "post": [-3.5, 0, 0]
            },
            "0.625": {
              "lerp_mode": "catmullrom",
              "post": [-5, 0, 0]
            },
            "1.75": {
              "lerp_mode": "catmullrom",
              "post": [0, 0, 0]
            },
            "2.25": {
              "lerp_mode": "catmullrom",
              "post": [0, 0, 0]
            }
          }
        }
      },
      "sound_effects": {
        "0.125": {
          "effect": "pokemon.arceus.cry"
        }
      }
    },
    "animation.arceus.ground_idle": {
      "bones": {
        "back_head": {
          "rotation": ["7.5+math.cos((q.anim_time+0.25)*90/2-30)*2.5", 0, 0]
        },
        "back_head2": {
          "rotation": ["-12.5+math.cos((q.anim_time+0.25)*90/2-60)*1", 0, 0]
        },
        "back_head3": {
          "rotation": ["22.5+math.cos((q.anim_time+0.25)*90/2-90)*1", 0, 0]
        },
        "back_head4": {
          "rotation": ["-12.5+math.cos((q.anim_time+0.25)*90/2-120)*5", 0, 0]
        },
        "back_head5": {
          "rotation": ["-20+math.cos((q.anim_time+0.25)*90/2-150)*8", 0, 0]
        },
        "back_leg_left": {
          "position": ["math.cos((q.anim_time+0.5)*90)*0.25", "-0.15+math.cos((q.anim_time+0.1)*90/2)*0.02", "-math.cos((q.anim_time+0.8)*90/2)*0.5"],
          "rotation": ["-10+math.cos((q.anim_time+0.5)*90/2)*1.1", 0, "+math.cos((q.anim_time+0.5)*90)*0.35"]
        },
        "back_leg_left2": {
          "rotation": ["7.5-math.cos((q.anim_time+0.3)*90/2)*0.8", 0, 0]
        },
        "back_leg_left3": {
          "rotation": [2.5, 0, 0]
        },
        "back_leg_right": {
          "position": ["math.cos((q.anim_time+0.5)*90)*0.25", -1.1, "-math.cos((q.anim_time+0.8)*90/2)*0.5"],
          "rotation": ["7.5+math.cos((q.anim_time+0.8)*90/2)*1", 0, "math.cos((q.anim_time+0.55)*90)*0.4"]
        },
        "back_leg_right2": {
          "rotation": ["-5-math.cos((q.anim_time+0.8)*90/2)*0.85", 0, 0]
        },
        "back_leg_right3": {
          "rotation": ["5+math.cos((q.anim_time+0.8)*90/2)*0.5", 0, 0]
        },
        "front_leg_left": {
          "position": ["math.cos((q.anim_time+0.4)*90)*0.14", "0.3+math.cos((q.anim_time+0.7)*90/2)*0.05", "-math.cos((q.anim_time+0.5)*90/2)*0.5"],
          "rotation": ["20+math.cos((q.anim_time+0.7)*90/2)*1.17", 0, "20+math.cos((q.anim_time+0.7)*90)*0.17"]
        },
        "front_leg_left2": {
          "rotation": ["7.5-math.cos((q.anim_time+0.8)*90/2)*0.8", 0, 0]
        },
        "front_leg_right": {
          "position": ["math.cos((q.anim_time+0.5)*90)*0.25", "2.1+math.cos((q.anim_time+0.2)*90/2)*0.025", "-math.cos((q.anim_time+0.8)*90/2)*0.5"],
          "rotation": ["-7.5+math.cos((q.anim_time+0.1)*90/2)*0.05", 0, "-22.5+math.cos((q.anim_time+0.5)*90)*0.3"]
        },
        "front_leg_right2": {
          "rotation": ["-2.5+math.cos((q.anim_time+0.8)*90/2)*0.8", 0, 0]
        },
        "front_leg_right3": {
          "rotation": [42.5, 0, 0]
        },
        "head": {
          "rotation": ["-10+math.cos((q.anim_time+0.5)*90/2)*1", 0, 0]
        },
        "neck": {
          "rotation": ["7.5+math.cos((q.anim_time+0.25)*90/2)*0.5", 0, 0]
        },
        "neck2": {
          "rotation": ["-math.cos((q.anim_time+0.25)*90/2)*0.75", 0, 0]
        },
        "tail": {
          "rotation": ["12.5-math.cos((q.anim_time+0.2)*90/2-40)*2", 0, 0]
        },
        "tail2": {
          "rotation": ["-22.5-math.cos((q.anim_time+0.2)*90/2-80)*3", 0, 0]
        },
        "tail3": {
          "rotation": ["30-math.cos((q.anim_time+0.2)*90/2-120)*3.5", 0, 0]
        },
        "tail4": {
          "rotation": ["-27.5-math.cos((q.anim_time+0.2)*90/2-160)*9", 0, 0]
        },
        "torso": {
          "position": ["math.cos((q.anim_time+0.5)*90)*0.25", "math.cos((q.anim_time+0.5)*90/2)*0.25", "-math.cos((q.anim_time+0.8)*90/2)*0.5"],
          "rotation": ["math.cos((q.anim_time+0.25)*90/2)*0.25", 0, 0]
        },
        "torso2": {
          "rotation": ["math.cos((q.anim_time+0.5)*90/2)*0.25", 0, 0]
        },
        "torso3": {
          "rotation": ["-math.cos((q.anim_time+0.25)*90/2)*0.5", 0, 0]
        }
      },
      "loop": true
    },
    "animation.arceus.ground_walk": {
      "animation_length": 1.5,
      "bones": {
        "back_head": {
          "rotation": ["7.5+math.cos((q.anim_time+0.25)*90*5.35/2-30)*2.5", "math.cos((q.anim_time+1)*90*5.35/2)*2", 0]
        },
        "back_head2": {
          "rotation": ["-12.5+math.cos((q.anim_time+0.25)*90*5.35/2-60)*2", "math.cos((q.anim_time+1)*90*5.35/2-50)*2", 0]
        },
        "back_head3": {
          "rotation": ["22.5+math.cos((q.anim_time+0.25)*90*5.35/2-90)*2", "math.cos((q.anim_time+1)*90*5.35/2-100)*3", 0]
        },
        "back_head4": {
          "rotation": ["-12.5+math.cos((q.anim_time+0.25)*90*5.35/2-120)*8", "math.cos((q.anim_time+1)*90*5.35/2-150)*4", 0]
        },
        "back_head5": {
          "rotation": ["-20+math.cos((q.anim_time+0.25)*90*5.35/2-150)*10", "math.cos((q.anim_time+1)*90*5.35/2-200)*5", 0]
        },
        "back_leg_foot_back_left": {
          "rotation": {
            "0.0": [0, 0, 0],
            "0.5417": [-17.5, 0, 0],
            "1.5": [0, 0, 0]
          }
        },
        "back_leg_foot_back_right": {
          "rotation": {
            "0.0": [-13.7, 0, 0],
            "0.75": [0, 0, 0],
            "1.2917": [-17.5, 0, 0],
            "1.5": [-13.7, 0, 0]
          }
        },
        "back_leg_left": {
          "position": {
            "0.0": [0, 2.44, 0],
            "0.5": {
              "lerp_mode": "catmullrom",
              "post": [0, 4, 0],
              "pre": [0, 4, 0]
            },
            "1.0417": {
              "lerp_mode": "catmullrom",
              "post": [0, 0.6, 0]
            },
            "1.1667": {
              "lerp_mode": "catmullrom",
              "post": [0, 2.47, 0]
            },
            "1.3333": [0, 2.84, 0],
            "1.5": {
              "lerp_mode": "catmullrom",
              "post": [0, 2.44, 0],
              "pre": [0, 2.44, 0]
            }
          },
          "rotation": {
            "0.0": [11.89, 0, 0],
            "0.1667": [9.81, 0, 0],
            "0.4167": {
              "lerp_mode": "catmullrom",
              "post": [-11.85, 0, 0],
              "pre": [-11.85, 0, 0]
            },
            "0.7917": [-18.74, 0, 0],
            "1.0": [-20, 0, 0],
            "1.3333": {
              "lerp_mode": "catmullrom",
              "post": [-2.88, 0, 0],
              "pre": [-2.88, 0, 0]
            },
            "1.5": {
              "lerp_mode": "catmullrom",
              "post": [11.89, 0, 0]
            }
          }
        },
        "back_leg_left2": {
          "rotation": {
            "0.0": [-22.82, 0, 0],
            "0.1667": [-17.35, 0, 0],
            "0.4167": {
              "lerp_mode": "catmullrom",
              "post": [27.78, 0, 0],
              "pre": [27.78, 0, 0]
            },
            "0.7917": {
              "lerp_mode": "catmullrom",
              "post": [20.15, 0, 0]
            },
            "1.0": [0, 0, 0],
            "1.0833": [0.3, 0, 0],
            "1.1667": [-5, 0, 0],
            "1.3333": [-9.69, 0, 0],
            "1.5": {
              "lerp_mode": "catmullrom",
              "post": [-22.82, 0, 0],
              "pre": [-22.82, 0, 0]
            }
          }
        },
        "back_leg_left3": {
          "rotation": {
            "0.0": [13.73, 0, 0],
            "0.1667": [24.93, 0, 0],
            "0.4167": {
              "lerp_mode": "catmullrom",
              "post": [-0.83, 0, 0],
              "pre": [-0.83, 0, 0]
            },
            "0.7917": [-14.81, 0, 0],
            "1.0": [-17.5, 0, 0],
            "1.0833": [-12.1, 0, 0],
            "1.1667": [-2.9, 0, 0],
            "1.3333": [6.5, 0, 0],
            "1.5": {
              "lerp_mode": "catmullrom",
              "post": [13.73, 0, 0],
              "pre": [13.73, 0, 0]
            }
          }
        },
        "back_leg_right": {
          "position": {
            "0.0": {
              "lerp_mode": "catmullrom",
              "post": [0, 2.46, 0]
            },
            "0.2917": {
              "lerp_mode": "catmullrom",
              "post": [0, 0.6, 0]
            },
            "0.4167": {
              "lerp_mode": "catmullrom",
              "post": [0, 2.47, 0]
            },
            "0.5833": [0, 2.84, 0],
            "0.75": [0, 2.44, 0],
            "1.25": {
              "lerp_mode": "catmullrom",
              "post": [0, 4, 0],
              "pre": [0, 4, 0]
            },
            "1.5": {
              "lerp_mode": "catmullrom",
              "post": [0, 2.46, 0]
            }
          },
          "rotation": {
            "0.0": [-18.3, 0, 0],
            "0.25": {
              "lerp_mode": "catmullrom",
              "post": [-20, 0, 0],
              "pre": [-20, 0, 0]
            },
            "0.5833": [-2.88, 0, 0],
            "0.75": [11.89, 0, 0],
            "0.9167": [9.81, 0, 0],
            "1.1667": {
              "lerp_mode": "catmullrom",
              "post": [-11.85, 0, 0],
              "pre": [-11.85, 0, 0]
            },
            "1.5": [-18.3, 0, 0]
          }
        },
        "back_leg_right2": {
          "rotation": {
            "0.0": [21.84, 0, 0],
            "0.25": {
              "lerp_mode": "catmullrom",
              "post": [0, 0, 0],
              "pre": [0, 0, 0]
            },
            "0.3333": [0.3, 0, 0],
            "0.4167": [-5, 0, 0],
            "0.5833": [-9.69, 0, 0],
            "0.75": [-22.82, 0, 0],
            "0.9167": [-17.35, 0, 0],
            "1.1667": {
              "lerp_mode": "catmullrom",
              "post": [27.78, 0, 0],
              "pre": [27.78, 0, 0]
            },
            "1.5": {
              "lerp_mode": "catmullrom",
              "post": [21.84, 0, 0]
            }
          }
        },
        "back_leg_right3": {
          "rotation": {
            "0.0": [-13.82, 0, 0],
            "0.25": {
              "lerp_mode": "catmullrom",
              "post": [-17.5, 0, 0],
              "pre": [-17.5, 0, 0]
            },
            "0.3333": [-12.1, 0, 0],
            "0.4167": [-2.9, 0, 0],
            "0.5833": [6.5, 0, 0],
            "0.75": [13.73, 0, 0],
            "0.9167": [24.93, 0, 0],
            "1.1667": {
              "lerp_mode": "catmullrom",
              "post": [-0.83, 0, 0],
              "pre": [-0.83, 0, 0]
            },
            "1.5": [-13.82, 0, 0]
          }
        },
        "front_leg_left": {
          "position": {
            "0.0": [0, 0.8, 0],
            "0.0833": [0, 2.1, 0],
            "0.1667": [0, 3.05, 0],
            "0.2917": [0, 3.55, 0],
            "0.4167": [0, 3.6, 0],
            "0.5": [0, 3.35, 0],
            "0.5833": [0, 2.6, 0],
            "0.875": {
              "lerp_mode": "catmullrom",
              "post": [0, 2.86, 0],
              "pre": [0, 2.86, 0]
            },
            "1.125": {
              "lerp_mode": "catmullrom",
              "post": [0, 3.78, 0]
            },
            "1.5": {
              "lerp_mode": "catmullrom",
              "post": [0, 1, 0]
            }
          },
          "rotation": {
            "0.0": [-2.21383, 9.08092, 14.38613],
            "0.1667": [2.44, 8.9, 14.72],
            "0.2917": [5.9, 8.57, 14.8],
            "0.4167": [10.8, 8.1, 14.74],
            "0.75": {
              "lerp_mode": "catmullrom",
              "post": [21.6, 6.78, 14.27],
              "pre": [21.6, 6.78, 14.27]
            },
            "0.9583": {
              "lerp_mode": "catmullrom",
              "post": [-4.80168, 8.05742, 12.09813]
            },
            "1.125": {
              "lerp_mode": "catmullrom",
              "post": [-12.18, 7.65, 10.94]
            },
            "1.3333": {
              "lerp_mode": "catmullrom",
              "post": [-17.30104, 8.50098, 11.7827]
            },
            "1.5": {
              "lerp_mode": "catmullrom",
              "post": [-2.21383, 9.08092, 14.38613]
            }
          }
        },
        "front_leg_left2": {
          "rotation": {
            "0.0": [-7.5, 0, 0],
            "0.1667": [-4.68, 0, 0],
            "0.2917": [-2.01, 0, 0],
            "0.4167": [-0.5, 0, 0],
            "0.75": [7.84, 0, 0],
            "0.9583": {
              "lerp_mode": "catmullrom",
              "post": [42.5, 0, 0],
              "pre": [42.5, 0, 0]
            },
            "1.3333": [12.5, 0, 0],
            "1.5": {
              "lerp_mode": "catmullrom",
              "post": [-7.5, 0, 0],
              "pre": [-7.5, 0, 0]
            }
          }
        },
        "front_leg_left3": {
          "rotation": {
            "0.0": [17.5, 0, 0],
            "0.1667": [26.55, 0, 0],
            "0.2917": [31.46, 0, 0],
            "0.4167": [34, 0, 0],
            "0.5": [34.2, 0, 0],
            "0.5833": [31.5, 0, 0],
            "0.8333": {
              "lerp_mode": "catmullrom",
              "post": [40, 0, 0],
              "pre": [40, 0, 0]
            },
            "1.125": {
              "lerp_mode": "catmullrom",
              "post": [6.25, 0, 0]
            },
            "1.5": {
              "lerp_mode": "catmullrom",
              "post": [17.5, 0, 0]
            }
          }
        },
        "front_leg_right": {
          "position": {
            "0.0": {
              "lerp_mode": "catmullrom",
              "post": [0, 2.65, 0]
            },
            "0.125": {
              "lerp_mode": "catmullrom",
              "post": [0, 2.86, 0]
            },
            "0.375": {
              "lerp_mode": "catmullrom",
              "post": [0, 3.78, 0]
            },
            "0.75": [0, 0.8, 0],
            "0.8333": [0, 2.1, 0],
            "0.9167": [0, 3.05, 0],
            "1.0417": [0, 3.55, 0],
            "1.1667": [0, 3.6, 0],
            "1.25": [0, 3.15, 0],
            "1.3333": [0, 2.6, 0],
            "1.5": {
              "lerp_mode": "catmullrom",
              "post": [0, 2.65, 0],
              "pre": [0, 2.65, 0]
            }
          },
          "rotation": {
            "0.0": {
              "lerp_mode": "catmullrom",
              "post": [21.6, -6.78, -14.27]
            },
            "0.2083": {
              "lerp_mode": "catmullrom",
              "post": [-4.80168, -8.05742, -12.09813]
            },
            "0.375": {
              "lerp_mode": "catmullrom",
              "post": [-12.18, -7.65, -10.94]
            },
            "0.5833": {
              "lerp_mode": "catmullrom",
              "post": [-17.30104, -8.50098, -11.7827]
            },
            "0.75": [-2.21383, -9.08092, -14.38613],
            "0.9167": [2.44, -8.9, -14.72],
            "1.0417": [5.9, -8.57, -14.8],
            "1.1667": [10.8, -8.1, -14.74],
            "1.5": {
              "lerp_mode": "catmullrom",
              "post": [21.6, -6.78, -14.27],
              "pre": [21.6, -6.78, -14.27]
            }
          }
        },
        "front_leg_right2": {
          "rotation": {
            "0.0": [7.84, 0, 0],
            "0.2083": {
              "lerp_mode": "catmullrom",
              "post": [42.5, 0, 0],
              "pre": [42.5, 0, 0]
            },
            "0.5833": [12.5, 0, 0],
            "0.75": [-7.5, 0, 0],
            "0.9167": [-4.68, 0, 0],
            "1.0417": [-2.01, 0, 0],
            "1.1667": [-0.5, 0, 0],
            "1.3333": [6.17, 0, 0],
            "1.5": [7.84, 0, 0]
          }
        },
        "front_leg_right3": {
          "rotation": {
            "0.0": {
              "lerp_mode": "catmullrom",
              "post": [39.88, 0, 0]
            },
            "0.0833": {
              "lerp_mode": "catmullrom",
              "post": [40, 0, 0]
            },
            "0.375": {
              "lerp_mode": "catmullrom",
              "post": [6.25, 0, 0]
            },
            "0.75": [17.5, 0, 0],
            "0.9167": [26.55, 0, 0],
            "1.0417": [31.46, 0, 0],
            "1.1667": [34, 0, 0],
            "1.25": [33.8, 0, 0],
            "1.3333": [32, 0, 0],
            "1.5": {
              "lerp_mode": "catmullrom",
              "post": [39.88, 0, 0],
              "pre": [39.88, 0, 0]
            }
          }
        },
        "head": {
          "rotation": ["-7.5-math.cos((q.anim_time+3.1)*90*5.35-40)*1.5", 0, 0]
        },
        "neck": {
          "rotation": ["10+math.cos((q.anim_time+3.1)*90*5.35-40)*0.5", 0, "-math.cos((q.anim_time+1.6)*90*5.35/2)*2.5"]
        },
        "neck2": {
          "rotation": ["-5+math.cos((q.anim_time+3.1)*90*5.35-80)*1", 0, 0]
        },
        "tail": {
          "rotation": ["math.cos((q.anim_time+0.8)*90*5.35/2-40)*3", "-math.cos((q.anim_time+0.3)*90*5.35/2-40)*2", 0]
        },
        "tail2": {
          "rotation": ["27.5+math.cos((q.anim_time+0.8)*90*5.35/2-80)*3", "-math.cos((q.anim_time+0.3)*90*5.35/2-80)*1.5", 0]
        },
        "tail3": {
          "rotation": ["-27.5+math.cos((q.anim_time+0.8)*90*5.35/2-120)*3", "-math.cos((q.anim_time+0.3)*90*5.35/2-120)*1", 0]
        },
        "tail4": {
          "rotation": ["-20+math.cos((q.anim_time+0.8)*90*5.35/2-120)*8", "-math.cos((q.anim_time+0.3)*90*5.35/2-160)*0.5", 0]
        },
        "torso": {
          "position": ["-math.cos((q.anim_time+0.9)*90*5.35/2)*1", "math.cos((q.anim_time+0.9)*90*5.35)*0.85", "-math.cos((q.anim_time+0.3)*90*5.35)*0.5"],
          "rotation": ["math.cos((q.anim_time+0.3)*90*5.35)*1", "-math.cos((q.anim_time+1)*90*5.35/2)*2", "math.cos((q.anim_time+0.3)*90*5.35/2)*2.5"]
        },
        "torso2": {
          "rotation": ["math.cos((q.anim_time+3.1)*90*5.35)*1", 0, 0]
        },
        "torso3": {
          "rotation": [0, 0, "math.cos((q.anim_time+1.4)*90*5.35/2)*2.5"]
        }
      },
      "loop": true
    },
    "animation.arceus.quirk_battle_idle": {
      "animation_length": 3,
      "bones": {
        "back_head": {
          "rotation": {
            "0.0": {
              "lerp_mode": "catmullrom",
              "post": [0, 0, 0]
            },
            "0.375": {
              "lerp_mode": "catmullrom",
              "post": [-10.62, 0, 0]
            },
            "1.0": {
              "lerp_mode": "catmullrom",
              "post": [19.81, 0, 0]
            },
            "2.0": {
              "lerp_mode": "catmullrom",
              "post": [10, 0, 0]
            },
            "3.0": {
              "lerp_mode": "catmullrom",
              "post": [0, 0, 0]
            }
          }
        },
        "back_head2": {
          "rotation": {
            "0.0": {
              "lerp_mode": "catmullrom",
              "post": [10, 0, 0]
            },
            "0.4583": {
              "lerp_mode": "catmullrom",
              "post": [-11.93, 0, 0]
            },
            "1.125": {
              "lerp_mode": "catmullrom",
              "post": [-13.87, 0, 0]
            },
            "2.0833": {
              "lerp_mode": "catmullrom",
              "post": [12.5, 0, 0]
            },
            "3.0": {
              "lerp_mode": "catmullrom",
              "post": [10, 0, 0]
            }
          }
        },
        "back_head3": {
          "rotation": {
            "0.0": {
              "lerp_mode": "catmullrom",
              "post": [-12.5, 0, 0]
            },
            "0.5833": {
              "lerp_mode": "catmullrom",
              "post": [-31.25, 0, 0]
            },
            "1.25": {
              "lerp_mode": "catmullrom",
              "post": [36.69, 0, 0]
            },
            "2.1667": {
              "lerp_mode": "catmullrom",
              "post": [17.5, 0, 0]
            },
            "3.0": {
              "lerp_mode": "catmullrom",
              "post": [-12.5, 0, 0]
            }
          }
        },
        "back_head4": {
          "rotation": {
            "0.0": {
              "lerp_mode": "catmullrom",
              "post": [0, 0, 0]
            },
            "0.7083": {
              "lerp_mode": "catmullrom",
              "post": [15.42, 0, 0]
            },
            "1.4167": {
              "lerp_mode": "catmullrom",
              "post": [-37.71, 0, 0]
            },
            "2.2917": {
              "lerp_mode": "catmullrom",
              "post": [-20, 0, 0]
            },
            "3.0": {
              "lerp_mode": "catmullrom",
              "post": [0, 0, 0]
            }
          }
        },
        "back_head5": {
          "rotation": {
            "0.0": {
              "lerp_mode": "catmullrom",
              "post": [0, 0, 0]
            },
            "0.8333": {
              "lerp_mode": "catmullrom",
              "post": [-33.33, 0, 0]
            },
            "1.2917": {
              "lerp_mode": "catmullrom",
              "post": [13.58, 0, 0]
            },
            "2.0": {
              "lerp_mode": "catmullrom",
              "post": [-50, 0, 0]
            },
            "3.0": {
              "lerp_mode": "catmullrom",
              "post": [0, 0, 0]
            }
          }
        },
        "back_leg_foot_back_left": {
          "rotation": {
            "0.0": [-7.5, 0, 0],
            "3.0": [-7.5, 0, 0]
          }
        },
        "back_leg_foot_back_right": {
          "rotation": {
            "0.0": [-7.5, 0, 0],
            "3.0": [-7.5, 0, 0]
          }
        },
        "back_leg_left": {
          "position": {
            "0.0": [0, -0.1, 2],
            "0.125": [0, -0.1, 2],
            "0.4167": [0, 4, 2],
            "2.625": [0, 4, 2],
            "3.0": [0, -0.1, 2]
          },
          "rotation": {
            "0.0": [-7.5, 0, 0],
            "0.125": [-7.5, 0, 0],
            "0.4167": [-12.5, 0, 0],
            "2.625": [-12.5, 0, 0],
            "3.0": [-7.5, 0, 0]
          }
        },
        "back_leg_left2": {
          "rotation": {
            "0.0": [5, 0, 0],
            "0.125": [5, 0, 0],
            "0.25": {
              "lerp_mode": "catmullrom",
              "post": [4.5, 0, 0],
              "pre": [4.5, 0, 0]
            },
            "0.4167": [-7.5, 0, 0],
            "2.625": [-7.5, 0, 0],
            "2.7917": [3.65, 0, 0],
            "2.9167": [5, 0, 0]
          }
        },
        "back_leg_left3": {
          "rotation": {
            "0.0": [2.5, 0, 0],
            "0.125": [2.5, 0, 0],
            "0.25": {
              "lerp_mode": "catmullrom",
              "post": [-10, 0, 0],
              "pre": [-10, 0, 0]
            },
            "0.4167": [10.38, 0, 0],
            "2.625": [10.38, 0, 0],
            "2.7917": [-4.81, 0, 0],
            "2.9167": [2.5, 0, 0]
          }
        },
        "back_leg_right": {
          "position": {
            "0.0": [0, -0.1, 2],
            "3.0": [0, -0.1, 2]
          },
          "rotation": {
            "0.0": [-7.5, 0, 0],
            "3.0": [-7.5, 0, 0]
          }
        },
        "back_leg_right2": {
          "rotation": {
            "0.0": [5, 0, 0],
            "3.0": [5, 0, 0]
          }
        },
        "back_leg_right3": {
          "rotation": {
            "0.0": [2.5, 0, 0],
            "3.0": [2.5, 0, 0]
          }
        },
        "front_leg_foot_back_left": {
          "rotation": {
            "0.0": [-10, 0, 0],
            "0.25": [-21.56, 0, 0],
            "2.0": [-22.5, 0, 0],
            "2.4167": [-10, 0, 0],
            "3.0": [-10, 0, 0]
          }
        },
        "front_leg_foot_back_right": {
          "rotation": {
            "0.0": [-10, 0, 0],
            "0.25": [-21.56, 0, 0],
            "2.0": [-25, 0, 0],
            "2.4167": [-10, 0, 0],
            "3.0": [-10, 0, 0]
          }
        },
        "front_leg_left": {
          "position": {
            "0.0": [0, -0.95, 0],
            "0.2917": [0, -5.65, 0],
            "0.4583": [-0.4, 3.8, -0.16],
            "0.7083": {
              "lerp_mode": "catmullrom",
              "post": [-1, 13.15, 0],
              "pre": [-1, 13.15, 0]
            },
            "0.9167": {
              "lerp_mode": "catmullrom",
              "post": [2, 20.5, 3]
            },
            "1.125": {
              "lerp_mode": "catmullrom",
              "post": [3, 20.05, 6]
            },
            "1.75": {
              "lerp_mode": "catmullrom",
              "post": [1, 17.5, 5.5]
            },
            "2.375": [0, -0.95, 0],
            "3.0": [0, -0.95, 0]
          },
          "rotation": {
            "0.0": [20.89918, -4.29895, 15.36648],
            "0.2917": [16.96792, -4.34539, 15.53248],
            "0.4583": [29.27828, -4.51567, 14.5],
            "0.5833": {
              "lerp_mode": "catmullrom",
              "post": [4.496, -4.33602, 15.49898],
              "pre": [4.496, -4.33602, 15.49898]
            },
            "0.75": {
              "lerp_mode": "catmullrom",
              "post": [-103.58091, -1.92086, 12.34215]
            },
            "0.9583": {
              "lerp_mode": "catmullrom",
              "post": [-55.0431, 9.82929, 1.84263]
            },
            "1.3333": {
              "lerp_mode": "catmullrom",
              "post": [-68.86024, -0.36067, 1.2892]
            },
            "1.75": {
              "lerp_mode": "catmullrom",
              "post": [-73.46, -0.23, 0.82]
            },
            "2.0833": {
              "lerp_mode": "catmullrom",
              "post": [-68.86024, -0.36067, 1.2892]
            },
            "2.3333": [20.89918, -4.29895, 15.36648],
            "3.0": [20.89918, -4.29895, 15.36648]
          }
        },
        "front_leg_left2": {
          "position": {
            "0.0": [0, 0, 0],
            "1.0417": {
              "lerp_mode": "catmullrom",
              "post": [0, 0, 0.6],
              "pre": [0, 0, 0.6]
            },
            "3.0": [0, 0, 0]
          },
          "rotation": {
            "0.0": [10, 0, 0],
            "0.2917": [29.84, 0, 0],
            "0.4583": [-18.79, 0, 0],
            "0.6667": {
              "lerp_mode": "catmullrom",
              "post": [65, 0, 0],
              "pre": [65, 0, 0]
            },
            "0.875": {
              "lerp_mode": "catmullrom",
              "post": [2.12, 0, 0]
            },
            "1.0417": {
              "lerp_mode": "catmullrom",
              "post": [52.5, 0, 0]
            },
            "2.0417": {
              "lerp_mode": "catmullrom",
              "post": [61.91, 0, 0]
            },
            "2.4167": [10, 0, 0],
            "3.0": [10, 0, 0]
          }
        },
        "front_leg_left3": {
          "position": {
            "0.0": [0, 1, 0],
            "3.0": [0, 1, 0]
          },
          "rotation": {
            "0.0": [0, 0, 0],
            "0.2917": [-19, 0, 0],
            "0.4583": [23.3, 0, 0],
            "0.75": {
              "lerp_mode": "catmullrom",
              "post": [-22.5, 0, 0],
              "pre": [-22.5, 0, 0]
            },
            "1.0": {
              "lerp_mode": "catmullrom",
              "post": [47.7, 0, 0]
            },
            "1.75": {
              "lerp_mode": "catmullrom",
              "post": [35.23, 0, 0]
            },
            "2.5": [0, 0, 0],
            "3.0": [0, 0, 0]
          }
        },
        "front_leg_right": {
          "position": {
            "0.0": [0, -0.95, 0],
            "0.2917": [0, -5.65, 0],
            "0.4583": [0.4, 3.8, -0.16],
            "0.625": {
              "lerp_mode": "catmullrom",
              "post": [0, 8.15, 0],
              "pre": [0, 8.15, 0]
            },
            "0.7917": {
              "lerp_mode": "catmullrom",
              "post": [1, 17.5, 3]
            },
            "1.0417": {
              "lerp_mode": "catmullrom",
              "post": [1, 22.05, 6]
            },
            "1.75": {
              "lerp_mode": "catmullrom",
              "post": [0, 17.5, 3.5]
            },
            "2.125": [0, -0.95, 0],
            "2.25": [0, -0.95, 0],
            "3.0": [0, -0.95, 0]
          },
          "rotation": {
            "0.0": [20.89918, 4.29895, -15.36648],
            "0.2917": [16.96792, 4.34539, -15.53248],
            "0.4583": [29.27828, 4.51567, -14.5],
            "0.5833": [20.89918, 4.29895, -15.36648],
            "0.875": {
              "lerp_mode": "catmullrom",
              "post": [-103.58091, 1.92086, -12.34215],
              "pre": [-103.58091, 1.92086, -12.34215]
            },
            "1.1667": {
              "lerp_mode": "catmullrom",
              "post": [-54.93917, 2.4567, 0.46727]
            },
            "1.75": {
              "lerp_mode": "catmullrom",
              "post": [-42.78, 0.52, -1.86]
            },
            "2.0": {
              "lerp_mode": "catmullrom",
              "post": [-42.78, 0.52, -1.86]
            },
            "2.375": [20.89918, 4.29895, -15.36648],
            "3.0": [20.89918, 4.29895, -15.36648]
          }
        },
        "front_leg_right2": {
          "position": {
            "0.0": [0, 0, 0],
            "1.25": {
              "lerp_mode": "catmullrom",
              "post": [0, 0, 0.6],
              "pre": [0, 0, 0.6]
            },
            "3.0": [0, 0, 0]
          },
          "rotation": {
            "0.0": [10, 0, 0],
            "0.2917": [29.84, 0, 0],
            "0.4583": [-18.79, 0, 0],
            "0.7917": {
              "lerp_mode": "catmullrom",
              "post": [65, 0, 0],
              "pre": [65, 0, 0]
            },
            "1.0": {
              "lerp_mode": "catmullrom",
              "post": [2.12, 0, 0]
            },
            "1.25": {
              "lerp_mode": "catmullrom",
              "post": [52.5, 0, 0]
            },
            "1.4167": [65, 0, 0],
            "2.0833": {
              "lerp_mode": "catmullrom",
              "post": [54, 0, 0],
              "pre": [54, 0, 0]
            },
            "2.4167": [10, 0, 0],
            "3.0": [10, 0, 0]
          }
        },
        "front_leg_right3": {
          "position": {
            "0.0": [0, 1, 0],
            "3.0": [0, 1, 0]
          },
          "rotation": {
            "0.0": [0, 0, 0],
            "0.2917": [-19, 0, 0],
            "0.4583": [23.3, 0, 0],
            "0.875": {
              "lerp_mode": "catmullrom",
              "post": [-22.5, 0, 0],
              "pre": [-22.5, 0, 0]
            },
            "1.125": {
              "lerp_mode": "catmullrom",
              "post": [47.7, 0, 0]
            },
            "1.75": {
              "lerp_mode": "catmullrom",
              "post": [43.46, 0, 0]
            },
            "2.125": [17.94, 0, 0],
            "2.2917": [0, 0, 0],
            "3.0": [0, 0, 0]
          }
        },
        "head": {
          "rotation": {
            "0.0": [0, 0, 0],
            "1.5": {
              "lerp_mode": "catmullrom",
              "post": [15, 0, 0],
              "pre": [15, 0, 0]
            },
            "2.25": {
              "lerp_mode": "catmullrom",
              "post": [7.49, 0, 0]
            },
            "2.6667": {
              "lerp_mode": "catmullrom",
              "post": [-11.51, 0, 0]
            },
            "3.0": [0, 0, 0]
          }
        },
        "neck": {
          "rotation": {
            "0.0": [10, 0, 0],
            "0.5": {
              "lerp_mode": "catmullrom",
              "post": [11.20897, -0.31352, 1.48831],
              "pre": [11.20897, -0.31352, 1.48831]
            },
            "0.8333": {
              "lerp_mode": "catmullrom",
              "post": [11.96167, 1.25164, -4.84119]
            },
            "1.1667": {
              "lerp_mode": "catmullrom",
              "post": [12.5, 0, 0]
            },
            "2.2917": {
              "lerp_mode": "catmullrom",
              "post": [10.86, 0, 0]
            },
            "2.5": {
              "lerp_mode": "catmullrom",
              "post": [13.19, 0, 0]
            },
            "3.0": [10, 0, 0]
          }
        },
        "neck2": {
          "rotation": {
            "0.0": [-7.5, 0, 0],
            "1.375": {
              "lerp_mode": "catmullrom",
              "post": [12.01942, -0.65734, -2.60081],
              "pre": [12.01942, -0.65734, -2.60081]
            },
            "2.3333": {
              "lerp_mode": "catmullrom",
              "post": [0.36, -0.26, -1.05]
            },
            "2.5833": {
              "lerp_mode": "catmullrom",
              "post": [-1.212, -0.208, -0.84]
            },
            "3.0": [-7.5, 0, 0]
          }
        },
        "pupil_left": {
          "position": [0, -0.1, 0]
        },
        "pupil_right": {
          "position": [0, -0.1, 0]
        },
        "tail": {
          "rotation": {
            "0.0": [5, 0, 0],
            "2.0": [5, 0, 0],
            "3.0": [5, 0, 0]
          }
        },
        "tail2": {
          "rotation": {
            "0.0": [27.5, 0, 0],
            "2.0": [-12.5, 0, 0],
            "3.0": [27.5, 0, 0]
          }
        },
        "tail3": {
          "rotation": {
            "0.0": [-27.5, 0, 0],
            "2.0": [17.5, 0, 0],
            "3.0": [-27.5, 0, 0]
          }
        },
        "tail4": {
          "rotation": {
            "0.0": [-20, 0, 0],
            "2.0": [-20, 0, 0],
            "3.0": [-20, 0, 0]
          }
        },
        "torso": {
          "position": {
            "0.0": [0, 0, 2],
            "3.0": [0, 0, 2]
          },
          "rotation": {
            "0.0": {
              "lerp_mode": "catmullrom",
              "post": [0, 0, 0]
            },
            "0.3333": {
              "lerp_mode": "catmullrom",
              "post": [8.12237, 1.35344, -2.47491]
            },
            "0.7917": {
              "lerp_mode": "catmullrom",
              "post": [-28.979, 1.24254, 5.5835]
            },
            "1.625": {
              "lerp_mode": "catmullrom",
              "post": [-29.1, 0, 0]
            },
            "2.375": {
              "lerp_mode": "catmullrom",
              "post": [2.5, 0, 0]
            },
            "3.0": [0, 0, 0]
          }
        },
        "torso2": {
          "position": {
            "0.0": [0, 0, 0],
            "3.0": [0, 0, 0]
          },
          "rotation": {
            "0.0": [-5, 0, 0],
            "2.0": [-5, 0, 0],
            "3.0": [-5, 0, 0]
          }
        },
        "torso3": {
          "rotation": {
            "0.0": {
              "lerp_mode": "catmullrom",
              "post": [0, 0, 0]
            },
            "2.0": {
              "lerp_mode": "catmullrom",
              "post": [2.5, 0, 0]
            },
            "3.0": {
              "lerp_mode": "catmullrom",
              "post": [0, 0, 0]
            }
          }
        }
      }
    },
    "animation.arceus.recoil": {
      "animation_length": 1.5,
      "bones": {
        "back_head": {
          "rotation": {
            "0.0": {
              "lerp_mode": "catmullrom",
              "post": [0, 0, 0]
            },
            "0.1667": {
              "lerp_mode": "catmullrom",
              "post": [2.5, 0, 0]
            },
            "0.375": {
              "lerp_mode": "catmullrom",
              "post": [-2.5, 0, 0]
            },
            "0.7917": {
              "lerp_mode": "catmullrom",
              "post": [-17.5, 0, 0]
            },
            "1.375": {
              "lerp_mode": "catmullrom",
              "post": [0, 0, 0]
            },
            "1.5": {
              "lerp_mode": "catmullrom",
              "post": [0, 0, 0]
            }
          }
        },
        "back_head2": {
          "rotation": {
            "0.0": {
              "lerp_mode": "catmullrom",
              "post": [0, 0, 0]
            },
            "0.2083": {
              "lerp_mode": "catmullrom",
              "post": [7.5, 0, 0]
            },
            "0.8333": {
              "lerp_mode": "catmullrom",
              "post": [0, 0, 0]
            },
            "1.4167": {
              "lerp_mode": "catmullrom",
              "post": [0, 0, 0]
            }
          }
        },
        "back_head3": {
          "rotation": {
            "0.0": {
              "lerp_mode": "catmullrom",
              "post": [0, 0, 0]
            },
            "0.25": {
              "lerp_mode": "catmullrom",
              "post": [5, 0, 0]
            },
            "0.875": {
              "lerp_mode": "catmullrom",
              "post": [-10, 0, 0]
            },
            "1.4583": {
              "lerp_mode": "catmullrom",
              "post": [0, 0, 0]
            }
          }
        },
        "back_head4": {
          "rotation": {
            "0.0": {
              "lerp_mode": "catmullrom",
              "post": [0, 0, 0]
            },
            "0.2917": {
              "lerp_mode": "catmullrom",
              "post": [7.5, 0, 0]
            },
            "0.9167": {
              "lerp_mode": "catmullrom",
              "post": [-7.5, 0, 0]
            },
            "1.5": {
              "lerp_mode": "catmullrom",
              "post": [0, 0, 0]
            }
          }
        },
        "back_head5": {
          "rotation": {
            "0.0": {
              "lerp_mode": "catmullrom",
              "post": [0, 0, 0]
            },
            "0.3333": {
              "lerp_mode": "catmullrom",
              "post": [35, 0, 0]
            },
            "0.9583": {
              "lerp_mode": "catmullrom",
              "post": [-25, 0, 0]
            },
            "1.5": {
              "lerp_mode": "catmullrom",
              "post": [0, 0, 0]
            }
          }
        },
        "eye_left": {
          "position": [0, 0, 0]
        },
        "eye_right": {
          "position": [0, 0, 0]
        },
        "eyelid_left": {
          "position": {
            "0.0": [0, 0, 0],
            "0.0417": {
              "post": [0, 0, -0.2],
              "pre": [0, 0, 0]
            },
            "0.1667": {
              "post": [0, 0, -0.2],
              "pre": [0, 0, -0.2]
            },
            "0.2083": {
              "post": [0, 0, 0],
              "pre": [0, 0, -0.2]
            },
            "0.9583": {
              "post": [0, 0, -0.2],
              "pre": [0, 0, 0]
            },
            "1.25": {
              "post": [0, 0, 0],
              "pre": [0, 0, -0.2]
            }
          }
        },
        "eyelid_right": {
          "position": {
            "0.0": [0, 0, 0],
            "0.0417": {
              "post": [0, 0, -0.2],
              "pre": [0, 0, 0]
            },
            "0.1667": {
              "post": [0, 0, -0.2],
              "pre": [0, 0, -0.2]
            },
            "0.2083": {
              "post": [0, 0, 0],
              "pre": [0, 0, -0.2]
            },
            "0.9583": {
              "post": [0, 0, -0.2],
              "pre": [0, 0, 0]
            },
            "1.25": {
              "post": [0, 0, 0],
              "pre": [0, 0, -0.2]
            }
          }
        },
        "eyes": {
          "position": [0, 0, 0]
        },
        "head": {
          "rotation": {
            "0.0": {
              "lerp_mode": "catmullrom",
              "post": [0, 0, 0]
            },
            "0.125": {
              "lerp_mode": "catmullrom",
              "post": [5, 0, 0]
            },
            "0.4583": {
              "lerp_mode": "catmullrom",
              "post": [-7.5, 0, 0]
            },
            "1.0417": {
              "lerp_mode": "catmullrom",
              "post": [0, 0, 0]
            },
            "1.5": {
              "lerp_mode": "catmullrom",
              "post": [0, 0, 0]
            }
          }
        },
        "neck": {
          "rotation": {
            "0.0": {
              "lerp_mode": "catmullrom",
              "post": [0, 0, 0]
            },
            "0.0417": {
              "lerp_mode": "catmullrom",
              "post": [-5, 0, 0]
            },
            "0.375": {
              "lerp_mode": "catmullrom",
              "post": [-2.5, 0, 0]
            },
            "1.1667": {
              "lerp_mode": "catmullrom",
              "post": [0, 0, 0]
            },
            "1.5": {
              "lerp_mode": "catmullrom",
              "post": [0, 0, 0]
            }
          }
        },
        "neck2": {
          "rotation": {
            "0.0": {
              "lerp_mode": "catmullrom",
              "post": [0, 0, 0]
            },
            "0.0833": {
              "lerp_mode": "catmullrom",
              "post": [10, 0, 0]
            },
            "0.4167": {
              "lerp_mode": "catmullrom",
              "post": [-2.5, 0, 0]
            },
            "1.0833": {
              "lerp_mode": "catmullrom",
              "post": [0, 0, 0]
            },
            "1.5": {
              "lerp_mode": "catmullrom",
              "post": [0, 0, 0]
            }
          }
        },
        "pupil_left": {
          "position": {
            "0.0": [0, 0, 0],
            "0.2083": [-0.5, -0.75, 0],
            "0.625": [-0.5, -0.75, 0],
            "0.9167": [-0.5, -0.75, 0],
            "0.9583": {
              "post": [-0.71, -0.95, 1],
              "pre": [-0.5, -0.75, 0]
            },
            "1.0417": {
              "post": [0, 0, 0],
              "pre": [-0.71, -0.95, 1]
            },
            "1.5": {
              "post": [0, 0, 0],
              "pre": [0, 0, 0]
            }
          }
        },
        "pupil_right": {
          "position": {
            "0.0": [0, 0, 0],
            "0.2083": [0.5, -0.75, 0],
            "0.625": [0.5, -0.75, 0],
            "0.9167": [0.5, -0.75, 0],
            "0.9583": {
              "post": [0.71, -0.95, 1],
              "pre": [0.5, -0.75, 0]
            },
            "1.0417": {
              "post": [0, 0, 0],
              "pre": [0.71, -0.95, 1]
            },
            "1.5": {
              "post": [0, 0, 0],
              "pre": [0, 0, 0]
            }
          }
        },
        "torso": {
          "position": {
            "0.0": {
              "lerp_mode": "catmullrom",
              "post": [0, 0, 0]
            },
            "0.0417": {
              "lerp_mode": "catmullrom",
              "post": [0, 0, 0.25]
            },
            "0.5": {
              "lerp_mode": "catmullrom",
              "post": [0, 0, 0]
            },
            "1.5": {
              "lerp_mode": "catmullrom",
              "post": [0, 0, 0]
            }
          },
          "rotation": {
            "0.0": {
              "lerp_mode": "catmullrom",
              "post": [0, 0, 0]
            },
            "0.0833": {
              "lerp_mode": "catmullrom",
              "post": [-1.5, 0, 0]
            },
            "0.5417": {
              "lerp_mode": "catmullrom",
              "post": [0, 0, 0]
            },
            "1.5": {
              "lerp_mode": "catmullrom",
              "post": [0, 0, 0]
            }
          }
        },
        "torso3": {
          "rotation": {
            "0.0": {
              "lerp_mode": "catmullrom",
              "post": [0, 0, 0]
            },
            "0.0417": {
              "lerp_mode": "catmullrom",
              "post": [-1, 0, 0]
            },
            "0.3333": {
              "lerp_mode": "catmullrom",
              "post": [2.5, 0, 0]
            },
            "1.125": {
              "lerp_mode": "catmullrom",
              "post": [0, 0, 0]
            },
            "1.5": {
              "lerp_mode": "catmullrom",
              "post": [0, 0, 0]
            }
          }
        }
      }
    }
  },
  "format_version": "1.8.0"
}