{
	"format_version": "1.12.0",
	"minecraft:geometry": [
		{
			"description": {
				"identifier": "geometry.houndoom_male",
				"texture_width": 128,
				"texture_height": 128,
				"visible_bounds_width": 7,
				"visible_bounds_height": 5.5,
				"visible_bounds_offset": [0, 2.25, 0]
			},
			"bones": [
				{
					"name": "houndoom",
					"pivot": [0, 0, 0]
				},
				{
					"name": "locator_root",
					"parent": "houndoom",
					"pivot": [0, 0, 0],
					"locators": {
						"root": [0, 0, 0]
					}
				},
				{
					"name": "locator_top",
					"parent": "houndoom",
					"pivot": [0, 35, 0],
					"locators": {
						"top": [0, 35, 0]
					}
				},
				{
					"name": "body",
					"parent": "houndoom",
					"pivot": [-0.5, 19, 0]
				},
				{
					"name": "locator_target",
					"parent": "body",
					"pivot": [0, 19, -15],
					"locators": {
						"target": [0, 19, -15]
					}
				},
				{
					"name": "locator_middle",
					"parent": "body",
					"pivot": [0, 19, 0],
					"locators": {
						"middle": [0, 19, 0]
					}
				},
				{
					"name": "hips",
					"parent": "body",
					"pivot": [-0.5, 18.1, 7.75]
				},
				{
					"name": "torso",
					"parent": "hips",
					"pivot": [0, 21.1, 0],
					"cubes": [
						{"origin": [-4, 17.6, -2], "size": [8, 8, 12], "inflate": -0.02, "uv": [0, 0]},
						{"origin": [-4, 17.6, -1], "size": [8, 8, 8], "inflate": 0.35, "uv": [96, 29]}
					]
				},
				{
					"name": "tail",
					"parent": "torso",
					"pivot": [0, 23.6, 10],
					"cubes": [
						{"origin": [-1.5, 22, 10], "size": [3, 3, 3], "inflate": -0.15, "uv": [101, 1], "mirror": true},
						{"origin": [0, 24.7, 10.5], "size": [0, 2, 2], "uv": [102, 56], "mirror": true},
						{"origin": [-0.5, 23.1, 9], "size": [1, 1, 6], "inflate": 0.01, "uv": [75, 19]}
					]
				},
				{
					"name": "tail2",
					"parent": "tail",
					"pivot": [0, 23.6, 14.75],
					"cubes": [
						{"origin": [0, 24.7, 13.5], "size": [0, 2, 2], "uv": [102, 56], "mirror": true},
						{"origin": [-1.5, 22, 13], "size": [3, 3, 3], "inflate": -0.15, "uv": [101, 1], "mirror": true},
						{"origin": [-0.5, 23.1, 14.75], "size": [1, 1, 5], "uv": [84, 19]}
					]
				},
				{
					"name": "tail3",
					"parent": "tail2",
					"pivot": [0, 23.6, 19.5],
					"cubes": [
						{"origin": [-1.5, 22, 16], "size": [3, 3, 3], "inflate": -0.15, "uv": [101, 1], "mirror": true},
						{"origin": [0, 24.7, 16.5], "size": [0, 2, 2], "uv": [102, 56], "mirror": true},
						{"origin": [-0.5, 23.1, 19.5], "size": [1, 1, 5], "inflate": 0.01, "uv": [91, 20]}
					]
				},
				{
					"name": "locator_tail",
					"parent": "tail3",
					"pivot": [0, 23.6, 23.5],
					"rotation": [-180, 0, 180],
					"locators": {
						"tail": [0, 23.6, 23.5]
					}
				},
				{
					"name": "tail4",
					"parent": "tail3",
					"pivot": [0, 23.6, 24.25],
					"cubes": [
						{"origin": [-0.5, 23.1, 24.25], "size": [1, 1, 5], "uv": [77, 26]}
					]
				},
				{
					"name": "tail5",
					"parent": "tail4",
					"pivot": [0, 23.6, 29],
					"cubes": [
						{"origin": [-0.5, 23.1, 29], "size": [1, 1, 5], "inflate": 0.01, "uv": [84, 25]}
					]
				},
				{
					"name": "tail6",
					"parent": "tail5",
					"pivot": [0, 23.6, 33.75],
					"cubes": [
						{"origin": [-0.5, 23.1, 33.75], "size": [1, 1, 5], "uv": [91, 26]}
					]
				},
				{
					"name": "tail7",
					"parent": "tail6",
					"pivot": [0, 23.6, 38.25],
					"cubes": [
						{"origin": [-3.5, 23.6, 37.75], "size": [7, 0, 8], "uv": [70, 71]}
					]
				},
				{
					"name": "locator_tail_tip",
					"parent": "tail7",
					"pivot": [0, 23.6, 42.75],
					"rotation": [-180, 0, 180],
					"locators": {
						"tail_tip": [0, 23.6, 42.75]
					}
				},
				{
					"name": "torso2",
					"parent": "torso",
					"pivot": [0, 21.6, -2],
					"cubes": [
						{"origin": [-4.5, 16.6, -11], "size": [9, 9, 10], "uv": [0, 20]},
						{"origin": [-4.5, 16.6, -11], "size": [9, 9, 10], "inflate": 0.35, "uv": [90, 45]}
					]
				},
				{
					"name": "neck",
					"parent": "torso2",
					"pivot": [0, 23, -8.25],
					"rotation": [5, 0, 0],
					"cubes": [
						{"origin": [-3, 20.5, -11.25], "size": [6, 11, 6], "inflate": -0.02, "uv": [40, 0]},
						{"origin": [-3, 20.6, -11.25], "size": [6, 11, 6], "inflate": 0.25, "uv": [104, 12]}
					]
				},
				{
					"name": "ornament",
					"parent": "neck",
					"pivot": [0, 23.65, -11.05],
					"cubes": [
						{"origin": [-5, 21.15, -11.65], "size": [10, 5, 5], "uv": [43, 70]},
						{"origin": [-6, 21.65, -6.65], "size": [12, 5, 5], "uv": [2, 69]},
						{"origin": [-4, 16.15, -11.55], "size": [8, 5, 5], "uv": [4, 81]},
						{"origin": [-3, 14.15, -11.45], "size": [2, 3, 2], "pivot": [-2, 15.65, -10.45], "rotation": [0, 0, 25], "uv": [7, 84]},
						{"origin": [-3.5, 13.15, -10.95], "size": [1, 2, 1], "pivot": [-3.5, 13.65, -9.95], "rotation": [0, 0, 25], "uv": [9, 85]},
						{"origin": [1.5, 14.15, -11.45], "size": [2, 3, 2], "pivot": [2.5, 15.65, -10.45], "rotation": [0, 0, -25], "uv": [7, 84]},
						{"origin": [3, 13.15, -10.95], "size": [1, 2, 1], "pivot": [4, 13.65, -9.95], "rotation": [0, 0, -25], "uv": [8, 85]},
						{"origin": [-0.25, 12.65, -10.95], "size": [1, 2, 1], "uv": [8, 85]},
						{"origin": [-0.75, 14.15, -11.45], "size": [2, 2, 2], "uv": [7, 84]}
					]
				},
				{
					"name": "head",
					"parent": "neck",
					"pivot": [0, 32.5, -8.75]
				},
				{
					"name": "head_ai",
					"parent": "head",
					"pivot": [0, 32.5, -8.75]
				},
				{
					"name": "head_angle",
					"parent": "head_ai",
					"pivot": [0, 32.5, -8.75],
					"cubes": [
						{"origin": [-3.5, 30, -13.25], "size": [7, 7, 8], "uv": [38, 17]},
						{"origin": [-1.5, 30, -12.27], "size": [3, 2, 1], "inflate": -0.01, "uv": [28, 7]}
					]
				},
				{
					"name": "locator_item_hat",
					"parent": "head_angle",
					"pivot": [0, 37.2, -8.75],
					"locators": {
						"item_hat": [0, 37.2, -8.75]
					}
				},
				{
					"name": "locator_head",
					"parent": "head_angle",
					"pivot": [0, 37, -12.75],
					"locators": {
						"head": [0, 37, -12.75]
					}
				},
				{
					"name": "locator_mouth",
					"parent": "head_angle",
					"pivot": [0, 30.7, -13.3],
					"locators": {
						"mouth": [0, 30.7, -13.3],
						"special": [0, 30.7, -13.3],
						"physical": [0, 30.7, -13.3]
					}
				},
				{
					"name": "locator_item_face",
					"parent": "head_angle",
					"pivot": [0, 33.8, -13.25],
					"locators": {
						"item_face": [0, 33.8, -13.25]
					}
				},
				{
					"name": "horns",
					"parent": "head_angle",
					"pivot": [0, 37, -7.75]
				},
				{
					"name": "horn_right",
					"parent": "horns",
					"pivot": [-2.55, 36.5, -7.95],
					"rotation": [-20, -25, -25],
					"cubes": [
						{"origin": [-5.66723, 36.07751, -8.90133], "size": [3, 5, 3], "pivot": [-1.36995, 40.7947, -8.69446], "rotation": [-8.37936, 3.5111, -18.09583], "uv": [47, 72]},
						{"origin": [-3.92836, 39.28151, -8.56872], "size": [2, 5, 3], "pivot": [-3.42836, 41.78151, -7.06872], "rotation": [3.54889, 8.36352, 72.42101], "uv": [58, 72]}
					]
				},
				{
					"name": "horn_right_tip",
					"parent": "horn_right",
					"pivot": [-0.00539, 43.71978, -7.13519],
					"cubes": [
						{"origin": [-1.00539, 41.21978, -8.13519], "size": [2, 6, 2], "pivot": [-0.00539, 43.71978, -7.13519], "rotation": [-2.31732, 8.78212, 34.48348], "uv": [59, 72]}
					]
				},
				{
					"name": "horn_right2",
					"parent": "horn_right",
					"pivot": [-2.55, 39.5, -8.95],
					"rotation": [-50, 0, 0]
				},
				{
					"name": "locator_horn_right",
					"parent": "horn_right2",
					"pivot": [-2.55, 43.7, -8.5],
					"locators": {
						"horn1": [-2.55, 43.7, -8.5]
					}
				},
				{
					"name": "horn_right3",
					"parent": "horn_right2",
					"pivot": [-2.55, 44.6, -9.05],
					"rotation": [-35, 0, 0]
				},
				{
					"name": "horn_left",
					"parent": "horns",
					"pivot": [2.55, 36.5, -7.95],
					"rotation": [-20, 25, 25],
					"cubes": [
						{"origin": [2.66723, 36.07751, -8.90133], "size": [3, 5, 3], "pivot": [1.41102, 40.82111, -8.68369], "rotation": [-8.37936, -3.5111, 18.09583], "uv": [47, 72], "mirror": true},
						{"origin": [1.92369, 39.29704, -8.57495], "size": [2, 5, 3], "pivot": [3.42369, 41.79704, -7.07495], "rotation": [3.54889, -8.36352, -72.42101], "uv": [58, 72], "mirror": true}
					]
				},
				{
					"name": "horn_left_tip",
					"parent": "horn_left",
					"pivot": [0.32369, 43.97204, -6.47495],
					"cubes": [
						{"origin": [-1.17631, 41.47204, -7.97495], "size": [2, 6, 2], "pivot": [0.32369, 43.97204, -6.47495], "rotation": [-2.31732, -8.78212, -34.48348], "uv": [59, 72], "mirror": true}
					]
				},
				{
					"name": "horn_left2",
					"parent": "horn_left",
					"pivot": [2.55, 39.5, -8.95],
					"rotation": [-50, 0, 0]
				},
				{
					"name": "locator_horn_left",
					"parent": "horn_left2",
					"pivot": [2.55, 43.7, -8.5],
					"locators": {
						"horn2": [2.55, 43.7, -8.5]
					}
				},
				{
					"name": "horn_left3",
					"parent": "horn_left2",
					"pivot": [2.55, 44.6, -9.05],
					"rotation": [-35, 0, 0]
				},
				{
					"name": "horn_left4",
					"parent": "horns",
					"pivot": [2.55, 36.5, 7.05],
					"rotation": [-20, 25, 25],
					"cubes": [
						{"origin": [15.14119, 21.63442, -4.9039], "size": [3, 4, 3], "pivot": [11.34612, 21.97121, -1.51956], "rotation": [165.71685, -36.45469, -60.75425], "uv": [76, 10], "mirror": true},
						{"origin": [13.63444, 22.94634, -2.37458], "size": [3, 4, 3], "uv": [76, 10], "mirror": true},
						{"origin": [12.42123, 24.47589, -3.3152], "size": [3, 4, 3], "pivot": [11.34612, 21.97121, -1.51956], "rotation": [-19.72016, -3.93241, 41.15883], "uv": [76, 10], "mirror": true}
					]
				},
				{
					"name": "horn_left5",
					"parent": "horn_left4",
					"pivot": [8.88927, 34.85037, -6.72476],
					"rotation": [-50, 0, 0],
					"cubes": [
						{"origin": [16.19938, 32.96073, 7.02838], "size": [2, 5, 2], "inflate": 0.1, "pivot": [11.34612, 30.55922, 6.48709], "rotation": [-17.35663, -25.93406, -175.97424], "uv": [96, 10], "mirror": true},
						{"origin": [14.45179, 34.71994, 4.96924], "size": [2, 5, 2], "inflate": 0.1, "pivot": [11.34612, 30.55922, 6.48709], "rotation": [155.8545, -16.3418, 112.25181], "uv": [96, 10], "mirror": true},
						{"origin": [13.44407, 36.65216, 6.5812], "size": [2, 5, 2], "inflate": 0.1, "pivot": [11.34612, 30.55922, 6.48709], "rotation": [-163.53401, -36.95578, 74.82566], "uv": [96, 10], "mirror": true}
					]
				},
				{
					"name": "horn_left6",
					"parent": "horn_left5",
					"pivot": [8.88927, 39.95037, -6.82476],
					"rotation": [-35, 0, 0],
					"cubes": [
						{"origin": [4.51267, 43.50718, 2.78586], "size": [0, 5, 5], "pivot": [11.34612, 39.89295, 9.46621], "rotation": [-162.89971, 21.08794, 8.40459], "uv": [80, 54], "mirror": true}
					]
				},
				{
					"name": "horn_right4",
					"parent": "horns",
					"pivot": [-2.55, 36.5, -7.95],
					"rotation": [-20, -25, -25],
					"cubes": [
						{"origin": [-6.57601, 32.3071, -1.9682], "size": [3, 4, 3], "pivot": [-2.12836, 28.61986, -0.25155], "rotation": [165.71685, 36.45469, 60.75425], "uv": [64, 10]},
						{"origin": [-10.29517, 27.59598, -4.59982], "size": [3, 4, 3], "uv": [64, 10]},
						{"origin": [-8.93559, 29.64306, -5.74367], "size": [3, 4, 3], "pivot": [-4.58589, 26.35018, -3.85517], "rotation": [-19.72016, 3.93241, -41.15883], "uv": [64, 10]}
					]
				},
				{
					"name": "horn_right5",
					"parent": "horn_right4",
					"pivot": [-2.55, 39.5, -8.95],
					"rotation": [-50, 0, 0],
					"cubes": [
						{"origin": [-11.51104, 37.39598, 4.91624], "size": [2, 5, 2], "inflate": 0.1, "pivot": [-4.58589, 34.95032, 4.39824], "rotation": [-17.35663, 25.93406, 175.97424], "uv": [88, 10]},
						{"origin": [-9.76344, 39.15519, 2.8571], "size": [2, 5, 2], "inflate": 0.1, "pivot": [-4.58589, 34.95032, 4.39824], "rotation": [155.8545, 16.3418, -112.25181], "uv": [88, 10]},
						{"origin": [-8.82842, 40.5979, 4.17636], "size": [2, 5, 2], "inflate": 0.1, "pivot": [-4.58589, 34.95032, 4.39824], "rotation": [-163.53401, 36.95578, -74.82566], "uv": [88, 10]}
					]
				},
				{
					"name": "horn_right6",
					"parent": "horn_right5",
					"pivot": [-2.55, 44.6, -9.05],
					"rotation": [-35, 0, 0],
					"cubes": [
						{"origin": [2.32677, 48.05988, -1.18593], "size": [0, 5, 6], "pivot": [-4.58589, 44.40904, 6.50098], "rotation": [-162.89971, -21.08794, -8.40459], "uv": [68, 53]}
					]
				},
				{
					"name": "eyes",
					"parent": "head_angle",
					"pivot": [0, 33.7, -13.25]
				},
				{
					"name": "eye_right",
					"parent": "eyes",
					"pivot": [-2.52, 33.5, -12.77],
					"cubes": [
						{"origin": [-3.52, 33, -13.27], "size": [2, 1, 1], "uv": [1, 1]}
					]
				},
				{
					"name": "eye_emote_right",
					"parent": "eye_right",
					"pivot": [-3.01, 34, -13.26],
					"cubes": [
						{"origin": [-3.51, 33.5, -13.26], "size": [1, 1, 2], "uv": [1, 20]}
					]
				},
				{
					"name": "pupil_right",
					"parent": "eye_right",
					"pivot": [-2, 33.5, -13.28],
					"cubes": [
						{"origin": [-2.5, 33, -13.28], "size": [1, 1, 1], "uv": [1, 7]}
					]
				},
				{
					"name": "locator_eye_right",
					"parent": "pupil_right",
					"pivot": [-2, 33.5, -13.25],
					"locators": {
						"eye1": [-2, 33.5, -13.25]
					}
				},
				{
					"name": "eye_left",
					"parent": "eyes",
					"pivot": [2.52, 33.5, -12.77],
					"cubes": [
						{"origin": [1.52, 33, -13.27], "size": [2, 1, 1], "uv": [1, 4], "mirror": true}
					]
				},
				{
					"name": "eye_emote_left",
					"parent": "eye_left",
					"pivot": [3.01, 34, -13.26],
					"cubes": [
						{"origin": [2.51, 33.5, -13.26], "size": [1, 1, 2], "uv": [1, 24], "mirror": true}
					]
				},
				{
					"name": "pupil_left",
					"parent": "eye_left",
					"pivot": [2, 33.5, -13.28],
					"cubes": [
						{"origin": [1.5, 33, -13.28], "size": [1, 1, 1], "uv": [6, 7], "mirror": true}
					]
				},
				{
					"name": "locator_eye_left",
					"parent": "pupil_left",
					"pivot": [2, 33.5, -13.25],
					"locators": {
						"eye2": [2, 33.5, -13.25]
					}
				},
				{
					"name": "eyelid_right",
					"parent": "eyes",
					"pivot": [-2.42, 34, -11.67],
					"cubes": [
						{"origin": [-3.42, 33, -13.17], "size": [2, 3, 3], "uv": [79, 48]}
					]
				},
				{
					"name": "eyelid_left",
					"parent": "eyes",
					"pivot": [2.42, 34, -11.67],
					"cubes": [
						{"origin": [1.42, 33, -13.17], "size": [2, 3, 3], "uv": [89, 48], "mirror": true}
					]
				},
				{
					"name": "eyelid_happy_right",
					"parent": "eyes",
					"pivot": [-2.42, 34, -11.67],
					"cubes": [
						{"origin": [-3.42, 33, -13.17], "size": [2, 2, 3], "uv": [36, 0]}
					]
				},
				{
					"name": "eyelid_happy_left",
					"parent": "eyes",
					"pivot": [2.42, 34, -11.67],
					"cubes": [
						{"origin": [1.42, 33, -13.17], "size": [2, 2, 3], "uv": [58, 0], "mirror": true}
					]
				},
				{
					"name": "eyelid_hurt_right",
					"parent": "eyes",
					"pivot": [-2.42, 34, -11.67],
					"cubes": [
						{"origin": [-3.42, 33, -13.17], "size": [2, 2, 1], "uv": [73, 51]}
					]
				},
				{
					"name": "eyelid_hurt_left",
					"parent": "eyes",
					"pivot": [2.42, 34, -11.67],
					"cubes": [
						{"origin": [1.42, 33, -13.17], "size": [2, 2, 1], "uv": [67, 51], "mirror": true}
					]
				},
				{
					"name": "eyebrow_right",
					"parent": "eyes",
					"pivot": [-2.41, 35, -11.66],
					"cubes": [
						{"origin": [-3.41, 34, -13.16], "size": [2, 2, 3], "uv": [86, 42]}
					]
				},
				{
					"name": "eyebrow_left",
					"parent": "eyes",
					"pivot": [2.41, 35, -11.66],
					"cubes": [
						{"origin": [1.41, 34, -13.16], "size": [2, 2, 3], "uv": [76, 42], "mirror": true}
					]
				},
				{
					"name": "snout",
					"parent": "head_angle",
					"pivot": [0, 33, -13.25],
					"rotation": [7.5, 0, 0],
					"cubes": [
						{"origin": [-1.5, 31, -17.15], "size": [3, 2, 5], "inflate": 0.01, "uv": [61, 17]},
						{"origin": [-1.2, 30.5, -16.75], "size": [1, 1, 0], "inflate": 0.01, "pivot": [-0.7, 31, -16.75], "rotation": [0, 0, 45], "uv": [16, 72]},
						{"origin": [0.2, 30.5, -16.75], "size": [1, 1, 0], "inflate": 0.01, "pivot": [0.7, 31, -16.75], "rotation": [0, 0, 45], "uv": [25, 76]},
						{"origin": [-1.48, 30.5, -16], "size": [0, 1, 1], "pivot": [-1.5, 31, -15.5], "rotation": [45, 0, 0], "uv": [105, 15]},
						{"origin": [1.48, 30.5, -16], "size": [0, 1, 1], "pivot": [1.5, 31, -15.5], "rotation": [45, 0, 0], "uv": [108, 15], "mirror": true}
					]
				},
				{
					"name": "locator_jaw_upper",
					"parent": "snout",
					"pivot": [0, 31, -17.15],
					"locators": {
						"jaw1": [0, 31, -17.15]
					}
				},
				{
					"name": "locator_face",
					"parent": "snout",
					"pivot": [0, 33, -17.15],
					"locators": {
						"face": [0, 33, -17.15]
					}
				},
				{
					"name": "jaw",
					"parent": "head_angle",
					"pivot": [0, 31, -13.25],
					"cubes": [
						{"origin": [-1.5, 30.01, -16.35], "size": [3, 1, 4], "uv": [29, 20]},
						{"origin": [-1.25, 30.5, -16], "size": [0, 1, 1], "pivot": [-1.25, 31, -15.5], "rotation": [45, -15, 0], "uv": [105, 13]},
						{"origin": [1.25, 30.5, -16], "size": [0, 1, 1], "pivot": [1.25, 31, -15.5], "rotation": [45, 15, 0], "uv": [108, 13], "mirror": true}
					]
				},
				{
					"name": "tongue",
					"parent": "jaw",
					"pivot": [0, 31.01, -13.35],
					"cubes": [
						{"origin": [-1, 31.01, -16.85], "size": [2, 0, 4], "uv": [65, 27]}
					]
				},
				{
					"name": "locator_jaw_lower",
					"parent": "jaw",
					"pivot": [0, 31, -16.35],
					"locators": {
						"jaw2": [0, 31, -16.35]
					}
				},
				{
					"name": "locator_item",
					"parent": "jaw",
					"pivot": [0, 30.95, -16.35],
					"rotation": [0, 45, 0],
					"locators": {
						"item": [0, 30.95, -16.35]
					}
				},
				{
					"name": "legs_front",
					"parent": "hips",
					"pivot": [3, 18, -7]
				},
				{
					"name": "leg_front_right",
					"parent": "legs_front",
					"pivot": [-4, 18, -7],
					"cubes": [
						{"origin": [-6, 9.9, -9], "size": [4, 10, 4], "inflate": -0.1, "uv": [36, 50]}
					]
				},
				{
					"name": "leg_front_right2",
					"parent": "leg_front_right",
					"pivot": [-4, 10, -5.65],
					"cubes": [
						{"origin": [-5.5, 1.15, -8.5], "size": [3, 9, 3], "inflate": -0.15, "uv": [48, 38]},
						{"origin": [-6, 2, -9], "size": [1, 3, 4], "inflate": -0.15, "uv": [88, 3]},
						{"origin": [-5.5, 6, -6], "size": [3, 3, 1], "inflate": -0.15, "uv": [103, 3], "mirror": true},
						{"origin": [-3, 6, -9], "size": [1, 3, 4], "inflate": -0.15, "uv": [94, 3]},
						{"origin": [-3, 2, -9], "size": [1, 3, 4], "inflate": -0.15, "uv": [94, 3]},
						{"origin": [-6, 6, -9], "size": [1, 3, 4], "inflate": -0.15, "uv": [88, 3]},
						{"origin": [-5.5, 2, -6], "size": [3, 3, 1], "inflate": -0.15, "uv": [103, 3], "mirror": true}
					]
				},
				{
					"name": "foot_front_right",
					"parent": "leg_front_right2",
					"pivot": [-3.5, 1, -7],
					"cubes": [
						{"origin": [-5.5, 0, -10], "size": [3, 2, 4], "inflate": 0.02, "uv": [70, 32]},
						{"origin": [-5.25, 0, -11], "size": [0, 1, 1], "uv": [121, 34]},
						{"origin": [-4, 0, -11], "size": [0, 1, 1], "uv": [121, 32]},
						{"origin": [-2.75, 0, -11], "size": [0, 1, 1], "uv": [121, 30]}
					]
				},
				{
					"name": "locator_foot_primary",
					"parent": "foot_front_right",
					"pivot": [-4, 0.5, -8],
					"rotation": [90, 0, 0],
					"locators": {
						"foot_primary": [-4, 0.5, -8]
					}
				},
				{
					"name": "leg_front_left",
					"parent": "legs_front",
					"pivot": [4, 18, -7],
					"cubes": [
						{"origin": [2, 9.9, -9], "size": [4, 10, 4], "inflate": -0.1, "uv": [52, 50], "mirror": true}
					]
				},
				{
					"name": "leg_front_left2",
					"parent": "leg_front_left",
					"pivot": [4, 10, -5.65],
					"cubes": [
						{"origin": [2.5, 1.15, -8.5], "size": [3, 9, 3], "inflate": -0.15, "uv": [60, 38], "mirror": true},
						{"origin": [5, 2, -9], "size": [1, 3, 4], "inflate": -0.15, "uv": [94, 3]},
						{"origin": [2.5, 2, -6], "size": [3, 3, 1], "inflate": -0.15, "uv": [103, 3], "mirror": true},
						{"origin": [2, 2, -9], "size": [1, 3, 4], "inflate": -0.15, "uv": [88, 3]},
						{"origin": [5, 6, -9], "size": [1, 3, 4], "inflate": -0.15, "uv": [94, 3]},
						{"origin": [2, 6, -9], "size": [1, 3, 4], "inflate": -0.15, "uv": [88, 3]},
						{"origin": [2.5, 6, -6], "size": [3, 3, 1], "inflate": -0.15, "uv": [103, 3], "mirror": true}
					]
				},
				{
					"name": "foot_front_left",
					"parent": "leg_front_left2",
					"pivot": [3.5, 1, -7],
					"cubes": [
						{"origin": [2.5, 0, -10], "size": [3, 2, 4], "inflate": 0.02, "uv": [80, 34], "mirror": true},
						{"origin": [5.25, 0, -11], "size": [0, 1, 1], "uv": [124, 34], "mirror": true},
						{"origin": [4, 0, -11], "size": [0, 1, 1], "uv": [124, 32], "mirror": true},
						{"origin": [2.75, 0, -11], "size": [0, 1, 1], "uv": [124, 30], "mirror": true}
					]
				},
				{
					"name": "locator_foot_secondary1",
					"parent": "foot_front_left",
					"pivot": [4, 0.5, -8],
					"rotation": [90, 0, 0],
					"locators": {
						"foot_secondary1": [4, 0.5, -8]
					}
				},
				{
					"name": "legs_back",
					"parent": "body",
					"pivot": [0, 18.1, 7.75]
				},
				{
					"name": "leg_back_right",
					"parent": "legs_back",
					"pivot": [-4, 18.1, 7.75],
					"cubes": [
						{"origin": [-6, 11.1, 5.25], "size": [4, 9, 5], "inflate": 0.02, "uv": [0, 50]}
					]
				},
				{
					"name": "leg_back_right2",
					"parent": "leg_back_right",
					"pivot": [-4, 11.1, 5.75],
					"rotation": [45, 0, 0],
					"cubes": [
						{"origin": [-5.5, 5.1, 5.75], "size": [3, 6, 3], "uv": [24, 41]}
					]
				},
				{
					"name": "leg_back_right3",
					"parent": "leg_back_right2",
					"pivot": [-4, 5.1, 8.75],
					"rotation": [-45, 0, 0],
					"cubes": [
						{"origin": [-5.5, -2.9, 5.75], "size": [3, 8, 3], "inflate": 0.01, "uv": [0, 39]}
					]
				},
				{
					"name": "foot_back_right",
					"parent": "leg_back_right3",
					"pivot": [-4, -2.9, 7.25],
					"cubes": [
						{"origin": [-5.5, -3.9, 4.25], "size": [3, 2, 4], "inflate": 0.02, "uv": [42, 32]},
						{"origin": [-5.25, -3.9, 3.25], "size": [0, 1, 1], "uv": [119, 52]},
						{"origin": [-4, -3.9, 3.25], "size": [0, 1, 1], "uv": [119, 50]},
						{"origin": [-2.75, -3.9, 3.25], "size": [0, 1, 1], "uv": [119, 48]}
					]
				},
				{
					"name": "locator_foot_secondary2",
					"parent": "foot_back_right",
					"pivot": [-4, -3.4, 6.25],
					"rotation": [90, 0, 0],
					"locators": {
						"foot_secondary2": [-4, -3.4, 6.25]
					}
				},
				{
					"name": "leg_back_left",
					"parent": "legs_back",
					"pivot": [4, 18.1, 7.75],
					"cubes": [
						{"origin": [2, 11.1, 5.25], "size": [4, 9, 5], "inflate": 0.02, "uv": [18, 50], "mirror": true}
					]
				},
				{
					"name": "leg_back_left2",
					"parent": "leg_back_left",
					"pivot": [4, 11.1, 5.75],
					"rotation": [45, 0, 0],
					"cubes": [
						{"origin": [2.5, 5.1, 5.75], "size": [3, 6, 3], "uv": [36, 41], "mirror": true}
					]
				},
				{
					"name": "leg_back_left3",
					"parent": "leg_back_left2",
					"pivot": [4, 5.1, 8.75],
					"rotation": [-45, 0, 0],
					"cubes": [
						{"origin": [2.5, -2.9, 5.75], "size": [3, 8, 3], "inflate": 0.01, "uv": [12, 39], "mirror": true}
					]
				},
				{
					"name": "foot_back_left",
					"parent": "leg_back_left3",
					"pivot": [4, -2.9, 7.25],
					"cubes": [
						{"origin": [2.5, -3.9, 4.25], "size": [3, 2, 4], "inflate": 0.02, "uv": [56, 32], "mirror": true},
						{"origin": [5.25, -3.9, 3.25], "size": [0, 1, 1], "uv": [122, 52], "mirror": true},
						{"origin": [4, -3.9, 3.25], "size": [0, 1, 1], "uv": [122, 50], "mirror": true},
						{"origin": [2.75, -3.9, 3.25], "size": [0, 1, 1], "uv": [122, 48], "mirror": true}
					]
				},
				{
					"name": "locator_foot_secondary3",
					"parent": "foot_back_left",
					"pivot": [4, -3.4, 6.25],
					"rotation": [90, 0, 0],
					"locators": {
						"foot_secondary3": [4, -3.4, 6.25]
					}
				}
			]
		}
	]
}