{
  "format_version": "1.12.0",
  "minecraft:geometry": [
    {
      "bones": [
        {
          "name": "burmy",
          "pivot": [0.5, 0, 0]
        }, {
          "name": "body",
          "parent": "burmy",
          "pivot": [0.5, 0, 0]
        }, {
          "name": "torso",
          "parent": "body",
          "pivot": [0.5, 0, 0]
        }, {
          "cubes": [
            {
              "origin": [-0.5, 24, 0.25],
              "size": [1, 3, 1],
              "uv": [44, 41]
            }
          ],
          "name": "bone10",
          "parent": "torso",
          "pivot": [0, 27, 0.75]
        }, {
          "cubes": [
            {
              "origin": [-1.5, 20, -0.75],
              "size": [3, 4, 3],
              "uv": [30, 34]
            }
          ],
          "name": "bone9",
          "parent": "bone10",
          "pivot": [0, 24, 0.75]
        }, {
          "cubes": [
            {
              "origin": [-2, 17, -1.25],
              "size": [4, 4, 4],
              "uv": [30, 26]
            }
          ],
          "name": "bone34",
          "parent": "bone9",
          "pivot": [0, 21, 0.75]
        }, {
          "cubes": [
            {
              "origin": [-4, 13, -2.75],
              "size": [8, 5, 7],
              "uv": [0, 18]
            }, {
              "inflate": 0.25,
              "origin": [-4, 13, -2.75],
              "size": [8, 5, 7],
              "uv": [0, 30]
            }
          ],
          "name": "bone",
          "parent": "bone34",
          "pivot": [0, 18, 0.25]
        }, {
          "cubes": [
            {
              "origin": [1, 13, 4.5],
              "size": [2, 3, 0],
              "uv": [24, 45]
            }
          ],
          "name": "leaf13",
          "parent": "bone",
          "pivot": [2, 16, 4.5],
          "rotation": [16.50371, 5.90316, -19.14314]
        }, {
          "cubes": [
            {
              "origin": [-3, 13, 4.5],
              "size": [2, 3, 0],
              "uv": [44, 45]
            }
          ],
          "name": "leaf14",
          "parent": "bone",
          "pivot": [-2, 16, 4.5],
          "rotation": [16.93839, -4.46375, 14.33501]
        }, {
          "cubes": [
            {
              "origin": [-3, 7, 5.25],
              "size": [2, 3, 0],
              "uv": [46, 0]
            }
          ],
          "name": "leaf15",
          "parent": "bone",
          "pivot": [-2, 10, 5.25],
          "rotation": [16.93839, -4.46375, 14.33501]
        }, {
          "cubes": [
            {
              "origin": [2, 7, 5.25],
              "size": [2, 3, 0],
              "uv": [46, 26]
            }
          ],
          "name": "leaf16",
          "parent": "bone",
          "pivot": [3, 10, 5.25],
          "rotation": [17.10967, 3.73171, -11.93845]
        }, {
          "cubes": [
            {
              "origin": [-0.5, 5, 5.25],
              "size": [2, 3, 0],
              "uv": [28, 46]
            }
          ],
          "name": "leaf17",
          "parent": "bone",
          "pivot": [0.5, 8, 5.25],
          "rotation": [17.48436, -0.75155, 2.38443]
        }, {
          "cubes": [
            {
              "origin": [-4.25, 14, 1.5],
              "size": [0, 3, 2],
              "uv": [40, 43]
            }
          ],
          "name": "leaf18",
          "parent": "bone",
          "pivot": [-4.25, 17, 2.5],
          "rotation": [27.5, 0, 22.5]
        }, {
          "cubes": [
            {
              "origin": [-4.25, 13, -2.5],
              "size": [0, 3, 2],
              "uv": [4, 44]
            }
          ],
          "name": "leaf19",
          "parent": "bone",
          "pivot": [-4.25, 16, -1.5],
          "rotation": [27.5, 0, 22.5]
        }, {
          "cubes": [
            {
              "origin": [4.25, 13, -2.5],
              "size": [0, 3, 2],
              "uv": [44, 8]
            }
          ],
          "name": "leaf20",
          "parent": "bone",
          "pivot": [4.25, 16, -1.5],
          "rotation": [27.5, 0, -22.5]
        }, {
          "cubes": [
            {
              "origin": [4.25, 14, 1.5],
              "size": [0, 3, 2],
              "uv": [44, 13]
            }
          ],
          "name": "leaf21",
          "parent": "bone",
          "pivot": [4.25, 17, 2.5],
          "rotation": [27.5, 0, -22.5]
        }, {
          "name": "leaf22",
          "parent": "bone",
          "pivot": [0, 15.925, -2.75]
        }, {
          "cubes": [
            {
              "origin": [-0.5, 13.9, -4.5],
              "size": [1, 0, 2],
              "uv": [42, 39]
            }
          ],
          "name": "bone13",
          "parent": "leaf22",
          "pivot": [0, 13.9, -2.75]
        }, {
          "cubes": [
            {
              "inflate": 0.01,
              "origin": [-0.5, 13.925, -4.5],
              "size": [1, 1, 2],
              "uv": [24, 42]
            }
          ],
          "name": "bone12",
          "parent": "leaf22",
          "pivot": [0, 14.925, -2.5]
        }, {
          "cubes": [
            {
              "origin": [1.5, 14.5, -2.775],
              "size": [1, 2, 0],
              "uv": [46, 29]
            }
          ],
          "name": "bone4",
          "parent": "bone",
          "pivot": [2, 15.5, -2.775]
        }, {
          "cubes": [
            {
              "origin": [1.5, 15, -2.8],
              "size": [1, 1, 0],
              "uv": [28, 45]
            }
          ],
          "name": "bone6",
          "parent": "bone4",
          "pivot": [-1, 12, -6.775]
        }, {
          "cubes": [
            {
              "origin": [-2.5, 14.5, -2.775],
              "size": [1, 2, 0],
              "uv": [46, 31]
            }
          ],
          "name": "bone5",
          "parent": "bone",
          "pivot": [-2, 15.5, -2.775]
        }, {
          "cubes": [
            {
              "origin": [-2.5, 15, -2.8],
              "size": [1, 1, 0],
              "uv": [32, 46]
            }
          ],
          "name": "bone7",
          "parent": "bone5",
          "pivot": [-5, 12, -6.775]
        }, {
          "cubes": [
            {
              "origin": [-5, 4, -3.75],
              "size": [10, 9, 9],
              "uv": [0, 0]
            }
          ],
          "name": "bone2",
          "parent": "bone",
          "pivot": [1, 9, 0.25]
        }, {
          "cubes": [
            {
              "origin": [-3.5, 2, -2.5],
              "size": [7, 2, 6],
              "uv": [30, 18]
            }, {
              "origin": [-2, 0, 0.5],
              "size": [4, 3, 0],
              "uv": [38, 0]
            }
          ],
          "name": "bone3",
          "parent": "bone2",
          "pivot": [1, 5, 1.75]
        }, {
          "cubes": [
            {
              "origin": [-2.99462, -0.38254, -0.5],
              "size": [1, 5, 1],
              "uv": [16, 42]
            }
          ],
          "name": "bone35",
          "parent": "bone3",
          "pivot": [-2.49462, 4.61746, 0],
          "rotation": [0, 0, 25.25]
        }, {
          "cubes": [
            {
              "origin": [1.99462, -0.38254, -0.5],
              "size": [1, 5, 1],
              "uv": [20, 42]
            }
          ],
          "name": "bone36",
          "parent": "bone3",
          "pivot": [2.49462, 4.61746, 0],
          "rotation": [0, 0, -25.25]
        }, {
          "cubes": [
            {
              "origin": [-5, 8, 1.5],
              "size": [0, 3, 2],
              "uv": [42, 34]
            }
          ],
          "name": "leaf2",
          "parent": "bone2",
          "pivot": [-5, 11, 2.5],
          "rotation": [17.5, 0, 10]
        }, {
          "cubes": [
            {
              "origin": [5, 8, 1.5],
              "size": [0, 3, 2],
              "uv": [44, 3]
            }
          ],
          "name": "leaf3",
          "parent": "bone2",
          "pivot": [5, 11, 2.5],
          "rotation": [17.5, 0, -10]
        }, {
          "cubes": [
            {
              "origin": [-5, 8, -2.5],
              "size": [0, 3, 2],
              "uv": [36, 43]
            }
          ],
          "name": "leaf4",
          "parent": "bone2",
          "pivot": [-5, 11, -1.5],
          "rotation": [-20, 0, 10]
        }, {
          "cubes": [
            {
              "origin": [5, 8, -2.5],
              "size": [0, 3, 2],
              "uv": [0, 44]
            }
          ],
          "name": "leaf5",
          "parent": "bone2",
          "pivot": [5, 11, -1.5],
          "rotation": [-20, 0, -10]
        }, {
          "cubes": [
            {
              "origin": [-5, 4, -0.5],
              "size": [0, 4, 2],
              "uv": [8, 42]
            }
          ],
          "name": "leaf6",
          "parent": "bone2",
          "pivot": [-5, 8, 0.5],
          "rotation": [-20, 0, 10]
        }, {
          "cubes": [
            {
              "origin": [5, 4, -0.5],
              "size": [0, 4, 2],
              "uv": [12, 42]
            }
          ],
          "name": "leaf7",
          "parent": "bone2",
          "pivot": [5, 8, 0.5],
          "rotation": [-20, 0, -10]
        }, {
          "cubes": [
            {
              "origin": [-0.5, 8, -3.75],
              "size": [3, 5, 0],
              "uv": [38, 3]
            }
          ],
          "name": "leaf",
          "parent": "bone2",
          "pivot": [0.5, 13, -3.75],
          "rotation": [-7.5, 0, -27.5]
        }, {
          "cubes": [
            {
              "origin": [0.5, 4.25, -3.75],
              "size": [3, 5, 0],
              "uv": [38, 13]
            }
          ],
          "name": "leaf8",
          "parent": "bone2",
          "pivot": [1.5, 9.25, -3.75],
          "rotation": [-7.15656, 2.24944, -10.14068]
        }, {
          "cubes": [
            {
              "origin": [-3.75, 4.25, -3.75],
              "size": [3, 5, 0],
              "uv": [30, 41]
            }
          ],
          "name": "leaf9",
          "parent": "bone2",
          "pivot": [-1.75, 9.25, -3.75],
          "rotation": [-7.15656, -2.24944, 10.14068]
        }, {
          "cubes": [
            {
              "origin": [-2.5, 8, -3.75],
              "size": [3, 5, 0],
              "uv": [38, 8]
            }
          ],
          "name": "leaf10",
          "parent": "bone2",
          "pivot": [-0.5, 13, -3.75],
          "rotation": [-12.31594, 2.15393, 9.76758]
        }, {
          "cubes": [
            {
              "origin": [2, 17.25, -2.5],
              "size": [4, 2, 0],
              "uv": [36, 41]
            }
          ],
          "name": "leaf11",
          "parent": "bone",
          "pivot": [2, 19.25, -2.5],
          "rotation": [-28.07161, 9.42002, 34.7774]
        }, {
          "cubes": [
            {
              "origin": [-5.75, 17, -2.75],
              "size": [4, 2, 0],
              "uv": [0, 42]
            }
          ],
          "name": "leaf12",
          "parent": "bone",
          "pivot": [-1.75, 19, -2.75],
          "rotation": [-27.9001, -7.21228, -35.96292]
        }
      ],
      "description": {
        "identifier": "geometry.burmy",
        "texture_height": 64,
        "texture_width": 64,
        "visible_bounds_height": 3.5,
        "visible_bounds_offset": [0, 1.25, 0],
        "visible_bounds_width": 2
      }
    }
  ]
}