{
  "animations": {
    "animation.swalot.battle_cry": {
      "animation_length": 1.75,
      "bones": {
        "bigote1": {
          "position": {
            "0.0": [0, 0, -1],
            "0.25": [0, 0, -1],
            "0.5": [0, 0, -1],
            "1.75": [0, 0, -1]
          },
          "rotation": {
            "0.0": [0, 17.5, -35],
            "0.25": [0, 17.5, -35],
            "0.5": [0, 17.5, -35],
            "0.7083": [0, "17.5+Math.cos(q.anim_time*90*24-360)*8", -35],
            "1.0": [0, "17.5+Math.cos(q.anim_time*90*24-360)*8", -35],
            "1.25": [0, "17.5+Math.cos(q.anim_time*90*24-360)*8", -35],
            "1.5": [0, "17.5+Math.cos(q.anim_time*90*24-360)*8", -35],
            "1.75": [0, 17.5, -35]
          }
        },
        "bigote2": {
          "position": {
            "0.0": [0, 0, -1],
            "0.25": [0, 0, -1],
            "0.5": [0, 0, -1],
            "1.75": [0, 0, -1]
          },
          "rotation": {
            "0.0": [0, -17.5, 35],
            "0.25": [0, -17.5, 35],
            "0.5": [0, -17.5, 35],
            "0.7083": [0, "-17.5+Math.cos(q.anim_time*90*24-360)*8", 35],
            "1.0": [0, "-17.5+Math.cos(q.anim_time*90*24-360)*8", 35],
            "1.25": [0, "-17.5+Math.cos(q.anim_time*90*24-360)*8", 35],
            "1.5": [0, "-17.5+Math.cos(q.anim_time*90*24-360)*8", 35],
            "1.75": [0, -17.5, 35]
          }
        },
        "bigote_part1": {
          "position": [0, 1, 0],
          "rotation": [0, 0, 40]
        },
        "bigote_part2": {
          "position": {
            "0.0": [0, 1, 0],
            "0.25": [0, 1, 0],
            "1.75": [0, 1, 0]
          },
          "rotation": {
            "0.0": [0, 0, -40],
            "0.25": [0, 0, -40],
            "1.75": [0, 0, -40]
          }
        },
        "body": {
          "rotation": {
            "0.0": {
              "lerp_mode": "catmullrom",
              "post": [0, 0, 0]
            },
            "0.25": {
              "lerp_mode": "catmullrom",
              "post": [0, 0, 0]
            },
            "0.5": {
              "lerp_mode": "catmullrom",
              "post": [10, 0, 0]
            },
            "0.75": [-2.5, "0+Math.sin(q.anim_time*90*24-180)*8", "0+Math.cos(q.anim_time*90*24-360)*4"],
            "1.0": [-2.5, "0+Math.sin(q.anim_time*90*24-180)*8", "0+Math.cos(q.anim_time*90*24-360)*4"],
            "1.125": [-2.5, "0+Math.sin(q.anim_time*90*24-180)*8", "0+Math.cos(q.anim_time*90*24-360)*4"],
            "1.2917": [-2.5, "0+Math.sin(q.anim_time*90*24-180)*8", "0+Math.cos(q.anim_time*90*24-360)*4"],
            "1.5417": [-2.5, "0+Math.sin(q.anim_time*90*24-180)*8", "0+Math.cos(q.anim_time*90*24-360)*4"],
            "1.75": {
              "lerp_mode": "catmullrom",
              "post": [0, 0, 0],
              "pre": [0, 0, 0]
            }
          },
          "scale": {
            "1.75": {
              "lerp_mode": "catmullrom",
              "post": [1, 1, 1],
              "pre": [1, 1, 1]
            }
          }
        },
        "eye1": {
          "position": {
            "0.0": [0, 0, 0],
            "0.25": [0, 0, 0],
            "0.5": {
              "post": [0, 0, 1],
              "pre": [0, 0, 0]
            },
            "0.7083": {
              "post": [0, 0, 0],
              "pre": [0, 0, 1]
            },
            "1.0": [0, 0, 0],
            "1.25": [0, 0, 0],
            "1.5": [0, 0, 0],
            "1.75": [0, 0, 0]
          }
        },
        "eye2": {
          "position": {
            "0.0": [0, 0, 0],
            "0.25": [0, 0, 0],
            "0.5": {
              "post": [0, 0, 1],
              "pre": [0, 0, 0]
            },
            "0.7083": {
              "post": [0, 0, 0],
              "pre": [0, 0, 1]
            },
            "1.0": [0, 0, 0],
            "1.25": [0, 0, 0],
            "1.5": [0, 0, 0],
            "1.75": [0, 0, 0]
          }
        },
        "hand1": {
          "position": {
            "0.0": {
              "lerp_mode": "catmullrom",
              "post": [0, 3, -6]
            },
            "0.25": {
              "lerp_mode": "catmullrom",
              "post": [0, 3, -6]
            },
            "0.5": {
              "lerp_mode": "catmullrom",
              "post": [-1, 4, 2]
            },
            "0.7083": {
              "lerp_mode": "catmullrom",
              "post": [0, 3, -7]
            },
            "1.0": {
              "lerp_mode": "catmullrom",
              "post": [0, 3, -7]
            },
            "1.25": {
              "lerp_mode": "catmullrom",
              "post": [0, 3, -7]
            },
            "1.5": {
              "lerp_mode": "catmullrom",
              "post": [0, 3, -7]
            },
            "1.75": {
              "lerp_mode": "catmullrom",
              "post": [0, 3, -6]
            }
          },
          "rotation": {
            "0.0": {
              "lerp_mode": "catmullrom",
              "post": [9.06159, 23.399, 21.8802]
            },
            "0.25": {
              "lerp_mode": "catmullrom",
              "post": [9.06159, 23.399, 21.8802]
            },
            "0.5": {
              "lerp_mode": "catmullrom",
              "post": [13.84883, 52.85217, 29.37319]
            },
            "0.7083": {
              "lerp_mode": "catmullrom",
              "post": [8.76512, 18.45929, 21.05103]
            },
            "1.0": {
              "lerp_mode": "catmullrom",
              "post": [8.76512, 18.45929, 21.05103]
            },
            "1.25": {
              "lerp_mode": "catmullrom",
              "post": [8.76512, 18.45929, 21.05103]
            },
            "1.5": {
              "lerp_mode": "catmullrom",
              "post": [8.76512, 18.45929, 21.05103]
            },
            "1.75": {
              "lerp_mode": "catmullrom",
              "post": [9.06159, 23.399, 21.8802]
            }
          }
        },
        "hand2": {
          "position": {
            "0.0": {
              "lerp_mode": "catmullrom",
              "post": [0, 3, -6]
            },
            "0.25": {
              "lerp_mode": "catmullrom",
              "post": [0, 3, -6]
            },
            "0.5": {
              "lerp_mode": "catmullrom",
              "post": [1, 4, 2]
            },
            "0.7083": {
              "lerp_mode": "catmullrom",
              "post": [0, 3, -7]
            },
            "1.0": {
              "lerp_mode": "catmullrom",
              "post": [0, 3, -7]
            },
            "1.25": {
              "lerp_mode": "catmullrom",
              "post": [0, 3, -7]
            },
            "1.5": {
              "lerp_mode": "catmullrom",
              "post": [0, 3, -7]
            },
            "1.75": {
              "lerp_mode": "catmullrom",
              "post": [0, 3, -6]
            }
          },
          "rotation": {
            "0.0": {
              "lerp_mode": "catmullrom",
              "post": [9.06159, -23.399, -21.8802]
            },
            "0.25": {
              "lerp_mode": "catmullrom",
              "post": [9.06159, -23.399, -21.8802]
            },
            "0.5": {
              "lerp_mode": "catmullrom",
              "post": [13.84883, -52.85217, -29.37319]
            },
            "0.7083": {
              "lerp_mode": "catmullrom",
              "post": [8.76512, -18.45929, -21.05103]
            },
            "1.0": {
              "lerp_mode": "catmullrom",
              "post": [8.76512, -18.45929, -21.05103]
            },
            "1.25": {
              "lerp_mode": "catmullrom",
              "post": [8.76512, -18.45929, -21.05103]
            },
            "1.5": {
              "lerp_mode": "catmullrom",
              "post": [8.76512, -18.45929, -21.05103]
            },
            "1.75": {
              "lerp_mode": "catmullrom",
              "post": [9.06159, -23.399, -21.8802]
            }
          }
        },
        "head": {
          "rotation": {
            "0.0": {
              "lerp_mode": "catmullrom",
              "post": [0, 0, 0]
            },
            "0.25": {
              "lerp_mode": "catmullrom",
              "post": [0, 0, 0]
            },
            "0.5": {
              "lerp_mode": "catmullrom",
              "post": [5, 0, 0]
            },
            "0.7083": {
              "lerp_mode": "catmullrom",
              "post": [-5, 0, 0]
            },
            "1.0": {
              "lerp_mode": "catmullrom",
              "post": [-5, 0, 0]
            },
            "1.25": {
              "lerp_mode": "catmullrom",
              "post": [-5, 0, 0]
            },
            "1.5": {
              "lerp_mode": "catmullrom",
              "post": [-5, 0, 0]
            },
            "1.75": {
              "lerp_mode": "catmullrom",
              "post": [0, 0, 0]
            }
          }
        },
        "leg1": {
          "position": {
            "0.0": [0, 0, 0],
            "0.25": [0, 0, 0],
            "0.5": [0, 0, 1],
            "1.75": [0, 0, 0]
          },
          "rotation": {
            "0.0": {
              "lerp_mode": "catmullrom",
              "post": [0, 0, 0]
            },
            "0.25": {
              "lerp_mode": "catmullrom",
              "post": [0, 0, 0]
            },
            "0.5": {
              "lerp_mode": "catmullrom",
              "post": [2.5, 0, 0]
            },
            "0.7083": {
              "lerp_mode": "catmullrom",
              "post": [-9.99265, 0.50633, 0.01716]
            },
            "1.0": {
              "lerp_mode": "catmullrom",
              "post": [-9.99265, 0.50633, 0.01716]
            },
            "1.25": {
              "lerp_mode": "catmullrom",
              "post": [-9.99265, 0.50633, 0.01716]
            },
            "1.5": {
              "lerp_mode": "catmullrom",
              "post": [-9.99265, 0.50633, 0.01716]
            },
            "1.75": {
              "lerp_mode": "catmullrom",
              "post": [0, 0, 0]
            }
          }
        },
        "mounch": {
          "scale": {
            "0.0": {
              "lerp_mode": "catmullrom",
              "post": [1, 1, 1]
            },
            "0.4583": {
              "lerp_mode": "catmullrom",
              "post": [1, 1, 1]
            },
            "0.7083": {
              "lerp_mode": "catmullrom",
              "post": [1, 0, 1]
            },
            "1.0": {
              "lerp_mode": "catmullrom",
              "post": [1, 0, 1]
            },
            "1.25": {
              "lerp_mode": "catmullrom",
              "post": [1, 0, 1]
            },
            "1.5": {
              "lerp_mode": "catmullrom",
              "post": [1, 0, 1]
            },
            "1.75": [1, 1, 1]
          }
        },
        "mounch_head1": {
          "position": {
            "0.0": [0, 0, 0],
            "0.4583": [0, 0, 0],
            "0.7083": {
              "post": [0, -2, 0],
              "pre": [0, 0, 0]
            },
            "1.0": [0, -2, 0],
            "1.25": [0, -2, 0],
            "1.5": [0, -2, 0],
            "1.75": {
              "post": [0, 0, 0],
              "pre": [0, -2, 0]
            }
          }
        },
        "mounch_head2": {
          "position": {
            "0.0": {
              "lerp_mode": "catmullrom",
              "post": [0, 0, 0]
            },
            "0.4583": {
              "lerp_mode": "catmullrom",
              "post": [0, 0, 0]
            },
            "0.7083": {
              "lerp_mode": "catmullrom",
              "post": [0, -21, 0]
            },
            "1.0": {
              "lerp_mode": "catmullrom",
              "post": [0, -21, 0]
            },
            "1.25": {
              "lerp_mode": "catmullrom",
              "post": [0, -21, 0]
            },
            "1.5": {
              "lerp_mode": "catmullrom",
              "post": [0, -21, 0]
            },
            "1.75": {
              "lerp_mode": "catmullrom",
              "post": [0, 0, 0]
            }
          },
          "rotation": {
            "0.0": {
              "lerp_mode": "catmullrom",
              "post": [0, 0, 0]
            },
            "0.4583": {
              "lerp_mode": "catmullrom",
              "post": [0, 0, 0]
            },
            "0.7083": {
              "lerp_mode": "catmullrom",
              "post": [12.5, 0, 0]
            },
            "1.0": {
              "lerp_mode": "catmullrom",
              "post": [12.5, 0, 0]
            },
            "1.25": {
              "lerp_mode": "catmullrom",
              "post": [12.5, 0, 0]
            },
            "1.5": {
              "lerp_mode": "catmullrom",
              "post": [12.5, 0, 0]
            },
            "1.75": {
              "lerp_mode": "catmullrom",
              "post": [0, 0, 0]
            }
          }
        },
        "torso": {
          "rotation": {
            "0.0": {
              "lerp_mode": "catmullrom",
              "post": [0, 0, 0]
            },
            "0.25": {
              "lerp_mode": "catmullrom",
              "post": [0, 0, 0]
            },
            "0.5": {
              "lerp_mode": "catmullrom",
              "post": [5, 0, 0]
            },
            "0.7083": {
              "lerp_mode": "catmullrom",
              "post": [0, 0, 0]
            },
            "1.0": {
              "lerp_mode": "catmullrom",
              "post": [0, 0, 0]
            },
            "1.25": {
              "lerp_mode": "catmullrom",
              "post": [0, 0, 0]
            },
            "1.5": {
              "lerp_mode": "catmullrom",
              "post": [0, 0, 0]
            },
            "1.75": {
              "lerp_mode": "catmullrom",
              "post": [0, 0, 0]
            }
          }
        },
        "torso_head": {
          "position": {
            "0.0": {
              "lerp_mode": "catmullrom",
              "post": [0, -2, 0]
            },
            "0.25": {
              "lerp_mode": "catmullrom",
              "post": [0, -2, 0]
            },
            "0.7083": {
              "lerp_mode": "catmullrom",
              "post": [0, -2, 2]
            },
            "1.0": {
              "lerp_mode": "catmullrom",
              "post": [0, -2, 2]
            },
            "1.25": {
              "lerp_mode": "catmullrom",
              "post": [0, -2, 2]
            },
            "1.5": {
              "lerp_mode": "catmullrom",
              "post": [0, -2, 2]
            },
            "1.75": {
              "lerp_mode": "catmullrom",
              "post": [0, -2, 0]
            }
          },
          "rotation": {
            "0.0": {
              "lerp_mode": "catmullrom",
              "post": [-5, 0, 0]
            },
            "0.25": {
              "lerp_mode": "catmullrom",
              "post": [-5, 0, 0]
            },
            "0.5": {
              "lerp_mode": "catmullrom",
              "post": [10, 0, 0]
            },
            "0.7083": {
              "lerp_mode": "catmullrom",
              "post": [-17.5, 0, 0]
            },
            "1.0": {
              "lerp_mode": "catmullrom",
              "post": [-17.5, 0, 0]
            },
            "1.25": {
              "lerp_mode": "catmullrom",
              "post": [-17.5, 0, 0]
            },
            "1.5": {
              "lerp_mode": "catmullrom",
              "post": [-17.5, 0, 0]
            },
            "1.75": {
              "lerp_mode": "catmullrom",
              "post": [-5, 0, 0]
            }
          }
        }
      },
      "sound_effects": {
        "0.7083": {
          "effect": "pokemon.swalot.cry"
        }
      }
    },
    "animation.swalot.blink": {
      "animation_length": 0.25,
      "bones": {
        "eyes": {
          "position": {
            "0.0": [0, 0, 1],
            "0.25": {
              "post": [0, 0, 0],
              "pre": [0, 0, 1]
            }
          }
        }
      }
    },
    "animation.swalot.cry": {
      "animation_length": 1,
      "bones": {
        "body": {
          "rotation": {
            "0.0": [0, 0, 0],
            "0.25": [0, 0, "0+Math.sin(q.anim_time*90*24-180)*8"],
            "1.0": [0, 0, 0]
          }
        },
        "hand1": {
          "rotation": {
            "0.0": {
              "lerp_mode": "catmullrom",
              "post": [0, 0, 0]
            },
            "0.125": {
              "lerp_mode": "catmullrom",
              "post": [0, 15, 0]
            },
            "0.25": {
              "lerp_mode": "catmullrom",
              "post": [0, -10, 0]
            },
            "1.0": {
              "lerp_mode": "catmullrom",
              "post": [0, 0, 0]
            }
          }
        },
        "hand2": {
          "rotation": {
            "0.0": {
              "lerp_mode": "catmullrom",
              "post": [0, 0, 0]
            },
            "0.125": {
              "lerp_mode": "catmullrom",
              "post": [0, -15, 0]
            },
            "0.25": {
              "lerp_mode": "catmullrom",
              "post": [0, 10, 0]
            },
            "1.0": {
              "lerp_mode": "catmullrom",
              "post": [0, 0, 0]
            }
          }
        },
        "leg1": {
          "rotation": {
            "0.0": {
              "lerp_mode": "catmullrom",
              "post": [0, 0, 0]
            },
            "0.25": {
              "lerp_mode": "catmullrom",
              "post": [-7.5, 0, 0]
            },
            "1.0": {
              "lerp_mode": "catmullrom",
              "post": [0, 0, 0]
            }
          }
        },
        "mounch": {
          "scale": {
            "0.0": {
              "lerp_mode": "catmullrom",
              "post": [1, 1, 1]
            },
            "0.25": {
              "lerp_mode": "catmullrom",
              "post": [1, 0, 1]
            },
            "0.75": {
              "lerp_mode": "catmullrom",
              "post": [1, 0, 1]
            },
            "1.0": {
              "lerp_mode": "catmullrom",
              "post": [1, 1, 1]
            }
          }
        },
        "mounch_head1": {
          "position": {
            "0.0": {
              "lerp_mode": "catmullrom",
              "post": [0, 0, 0]
            },
            "0.25": {
              "lerp_mode": "catmullrom",
              "post": [0, -2, 0]
            },
            "1.0": {
              "lerp_mode": "catmullrom",
              "post": [0, 0, 0]
            }
          }
        },
        "mounch_head2": {
          "position": {
            "0.0": [0, 0, 0],
            "0.25": {
              "post": [0, -20, 0],
              "pre": [0, 0, 0]
            },
            "1.0": {
              "post": [0, 0, 0],
              "pre": [0, -20, 0]
            }
          }
        },
        "torso_head": {
          "rotation": {
            "0.0": {
              "lerp_mode": "catmullrom",
              "post": [0, 0, 0]
            },
            "0.125": {
              "lerp_mode": "catmullrom",
              "post": [22.5, 0, 0]
            },
            "0.25": {
              "lerp_mode": "catmullrom",
              "post": [-10, 0, 0]
            },
            "1.0": {
              "lerp_mode": "catmullrom",
              "post": [0, 0, 0]
            }
          }
        }
      },
      "sound_effects": {
        "0.25": {
          "effect": "pokemon.swalot.cry"
        }
      }
    },
    "animation.swalot.ground_idle": {
      "bones": {
        "bigote1": {
          "position": [0, 0, -1],
          "rotation": [0, "17.5-math.cos(q.anim_time*90*2+90)*4", "-35-math.sin(q.anim_time*90*4+90)*2"]
        },
        "bigote2": {
          "position": [0, 0, -1],
          "rotation": [0, "-17.5+math.cos(q.anim_time*90*2+90)*4", "35+math.sin(q.anim_time*90*4+90)*2"]
        },
        "bigote_part1": {
          "position": [0, 1, 0],
          "rotation": [0, 0, 40]
        },
        "bigote_part2": {
          "position": [0, 1, 0],
          "rotation": [0, 0, -40]
        },
        "body": {
          "scale": [1, "1-math.cos(q.anim_time*90*4-90)*0.03", 1]
        },
        "hand1": {
          "position": [0, 3, -6],
          "rotation": [9.06159, "23.399-math.sin(q.anim_time*90*2+60)*2", "21.8802-math.cos(q.anim_time*90*2+60)*2"]
        },
        "hand2": {
          "position": [0, 3, -6],
          "rotation": [9.06159, "-23.399+math.sin(q.anim_time*90*2+60)*2", "-21.8802+math.cos(q.anim_time*90*2+60)*2"]
        },
        "head": {
          "rotation": ["math.cos(q.anim_time*90*2+90)*2", 0, 0]
        },
        "torso": {
          "rotation": ["0+math.sin(q.anim_time*90*2+90)*4", 0, "math.cos(query.anim_time*90*2+90)*2"]
        },
        "torso_head": {
          "position": [0, -2, 0],
          "rotation": [-5, 0, 0]
        }
      },
      "loop": true
    },
    "animation.swalot.ground_walk": {
      "animation_length": 1,
      "bones": {
        "bigote1": {
          "rotation": [0, 10, -20]
        },
        "bigote2": {
          "rotation": [0, -10, 20]
        },
        "bigote_part1": {
          "position": [0, 1, 0],
          "rotation": [0, 0, 37.5]
        },
        "bigote_part2": {
          "position": [0, 1, 0],
          "rotation": [0, 0, -37.5]
        },
        "body": {
          "position": [0, "0-math.sin(q.anim_time*90*4+90)*1", "0-math.sin(q.anim_time*90*4)*2"],
          "rotation": {
            "0.0": {
              "lerp_mode": "catmullrom",
              "post": [0, 0, 0]
            },
            "0.375": {
              "lerp_mode": "catmullrom",
              "post": [-3.83, 0, 0]
            },
            "0.5": {
              "lerp_mode": "catmullrom",
              "post": [-7.5, 0, 0]
            },
            "0.625": {
              "lerp_mode": "catmullrom",
              "post": [-11.14, 0, 0]
            },
            "1.0": {
              "lerp_mode": "catmullrom",
              "post": [0, 0, 0]
            }
          },
          "scale": [1, "1-math.cos(q.anim_time*90*4-90)*0.05", 1]
        },
        "hand1": {
          "position": [-2, 4, 0],
          "rotation": [
            11.80164, "43.4609-math.sin(query.anim_time*90*4+90)*2", "20.5583-math.cos(q.anim_time*90*2+90)*1"
          ]
        },
        "hand2": {
          "position": [2, 4, 0],
          "rotation": [
            11.80164, "-43.4609+math.sin(query.anim_time*90*4+90)*2", "-20.5583+math.cos(q.anim_time*90*2+90)*1"
          ]
        },
        "head": {
          "rotation": ["0+math.sin(q.anim_time*90*4)*4", 0, 0]
        },
        "leg1": {
          "rotation": {
            "0.0": {
              "lerp_mode": "catmullrom",
              "post": [0, 0, 0]
            },
            "0.5": {
              "lerp_mode": "catmullrom",
              "post": [7.5, 0, 0]
            },
            "1.0": {
              "lerp_mode": "catmullrom",
              "post": [0, 0, 0]
            }
          }
        },
        "torso": {
          "position": [0, -1, 1],
          "rotation": ["5+math.sin(q.anim_time*90*4+90)*2", 0, 0]
        }
      },
      "loop": true
    },
    "animation.swalot.ground_walk_test": {
      "animation_length": 1,
      "bones": {
        "bigote1": {
          "rotation": [0, 10, -20]
        },
        "bigote2": {
          "rotation": [0, -10, 20]
        },
        "bigote_part1": {
          "position": [0, 1, 0],
          "rotation": [0, 0, 37.5]
        },
        "bigote_part2": {
          "position": [0, 1, 0],
          "rotation": [0, 0, -37.5]
        },
        "body": {
          "position": [0, "0-math.sin(q.anim_time*90*4+90)*1", "21-math.sin(q.anim_time*90*4)*2"],
          "rotation": {
            "0.0": {
              "lerp_mode": "catmullrom",
              "post": [0, 0, 0]
            },
            "0.375": {
              "lerp_mode": "catmullrom",
              "post": [-3.83, 0, 0]
            },
            "0.5": {
              "lerp_mode": "catmullrom",
              "post": [-7.5, 0, 0]
            },
            "0.625": {
              "lerp_mode": "catmullrom",
              "post": [-11.14, 0, 0]
            },
            "1.0": {
              "lerp_mode": "catmullrom",
              "post": [0, 0, 0]
            }
          }
        },
        "hand1": {
          "position": [-2, 4, 0],
          "rotation": [
            11.80164, "43.4609-math.sin(query.anim_time*90*4+90)*2", "20.5583-math.cos(q.anim_time*90*2+90)*1"
          ]
        },
        "hand2": {
          "position": [2, 4, 0],
          "rotation": [
            11.80164, "-43.4609+math.sin(query.anim_time*90*4+90)*2", "-20.5583+math.cos(q.anim_time*90*2+90)*1"
          ]
        },
        "head": {
          "rotation": ["0+math.sin(q.anim_time*90*4)*4", 0, 0]
        },
        "leg1": {
          "rotation": {
            "0.0": [0, 0, 0],
            "0.5": [7.5, 0, 0],
            "1.0": [0, 0, 0]
          }
        },
        "swalot": {
          "position": [0, 0, "0-q.anim_time*90*0.6"]
        },
        "torso": {
          "position": [0, -1, 1],
          "rotation": ["5+math.sin(q.anim_time*90*4+90)*2", 0, 0]
        }
      },
      "loop": true
    },
    "animation.swalot.physical": {
      "animation_length": 3,
      "bones": {
        "bigote1": {
          "position": {
            "0.0": {
              "lerp_mode": "catmullrom",
              "post": [0, 0, -1]
            },
            "0.1667": {
              "lerp_mode": "catmullrom",
              "post": [0, 0, -1]
            },
            "3.0": {
              "lerp_mode": "catmullrom",
              "post": [0, 0, -1]
            }
          },
          "rotation": {
            "0.0": {
              "lerp_mode": "catmullrom",
              "post": [0, 17.5, -35]
            },
            "0.1667": {
              "lerp_mode": "catmullrom",
              "post": [0, 17.5, -35]
            },
            "3.0": {
              "lerp_mode": "catmullrom",
              "post": [0, 17.5, -35]
            }
          }
        },
        "bigote2": {
          "position": {
            "0.0": {
              "lerp_mode": "catmullrom",
              "post": [0, 0, -1]
            },
            "0.1667": {
              "lerp_mode": "catmullrom",
              "post": [0, 0, -1]
            },
            "3.0": {
              "lerp_mode": "catmullrom",
              "post": [0, 0, -1]
            }
          },
          "rotation": {
            "0.0": {
              "lerp_mode": "catmullrom",
              "post": [0, -17.5, 35]
            },
            "0.1667": {
              "lerp_mode": "catmullrom",
              "post": [0, -17.5, 35]
            },
            "3.0": {
              "lerp_mode": "catmullrom",
              "post": [0, -17.5, 35]
            }
          }
        },
        "bigote_part1": {
          "position": [0, 1, 0],
          "rotation": [0, 0, 40]
        },
        "bigote_part2": {
          "position": [0, 1, 0],
          "rotation": [0, 0, -40]
        },
        "body": {
          "position": {
            "0.0": {
              "lerp_mode": "catmullrom",
              "post": [0, 0, 0]
            },
            "0.1667": {
              "lerp_mode": "catmullrom",
              "post": [0, 0, 0]
            },
            "0.4167": {
              "lerp_mode": "catmullrom",
              "post": [0, 0, 0]
            },
            "1.1667": {
              "lerp_mode": "catmullrom",
              "post": [0, 8, 0]
            },
            "1.25": {
              "lerp_mode": "catmullrom",
              "post": [0, 1.96, 0]
            },
            "3.0": {
              "lerp_mode": "catmullrom",
              "post": [0, 0, 0]
            }
          },
          "rotation": {
            "0.0": {
              "lerp_mode": "catmullrom",
              "post": [0, 0, 0]
            },
            "0.1667": {
              "lerp_mode": "catmullrom",
              "post": [0, 0, 0]
            },
            "0.4167": {
              "lerp_mode": "catmullrom",
              "post": [0, 0, 0]
            },
            "0.8333": {
              "lerp_mode": "catmullrom",
              "post": [3.94145, 1.2502, -0.2297]
            },
            "1.0833": {
              "lerp_mode": "catmullrom",
              "post": [-7.5, 0, 0]
            },
            "1.2083": {
              "lerp_mode": "catmullrom",
              "post": [-25.91533, -17.06928, 3.13613]
            },
            "1.25": [-8.82232, -20.52872, -1.6317],
            "3.0": {
              "lerp_mode": "catmullrom",
              "post": [0, 0, 0],
              "pre": [0, 0, 0]
            }
          },
          "scale": {
            "0.0": {
              "lerp_mode": "catmullrom",
              "post": [1, 1, 1]
            },
            "0.1667": {
              "lerp_mode": "catmullrom",
              "post": [1, 1, 1]
            },
            "0.4167": {
              "lerp_mode": "catmullrom",
              "post": [1, 1, 1]
            },
            "3.0": {
              "lerp_mode": "catmullrom",
              "post": [1, 1, 1]
            }
          }
        },
        "eye1": {
          "position": {
            "0.0": [0, 0, 0],
            "0.1667": [0, 0, 0],
            "1.25": [0, 0, 1],
            "1.7917": [0, 0, 0]
          }
        },
        "eye2": {
          "position": {
            "0.0": [0, 0, 0],
            "0.1667": [0, 0, 0],
            "1.25": [0, 0, 1],
            "1.7917": [0, 0, 0]
          }
        },
        "hand1": {
          "position": {
            "0.0": {
              "lerp_mode": "catmullrom",
              "post": [0, 3, -6]
            },
            "0.1667": {
              "lerp_mode": "catmullrom",
              "post": [0, 3, -6]
            },
            "0.625": {
              "lerp_mode": "catmullrom",
              "post": [0, 3, -6]
            },
            "1.1667": {
              "lerp_mode": "catmullrom",
              "post": [0, 5, 5]
            },
            "1.25": {
              "lerp_mode": "catmullrom",
              "post": [5, 0, -16]
            },
            "1.75": {
              "lerp_mode": "catmullrom",
              "post": [2.83, 2.31, -13.37]
            },
            "2.125": {
              "lerp_mode": "catmullrom",
              "post": [3.81, 1.19, -12.31]
            },
            "3.0": {
              "lerp_mode": "catmullrom",
              "post": [0, 3, -6]
            }
          },
          "rotation": {
            "0.0": {
              "lerp_mode": "catmullrom",
              "post": [9.06159, 23.399, 21.8802]
            },
            "0.1667": {
              "lerp_mode": "catmullrom",
              "post": [9.06159, 23.399, 21.8802]
            },
            "0.625": {
              "lerp_mode": "catmullrom",
              "post": [9.06159, 23.399, 21.8802]
            },
            "1.1667": {
              "lerp_mode": "catmullrom",
              "post": [19.87232, 64.83525, 36.37124]
            },
            "1.25": {
              "lerp_mode": "catmullrom",
              "post": [8.65538, -16.16131, 15.82988]
            },
            "1.75": {
              "lerp_mode": "catmullrom",
              "post": [7.40767, -7.61293, 16.22885]
            },
            "2.125": {
              "lerp_mode": "catmullrom",
              "post": [8.31835, -11.34078, 16.1312]
            },
            "3.0": {
              "lerp_mode": "catmullrom",
              "post": [9.06159, 23.399, 21.8802]
            }
          }
        },
        "hand2": {
          "position": {
            "0.0": {
              "lerp_mode": "catmullrom",
              "post": [0, 3, -6]
            },
            "0.1667": {
              "lerp_mode": "catmullrom",
              "post": [0, 3, -6]
            },
            "0.625": {
              "lerp_mode": "catmullrom",
              "post": [0, 3, -6]
            },
            "1.1667": {
              "lerp_mode": "catmullrom",
              "post": [0, 5, 5]
            },
            "1.25": {
              "lerp_mode": "catmullrom",
              "post": [-5, 0, -16]
            },
            "1.75": {
              "lerp_mode": "catmullrom",
              "post": [-2.83, 2.31, -13.37]
            },
            "2.125": {
              "lerp_mode": "catmullrom",
              "post": [-3.81, 1.19, -12.31]
            },
            "3.0": {
              "lerp_mode": "catmullrom",
              "post": [0, 3, -6]
            }
          },
          "rotation": {
            "0.0": {
              "lerp_mode": "catmullrom",
              "post": [9.06159, -23.399, -21.8802]
            },
            "0.1667": {
              "lerp_mode": "catmullrom",
              "post": [9.06159, -23.399, -21.8802]
            },
            "0.625": {
              "lerp_mode": "catmullrom",
              "post": [9.06159, -23.399, -21.8802]
            },
            "1.1667": {
              "lerp_mode": "catmullrom",
              "post": [19.87232, -64.83525, -36.37124]
            },
            "1.25": {
              "lerp_mode": "catmullrom",
              "post": [8.65538, 16.16131, -15.82988]
            },
            "1.75": {
              "lerp_mode": "catmullrom",
              "post": [7.40767, 7.61293, -16.22885]
            },
            "2.125": {
              "lerp_mode": "catmullrom",
              "post": [8.31835, 11.34078, -16.1312]
            },
            "3.0": {
              "lerp_mode": "catmullrom",
              "post": [9.06159, -23.399, -21.8802]
            }
          }
        },
        "head": {
          "rotation": {
            "0.0": {
              "lerp_mode": "catmullrom",
              "post": [0, 0, 0]
            },
            "0.1667": {
              "lerp_mode": "catmullrom",
              "post": [0, 0, 0]
            },
            "0.6667": {
              "lerp_mode": "catmullrom",
              "post": [5, 0, 0]
            },
            "1.0833": {
              "lerp_mode": "catmullrom",
              "post": [-7.5, 0, 0]
            },
            "1.25": [2.5, 0, 0],
            "1.375": {
              "lerp_mode": "catmullrom",
              "post": [7.7, 0, 0],
              "pre": [7.7, 0, 0]
            },
            "1.4583": {
              "lerp_mode": "catmullrom",
              "post": [5.09, 0, 0]
            },
            "1.5833": {
              "lerp_mode": "catmullrom",
              "post": [-0.25, 0, 0]
            },
            "1.7917": {
              "lerp_mode": "catmullrom",
              "post": [-2.67, 0, 0]
            },
            "2.5": {
              "lerp_mode": "catmullrom",
              "post": [2, 0, 0]
            },
            "3.0": {
              "lerp_mode": "catmullrom",
              "post": [0, 0, 0]
            }
          }
        },
        "leg1": {
          "rotation": {
            "0.0": {
              "lerp_mode": "catmullrom",
              "post": [0, 0, 0]
            },
            "0.1667": {
              "lerp_mode": "catmullrom",
              "post": [0, 0, 0]
            },
            "0.4167": {
              "lerp_mode": "catmullrom",
              "post": [1.06705, -0.05044, -0.18849]
            },
            "0.625": {
              "lerp_mode": "catmullrom",
              "post": [-8.62028, -0.08079, -0.3019]
            },
            "1.0833": {
              "lerp_mode": "catmullrom",
              "post": [-26.43, 0, 0]
            },
            "1.1667": {
              "lerp_mode": "catmullrom",
              "post": [-14.94548, 1.29256, 4.83045]
            },
            "1.2083": {
              "lerp_mode": "catmullrom",
              "post": [3.71379, 0.72707, 2.71713]
            },
            "1.25": [30, 0, 0],
            "2.2917": {
              "lerp_mode": "catmullrom",
              "post": [17.5, 0, 0],
              "pre": [17.5, 0, 0]
            },
            "3.0": {
              "lerp_mode": "catmullrom",
              "post": [0, 0, 0]
            }
          }
        },
        "torso": {
          "rotation": {
            "0.0": {
              "lerp_mode": "catmullrom",
              "post": [0, 0, 0]
            },
            "0.1667": {
              "lerp_mode": "catmullrom",
              "post": [0, 0, 0]
            },
            "0.2917": {
              "lerp_mode": "catmullrom",
              "post": [-2.5, 0, 0]
            },
            "1.1667": {
              "lerp_mode": "catmullrom",
              "post": [-12.5, 0, 0]
            },
            "1.25": {
              "lerp_mode": "catmullrom",
              "post": [37.5, 0, 0]
            },
            "1.9167": {
              "lerp_mode": "catmullrom",
              "post": [34.5, 0, 0]
            },
            "2.2917": {
              "lerp_mode": "catmullrom",
              "post": [22.5, 0, 0]
            },
            "3.0": {
              "lerp_mode": "catmullrom",
              "post": [0, 0, 0]
            }
          }
        },
        "torso_head": {
          "position": {
            "0.0": {
              "lerp_mode": "catmullrom",
              "post": [0, -2, 0]
            },
            "0.1667": {
              "lerp_mode": "catmullrom",
              "post": [0, -2, 0]
            },
            "1.0833": {
              "lerp_mode": "catmullrom",
              "post": [0, -3, 1]
            },
            "1.25": {
              "lerp_mode": "catmullrom",
              "post": [0, -3, 1]
            },
            "1.7917": {
              "lerp_mode": "catmullrom",
              "post": [0, -2.73, 1.73]
            },
            "3.0": {
              "lerp_mode": "catmullrom",
              "post": [0, -2, 0]
            }
          },
          "rotation": {
            "0.0": {
              "lerp_mode": "catmullrom",
              "post": [-5, 0, 0]
            },
            "0.1667": {
              "lerp_mode": "catmullrom",
              "post": [-5, 0, 0]
            },
            "1.0833": {
              "lerp_mode": "catmullrom",
              "post": [-15, 0, 0]
            },
            "1.2083": {
              "lerp_mode": "catmullrom",
              "post": [-1.93, 0, 0]
            },
            "1.25": {
              "lerp_mode": "catmullrom",
              "post": [-7.5, 0, 0]
            },
            "1.7917": {
              "lerp_mode": "catmullrom",
              "post": [-14.74, 0, 0]
            },
            "3.0": {
              "lerp_mode": "catmullrom",
              "post": [-5, 0, 0]
            }
          }
        }
      }
    },
    "animation.swalot.pose": {
      "bones": {
        "bigote1": {
          "position": [0, 0, -1],
          "rotation": [0, 17.5, -35]
        },
        "bigote2": {
          "position": [0, 0, -1],
          "rotation": [0, -17.5, 35]
        },
        "bigote_part1": {
          "position": [0, 1, 0],
          "rotation": [0, 0, 40]
        },
        "bigote_part2": {
          "position": [0, 1, 0],
          "rotation": [0, 0, -40]
        },
        "body": {
          "scale": 1
        },
        "hand1": {
          "position": [0, 3, -6],
          "rotation": [9.06159, 23.399, 21.8802]
        },
        "hand2": {
          "position": [0, 3, -6],
          "rotation": [9.06159, -23.399, -21.8802]
        },
        "head": {
          "rotation": [0, 0, 0]
        },
        "torso": {
          "rotation": [0, 0, 0]
        },
        "torso_head": {
          "position": [0, -2, 0],
          "rotation": [-5, 0, 0]
        }
      },
      "loop": true
    },
    "animation.swalot.render": {
      "bones": {
        "bigote1": {
          "position": [0, 0, -1],
          "rotation": [0, 20, -37.5]
        },
        "bigote2": {
          "position": [0, 0, -1],
          "rotation": [0, -15, 37.5]
        },
        "bigote_part1": {
          "position": [1, 1, 0],
          "rotation": [0, 0, 45]
        },
        "bigote_part2": {
          "position": [-1, 1, 0],
          "rotation": [0, 0, -45]
        },
        "body": {
          "rotation": [0, -47.5, 0]
        },
        "hand1": {
          "position": [7, 7, 0],
          "rotation": [0, 17.5, 40]
        },
        "hand2": {
          "position": [-7, 7, 0],
          "rotation": [0, -17.5, -40]
        },
        "head": {
          "position": [0, -1, 0],
          "rotation": [-5, 0, 0]
        },
        "leg1": {
          "position": [-0.8, 0, 0]
        },
        "torso_head": {
          "rotation": [0, 5, 0]
        }
      },
      "loop": true
    },
    "animation.swalot.sleep": {
      "bones": {
        "bigote1": {
          "rotation": [0, 17.5, -32.5]
        },
        "bigote2": {
          "rotation": [0, -17.5, 32.5]
        },
        "bigote_part1": {
          "position": [0, 1, 0],
          "rotation": [0, 0, 35]
        },
        "bigote_part2": {
          "position": [0, 1, 0],
          "rotation": [0, 0, -35]
        },
        "bigotes": {
          "position": [0, 0, 0]
        },
        "eyes": {
          "position": [0, 0, 1]
        },
        "hand1": {
          "position": [0, 4, -6],
          "rotation": [16.39211, 28.46296, 31.68416]
        },
        "hand2": {
          "position": [0, 4, -6],
          "rotation": [16.39211, -28.46296, -31.68416]
        },
        "head": {
          "position": [0, 0, 0],
          "rotation": [2.5, 0, 0]
        },
        "torso_head": {
          "position": [0, -2, 0],
          "rotation": ["7.5+math.sin(q.anim_time*90*2+90)*2", 0, "0+math.cos(q.anim_time*90*2+90)*2"]
        }
      },
      "loop": true
    },
    "animation.swalot.special": {
      "animation_length": 1.75,
      "bones": {
        "bigote1": {
          "position": {
            "0.0": [0, 0, -1],
            "0.25": [0, 0, -1],
            "0.5": [0, 0, -1],
            "1.75": [0, 0, -1]
          },
          "rotation": {
            "0.0": [0, 17.5, -35],
            "0.25": [0, 17.5, -35],
            "0.5": [0, 17.5, -35],
            "0.7083": [0, "17.5+Math.cos(q.anim_time*90*24-360)*8", -35],
            "1.0": [0, "17.5+Math.cos(q.anim_time*90*24-360)*8", -35],
            "1.25": [0, "17.5+Math.cos(q.anim_time*90*24-360)*8", -35],
            "1.5": [0, "17.5+Math.cos(q.anim_time*90*24-360)*8", -35],
            "1.75": [0, 17.5, -35]
          }
        },
        "bigote2": {
          "position": {
            "0.0": [0, 0, -1],
            "0.25": [0, 0, -1],
            "0.5": [0, 0, -1],
            "1.75": [0, 0, -1]
          },
          "rotation": {
            "0.0": [0, -17.5, 35],
            "0.25": [0, -17.5, 35],
            "0.5": [0, -17.5, 35],
            "0.7083": [0, "-17.5+Math.cos(q.anim_time*90*24-360)*8", 35],
            "1.0": [0, "-17.5+Math.cos(q.anim_time*90*24-360)*8", 35],
            "1.25": [0, "-17.5+Math.cos(q.anim_time*90*24-360)*8", 35],
            "1.5": [0, "-17.5+Math.cos(q.anim_time*90*24-360)*8", 35],
            "1.75": [0, -17.5, 35]
          }
        },
        "bigote_part1": {
          "position": [0, 1, 0],
          "rotation": [0, 0, 40]
        },
        "bigote_part2": {
          "position": {
            "0.0": [0, 1, 0],
            "0.25": [0, 1, 0],
            "1.75": [0, 1, 0]
          },
          "rotation": {
            "0.0": [0, 0, -40],
            "0.25": [0, 0, -40],
            "1.75": [0, 0, -40]
          }
        },
        "body": {
          "rotation": {
            "0.0": {
              "lerp_mode": "catmullrom",
              "post": [0, 0, 0]
            },
            "0.25": {
              "lerp_mode": "catmullrom",
              "post": [0, 0, 0]
            },
            "0.5": {
              "lerp_mode": "catmullrom",
              "post": [10, 0, 0]
            },
            "0.75": [-2.5, "0+Math.sin(q.anim_time*90*24-180)*8", "0+Math.cos(q.anim_time*90*24-360)*4"],
            "1.0": [-2.5, "0+Math.sin(q.anim_time*90*24-180)*8", "0+Math.cos(q.anim_time*90*24-360)*4"],
            "1.125": [-2.5, "0+Math.sin(q.anim_time*90*24-180)*8", "0+Math.cos(q.anim_time*90*24-360)*4"],
            "1.2917": [-2.5, "0+Math.sin(q.anim_time*90*24-180)*8", "0+Math.cos(q.anim_time*90*24-360)*4"],
            "1.5417": [-2.5, "0+Math.sin(q.anim_time*90*24-180)*8", "0+Math.cos(q.anim_time*90*24-360)*4"],
            "1.75": {
              "lerp_mode": "catmullrom",
              "post": [0, 0, 0],
              "pre": [0, 0, 0]
            }
          },
          "scale": {
            "1.75": {
              "lerp_mode": "catmullrom",
              "post": [1, 1, 1],
              "pre": [1, 1, 1]
            }
          }
        },
        "eye1": {
          "position": {
            "0.0": [0, 0, 0],
            "0.25": [0, 0, 0],
            "0.5": {
              "post": [0, 0, 1],
              "pre": [0, 0, 0]
            },
            "0.7083": {
              "post": [0, 0, 0],
              "pre": [0, 0, 1]
            },
            "1.0": [0, 0, 0],
            "1.25": [0, 0, 0],
            "1.5": [0, 0, 0],
            "1.75": [0, 0, 0]
          }
        },
        "eye2": {
          "position": {
            "0.0": [0, 0, 0],
            "0.25": [0, 0, 0],
            "0.5": {
              "post": [0, 0, 1],
              "pre": [0, 0, 0]
            },
            "0.7083": {
              "post": [0, 0, 0],
              "pre": [0, 0, 1]
            },
            "1.0": [0, 0, 0],
            "1.25": [0, 0, 0],
            "1.5": [0, 0, 0],
            "1.75": [0, 0, 0]
          }
        },
        "hand1": {
          "position": {
            "0.0": {
              "lerp_mode": "catmullrom",
              "post": [0, 3, -6]
            },
            "0.25": {
              "lerp_mode": "catmullrom",
              "post": [0, 3, -6]
            },
            "0.5": {
              "lerp_mode": "catmullrom",
              "post": [-1, 4, 2]
            },
            "0.7083": {
              "lerp_mode": "catmullrom",
              "post": [0, 3, -7]
            },
            "1.0": {
              "lerp_mode": "catmullrom",
              "post": [0, 3, -7]
            },
            "1.25": {
              "lerp_mode": "catmullrom",
              "post": [0, 3, -7]
            },
            "1.5": {
              "lerp_mode": "catmullrom",
              "post": [0, 3, -7]
            },
            "1.75": {
              "lerp_mode": "catmullrom",
              "post": [0, 3, -6]
            }
          },
          "rotation": {
            "0.0": {
              "lerp_mode": "catmullrom",
              "post": [9.06159, 23.399, 21.8802]
            },
            "0.25": {
              "lerp_mode": "catmullrom",
              "post": [9.06159, 23.399, 21.8802]
            },
            "0.5": {
              "lerp_mode": "catmullrom",
              "post": [13.84883, 52.85217, 29.37319]
            },
            "0.7083": {
              "lerp_mode": "catmullrom",
              "post": [8.76512, 18.45929, 21.05103]
            },
            "1.0": {
              "lerp_mode": "catmullrom",
              "post": [8.76512, 18.45929, 21.05103]
            },
            "1.25": {
              "lerp_mode": "catmullrom",
              "post": [8.76512, 18.45929, 21.05103]
            },
            "1.5": {
              "lerp_mode": "catmullrom",
              "post": [8.76512, 18.45929, 21.05103]
            },
            "1.75": {
              "lerp_mode": "catmullrom",
              "post": [9.06159, 23.399, 21.8802]
            }
          }
        },
        "hand2": {
          "position": {
            "0.0": {
              "lerp_mode": "catmullrom",
              "post": [0, 3, -6]
            },
            "0.25": {
              "lerp_mode": "catmullrom",
              "post": [0, 3, -6]
            },
            "0.5": {
              "lerp_mode": "catmullrom",
              "post": [1, 4, 2]
            },
            "0.7083": {
              "lerp_mode": "catmullrom",
              "post": [0, 3, -7]
            },
            "1.0": {
              "lerp_mode": "catmullrom",
              "post": [0, 3, -7]
            },
            "1.25": {
              "lerp_mode": "catmullrom",
              "post": [0, 3, -7]
            },
            "1.5": {
              "lerp_mode": "catmullrom",
              "post": [0, 3, -7]
            },
            "1.75": {
              "lerp_mode": "catmullrom",
              "post": [0, 3, -6]
            }
          },
          "rotation": {
            "0.0": {
              "lerp_mode": "catmullrom",
              "post": [9.06159, -23.399, -21.8802]
            },
            "0.25": {
              "lerp_mode": "catmullrom",
              "post": [9.06159, -23.399, -21.8802]
            },
            "0.5": {
              "lerp_mode": "catmullrom",
              "post": [13.84883, -52.85217, -29.37319]
            },
            "0.7083": {
              "lerp_mode": "catmullrom",
              "post": [8.76512, -18.45929, -21.05103]
            },
            "1.0": {
              "lerp_mode": "catmullrom",
              "post": [8.76512, -18.45929, -21.05103]
            },
            "1.25": {
              "lerp_mode": "catmullrom",
              "post": [8.76512, -18.45929, -21.05103]
            },
            "1.5": {
              "lerp_mode": "catmullrom",
              "post": [8.76512, -18.45929, -21.05103]
            },
            "1.75": {
              "lerp_mode": "catmullrom",
              "post": [9.06159, -23.399, -21.8802]
            }
          }
        },
        "head": {
          "rotation": {
            "0.0": {
              "lerp_mode": "catmullrom",
              "post": [0, 0, 0]
            },
            "0.25": {
              "lerp_mode": "catmullrom",
              "post": [0, 0, 0]
            },
            "0.5": {
              "lerp_mode": "catmullrom",
              "post": [5, 0, 0]
            },
            "0.7083": {
              "lerp_mode": "catmullrom",
              "post": [-5, 0, 0]
            },
            "1.0": {
              "lerp_mode": "catmullrom",
              "post": [-5, 0, 0]
            },
            "1.25": {
              "lerp_mode": "catmullrom",
              "post": [-5, 0, 0]
            },
            "1.5": {
              "lerp_mode": "catmullrom",
              "post": [-5, 0, 0]
            },
            "1.75": {
              "lerp_mode": "catmullrom",
              "post": [0, 0, 0]
            }
          }
        },
        "leg1": {
          "position": {
            "0.0": [0, 0, 0],
            "0.25": [0, 0, 0],
            "0.5": [0, 0, 1],
            "1.75": [0, 0, 0]
          },
          "rotation": {
            "0.0": {
              "lerp_mode": "catmullrom",
              "post": [0, 0, 0]
            },
            "0.25": {
              "lerp_mode": "catmullrom",
              "post": [0, 0, 0]
            },
            "0.5": {
              "lerp_mode": "catmullrom",
              "post": [2.5, 0, 0]
            },
            "0.7083": {
              "lerp_mode": "catmullrom",
              "post": [-9.99265, 0.50633, 0.01716]
            },
            "1.0": {
              "lerp_mode": "catmullrom",
              "post": [-9.99265, 0.50633, 0.01716]
            },
            "1.25": {
              "lerp_mode": "catmullrom",
              "post": [-9.99265, 0.50633, 0.01716]
            },
            "1.5": {
              "lerp_mode": "catmullrom",
              "post": [-9.99265, 0.50633, 0.01716]
            },
            "1.75": {
              "lerp_mode": "catmullrom",
              "post": [0, 0, 0]
            }
          }
        },
        "mounch": {
          "scale": {
            "0.0": {
              "lerp_mode": "catmullrom",
              "post": [1, 1, 1]
            },
            "0.4583": {
              "lerp_mode": "catmullrom",
              "post": [1, 1, 1]
            },
            "0.7083": {
              "lerp_mode": "catmullrom",
              "post": [1, 0, 1]
            },
            "1.0": {
              "lerp_mode": "catmullrom",
              "post": [1, 0, 1]
            },
            "1.25": {
              "lerp_mode": "catmullrom",
              "post": [1, 0, 1]
            },
            "1.5": {
              "lerp_mode": "catmullrom",
              "post": [1, 0, 1]
            },
            "1.75": [1, 1, 1]
          }
        },
        "mounch_head1": {
          "position": {
            "0.0": [0, 0, 0],
            "0.4583": [0, 0, 0],
            "0.7083": {
              "post": [0, -2, 0],
              "pre": [0, 0, 0]
            },
            "1.0": [0, -2, 0],
            "1.25": [0, -2, 0],
            "1.5": [0, -2, 0],
            "1.75": {
              "post": [0, 0, 0],
              "pre": [0, -2, 0]
            }
          }
        },
        "mounch_head2": {
          "position": {
            "0.0": {
              "lerp_mode": "catmullrom",
              "post": [0, 0, 0]
            },
            "0.4583": {
              "lerp_mode": "catmullrom",
              "post": [0, 0, 0]
            },
            "0.7083": {
              "lerp_mode": "catmullrom",
              "post": [0, -21, 0]
            },
            "1.0": {
              "lerp_mode": "catmullrom",
              "post": [0, -21, 0]
            },
            "1.25": {
              "lerp_mode": "catmullrom",
              "post": [0, -21, 0]
            },
            "1.5": {
              "lerp_mode": "catmullrom",
              "post": [0, -21, 0]
            },
            "1.75": {
              "lerp_mode": "catmullrom",
              "post": [0, 0, 0]
            }
          },
          "rotation": {
            "0.0": {
              "lerp_mode": "catmullrom",
              "post": [0, 0, 0]
            },
            "0.4583": {
              "lerp_mode": "catmullrom",
              "post": [0, 0, 0]
            },
            "0.7083": {
              "lerp_mode": "catmullrom",
              "post": [12.5, 0, 0]
            },
            "1.0": {
              "lerp_mode": "catmullrom",
              "post": [12.5, 0, 0]
            },
            "1.25": {
              "lerp_mode": "catmullrom",
              "post": [12.5, 0, 0]
            },
            "1.5": {
              "lerp_mode": "catmullrom",
              "post": [12.5, 0, 0]
            },
            "1.75": {
              "lerp_mode": "catmullrom",
              "post": [0, 0, 0]
            }
          }
        },
        "torso": {
          "rotation": {
            "0.0": {
              "lerp_mode": "catmullrom",
              "post": [0, 0, 0]
            },
            "0.25": {
              "lerp_mode": "catmullrom",
              "post": [0, 0, 0]
            },
            "0.5": {
              "lerp_mode": "catmullrom",
              "post": [5, 0, 0]
            },
            "0.7083": {
              "lerp_mode": "catmullrom",
              "post": [0, 0, 0]
            },
            "1.0": {
              "lerp_mode": "catmullrom",
              "post": [0, 0, 0]
            },
            "1.25": {
              "lerp_mode": "catmullrom",
              "post": [0, 0, 0]
            },
            "1.5": {
              "lerp_mode": "catmullrom",
              "post": [0, 0, 0]
            },
            "1.75": {
              "lerp_mode": "catmullrom",
              "post": [0, 0, 0]
            }
          }
        },
        "torso_head": {
          "position": {
            "0.0": {
              "lerp_mode": "catmullrom",
              "post": [0, -2, 0]
            },
            "0.25": {
              "lerp_mode": "catmullrom",
              "post": [0, -2, 0]
            },
            "0.7083": {
              "lerp_mode": "catmullrom",
              "post": [0, -2, 2]
            },
            "1.0": {
              "lerp_mode": "catmullrom",
              "post": [0, -2, 2]
            },
            "1.25": {
              "lerp_mode": "catmullrom",
              "post": [0, -2, 2]
            },
            "1.5": {
              "lerp_mode": "catmullrom",
              "post": [0, -2, 2]
            },
            "1.75": {
              "lerp_mode": "catmullrom",
              "post": [0, -2, 0]
            }
          },
          "rotation": {
            "0.0": {
              "lerp_mode": "catmullrom",
              "post": [-5, 0, 0]
            },
            "0.25": {
              "lerp_mode": "catmullrom",
              "post": [-5, 0, 0]
            },
            "0.5": {
              "lerp_mode": "catmullrom",
              "post": [10, 0, 0]
            },
            "0.7083": {
              "lerp_mode": "catmullrom",
              "post": [-17.5, 0, 0]
            },
            "1.0": {
              "lerp_mode": "catmullrom",
              "post": [-17.5, 0, 0]
            },
            "1.25": {
              "lerp_mode": "catmullrom",
              "post": [-17.5, 0, 0]
            },
            "1.5": {
              "lerp_mode": "catmullrom",
              "post": [-17.5, 0, 0]
            },
            "1.75": {
              "lerp_mode": "catmullrom",
              "post": [-5, 0, 0]
            }
          }
        }
      }
    },
    "animation.swalot.status": {
      "animation_length": 1.75,
      "bones": {
        "bigote1": {
          "position": {
            "0.0": [0, 0, -1],
            "0.25": [0, 0, -1],
            "0.5": [0, 0, -1],
            "1.75": [0, 0, -1]
          },
          "rotation": {
            "0.0": [0, 17.5, -35],
            "0.25": [0, 17.5, -35],
            "0.5": [0, 17.5, -35],
            "0.7083": [0, "17.5+Math.cos(q.anim_time*90*24-360)*8", -35],
            "1.0": [0, "17.5+Math.cos(q.anim_time*90*24-360)*8", -35],
            "1.25": [0, "17.5+Math.cos(q.anim_time*90*24-360)*8", -35],
            "1.5": [0, "17.5+Math.cos(q.anim_time*90*24-360)*8", -35],
            "1.75": [0, 17.5, -35]
          }
        },
        "bigote2": {
          "position": {
            "0.0": [0, 0, -1],
            "0.25": [0, 0, -1],
            "0.5": [0, 0, -1],
            "1.75": [0, 0, -1]
          },
          "rotation": {
            "0.0": [0, -17.5, 35],
            "0.25": [0, -17.5, 35],
            "0.5": [0, -17.5, 35],
            "0.7083": [0, "-17.5+Math.cos(q.anim_time*90*24-360)*8", 35],
            "1.0": [0, "-17.5+Math.cos(q.anim_time*90*24-360)*8", 35],
            "1.25": [0, "-17.5+Math.cos(q.anim_time*90*24-360)*8", 35],
            "1.5": [0, "-17.5+Math.cos(q.anim_time*90*24-360)*8", 35],
            "1.75": [0, -17.5, 35]
          }
        },
        "bigote_part1": {
          "position": [0, 1, 0],
          "rotation": [0, 0, 40]
        },
        "bigote_part2": {
          "position": {
            "0.0": [0, 1, 0],
            "0.25": [0, 1, 0],
            "1.75": [0, 1, 0]
          },
          "rotation": {
            "0.0": [0, 0, -40],
            "0.25": [0, 0, -40],
            "1.75": [0, 0, -40]
          }
        },
        "body": {
          "rotation": {
            "0.0": {
              "lerp_mode": "catmullrom",
              "post": [0, 0, 0]
            },
            "0.25": {
              "lerp_mode": "catmullrom",
              "post": [0, 0, 0]
            },
            "0.5": {
              "lerp_mode": "catmullrom",
              "post": [10, 0, 0]
            },
            "0.75": [-2.5, "0+Math.sin(q.anim_time*90*24-180)*8", "0+Math.cos(q.anim_time*90*24-360)*4"],
            "1.0": [-2.5, "0+Math.sin(q.anim_time*90*24-180)*8", "0+Math.cos(q.anim_time*90*24-360)*4"],
            "1.125": [-2.5, "0+Math.sin(q.anim_time*90*24-180)*8", "0+Math.cos(q.anim_time*90*24-360)*4"],
            "1.2917": [-2.5, "0+Math.sin(q.anim_time*90*24-180)*8", "0+Math.cos(q.anim_time*90*24-360)*4"],
            "1.5417": [-2.5, "0+Math.sin(q.anim_time*90*24-180)*8", "0+Math.cos(q.anim_time*90*24-360)*4"],
            "1.75": {
              "lerp_mode": "catmullrom",
              "post": [0, 0, 0],
              "pre": [0, 0, 0]
            }
          },
          "scale": {
            "1.75": {
              "lerp_mode": "catmullrom",
              "post": [1, 1, 1],
              "pre": [1, 1, 1]
            }
          }
        },
        "eye1": {
          "position": {
            "0.0": [0, 0, 0],
            "0.25": [0, 0, 0],
            "0.5": {
              "post": [0, 0, 1],
              "pre": [0, 0, 0]
            },
            "0.7083": {
              "post": [0, 0, 0],
              "pre": [0, 0, 1]
            },
            "1.0": [0, 0, 0],
            "1.25": [0, 0, 0],
            "1.5": [0, 0, 0],
            "1.75": [0, 0, 0]
          }
        },
        "eye2": {
          "position": {
            "0.0": [0, 0, 0],
            "0.25": [0, 0, 0],
            "0.5": {
              "post": [0, 0, 1],
              "pre": [0, 0, 0]
            },
            "0.7083": {
              "post": [0, 0, 0],
              "pre": [0, 0, 1]
            },
            "1.0": [0, 0, 0],
            "1.25": [0, 0, 0],
            "1.5": [0, 0, 0],
            "1.75": [0, 0, 0]
          }
        },
        "hand1": {
          "position": {
            "0.0": {
              "lerp_mode": "catmullrom",
              "post": [0, 3, -6]
            },
            "0.25": {
              "lerp_mode": "catmullrom",
              "post": [0, 3, -6]
            },
            "0.5": {
              "lerp_mode": "catmullrom",
              "post": [-1, 4, 2]
            },
            "0.7083": {
              "lerp_mode": "catmullrom",
              "post": [0, 3, -7]
            },
            "1.0": {
              "lerp_mode": "catmullrom",
              "post": [0, 3, -7]
            },
            "1.25": {
              "lerp_mode": "catmullrom",
              "post": [0, 3, -7]
            },
            "1.5": {
              "lerp_mode": "catmullrom",
              "post": [0, 3, -7]
            },
            "1.75": {
              "lerp_mode": "catmullrom",
              "post": [0, 3, -6]
            }
          },
          "rotation": {
            "0.0": {
              "lerp_mode": "catmullrom",
              "post": [9.06159, 23.399, 21.8802]
            },
            "0.25": {
              "lerp_mode": "catmullrom",
              "post": [9.06159, 23.399, 21.8802]
            },
            "0.5": {
              "lerp_mode": "catmullrom",
              "post": [13.84883, 52.85217, 29.37319]
            },
            "0.7083": {
              "lerp_mode": "catmullrom",
              "post": [8.76512, 18.45929, 21.05103]
            },
            "1.0": {
              "lerp_mode": "catmullrom",
              "post": [8.76512, 18.45929, 21.05103]
            },
            "1.25": {
              "lerp_mode": "catmullrom",
              "post": [8.76512, 18.45929, 21.05103]
            },
            "1.5": {
              "lerp_mode": "catmullrom",
              "post": [8.76512, 18.45929, 21.05103]
            },
            "1.75": {
              "lerp_mode": "catmullrom",
              "post": [9.06159, 23.399, 21.8802]
            }
          }
        },
        "hand2": {
          "position": {
            "0.0": {
              "lerp_mode": "catmullrom",
              "post": [0, 3, -6]
            },
            "0.25": {
              "lerp_mode": "catmullrom",
              "post": [0, 3, -6]
            },
            "0.5": {
              "lerp_mode": "catmullrom",
              "post": [1, 4, 2]
            },
            "0.7083": {
              "lerp_mode": "catmullrom",
              "post": [0, 3, -7]
            },
            "1.0": {
              "lerp_mode": "catmullrom",
              "post": [0, 3, -7]
            },
            "1.25": {
              "lerp_mode": "catmullrom",
              "post": [0, 3, -7]
            },
            "1.5": {
              "lerp_mode": "catmullrom",
              "post": [0, 3, -7]
            },
            "1.75": {
              "lerp_mode": "catmullrom",
              "post": [0, 3, -6]
            }
          },
          "rotation": {
            "0.0": {
              "lerp_mode": "catmullrom",
              "post": [9.06159, -23.399, -21.8802]
            },
            "0.25": {
              "lerp_mode": "catmullrom",
              "post": [9.06159, -23.399, -21.8802]
            },
            "0.5": {
              "lerp_mode": "catmullrom",
              "post": [13.84883, -52.85217, -29.37319]
            },
            "0.7083": {
              "lerp_mode": "catmullrom",
              "post": [8.76512, -18.45929, -21.05103]
            },
            "1.0": {
              "lerp_mode": "catmullrom",
              "post": [8.76512, -18.45929, -21.05103]
            },
            "1.25": {
              "lerp_mode": "catmullrom",
              "post": [8.76512, -18.45929, -21.05103]
            },
            "1.5": {
              "lerp_mode": "catmullrom",
              "post": [8.76512, -18.45929, -21.05103]
            },
            "1.75": {
              "lerp_mode": "catmullrom",
              "post": [9.06159, -23.399, -21.8802]
            }
          }
        },
        "head": {
          "rotation": {
            "0.0": {
              "lerp_mode": "catmullrom",
              "post": [0, 0, 0]
            },
            "0.25": {
              "lerp_mode": "catmullrom",
              "post": [0, 0, 0]
            },
            "0.5": {
              "lerp_mode": "catmullrom",
              "post": [5, 0, 0]
            },
            "0.7083": {
              "lerp_mode": "catmullrom",
              "post": [-5, 0, 0]
            },
            "1.0": {
              "lerp_mode": "catmullrom",
              "post": [-5, 0, 0]
            },
            "1.25": {
              "lerp_mode": "catmullrom",
              "post": [-5, 0, 0]
            },
            "1.5": {
              "lerp_mode": "catmullrom",
              "post": [-5, 0, 0]
            },
            "1.75": {
              "lerp_mode": "catmullrom",
              "post": [0, 0, 0]
            }
          }
        },
        "leg1": {
          "position": {
            "0.0": [0, 0, 0],
            "0.25": [0, 0, 0],
            "0.5": [0, 0, 1],
            "1.75": [0, 0, 0]
          },
          "rotation": {
            "0.0": {
              "lerp_mode": "catmullrom",
              "post": [0, 0, 0]
            },
            "0.25": {
              "lerp_mode": "catmullrom",
              "post": [0, 0, 0]
            },
            "0.5": {
              "lerp_mode": "catmullrom",
              "post": [2.5, 0, 0]
            },
            "0.7083": {
              "lerp_mode": "catmullrom",
              "post": [-9.99265, 0.50633, 0.01716]
            },
            "1.0": {
              "lerp_mode": "catmullrom",
              "post": [-9.99265, 0.50633, 0.01716]
            },
            "1.25": {
              "lerp_mode": "catmullrom",
              "post": [-9.99265, 0.50633, 0.01716]
            },
            "1.5": {
              "lerp_mode": "catmullrom",
              "post": [-9.99265, 0.50633, 0.01716]
            },
            "1.75": {
              "lerp_mode": "catmullrom",
              "post": [0, 0, 0]
            }
          }
        },
        "mounch": {
          "scale": {
            "0.0": {
              "lerp_mode": "catmullrom",
              "post": [1, 1, 1]
            },
            "0.4583": {
              "lerp_mode": "catmullrom",
              "post": [1, 1, 1]
            },
            "0.7083": {
              "lerp_mode": "catmullrom",
              "post": [1, 0, 1]
            },
            "1.0": {
              "lerp_mode": "catmullrom",
              "post": [1, 0, 1]
            },
            "1.25": {
              "lerp_mode": "catmullrom",
              "post": [1, 0, 1]
            },
            "1.5": {
              "lerp_mode": "catmullrom",
              "post": [1, 0, 1]
            },
            "1.75": [1, 1, 1]
          }
        },
        "mounch_head1": {
          "position": {
            "0.0": [0, 0, 0],
            "0.4583": [0, 0, 0],
            "0.7083": {
              "post": [0, -2, 0],
              "pre": [0, 0, 0]
            },
            "1.0": [0, -2, 0],
            "1.25": [0, -2, 0],
            "1.5": [0, -2, 0],
            "1.75": {
              "post": [0, 0, 0],
              "pre": [0, -2, 0]
            }
          }
        },
        "mounch_head2": {
          "position": {
            "0.0": {
              "lerp_mode": "catmullrom",
              "post": [0, 0, 0]
            },
            "0.4583": {
              "lerp_mode": "catmullrom",
              "post": [0, 0, 0]
            },
            "0.7083": {
              "lerp_mode": "catmullrom",
              "post": [0, -21, 0]
            },
            "1.0": {
              "lerp_mode": "catmullrom",
              "post": [0, -21, 0]
            },
            "1.25": {
              "lerp_mode": "catmullrom",
              "post": [0, -21, 0]
            },
            "1.5": {
              "lerp_mode": "catmullrom",
              "post": [0, -21, 0]
            },
            "1.75": {
              "lerp_mode": "catmullrom",
              "post": [0, 0, 0]
            }
          },
          "rotation": {
            "0.0": {
              "lerp_mode": "catmullrom",
              "post": [0, 0, 0]
            },
            "0.4583": {
              "lerp_mode": "catmullrom",
              "post": [0, 0, 0]
            },
            "0.7083": {
              "lerp_mode": "catmullrom",
              "post": [12.5, 0, 0]
            },
            "1.0": {
              "lerp_mode": "catmullrom",
              "post": [12.5, 0, 0]
            },
            "1.25": {
              "lerp_mode": "catmullrom",
              "post": [12.5, 0, 0]
            },
            "1.5": {
              "lerp_mode": "catmullrom",
              "post": [12.5, 0, 0]
            },
            "1.75": {
              "lerp_mode": "catmullrom",
              "post": [0, 0, 0]
            }
          }
        },
        "torso": {
          "rotation": {
            "0.0": {
              "lerp_mode": "catmullrom",
              "post": [0, 0, 0]
            },
            "0.25": {
              "lerp_mode": "catmullrom",
              "post": [0, 0, 0]
            },
            "0.5": {
              "lerp_mode": "catmullrom",
              "post": [5, 0, 0]
            },
            "0.7083": {
              "lerp_mode": "catmullrom",
              "post": [0, 0, 0]
            },
            "1.0": {
              "lerp_mode": "catmullrom",
              "post": [0, 0, 0]
            },
            "1.25": {
              "lerp_mode": "catmullrom",
              "post": [0, 0, 0]
            },
            "1.5": {
              "lerp_mode": "catmullrom",
              "post": [0, 0, 0]
            },
            "1.75": {
              "lerp_mode": "catmullrom",
              "post": [0, 0, 0]
            }
          }
        },
        "torso_head": {
          "position": {
            "0.0": {
              "lerp_mode": "catmullrom",
              "post": [0, -2, 0]
            },
            "0.25": {
              "lerp_mode": "catmullrom",
              "post": [0, -2, 0]
            },
            "0.7083": {
              "lerp_mode": "catmullrom",
              "post": [0, -2, 2]
            },
            "1.0": {
              "lerp_mode": "catmullrom",
              "post": [0, -2, 2]
            },
            "1.25": {
              "lerp_mode": "catmullrom",
              "post": [0, -2, 2]
            },
            "1.5": {
              "lerp_mode": "catmullrom",
              "post": [0, -2, 2]
            },
            "1.75": {
              "lerp_mode": "catmullrom",
              "post": [0, -2, 0]
            }
          },
          "rotation": {
            "0.0": {
              "lerp_mode": "catmullrom",
              "post": [-5, 0, 0]
            },
            "0.25": {
              "lerp_mode": "catmullrom",
              "post": [-5, 0, 0]
            },
            "0.5": {
              "lerp_mode": "catmullrom",
              "post": [10, 0, 0]
            },
            "0.7083": {
              "lerp_mode": "catmullrom",
              "post": [-17.5, 0, 0]
            },
            "1.0": {
              "lerp_mode": "catmullrom",
              "post": [-17.5, 0, 0]
            },
            "1.25": {
              "lerp_mode": "catmullrom",
              "post": [-17.5, 0, 0]
            },
            "1.5": {
              "lerp_mode": "catmullrom",
              "post": [-17.5, 0, 0]
            },
            "1.75": {
              "lerp_mode": "catmullrom",
              "post": [-5, 0, 0]
            }
          }
        }
      }
    }
  },
  "format_version": "1.8.0"
}