{
  "animations": {
    "animation.darumaka_galarian.battle_idle": {
      "animation_length": 1.1667,
      "bones": {
        "body": {
          "position": {
            "0.0": [2.17, 0, 0],
            "0.0833": [2, 0, 0],
            "0.1667": [1.5, 0, 0],
            "0.375": [-1.5, 0, 0],
            "0.4583": [-2, 0, 0],
            "0.5417": [-2.25, 0, 0],
            "0.6667": [-2, 0, 0],
            "0.75": [-1.5, 0, 0],
            "0.9583": [1.5, 0, 0],
            "1.0417": [2, 0, 0],
            "1.125": [2.25, 0, 0],
            "1.1667": [2.17, 0, 0]
          }
        },
        "left_arm": {
          "rotation": [-2.5, "15+math.sin(q.anim_time*90*3.425+30)*6", "-22.5+math.sin(q.anim_time*90*3.425+40)*15"]
        },
        "left_eyebrow": {
          "rotation": [0, 0, "0+math.sin(q.anim_time*90*3.425+40)*3.5"]
        },
        "left_foot": {
          "rotation": {
            "0.0": [0.22, -4.99, -10.01],
            "0.0833": [0, -5, -7.5],
            "0.1667": [37.5, -5.83333, -7.5],
            "0.5833": [15, -10, -7.5],
            "0.875": [16.50485, -7.07221, -10.42775],
            "1.0833": [0.43688, -4.98093, -12.519],
            "1.1667": [0.22, -4.99, -10.01]
          }
        },
        "left_hand": {
          "rotation": [0, "0+math.sin(q.anim_time*90*3.425+0)*2.5", "-12.5+math.sin(q.anim_time*90*3.425+10)*5"]
        },
        "left_leg": {
          "position": {
            "0.0": [0, 0.04, 0],
            "0.0833": [0, 0, 0],
            "0.2917": {
              "lerp_mode": "catmullrom",
              "post": [0, 3, -1.25],
              "pre": [0, 3, -1.25]
            },
            "0.375": {
              "lerp_mode": "catmullrom",
              "post": [0, 2.5, -1.75]
            },
            "0.4583": {
              "lerp_mode": "catmullrom",
              "post": [0, 1.75, -2.25]
            },
            "0.5833": [0, 2.25, -3],
            "0.8333": {
              "lerp_mode": "catmullrom",
              "post": [0, 3, -1.75],
              "pre": [0, 3, -1.75]
            },
            "1.0417": [0, 0.1, 0],
            "1.1667": [0, 0.04, 0]
          },
          "rotation": {
            "0.0": [0, 0, 10.5],
            "0.0833": [0, 0, 7.5],
            "0.5833": [-44.24608, -20.49423, -30.4483],
            "1.0417": [0, 0, 15],
            "1.1667": [0, 0, 10.5]
          }
        },
        "mouth": {
          "rotation": {
            "0.0": [0, 0, 0],
            "0.5": [0, 0, 0],
            "1.0": [0, 0, 0]
          }
        },
        "right_arm": {
          "rotation": [-2.5, "-15+math.sin(q.anim_time*90*3.425+30)*6", "22.5+math.sin(q.anim_time*90*3.425+40)*15"]
        },
        "right_eyebrow": {
          "rotation": [0, 0, "0+math.sin(q.anim_time*90*3.425+40)*3.5"]
        },
        "right_foot": {
          "rotation": {
            "0.0": [15, 10, 7.5],
            "0.2917": [16.50485, 7.07221, 10.42775],
            "0.5": [0.43688, 4.98093, 12.519],
            "0.5833": [0.22, 4.99, 10.01],
            "0.6667": [0, 5, 7.5],
            "0.75": [37.5, 5.83333, 7.5],
            "1.1667": [15, 10, 7.5]
          }
        },
        "right_hand": {
          "rotation": [0, "0+math.sin(q.anim_time*90*3.425+0)*2.5", "12.5+math.sin(q.anim_time*90*3.425+10)*5"]
        },
        "right_leg": {
          "position": {
            "0.0": [0, 2.25, -3],
            "0.25": {
              "lerp_mode": "catmullrom",
              "post": [0, 3, -1.75],
              "pre": [0, 3, -1.75]
            },
            "0.4583": [0, 0.1, 0],
            "0.6667": [0, 0, 0],
            "0.875": {
              "lerp_mode": "catmullrom",
              "post": [0, 3, -1.25],
              "pre": [0, 3, -1.25]
            },
            "0.9583": {
              "lerp_mode": "catmullrom",
              "post": [0, 2.5, -1.75]
            },
            "1.0417": {
              "lerp_mode": "catmullrom",
              "post": [0, 1.75, -2.25]
            },
            "1.1667": [0, 2.25, -3]
          },
          "rotation": {
            "0.0": [-44.24608, 20.49423, 30.4483],
            "0.4583": [0, 0, -15],
            "0.6667": [0, 0, -7.5],
            "1.1667": [-44.24608, 20.49423, 30.4483]
          }
        },
        "tail": {
          "rotation": ["10+math.sin(q.anim_time*90*6.85+35+180)*7.5", "0+math.sin(q.anim_time*90*3.425+30)*10", 0]
        },
        "torso": {
          "position": {
            "0.0": [0, "-0.2+math.sin(q.anim_time*90*3.425+180)*0.1", 0],
            "0.0833": [0, "-0.7+math.sin(q.anim_time*90*3.425+0)*2", 0],
            "0.1667": [0, "-1+math.sin(q.anim_time*90*3.425-5)*4", 0],
            "0.3333": [0, "0.25+math.sin(q.anim_time*90*3.425+15)*3", 0],
            "0.4583": [0, "-1.7+math.sin(q.anim_time*90*3.425+360)*3", 0],
            "0.5833": [0, "-0.2+math.sin(q.anim_time*90*3.425)*0.1", 0],
            "0.6667": [0, "-0.7+math.sin(q.anim_time*90*3.425+180)*2", 0],
            "0.75": [0, "-1+math.sin(q.anim_time*90*3.425+175)*4", 0],
            "0.9167": [0, "math.sin(q.anim_time*90*3.425+195)*3", 0],
            "1.0417": [0, "-1.7+math.sin(q.anim_time*90*3.425+180)*3", 0],
            "1.1667": [0, "-0.2+math.sin(q.anim_time*90*3.425+180)*0.1", 0]
          },
          "rotation": ["0+math.sin(q.anim_time*90*6.85+65+180)*5", "0+math.sin(q.anim_time*90*3.425+60)*7.5", "0+math.sin(q.anim_time*90*3.425+70)*20"]
        }
      },
      "loop": true
    },
    "animation.darumaka_galarian.blink": {
      "animation_length": 0.1667,
      "bones": {
        "left_eye_closed": {
          "position": {
            "0.0": [0, 0, -0.1],
            "0.125": [0, 0, -0.1],
            "0.1667": {
              "post": [0, 0, 0],
              "pre": [0, 0, -0.1]
            }
          }
        },
        "left_pupil": {
          "position": {
            "0.0": [0, 0, 0.1],
            "0.125": [0, 0, 0.1],
            "0.1667": {
              "post": [0, 0, 0],
              "pre": [0, 0, 0.1]
            }
          }
        },
        "right_eye_closed": {
          "position": {
            "0.0": [0, 0, -0.1],
            "0.125": [0, 0, -0.1],
            "0.1667": {
              "post": [0, 0, 0],
              "pre": [0, 0, -0.1]
            }
          }
        },
        "right_pupil": {
          "position": {
            "0.0": [0, 0, 0.1],
            "0.125": [0, 0, 0.1],
            "0.1667": {
              "post": [0, 0, 0],
              "pre": [0, 0, 0.1]
            }
          }
        }
      }
    },
    "animation.darumaka_galarian.cry": {
      "animation_length": 1.25,
      "bones": {
        "mouth": {
          "position": {
            "0.0": [0, 0, 0.1],
            "0.4167": [0, 0, 0.1],
            "0.4583": {
              "post": [0, 0, 0],
              "pre": [0, 0, 0.1]
            },
            "0.5417": [0, 0, 0],
            "1.25": [0, 0, 0]
          },
          "scale": {
            "0.4583": [1, 1, 1],
            "0.5": {
              "post": [1, 1.25, 1],
              "pre": [1, 1, 1]
            },
            "1.0417": [1, 1.25, 1],
            "1.0833": {
              "post": [1, 1, 1],
              "pre": [1, 1.25, 1]
            }
          }
        },
        "right_hand": {
          "rotation": {
            "0.0": [0, 0, 0],
            "0.25": [2.5, 0, 0],
            "1.0": [2.5, 0, 0],
            "1.25": [0, 0, 0]
          }
        },
        "torso": {
          "rotation": {
            "0.0": [0, 0, 0],
            "0.0417": [0.75, 0, 0],
            "0.0833": [3.25, 0, 0],
            "0.125": [4, 0, 0],
            "0.1667": [3.25, 0, 0],
            "0.2083": [0.75, 0, 0],
            "0.25": [0, 0, 0],
            "0.2917": [0.75, 0, 0],
            "0.3333": [3.25, 0, 0],
            "0.375": [4, 0, 0],
            "0.4167": [3.25, 0, 0],
            "0.4583": [-1.25, 0, 0],
            "0.5": [-2.5, 0, 0],
            "0.625": [-4.5, 0, 0],
            "0.75": [-5, 0, 0],
            "0.875": [-4.5, 0, 0],
            "1.0": [-2.5, 0, 0],
            "1.125": [-0.5, 0, 0],
            "1.25": [0, 0, 0]
          }
        }
      },
      "sound_effects": {
        "0.0417": {
          "effect": "pokemon.darumaka.cry"
        }
      }
    },
    "animation.darumaka_galarian.expressions": {
      "animation_length": 1.5,
      "bones": {
        "left_eye_closed": {
          "position": {
            "0.0": [0, 0, 0],
            "1.0": {
              "post": [0.025, 0, -0.1],
              "pre": [0, 0, 0]
            },
            "1.25": {
              "post": [0, 0, -0.1],
              "pre": [0.025, 0, -0.1]
            }
          },
          "rotation": {
            "0.0": [0, 0, 0],
            "1.0": {
              "post": [0, 0, 7.5],
              "pre": [0, 0, 0]
            },
            "1.25": {
              "post": [0, 0, -10],
              "pre": [0, 0, 7.5]
            }
          }
        },
        "left_eyebrow": {
          "position": {
            "0.0": [0, 0, 0],
            "0.25": {
              "post": [0, 0.5, 0],
              "pre": [0, 0, 0]
            },
            "0.5": {
              "post": [-0.2, -0.35, 0],
              "pre": [0, 0.5, 0]
            },
            "0.75": {
              "post": [0, 0, 0],
              "pre": [-0.2, -0.35, 0]
            },
            "1.25": {
              "post": [-0.2, -0.25, 0],
              "pre": [0, 0, 0]
            }
          },
          "rotation": {
            "0.0": [0, 0, 0],
            "0.5": {
              "post": [0, 0, -12.5],
              "pre": [0, 0, 0]
            },
            "0.75": {
              "post": [0, 0, 0],
              "pre": [0, 0, -12.5]
            }
          }
        },
        "left_eyelid_sad": {
          "position": {
            "0.0": [0, 0, 0],
            "0.75": {
              "post": [0, 0, -0.1],
              "pre": [0, 0, 0]
            },
            "1.0": {
              "post": [0, 0, 0],
              "pre": [0, 0, -0.1]
            }
          }
        },
        "left_pupil": {
          "position": {
            "0.0": [0, 0, 0.1],
            "0.25": {
              "post": [0, 0, 0],
              "pre": [0, 0, 0.1]
            },
            "0.5": [0, 0, 0],
            "1.0": {
              "post": [0, 0, 0.1],
              "pre": [0, 0, 0]
            }
          },
          "scale": {
            "0.0": [1, 1, 1],
            "0.25": {
              "post": [0.7, 0.7, 1],
              "pre": [1, 1, 1]
            },
            "0.5": {
              "post": [1, 1, 1],
              "pre": [0.7, 0.7, 1]
            }
          }
        },
        "left_pupil_happy": {
          "position": {
            "0.0": [0, 0, -0.1],
            "0.25": {
              "post": [0, 0, 0],
              "pre": [0, 0, -0.1]
            },
            "0.5": [0, 0, 0]
          }
        },
        "mouth": {
          "position": {
            "0.0": [0, 0, 0],
            "0.25": {
              "post": [0, 0, 0.1],
              "pre": [0, 0, 0]
            },
            "0.5": {
              "post": [0, 0, 0],
              "pre": [0, 0, 0.1]
            },
            "0.75": {
              "post": [0, 0.1, 0],
              "pre": [0, 0, 0]
            },
            "1.25": {
              "post": [0, 0, 0.1],
              "pre": [0, 0.1, 0]
            }
          },
          "rotation": {
            "0.0": [0, 0, 0],
            "0.75": {
              "post": [0, 0, 180],
              "pre": [0, 0, 0]
            }
          }
        },
        "mouth_shocked": {
          "position": {
            "0.0": [0, 0, 0],
            "0.25": {
              "post": [0, 0, -0.1],
              "pre": [0, 0, 0]
            },
            "0.5": {
              "post": [0, 0, 0],
              "pre": [0, 0, -0.1]
            },
            "1.25": {
              "post": [0, 0, -0.1],
              "pre": [0, 0, 0]
            }
          }
        },
        "right_eye_closed": {
          "position": {
            "0.0": [0, 0, 0],
            "1.0": {
              "post": [-0.025, 0, -0.1],
              "pre": [0, 0, 0]
            },
            "1.25": {
              "post": [0, 0, -0.1],
              "pre": [-0.025, 0, -0.1]
            }
          },
          "rotation": {
            "0.0": [0, 0, 0],
            "1.0": {
              "post": [0, 0, -7.5],
              "pre": [0, 0, 0]
            },
            "1.25": {
              "post": [0, 0, 10],
              "pre": [0, 0, -7.5]
            }
          }
        },
        "right_eyebrow": {
          "position": {
            "0.0": [0, 0, 0],
            "0.25": {
              "post": [0, 0.5, 0],
              "pre": [0, 0, 0]
            },
            "0.5": {
              "post": [0.2, -0.35, 0],
              "pre": [0, 0.5, 0]
            },
            "0.75": {
              "post": [0, 0, 0],
              "pre": [0.2, -0.35, 0]
            },
            "1.25": {
              "post": [0.2, -0.25, 0],
              "pre": [0, 0, 0]
            }
          },
          "rotation": {
            "0.0": [0, 0, 0],
            "0.5": {
              "post": [0, 0, 12.5],
              "pre": [0, 0, 0]
            },
            "0.75": {
              "post": [0, 0, 0],
              "pre": [0, 0, 12.5]
            }
          }
        },
        "right_eyelid_sad": {
          "position": {
            "0.0": [0, 0, 0],
            "0.75": {
              "post": [0, 0, -0.1],
              "pre": [0, 0, 0]
            },
            "1.0": {
              "post": [0, 0, 0],
              "pre": [0, 0, -0.1]
            }
          }
        },
        "right_pupil": {
          "position": {
            "0.0": [0, 0, 0.1],
            "0.25": {
              "post": [0, 0, 0],
              "pre": [0, 0, 0.1]
            },
            "0.5": [0, 0, 0],
            "1.0": {
              "post": [0, 0, 0.1],
              "pre": [0, 0, 0]
            }
          },
          "scale": {
            "0.0": [1, 1, 1],
            "0.25": {
              "post": [0.7, 0.7, 1],
              "pre": [1, 1, 1]
            },
            "0.5": {
              "post": [1, 1, 1],
              "pre": [0.7, 0.7, 1]
            }
          }
        },
        "right_pupil_happy": {
          "position": {
            "0.0": [0, 0, -0.1],
            "0.25": {
              "post": [0, 0, 0],
              "pre": [0, 0, -0.1]
            },
            "0.5": [0, 0, 0]
          }
        }
      }
    },
    "animation.darumaka_galarian.ground_idle": {
      "bones": {
        "left_arm": {
          "rotation": [0, "0+math.sin(q.anim_time*90*3-20+180)*3", "7.5+math.sin(q.anim_time*90*1.5-25)*6"]
        },
        "left_eyebrow": {
          "rotation": [0, 0, "0+math.sin(q.anim_time*90*1.5-30)*1"]
        },
        "left_foot": {
          "rotation": [0, 0, -5]
        },
        "left_hand": {
          "rotation": [0, 0, "0+math.sin(q.anim_time*90*1.5-50)*2.5"]
        },
        "left_leg": {
          "rotation": [0, 0, 5]
        },
        "right_arm": {
          "rotation": [0, "0+math.sin(q.anim_time*90*3-20+180)*3", "-7.5+math.sin(q.anim_time*90*1.5-25)*6"]
        },
        "right_eyebrow": {
          "rotation": [0, 0, "0+math.sin(q.anim_time*90*1.5-30)*1"]
        },
        "right_foot": {
          "rotation": [0, 0, 5]
        },
        "right_hand": {
          "rotation": [0, 0, "0+math.sin(q.anim_time*90*1.5-50)*2.5"]
        },
        "right_leg": {
          "rotation": [0, 0, -5]
        },
        "tail": {
          "rotation": ["12.5+math.sin(q.anim_time*90*3-20)*2", "0+math.sin(q.anim_time*90*1.5-25+180)*2.5", 0]
        },
        "torso": {
          "rotation": ["0+math.sin(q.anim_time*90*3+0)*2", "0+math.sin(q.anim_time*90*1.5+0)*1", "0+math.sin(q.anim_time*90*1.5+0)*2"]
        }
      },
      "loop": true
    },
    "animation.darumaka_galarian.ground_run": {
      "animation_length": 0.75,
      "bones": {
        "body": {
          "position": [0, "1.5+math.sin(q.anim_time*90*10.5+70)*1.5", "0+math.sin(q.anim_time*90*10.5+150)*0.75"]
        },
        "left_arm": {
          "position": [-0.25, 0, 0],
          "rotation": [7.5, "-25+math.sin(q.anim_time*90*10.5-10)*2.5", "-7.5+math.sin(q.anim_time*90*10.5-150)*15"]
        },
        "left_eyebrow": {
          "rotation": [0, 0, "0+math.sin(q.anim_time*90*10.5+20+180)*3.5"]
        },
        "left_foot": {
          "rotation": {
            "0.0": [15, 0, -5],
            "0.125": {
              "lerp_mode": "catmullrom",
              "post": [0, 0, -5],
              "pre": [0, 0, -5]
            },
            "0.1667": {
              "lerp_mode": "catmullrom",
              "post": [-6.90181, 0.28969, -4.00222]
            },
            "0.25": {
              "lerp_mode": "catmullrom",
              "post": [-12.45392, 1.08089, -0.11794]
            },
            "0.375": {
              "lerp_mode": "catmullrom",
              "post": [22.42287, -1.91134, -0.37889]
            },
            "0.5417": {
              "lerp_mode": "catmullrom",
              "post": [22.48072, -0.95645, -2.69009]
            },
            "0.75": [15, 0, -5]
          }
        },
        "left_hand": {
          "rotation": [0, 0, "0+math.sin(q.anim_time*90*10.5-180)*10"]
        },
        "left_leg": {
          "position": {
            "0.0": [0, 1, -2.5],
            "0.125": {
              "lerp_mode": "catmullrom",
              "post": [0, 0, 0],
              "pre": [0, 0, 0]
            },
            "0.1667": {
              "lerp_mode": "catmullrom",
              "post": [0, -0.25, 0.69]
            },
            "0.2083": {
              "lerp_mode": "catmullrom",
              "post": [0, 0.11, 1.12]
            },
            "0.25": {
              "lerp_mode": "catmullrom",
              "post": [0, -0.09, 1.56]
            },
            "0.375": {
              "lerp_mode": "catmullrom",
              "post": [0, 0.5, 2.5]
            },
            "0.5833": {
              "lerp_mode": "catmullrom",
              "post": [0, 1, 0]
            },
            "0.75": [0, 1, -2.5]
          },
          "rotation": {
            "0.0": [-60, 0, 5],
            "0.125": {
              "lerp_mode": "catmullrom",
              "post": [0, 0, 5],
              "pre": [0, 0, 5]
            },
            "0.25": {
              "lerp_mode": "catmullrom",
              "post": [22.42287, 1.91134, 0.37889]
            },
            "0.375": {
              "lerp_mode": "catmullrom",
              "post": [54.8973, 4.09405, 2.12723]
            },
            "0.5417": {
              "lerp_mode": "catmullrom",
              "post": [54.8973, 4.09405, 2.12723]
            },
            "0.75": [-60, 0, 5]
          }
        },
        "right_arm": {
          "rotation": [7.5, "25+math.sin(q.anim_time*90*10.5-15+180)*2.5", "7.5+math.sin(q.anim_time*90*10.5-155+180)*15"]
        },
        "right_eyebrow": {
          "rotation": [0, 0, "0+math.sin(q.anim_time*90*10.5+20)*3.5"]
        },
        "right_foot": {
          "rotation": {
            "0.0": [22.42287, 1.91134, 0.37889],
            "0.2083": {
              "lerp_mode": "catmullrom",
              "post": [22.48072, 0.95645, 2.69009],
              "pre": [22.48072, 0.95645, 2.69009]
            },
            "0.375": {
              "lerp_mode": "catmullrom",
              "post": [15, 0, 5]
            },
            "0.5": {
              "lerp_mode": "catmullrom",
              "post": [0, 0, 5]
            },
            "0.5417": {
              "lerp_mode": "catmullrom",
              "post": [-6.90181, -0.28969, 4.00222]
            },
            "0.625": {
              "lerp_mode": "catmullrom",
              "post": [-12.45392, -1.08089, 0.11794]
            },
            "0.75": [22.42287, 1.91134, 0.37889]
          }
        },
        "right_hand": {
          "rotation": [0, 0, "0+math.sin(q.anim_time*90*10.5+0)*10"]
        },
        "right_leg": {
          "position": {
            "0.0": [0, 0.5, 2.5],
            "0.2083": {
              "lerp_mode": "catmullrom",
              "post": [0, 1, 0],
              "pre": [0, 1, 0]
            },
            "0.375": {
              "lerp_mode": "catmullrom",
              "post": [0, 1, -2.5]
            },
            "0.5": {
              "lerp_mode": "catmullrom",
              "post": [0, 0, 0]
            },
            "0.5417": {
              "lerp_mode": "catmullrom",
              "post": [0, -0.24, 0.63]
            },
            "0.5833": {
              "lerp_mode": "catmullrom",
              "post": [0, 0.13, 1]
            },
            "0.625": {
              "lerp_mode": "catmullrom",
              "post": [0, -0.06, 1.41]
            },
            "0.75": [0, 0.5, 2.5]
          },
          "rotation": {
            "0.0": [54.8973, -4.09405, -2.12723],
            "0.1667": {
              "lerp_mode": "catmullrom",
              "post": [54.8973, -4.09405, -2.12723],
              "pre": [54.8973, -4.09405, -2.12723]
            },
            "0.375": {
              "lerp_mode": "catmullrom",
              "post": [-60, 0, -5]
            },
            "0.5": {
              "lerp_mode": "catmullrom",
              "post": [0, 0, -5]
            },
            "0.625": {
              "lerp_mode": "catmullrom",
              "post": [22.42287, -1.91134, -0.37889]
            },
            "0.75": [54.8973, -4.09405, -2.12723]
          }
        },
        "tail": {
          "rotation": ["12.5+math.sin(q.anim_time*90*10.5+10)*5", "0+math.sin(q.anim_time*90*5.25+10)*5", 0]
        },
        "torso": {
          "position": [0, "-0.3+math.sin(q.anim_time*90*10.5+40)*0.7", 0],
          "rotation": ["-10+math.sin(q.anim_time*90*10.5+40+180)*2.5", "0+math.sin(q.anim_time*90*5.25+40)*3", "0+math.sin(q.anim_time*90*5.25+40+180)*5"]
        }
      },
      "loop": true
    },
    "animation.darumaka_galarian.ground_walk": {
      "animation_length": 1,
      "bones": {
        "body": {
          "position": [0, 0, "0+math.clamp(math.sin(query.anim_time*90*8*1-140)*0.5,-0.35,0.35)+math.sin(q.anim_time*90*8-160)*0.15"]
        },
        "closed": {
          "position": [0, 0, 0]
        },
        "left_arm": {
          "rotation": ["0+math.sin(q.anim_time*90*8-100+180)*1", "0+math.sin(q.anim_time*90*4-0)*10.5", "7.5+math.sin(q.anim_time*90*4-10)*12.5"]
        },
        "left_eyebrow": {
          "rotation": [0, 0, "0+math.sin(q.anim_time*90*4-15)*2"]
        },
        "left_foot": {
          "rotation": ["math.clamp(math.sin(query.anim_time*90*4*1-180)*22.5,-22,0)+math.clamp(math.sin(query.anim_time*90*4*1-180)*2.5,0,2.5)", 0, 0]
        },
        "left_hand": {
          "rotation": [0, "0+math.sin(q.anim_time*90*4-30)*5.5", "0+math.sin(q.anim_time*90*4-40)*5.5"]
        },
        "left_leg": {
          "position": [0, "math.clamp(math.sin(query.anim_time*90*4*1+200)*1.25,-0.0,1.25)+math.clamp(math.sin(query.anim_time*90*4*1+180)*0.125,-0.125,0.0)", "0+math.sin(q.anim_time*90*4-75)*1.25"],
          "rotation": ["0+math.clamp(math.sin(query.anim_time*90*4*1+0)*32.5,-32,0)+math.clamp(math.sin(query.anim_time*90*4*1+0)*22.5,0,22)", 0, "0+math.clamp(math.sin(query.anim_time*90*4*1+10)*17.5,-17,0)"]
        },
        "lil_cherry": {
          "rotation": ["15+math.sin(q.anim_time*90*4-100)*1.5", "70+math.sin(q.anim_time*90*4-100)*1", "0 +math.sin(q.anim_time*90*8-100)*2"]
        },
        "main_leaf": {
          "rotation": ["18.9272+math.sin(q.anim_time*90*8-50)*1", "2.9789+math.sin(q.anim_time*90*4-50)*3.5", 15.69176]
        },
        "main_leaf2": {
          "rotation": ["35+math.sin(q.anim_time*90*8-75)*1.5", "0+math.sin(q.anim_time*90*4-75)*1", 0]
        },
        "main_stem": {
          "rotation": ["-45+math.sin(q.anim_time*90*8-5)*1", "22.5+math.sin(q.anim_time*90*4-5)*2", "0+math.sin(q.anim_time*90*4-5)*2.5"]
        },
        "main_stem2": {
          "rotation": [14.87739, -1.93597, "7.2472+math.sin(q.anim_time*90*4-30)*3.5"]
        },
        "right_arm": {
          "rotation": ["0+math.sin(q.anim_time*90*8-100+180)*1", "0+math.sin(q.anim_time*90*4-0)*10.5", "-7.5+math.sin(q.anim_time*90*4-10)*12.5"]
        },
        "right_eyebrow": {
          "rotation": [0, 0, "0+math.sin(q.anim_time*90*4-15)*2"]
        },
        "right_foot": {
          "rotation": ["math.clamp(math.sin(query.anim_time*90*4*1-0)*22.5,-22,0)+math.clamp(math.sin(query.anim_time*90*4*1-0)*2.5,0,2.5)", 0, 0]
        },
        "right_hand": {
          "rotation": [0, "0+math.sin(q.anim_time*90*4-30)*5.5", "0+math.sin(q.anim_time*90*4-40)*5.5"]
        },
        "right_leg": {
          "position": [0, "math.clamp(math.sin(query.anim_time*90*4*1+200+180)*1.25,-0.0,1.25)+math.clamp(math.sin(query.anim_time*90*4*1+180)*0.125,-0.125,0.0)", "0+math.sin(q.anim_time*90*4-75+180)*1.25"],
          "rotation": ["math.clamp(math.sin(query.anim_time*90*4*1+180)*32.5,-32,0)+math.clamp(math.sin(query.anim_time*90*4*1+180)*22.5,0,22)", 0, "-(math.clamp(math.sin(query.anim_time*90*4*1+10+180)*17.5,-17,0))"]
        },
        "second_leaf": {
          "rotation": ["-6.4271+math.sin(q.anim_time*90*8-60)*1", "5.0435+math.sin(q.anim_time*90*4-60)*3.5", -13.66203]
        },
        "second_leaf2": {
          "rotation": ["-45+math.sin(q.anim_time*90*8-85)*1.5", "0+math.sin(q.anim_time*90*4-85)*1", 0]
        },
        "second_stem": {
          "rotation": ["-22.5+math.sin(q.anim_time*90*8-50)*1", 0, "0+math.sin(q.anim_time*90*4-50)*3"]
        },
        "second_stem2": {
          "rotation": [14.78217, "2.5759+math.sin(q.anim_time*90*4-75)*1.5", "-9.6658+math.sin(q.anim_time*90*4-75)*2"]
        },
        "tail": {
          "rotation": ["12.5+math.sin(q.anim_time*90*8-100+180)*2.5", "math.sin(q.anim_time*90*4-105+180)*5.5", 0]
        },
        "torso": {
          "position": [0, "0+math.sin(q.anim_time*90*8+10)*0.2", 0],
          "rotation": ["0+math.sin(q.anim_time*90*8-80+180)*2", "0+math.sin(q.anim_time*90*4-75+180)*7", "0+math.sin(q.anim_time*90*4+15)*7.5"]
        }
      },
      "loop": true
    },
    "animation.darumaka_galarian.move": {
      "bones": {
        "darumaka_galar": {
          "position": [0, 0, "0-query.anim_time *90 *0.2"]
        }
      },
      "loop": true
    },
    "animation.darumaka_galarian.move_run": {
      "bones": {
        "darumaka_galar": {
          "position": [0, 0, "0-query.anim_time *90 *0.5"]
        }
      },
      "loop": true
    },
    "animation.darumaka_galarian.pose": {
      "bones": {
        "left_arm": {
          "rotation": [0, 0, -17.5]
        },
        "left_foot": {
          "rotation": [0, -5, -7.5]
        },
        "left_leg": {
          "rotation": [0, 0, 7.5]
        },
        "mouth": {
          "rotation": [0, 0, 0]
        },
        "right_arm": {
          "rotation": [-3.31914, -14.63639, 22.92638]
        },
        "right_foot": {
          "rotation": [7.5, 5, 7.5]
        },
        "right_hand": {
          "rotation": [0, 0, 12.5]
        },
        "right_leg": {
          "position": [-0.25, 2, 0],
          "rotation": [-360, 42.5, -312.5]
        },
        "tail": {
          "rotation": [10, 0, 0]
        },
        "torso": {
          "position": [-0.25, 0, 0],
          "rotation": [-2.44081, 0.54094, 12.48848]
        }
      },
      "loop": true
    },
    "animation.darumaka_galarian.quirk": {
      "animation_length": 1.5,
      "bones": {
        "left_arm": {
          "rotation": {
            "0.0": {
              "lerp_mode": "catmullrom",
              "post": [0, 0, 0]
            },
            "0.375": {
              "lerp_mode": "catmullrom",
              "post": [0, -5, 7.5]
            },
            "0.9583": {
              "lerp_mode": "catmullrom",
              "post": [0, 7.5, 5]
            },
            "1.4167": {
              "lerp_mode": "catmullrom",
              "post": [0, 0, 0]
            },
            "1.5": [0, 0, 0]
          }
        },
        "left_pupil": {
          "position": {
            "0.0": [0, 0, 0],
            "0.2083": {
              "post": [-0.37, 0.25, 0],
              "pre": [0, 0, 0]
            },
            "0.7083": {
              "post": [0.5, 0, 0],
              "pre": [-0.37, 0.25, 0]
            },
            "1.3333": {
              "post": [0, 0, 0],
              "pre": [0.5, 0, 0]
            }
          }
        },
        "right_arm": {
          "rotation": {
            "0.0": {
              "lerp_mode": "catmullrom",
              "post": [0, 0, 0]
            },
            "0.375": {
              "lerp_mode": "catmullrom",
              "post": [0, -5, -7.5]
            },
            "0.9583": {
              "lerp_mode": "catmullrom",
              "post": [0, 7.5, -5]
            },
            "1.4167": {
              "lerp_mode": "catmullrom",
              "post": [0, 0, 0]
            },
            "1.5": [0, 0, 0]
          }
        },
        "right_pupil": {
          "position": {
            "0.0": [0, 0, 0],
            "0.2083": {
              "post": [-0.37, 0.25, 0],
              "pre": [0, 0, 0]
            },
            "0.7083": {
              "post": [0.5, 0, 0],
              "pre": [-0.37, 0.25, 0]
            },
            "1.3333": {
              "post": [0, 0, 0],
              "pre": [0.5, 0, 0]
            }
          }
        },
        "torso": {
          "rotation": {
            "0.0": {
              "lerp_mode": "catmullrom",
              "post": [0, 0, 0]
            },
            "0.375": {
              "lerp_mode": "catmullrom",
              "post": [-10, 7.5, -3]
            },
            "0.9583": {
              "lerp_mode": "catmullrom",
              "post": [0, -7.5, 1.5]
            },
            "1.4167": {
              "lerp_mode": "catmullrom",
              "post": [0, 0, 0]
            },
            "1.5": [0, 0, 0]
          }
        }
      }
    },
    "animation.darumaka_galarian.quirk2": {
      "animation_length": 3,
      "bones": {
        "left_arm": {
          "position": {
            "0.0": [0, 0, 0],
            "0.125": {
              "lerp_mode": "catmullrom",
              "post": [0, 0, 0],
              "pre": [0, 0, 0]
            },
            "0.25": {
              "lerp_mode": "catmullrom",
              "post": [-5, 0, 0]
            },
            "2.6667": {
              "lerp_mode": "catmullrom",
              "post": [-5, 0, 0]
            },
            "2.8333": {
              "lerp_mode": "catmullrom",
              "post": [0, 0, 0]
            }
          },
          "scale": {
            "0.25": [1, 1, 1],
            "0.4167": {
              "post": [0, 0, 0],
              "pre": [1, 1, 1]
            },
            "2.6667": {
              "post": [1, 1, 1],
              "pre": [0, 0, 0]
            }
          }
        },
        "left_eye_closed": {
          "position": {
            "0.0": [0, 0, 0],
            "0.2083": {
              "post": [0, 0, -0.1],
              "pre": [0, 0, 0]
            },
            "0.4583": {
              "post": [0, 0, 0],
              "pre": [0, 0, -0.1]
            },
            "0.5833": {
              "post": [0, 0, -0.1],
              "pre": [0, 0, 0]
            },
            "2.875": {
              "post": [0, 0, 0],
              "pre": [0, 0, -0.1]
            }
          }
        },
        "left_eyebrow": {
          "rotation": {
            "0.2083": {
              "lerp_mode": "catmullrom",
              "post": [0, 0, 0],
              "pre": [0, 0, 0]
            },
            "0.375": {
              "lerp_mode": "catmullrom",
              "post": [0, 0, -7.5]
            },
            "0.5": {
              "lerp_mode": "catmullrom",
              "post": [0, 0, 0]
            }
          }
        },
        "left_leg": {
          "position": {
            "0.0": [0, 0, 0],
            "0.125": {
              "lerp_mode": "catmullrom",
              "post": [0, 0, 0],
              "pre": [0, 0, 0]
            },
            "0.25": {
              "lerp_mode": "catmullrom",
              "post": [0, 4, 0]
            },
            "2.4583": {
              "lerp_mode": "catmullrom",
              "post": [0, 4, 0]
            },
            "2.625": {
              "lerp_mode": "catmullrom",
              "post": [0, 0, 0]
            }
          },
          "scale": {
            "0.25": [1, 1, 1],
            "0.4167": {
              "post": [0, 0, 0],
              "pre": [1, 1, 1]
            },
            "2.4583": {
              "post": [1, 1, 1],
              "pre": [0, 0, 0]
            }
          }
        },
        "left_pupil": {
          "position": {
            "0.0": [0, 0, 0],
            "0.2083": {
              "post": [0, 0, 0.1],
              "pre": [0, 0, 0]
            },
            "0.4583": {
              "post": [0, 0, 0],
              "pre": [0, 0, 0.1]
            },
            "0.5833": {
              "post": [0, 0, 0.1],
              "pre": [0, 0, 0]
            },
            "2.875": {
              "post": [0, 0, 0],
              "pre": [0, 0, 0.1]
            }
          }
        },
        "right_arm": {
          "position": {
            "0.0": [0, 0, 0],
            "0.125": {
              "lerp_mode": "catmullrom",
              "post": [0, 0, 0],
              "pre": [0, 0, 0]
            },
            "0.25": {
              "lerp_mode": "catmullrom",
              "post": [5, 0, 0]
            },
            "2.6667": {
              "lerp_mode": "catmullrom",
              "post": [5, 0, 0]
            },
            "2.8333": {
              "lerp_mode": "catmullrom",
              "post": [0, 0, 0]
            }
          },
          "scale": {
            "0.25": [1, 1, 1],
            "0.4167": {
              "post": [0, 0, 0],
              "pre": [1, 1, 1]
            },
            "2.6667": {
              "post": [1, 1, 1],
              "pre": [0, 0, 0]
            }
          }
        },
        "right_eye_closed": {
          "position": {
            "0.0": [0, 0, 0],
            "0.2083": {
              "post": [0, 0, -0.1],
              "pre": [0, 0, 0]
            },
            "0.4583": {
              "post": [0, 0, 0],
              "pre": [0, 0, -0.1]
            },
            "0.5833": {
              "post": [0, 0, -0.1],
              "pre": [0, 0, 0]
            },
            "2.875": {
              "post": [0, 0, 0],
              "pre": [0, 0, -0.1]
            }
          }
        },
        "right_eyebrow": {
          "rotation": {
            "0.0": [0, 0, 0],
            "0.2083": {
              "lerp_mode": "catmullrom",
              "post": [0, 0, 0],
              "pre": [0, 0, 0]
            },
            "0.375": {
              "lerp_mode": "catmullrom",
              "post": [0, 0, 7.5]
            },
            "0.5": {
              "lerp_mode": "catmullrom",
              "post": [0, 0, 0]
            }
          }
        },
        "right_leg": {
          "position": {
            "0.0": [0, 0, 0],
            "0.125": {
              "lerp_mode": "catmullrom",
              "post": [0, 0, 0],
              "pre": [0, 0, 0]
            },
            "0.25": {
              "lerp_mode": "catmullrom",
              "post": [0, 4, 0]
            },
            "2.4583": {
              "lerp_mode": "catmullrom",
              "post": [0, 4, 0]
            },
            "2.625": {
              "lerp_mode": "catmullrom",
              "post": [0, 0, 0]
            }
          },
          "scale": {
            "0.25": [1, 1, 1],
            "0.4167": {
              "post": [0, 0, 0],
              "pre": [1, 1, 1]
            },
            "2.4583": {
              "post": [1, 1, 1],
              "pre": [0, 0, 0]
            }
          }
        },
        "right_pupil": {
          "position": {
            "0.0": [0, 0, 0],
            "0.2083": {
              "post": [0, 0, 0.1],
              "pre": [0, 0, 0]
            },
            "0.4583": {
              "post": [0, 0, 0],
              "pre": [0, 0, 0.1]
            },
            "0.5833": {
              "post": [0, 0, 0.1],
              "pre": [0, 0, 0]
            },
            "2.875": {
              "post": [0, 0, 0],
              "pre": [0, 0, 0.1]
            }
          }
        },
        "torso": {
          "position": {
            "0.0": {
              "lerp_mode": "catmullrom",
              "post": [0, 0, 0]
            },
            "0.25": {
              "lerp_mode": "catmullrom",
              "post": [0, 0.5, 0]
            },
            "0.4167": {
              "lerp_mode": "catmullrom",
              "post": [0, -3.25, 0]
            },
            "0.5417": {
              "lerp_mode": "catmullrom",
              "post": [0, -2.75, 0]
            },
            "1.0": {
              "lerp_mode": "catmullrom",
              "post": [0.25, -2.5, 0.1]
            },
            "1.3333": {
              "lerp_mode": "catmullrom",
              "post": [0.01, -2.69, -0.03]
            },
            "1.9583": {
              "lerp_mode": "catmullrom",
              "post": [-0.5, -2.5, -0.3]
            },
            "2.5833": {
              "lerp_mode": "catmullrom",
              "post": [0, -2.75, 0]
            },
            "2.7917": {
              "lerp_mode": "catmullrom",
              "post": [0, 0, 0]
            }
          },
          "rotation": {
            "0.0": {
              "lerp_mode": "catmullrom",
              "post": [0, 0, 0]
            },
            "0.4583": {
              "lerp_mode": "catmullrom",
              "post": [0, 0, 0]
            },
            "0.9583": {
              "lerp_mode": "catmullrom",
              "post": [2, 2.82843, 8.65685]
            },
            "1.7917": {
              "lerp_mode": "catmullrom",
              "post": [-0.83706, -0.88192, -11.76384]
            },
            "2.5417": {
              "lerp_mode": "catmullrom",
              "post": [0, 0, 0]
            }
          }
        }
      }
    },
    "animation.darumaka_galarian.sleep": {
      "bones": {
        "body": {
          "position": [0, -2.5, 0]
        },
        "left_arm": {
          "position": [-5, 0, 0]
        },
        "left_eye_closed": {
          "position": [0, 0, -0.1]
        },
        "left_eyebrow": {
          "rotation": [0, 0, "0+math.sin(q.anim_time*90*1-20)*0.5"]
        },
        "left_leg": {
          "position": [-1, 3, 0]
        },
        "left_pupil": {
          "position": [0, 0, 0.1]
        },
        "mouth": {
          "position": [0, 0, 0.1]
        },
        "right_arm": {
          "position": [5, 0, 0]
        },
        "right_eye_closed": {
          "position": [0, 0, -0.1]
        },
        "right_eyebrow": {
          "rotation": [0, 0, "00+math.sin(q.anim_time*90*1-20)*0.5"]
        },
        "right_leg": {
          "position": [1, 3, 0]
        },
        "right_pupil": {
          "position": [0, 0, 0.1]
        },
        "tail": {
          "rotation": ["12.5+math.sin(q.anim_time*90*2-20)*0.75", "0+math.sin(q.anim_time*90*1-30)*0.5", 0]
        },
        "torso": {
          "rotation": ["0+math.sin(q.anim_time*90*2+0)*0.5", "0+math.sin(q.anim_time*90*1+0)*0.3", "0+math.sin(q.anim_time*90*1+0)*1"]
        }
      },
      "loop": true
    }
  },
  "format_version": "1.8.0"
}