{
  "animations": {
    "animation.brutebonnet.cry": {
      "animation_length": 2,
      "bones": {
        "amoongus": {
          "position": [0, -0.25, 0]
        },
        "arm_left": {
          "rotation": {
            "0.0": [0, 0, "22.5+math.cos(q.anim_time*90)*5"],
            "0.125": [0, 0, "-10+math.cos(q.anim_time*90)*5"],
            "0.6667": [0, 0, "-10+math.cos(q.anim_time*90)*5"],
            "0.9583": [0, 0, "25+math.cos(q.anim_time*90)*5"]
          }
        },
        "arm_left2": {
          "rotation": [0, -45, 0]
        },
        "arm_right": {
          "rotation": {
            "0.0": [0, 0, "-22.5+math.cos(q.anim_time*90)*5"],
            "0.125": [0, 0, "12.5+math.cos(q.anim_time*90)*5"],
            "0.6667": [0, 0, "12.5+math.cos(q.anim_time*90)*5"],
            "0.9583": [0, 0, "-25+math.cos(q.anim_time*90)*5"]
          }
        },
        "arm_right2": {
          "rotation": [0, 45, 0]
        },
        "cap": {
          "rotation": [-5, 0, 0]
        },
        "hair_back": {
          "rotation": ["17.5+math.sin(q.anim_time*180)*5", 0, 0]
        },
        "hair_back_left": {
          "rotation": ["10+math.sin(q.anim_time*90)*5", 0, 0]
        },
        "hair_back_right": {
          "rotation": ["10+math.sin(q.anim_time*90)*5", 0, 0]
        },
        "hair_front_left": {
          "rotation": ["-5+math.sin(q.anim_time*90)*5", 0, -5]
        },
        "hair_front_right": {
          "rotation": ["-5+math.sin(q.anim_time*90)*5", 0, 5]
        },
        "hair_left": {
          "rotation": [0, 0, "-5+math.sin(q.anim_time*90)*10"]
        },
        "hair_left_back": {
          "rotation": [5, 0, "-5+math.sin(q.anim_time*180)*2.5"]
        },
        "hair_right": {
          "rotation": [0, 0, "5+math.sin(q.anim_time*90)*10"]
        },
        "hair_right_back": {
          "rotation": [5, 0, "5+math.sin(q.anim_time*180)*2.5"]
        },
        "hair_right_front": {
          "rotation": [0, 0, 0]
        },
        "head": {
          "rotation": {
            "0.0": {
              "lerp_mode": "catmullrom",
              "post": [-10, 0, 0]
            },
            "0.25": {
              "lerp_mode": "catmullrom",
              "post": [-22.5, 0, 0]
            },
            "1.0": {
              "lerp_mode": "catmullrom",
              "post": [-10, 0, 0]
            }
          }
        },
        "jaw": {
          "rotation": {
            "0.0": ["12.5+math.sin(q.anim_time*90)*5", 0, 0],
            "0.0833": ["42.5+math.sin(q.anim_time*90)*5", 0, 0],
            "1.25": ["42.5+math.sin(q.anim_time*90)*5", 0, 0],
            "1.5": ["12.5+math.sin(q.anim_time*90)*5", 0, 0]
          }
        },
        "leg_left_back": {
          "rotation": [0, 0, -5]
        },
        "leg_left_front": {
          "rotation": [0, 0, -5]
        },
        "leg_right_back": {
          "rotation": [0, 0, 5]
        },
        "leg_right_front": {
          "rotation": [0, 0, 5]
        },
        "tail": {
          "rotation": [0, "math.sin(q.anim_time*90)*12.5", 0]
        },
        "torso": {
          "position": [0, "math.sin(q.anim_time*90)*0.1", 0],
          "rotation": [0, 0, "math.sin(q.anim_time*90)*2.5"]
        }
      },
      "sound_effects": {
        "0.0417": {
          "effect": "pokemon.brutebonnet.cry"
        }
      }
    },
    "animation.brutebonnet.ground_idle": {
      "animation_length": 1,
      "bones": {
        "amoongus": {
          "position": [0, -0.25, 0]
        },
        "arm_left": {
          "rotation": [0, 0, "22.5+math.cos(q.anim_time*90)*5"]
        },
        "arm_left2": {
          "rotation": [0, -45, 0]
        },
        "arm_right": {
          "rotation": [0, 0, "-22.5+math.cos(q.anim_time*90)*5"]
        },
        "arm_right2": {
          "rotation": [0, 45, 0]
        },
        "cap": {
          "rotation": [-5, 0, 0]
        },
        "hair_back": {
          "rotation": ["17.5+math.sin(q.anim_time*180)*5", 0, 0]
        },
        "hair_back_left": {
          "rotation": ["10+math.sin(q.anim_time*90)*5", 0, 0]
        },
        "hair_back_right": {
          "rotation": ["10+math.sin(q.anim_time*90)*5", 0, 0]
        },
        "hair_front_left": {
          "rotation": ["-5+math.sin(q.anim_time*90)*5", 0, -5]
        },
        "hair_front_right": {
          "rotation": ["-5+math.sin(q.anim_time*90)*5", 0, 5]
        },
        "hair_left": {
          "rotation": [0, 0, "-5+math.sin(q.anim_time*90)*10"]
        },
        "hair_left_back": {
          "rotation": [5, 0, "-5+math.sin(q.anim_time*180)*2.5"]
        },
        "hair_right": {
          "rotation": [0, 0, "5+math.sin(q.anim_time*90)*10"]
        },
        "hair_right_back": {
          "rotation": [5, 0, "5+math.sin(q.anim_time*180)*2.5"]
        },
        "hair_right_front": {
          "rotation": [0, 0, 0]
        },
        "head": {
          "rotation": [-10, 0, 0]
        },
        "jaw": {
          "rotation": ["12.5+math.sin(q.anim_time*90)*5", 0, 0]
        },
        "leg_left_back": {
          "rotation": [0, 0, -5]
        },
        "leg_left_front": {
          "rotation": [0, 0, -5]
        },
        "leg_right_back": {
          "rotation": [0, 0, 5]
        },
        "leg_right_front": {
          "rotation": [0, 0, 5]
        },
        "tail": {
          "rotation": [0, "math.sin(q.anim_time*90)*12.5", 0]
        },
        "torso": {
          "position": [0, "math.sin(q.anim_time*90)*0.1", 0],
          "rotation": [0, 0, "math.sin(q.anim_time*90)*2.5"]
        }
      },
      "loop": true
    }
  },
  "format_version": "1.8.0"
}