{
	"format_version": "1.12.0",
	"minecraft:geometry": [
		{
			"description": {
				"identifier": "geometry.sceptile",
				"texture_width": 128,
				"texture_height": 128,
				"visible_bounds_width": 9,
				"visible_bounds_height": 3.5,
				"visible_bounds_offset": [0, 1.25, 0]
			},
			"bones": [
				{
					"name": "sceptile",
					"pivot": [0, 0, 0]
				},
				{
					"name": "body",
					"parent": "sceptile",
					"pivot": [0, 0, 0]
				},
				{
					"name": "torso",
					"parent": "body",
					"pivot": [0, 11, 1],
					"cubes": [
						{"origin": [-4.5, 8, -3.5], "size": [9, 8, 9], "inflate": 0.01, "uv": [0, 0]}
					]
				},
				{
					"name": "upper_torso",
					"parent": "torso",
					"pivot": [0, 16, 1.5],
					"cubes": [
						{"origin": [-3.5, 15, -3], "size": [7, 9, 7], "uv": [0, 17]},
						{"origin": [-1, 19.9, -5.8], "size": [2, 2, 7], "uv": [24, 57]}
					]
				},
				{
					"name": "neck",
					"parent": "upper_torso",
					"pivot": [0, 24, 0.25],
					"cubes": [
						{"origin": [-2, 23, -1.75], "size": [4, 9, 4], "uv": [52, 33]},
						{"origin": [-0.5, 23, 2.25], "size": [1, 9, 0], "inflate": 0.01, "uv": [26, 33]}
					]
				},
				{
					"name": "head",
					"parent": "neck",
					"pivot": [0, 33, 0.75],
					"cubes": [
						{"origin": [-3, 32, -4.25], "size": [6, 4, 7], "inflate": 0.01, "uv": [0, 33]},
						{"origin": [-3, 30, -1.25], "size": [6, 2, 4], "inflate": 0.01, "uv": [64, 55]},
						{"origin": [-2, 32, -6.25], "size": [4, 3, 2], "inflate": 0.01, "uv": [52, 46]},
						{"origin": [-1, 31, -6.25], "size": [2, 1, 0], "pivot": [0, 32, -6.25], "rotation": [5, 0, 0], "uv": [36, 16]},
						{"origin": [3, 35, -3.35], "size": [0, 4, 8], "uv": [42, 62]},
						{"origin": [-3, 35, -3.35], "size": [0, 4, 8], "uv": [58, 62]}
					]
				},
				{
					"name": "jaw",
					"parent": "head",
					"pivot": [-0.5, 32, -1.25],
					"rotation": [17.5, 0, 0],
					"cubes": [
						{"origin": [-3, 30, -4.25], "size": [6, 2, 3], "pivot": [0.5, 30, -1.25], "rotation": [-10, 0, 0], "uv": [66, 0]},
						{"origin": [-2, 30, -5.75], "size": [4, 2, 2], "inflate": -0.01, "pivot": [0.5, 30, -1.25], "rotation": [-10, 0, 0], "uv": [84, 33]}
					]
				},
				{
					"name": "eyes",
					"parent": "head",
					"pivot": [0, 8, 1.25]
				},
				{
					"name": "right_eye",
					"parent": "eyes",
					"pivot": [-2.526, 33.8, -1.7],
					"rotation": [5, 0, 0],
					"cubes": [
						{"origin": [-3.03, 33, -2.6], "size": [0, 1, 2], "uv": [38, 71]},
						{"origin": [-3.025, 33.5, -3.1], "size": [0, 1, 3], "uv": [88, 61]},
						{"origin": [-3.02, 33, -3.6], "size": [0, 2, 4], "uv": [66, 5]},
						{"origin": [-3.015, 32.5, -3.1], "size": [0, 2, 3], "uv": [20, 88]},
						{"origin": [-3.04, 34.5, -3.6], "size": [1, 1, 4], "inflate": 0.02, "uv": [14, 56]}
					]
				},
				{
					"name": "right_pupil",
					"parent": "right_eye",
					"pivot": [-2.526, 33.8, -1.7],
					"cubes": [
						{"origin": [-3.04, 33.5, -2.6], "size": [0, 1, 1], "uv": [26, 42]}
					]
				},
				{
					"name": "right_eyelid",
					"parent": "right_eye",
					"pivot": [-2.41, 35.5177, -1.10232],
					"cubes": [
						{"origin": [-2.94, 33.5, -3.1], "size": [1, 2, 3], "inflate": 0.01, "uv": [12, 88]},
						{"origin": [-2.935, 33, -2.6], "size": [1, 1, 2], "inflate": 0.01, "uv": [68, 43]}
					]
				},
				{
					"name": "left_eye",
					"parent": "eyes",
					"pivot": [2.526, 33.8, -1.7],
					"rotation": [5, 0, 0],
					"cubes": [
						{"origin": [3.03, 33, -2.6], "size": [0, 1, 2], "uv": [74, 71]},
						{"origin": [3.025, 33.5, -3.1], "size": [0, 1, 3], "uv": [88, 65]},
						{"origin": [3.02, 33, -3.6], "size": [0, 2, 4], "uv": [86, 86]},
						{"origin": [3.015, 32.5, -3.1], "size": [0, 2, 3], "uv": [26, 88]},
						{"origin": [2.04, 34.5, -3.6], "size": [1, 1, 4], "inflate": 0.02, "uv": [14, 61]}
					]
				},
				{
					"name": "left_pupil",
					"parent": "left_eye",
					"pivot": [2.526, 33.8, -2.7],
					"cubes": [
						{"origin": [3.04, 33.5, -2.6], "size": [0, 1, 1], "uv": [12, 71]}
					]
				},
				{
					"name": "left_eyelid",
					"parent": "left_eye",
					"pivot": [2.41, 35.5177, -1.10232],
					"cubes": [
						{"origin": [1.94, 33.5, -3.1], "size": [1, 2, 3], "inflate": 0.01, "uv": [88, 15]},
						{"origin": [1.935, 33, -2.6], "size": [1, 1, 2], "inflate": 0.01, "uv": [74, 43]}
					]
				},
				{
					"name": "left_bud",
					"parent": "neck",
					"pivot": [2.5, 26.25, 3],
					"rotation": [10, 30, 0],
					"cubes": [
						{"origin": [0.5, 24.25, 1.5], "size": [3, 3, 3], "inflate": 0.01, "uv": [82, 49]}
					]
				},
				{
					"name": "left_bud_glow",
					"parent": "left_bud",
					"pivot": [2.5, 26.25, 3],
					"cubes": [
						{"origin": [0.5, 24.25, 1.5], "size": [3, 3, 3], "uv": [84, 27]}
					]
				},
				{
					"name": "right_bud",
					"parent": "neck",
					"pivot": [-2.3, 26.25, 3],
					"rotation": [10, -30, 0],
					"cubes": [
						{"origin": [-3.5, 24.25, 1.5], "size": [3, 3, 3], "inflate": 0.01, "uv": [24, 82]}
					]
				},
				{
					"name": "right_bud_glow",
					"parent": "right_bud",
					"pivot": [-2.3, 26.25, 3],
					"cubes": [
						{"origin": [-3.5, 24.25, 1.5], "size": [3, 3, 3], "uv": [36, 84]}
					]
				},
				{
					"name": "shoulder_right",
					"parent": "upper_torso",
					"pivot": [-3.5, 22.75, 0.5],
					"cubes": [
						{"origin": [-6, 20.75, -1], "size": [3, 3, 3], "uv": [62, 81]}
					]
				},
				{
					"name": "arm_right",
					"parent": "shoulder_right",
					"pivot": [-6, 22, 0.5],
					"cubes": [
						{"origin": [-10, 21, -0.5], "size": [5, 2, 2], "inflate": 0.01, "uv": [78, 71]}
					]
				},
				{
					"name": "arm_right2",
					"parent": "arm_right",
					"pivot": [-10, 22, 1.5],
					"cubes": [
						{"origin": [-16, 21, -0.5], "size": [6, 2, 2], "uv": [36, 12]}
					]
				},
				{
					"name": "hand_right",
					"parent": "arm_right2",
					"pivot": [-16, 23, 0.5],
					"cubes": [
						{"origin": [-19, 21, -1], "size": [3, 2, 3], "inflate": 0.01, "uv": [86, 10]}
					]
				},
				{
					"name": "right_index_finger",
					"parent": "hand_right",
					"pivot": [-19, 23, 0],
					"rotation": [0, -12.5, 0],
					"cubes": [
						{"origin": [-21, 21, -1], "size": [2, 2, 1], "inflate": 0.02, "uv": [6, 92]}
					]
				},
				{
					"name": "right_index_finger2",
					"parent": "right_index_finger",
					"pivot": [-21, 23, -0.5],
					"cubes": [
						{"origin": [-24, 21, -0.5], "size": [3, 2, 0], "uv": [74, 21]}
					]
				},
				{
					"name": "right_middle_finger",
					"parent": "hand_right",
					"pivot": [-19, 23, 0.5],
					"cubes": [
						{"origin": [-21, 21, 0], "size": [2, 2, 1], "inflate": 0.02, "uv": [92, 69]}
					]
				},
				{
					"name": "right_middle_finger2",
					"parent": "right_middle_finger",
					"pivot": [-21, 23, 0.5],
					"cubes": [
						{"origin": [-24, 21, 0.5], "size": [3, 2, 0], "uv": [90, 79]}
					]
				},
				{
					"name": "right_pinky_finger",
					"parent": "hand_right",
					"pivot": [-19, 23, 1],
					"rotation": [0, 12.5, 0],
					"cubes": [
						{"origin": [-21, 21, 1], "size": [2, 2, 1], "inflate": 0.02, "uv": [92, 72]}
					]
				},
				{
					"name": "right_pinky_finger2",
					"parent": "right_pinky_finger",
					"pivot": [-21, 23, 1.5],
					"cubes": [
						{"origin": [-24, 21, 1.5], "size": [3, 2, 0], "uv": [18, 93]}
					]
				},
				{
					"name": "arm_leaf_front_left",
					"parent": "arm_right2",
					"pivot": [-13, 23, -0.5],
					"rotation": [45, 0, 0],
					"cubes": [
						{"origin": [-15, 23, -0.5], "size": [3, 8, 0], "uv": [60, 87]}
					]
				},
				{
					"name": "right_arm_leaf_front_blade",
					"parent": "arm_leaf_front_left",
					"pivot": [-13, 23, -0.5]
				},
				{
					"name": "right_arm_leaf_back",
					"parent": "arm_right2",
					"pivot": [-13, 23, 1.5],
					"rotation": [-45, 0, 0],
					"cubes": [
						{"origin": [-15, 23, 1.5], "size": [3, 8, 0], "uv": [66, 87]}
					]
				},
				{
					"name": "right_arm_leaf_back_blade",
					"parent": "right_arm_leaf_back",
					"pivot": [-13, 23, 1.5],
					"cubes": [
						{"origin": [-15, 23, 1.5], "size": [6, 10, 0], "inflate": 0.01, "uv": [74, 5]}
					]
				},
				{
					"name": "shoulder_left",
					"parent": "upper_torso",
					"pivot": [3.5, 22.75, 0.5],
					"cubes": [
						{"origin": [3, 20.75, -1], "size": [3, 3, 3], "uv": [84, 21]}
					]
				},
				{
					"name": "arm_left",
					"parent": "shoulder_left",
					"pivot": [6, 22, 0.5],
					"cubes": [
						{"origin": [5, 21, -0.5], "size": [5, 2, 2], "inflate": 0.01, "uv": [84, 0]}
					]
				},
				{
					"name": "arm_left2",
					"parent": "arm_left",
					"pivot": [10, 22, 1.5],
					"cubes": [
						{"origin": [10, 21, -0.5], "size": [6, 2, 2], "uv": [50, 74]}
					]
				},
				{
					"name": "hand_left",
					"parent": "arm_left2",
					"pivot": [16, 23, 0.5],
					"cubes": [
						{"origin": [16, 21, -1], "size": [3, 2, 3], "inflate": 0.01, "uv": [86, 81]}
					]
				},
				{
					"name": "left_index_finger",
					"parent": "hand_left",
					"pivot": [19, 23, 0],
					"rotation": [0, 12.5, 0],
					"cubes": [
						{"origin": [19, 21, -1], "size": [2, 2, 1], "inflate": 0.02, "uv": [84, 92]}
					]
				},
				{
					"name": "left_index_finger2",
					"parent": "left_index_finger",
					"pivot": [21, 23, -0.5],
					"cubes": [
						{"origin": [21, 21, -0.5], "size": [3, 2, 0], "uv": [36, 94]}
					]
				},
				{
					"name": "left_middle_finger",
					"parent": "hand_left",
					"pivot": [19, 23, 0.5],
					"cubes": [
						{"origin": [19, 21, 0], "size": [2, 2, 1], "inflate": 0.02, "uv": [90, 92]}
					]
				},
				{
					"name": "left_middle_finger2",
					"parent": "left_middle_finger",
					"pivot": [21, 23, 0.5],
					"cubes": [
						{"origin": [21, 21, 0.5], "size": [3, 2, 0], "uv": [94, 37]}
					]
				},
				{
					"name": "left_pinky_finger",
					"parent": "hand_left",
					"pivot": [19, 23, 1],
					"rotation": [0, -12.5, 0],
					"cubes": [
						{"origin": [19, 21, 1], "size": [2, 2, 1], "inflate": 0.02, "uv": [12, 93]}
					]
				},
				{
					"name": "left_pinky_finger2",
					"parent": "left_pinky_finger",
					"pivot": [21, 23, 1.5],
					"cubes": [
						{"origin": [21, 21, 1.5], "size": [3, 2, 0], "uv": [94, 39]}
					]
				},
				{
					"name": "left_arm_leaf_front",
					"parent": "arm_left2",
					"pivot": [13, 23, -0.5],
					"rotation": [45, 0, 0],
					"cubes": [
						{"origin": [12, 23, -0.5], "size": [3, 8, 0], "uv": [78, 87]}
					]
				},
				{
					"name": "left_arm_leaf_front_blade",
					"parent": "left_arm_leaf_front",
					"pivot": [13, 23, -0.5]
				},
				{
					"name": "arm_leaf_back_left",
					"parent": "arm_left2",
					"pivot": [13, 23, 1.5],
					"rotation": [-45, 0, 0],
					"cubes": [
						{"origin": [12, 23, 1.5], "size": [3, 8, 0], "uv": [72, 87]}
					]
				},
				{
					"name": "left_arm_leaf_back_blade",
					"parent": "arm_leaf_back_left",
					"pivot": [13, 23, 1.5],
					"cubes": [
						{"origin": [9, 23, 1.5], "size": [6, 10, 0], "inflate": 0.01, "uv": [38, 74]}
					]
				},
				{
					"name": "left_bud2",
					"parent": "upper_torso",
					"pivot": [3, 20.5, 4.5],
					"rotation": [5, 30, 0],
					"cubes": [
						{"origin": [1.5, 18.5, 3], "size": [3, 3, 3], "inflate": 0.01, "uv": [12, 82]}
					]
				},
				{
					"name": "left_bud2_glow",
					"parent": "left_bud2",
					"pivot": [3, 20.5, 4.5],
					"cubes": [
						{"origin": [1.5, 18.5, 3], "size": [3, 3, 3], "uv": [84, 55]}
					]
				},
				{
					"name": "right_bud2",
					"parent": "upper_torso",
					"pivot": [-3, 20.5, 4.5],
					"rotation": [5, -30, 0],
					"cubes": [
						{"origin": [-4.5, 18.5, 3], "size": [3, 3, 3], "inflate": 0.01, "uv": [82, 37]}
					]
				},
				{
					"name": "right_bud2_glow",
					"parent": "right_bud2",
					"pivot": [-3, 20.5, 4.5],
					"cubes": [
						{"origin": [-4.5, 18.5, 3], "size": [3, 3, 3], "uv": [48, 85]}
					]
				},
				{
					"name": "bone3",
					"parent": "upper_torso",
					"pivot": [4.8, 23.4, 2]
				},
				{
					"name": "bone4",
					"parent": "bone3",
					"pivot": [4.8, 23.4, 2]
				},
				{
					"name": "bone6",
					"parent": "bone4",
					"pivot": [4.8, 23.4, 2]
				},
				{
					"name": "bone5",
					"parent": "bone4",
					"pivot": [4.8, 23.4, 2]
				},
				{
					"name": "bone8",
					"parent": "bone4",
					"pivot": [4.8, 23.4, 2]
				},
				{
					"name": "bone7",
					"parent": "bone8",
					"pivot": [-4.8, 23.4, 2]
				},
				{
					"name": "bone9",
					"parent": "upper_torso",
					"pivot": [4.8, 23.4, 2]
				},
				{
					"name": "bone10",
					"parent": "bone9",
					"pivot": [4.8, 23.4, 2]
				},
				{
					"name": "bone11",
					"parent": "bone10",
					"pivot": [4.8, 23.4, 2]
				},
				{
					"name": "bone12",
					"parent": "bone10",
					"pivot": [4.8, 23.4, 2]
				},
				{
					"name": "bone13",
					"parent": "bone10",
					"pivot": [4.8, 23.4, 2]
				},
				{
					"name": "bone14",
					"parent": "bone13",
					"pivot": [-4.8, 23.4, 2]
				},
				{
					"name": "bone",
					"parent": "upper_torso",
					"pivot": [0, 16, -6.2]
				},
				{
					"name": "bone2",
					"parent": "upper_torso",
					"pivot": [-4.8, 23.4, 2],
					"cubes": [
						{"origin": [1.8, 20.2, -8.1], "size": [2, 9, 7], "pivot": [0, 16, -6.7], "rotation": [-31.41063, -2.30644, -36.93745], "uv": [25, 51]},
						{"origin": [-1.2, 24.2, -7], "size": [1, 9, 6], "pivot": [-2.9, 20, -3.7], "rotation": [-55.41063, -2.30644, -36.93745], "uv": [0, 56]},
						{"origin": [-3.1, 26.6, -1.3], "size": [0, 9, 6], "pivot": [-4.8, 23.4, 2], "rotation": [-66.41063, -2.30644, -36.93745], "uv": [0, 71]}
					]
				},
				{
					"name": "bone15",
					"parent": "bone2",
					"pivot": [-4.8, 23.4, 2]
				},
				{
					"name": "bone16",
					"parent": "bone15",
					"pivot": [-4.8, 23.4, 2]
				},
				{
					"name": "bone17",
					"parent": "bone16",
					"pivot": [4.8, 23.4, 2],
					"cubes": [
						{"origin": [3.1, 27.6, -1.3], "size": [0, 9, 6], "pivot": [4.8, 23.4, 2], "rotation": [-66.41063, 2.30644, 36.93745], "uv": [0, 71], "mirror": true},
						{"origin": [-3.7, 20.2, -8.1], "size": [2, 9, 7], "pivot": [0, 16, -6.7], "rotation": [-31.41063, 2.30644, 36.93745], "uv": [25, 51], "mirror": true},
						{"origin": [0.3, 24.2, -7], "size": [1, 9, 6], "pivot": [3, 20, -3.7], "rotation": [-55.41063, 2.30644, 36.93745], "uv": [0, 56], "mirror": true},
						{"origin": [3.1, 27.6, -1.3], "size": [0, 9, 6], "pivot": [4.8, 23.4, 2], "rotation": [-66.41063, 2.30644, 36.93745], "uv": [0, 71], "mirror": true}
					]
				},
				{
					"name": "bone18",
					"parent": "upper_torso",
					"pivot": [5.05423, 16.84777, 1.10015],
					"rotation": [12.40972, -1.51149, 179.33566]
				},
				{
					"name": "bone19",
					"parent": "bone18",
					"pivot": [5.05423, 16.84777, 1.10015]
				},
				{
					"name": "bone20",
					"parent": "bone19",
					"pivot": [5.05423, 16.84777, 1.10015]
				},
				{
					"name": "bone21",
					"parent": "bone20",
					"pivot": [14.72383, 17.76629, 1.10015],
					"rotation": [0, 0, 15],
					"cubes": [
						{"origin": [13.66134, 19.82302, -2.19985], "size": [0, 9, 6], "pivot": [15.36134, 15.62302, 1.10015], "rotation": [-66.41063, 2.30644, 36.93745], "uv": [0, 71], "mirror": true},
						{"origin": [6.86134, 12.42302, -8.99985], "size": [2, 9, 7], "pivot": [10.56134, 8.22302, -7.59985], "rotation": [-31.41063, 2.30644, 36.93745], "uv": [25, 51], "mirror": true},
						{"origin": [10.66134, 16.42302, -7.89985], "size": [1, 9, 6], "pivot": [13.36134, 12.22302, -4.59985], "rotation": [-55.41063, 2.30644, 36.93745], "uv": [0, 56], "mirror": true},
						{"origin": [13.66134, 19.82302, -2.19985], "size": [0, 9, 6], "pivot": [15.36134, 15.62302, 1.10015], "rotation": [-66.41063, 2.30644, 36.93745], "uv": [0, 71], "mirror": true},
						{"origin": [12.69541, 20.08184, -2.19985], "size": [0, 9, 6], "pivot": [14.39541, 15.88184, 1.10015], "rotation": [-66.41063, 2.30644, 36.93745], "uv": [0, 71], "mirror": true}
					]
				},
				{
					"name": "bone22",
					"parent": "upper_torso",
					"pivot": [-5.05423, 16.84777, 1.10015],
					"rotation": [12.40972, 1.51149, -179.33566]
				},
				{
					"name": "bone23",
					"parent": "bone22",
					"pivot": [-5.05423, 16.84777, 1.10015]
				},
				{
					"name": "bone24",
					"parent": "bone23",
					"pivot": [-5.05423, 16.84777, 1.10015]
				},
				{
					"name": "bone25",
					"parent": "bone24",
					"pivot": [-14.72383, 17.76629, 1.10015],
					"rotation": [0, 0, -15],
					"cubes": [
						{"origin": [-13.66134, 19.82302, -2.19985], "size": [0, 9, 6], "pivot": [-15.36134, 15.62302, 1.10015], "rotation": [-66.41063, -2.30644, -36.93745], "uv": [0, 71]},
						{"origin": [-8.76134, 12.32302, -8.99985], "size": [2, 9, 7], "pivot": [-10.56134, 8.12302, -7.59985], "rotation": [-31.41063, -2.30644, -36.93745], "uv": [25, 51]},
						{"origin": [-11.66134, 16.42302, -7.89985], "size": [1, 9, 6], "pivot": [-13.36134, 12.22302, -4.59985], "rotation": [-55.41063, -2.30644, -36.93745], "uv": [0, 56]},
						{"origin": [-12.69541, 20.08184, -2.19985], "size": [0, 9, 6], "pivot": [-14.39541, 15.88184, 1.10015], "rotation": [-66.41063, -2.30644, -36.93745], "uv": [0, 71]}
					]
				},
				{
					"name": "tail",
					"parent": "torso",
					"pivot": [0, 10.4, 4.8],
					"cubes": [
						{"origin": [-3, 7.8, 5.3], "size": [6, 6, 6], "uv": [54, 116]},
						{"origin": [0.5, 12.5, 10.5], "size": [3, 3, 3], "pivot": [1.5, 14, 10.5], "rotation": [0, 18, 0], "uv": [0, 100]},
						{"origin": [-3.5, 12.5, 10.5], "size": [3, 3, 3], "pivot": [-1.5, 14, 10.5], "rotation": [0, -18, 0], "uv": [0, 100], "mirror": true}
					]
				},
				{
					"name": "tail2",
					"parent": "tail",
					"pivot": [0, 12.25, 11.8],
					"cubes": [
						{"origin": [-2, 9.5, 22.5], "size": [4, 4, 7], "uv": [42, 51]},
						{"origin": [-2.5, 9, 17.2], "size": [5, 5, 6], "uv": [106, 84]},
						{"origin": [-2.8, 8.9, 11.2], "size": [5.5, 5.5, 6], "uv": [106, 84]},
						{"origin": [-3.5, 12.5, 16.5], "size": [3, 3, 3], "pivot": [-1.5, 14, 16.5], "rotation": [0, -18, 0], "uv": [12, 100], "mirror": true},
						{"origin": [0.5, 12.5, 16.5], "size": [3, 3, 3], "pivot": [1.5, 14, 16.5], "rotation": [0, 18, 0], "uv": [12, 100]}
					]
				},
				{
					"name": "left_top_leaves",
					"parent": "tail2",
					"pivot": [2, 14.5, 26.5],
					"rotation": [0, 0, 45],
					"cubes": [
						{"origin": [2, 12.5, 23.5], "size": [0, 9, 6], "uv": [14, 67]}
					]
				},
				{
					"name": "right_top_leaves",
					"parent": "tail2",
					"pivot": [-2, 14.5, 26.5],
					"rotation": [0, 0, -45],
					"cubes": [
						{"origin": [-2, 12.5, 23.5], "size": [0, 9, 6], "uv": [14, 67], "mirror": true}
					]
				},
				{
					"name": "left_bottom_leaves",
					"parent": "tail2",
					"pivot": [2, 10.5, 26.5],
					"rotation": [0, 0, 45],
					"cubes": [
						{"origin": [1, 9.5, 23.5], "size": [9, 0, 6], "uv": [36, 6]}
					]
				},
				{
					"name": "right_bottom_leaves",
					"parent": "tail2",
					"pivot": [-2, 10.5, 26.5],
					"rotation": [0, 0, -45],
					"cubes": [
						{"origin": [-10, 9.5, 23.5], "size": [9, 0, 6], "uv": [36, 6], "mirror": true}
					]
				},
				{
					"name": "tail3",
					"parent": "tail2",
					"pivot": [0, 12.5, 27.33333],
					"cubes": [
						{"origin": [-1.5, 10, 28.5], "size": [3, 3, 7], "uv": [52, 23]}
					]
				},
				{
					"name": "left_top_leaves2",
					"parent": "tail3",
					"pivot": [1.5, 14, 32.5],
					"rotation": [0, 0, 45],
					"cubes": [
						{"origin": [1.5, 12, 29.5], "size": [0, 9, 6], "uv": [26, 67]}
					]
				},
				{
					"name": "right_top_leaves2",
					"parent": "tail3",
					"pivot": [-1.5, 14, 32.5],
					"rotation": [0, 0, -45],
					"cubes": [
						{"origin": [-1.5, 12, 29.5], "size": [0, 9, 6], "uv": [26, 67], "mirror": true}
					]
				},
				{
					"name": "left_bottom_leaves2",
					"parent": "tail3",
					"pivot": [1.5, 11, 32.5],
					"rotation": [0, 0, 45],
					"cubes": [
						{"origin": [0.5, 10, 29.5], "size": [9, 0, 6], "uv": [36, 0]}
					]
				},
				{
					"name": "right_bottom_leaves2",
					"parent": "tail3",
					"pivot": [-1.5, 11, 32.5],
					"rotation": [0, 0, -45],
					"cubes": [
						{"origin": [-9.5, 10, 29.5], "size": [9, 0, 6], "uv": [36, 0], "mirror": true}
					]
				},
				{
					"name": "tail4",
					"parent": "tail3",
					"pivot": [0, 12.5, 33.33333],
					"cubes": [
						{"origin": [-1, 10.5, 34.5], "size": [2, 2, 7], "inflate": 0.01, "uv": [64, 46]}
					]
				},
				{
					"name": "left_top_leaves3",
					"parent": "tail4",
					"pivot": [1, 13.5, 38.5],
					"rotation": [0, 0, 45],
					"cubes": [
						{"origin": [1, 12.25, 35.5], "size": [0, 8, 6], "uv": [72, 23]},
						{"origin": [1, 12.25, 41.5], "size": [0, 8, 16], "uv": [32, 90]}
					]
				},
				{
					"name": "right_top_leaves3",
					"parent": "tail4",
					"pivot": [-1, 13.5, 38.5],
					"rotation": [0, 0, -45],
					"cubes": [
						{"origin": [-1, 12.25, 35.5], "size": [0, 8, 6], "uv": [72, 23], "mirror": true},
						{"origin": [-1, 12.25, 41.5], "size": [0, 8, 16], "uv": [32, 90], "mirror": true}
					]
				},
				{
					"name": "left_bottom_leaves3",
					"parent": "tail4",
					"pivot": [1, 11.5, 38.5],
					"rotation": [0, 0, 45],
					"cubes": [
						{"origin": [0.75, 10.5, 35.5], "size": [8, 0, 6], "uv": [24, 45]},
						{"origin": [0.75, 10.5, 41.5], "size": [8, 0, 16], "uv": [-16, 112]}
					]
				},
				{
					"name": "right_bottom_leaves3",
					"parent": "tail4",
					"pivot": [-1, 11.5, 38.5],
					"rotation": [0, 0, -45],
					"cubes": [
						{"origin": [-8.75, 10.5, 35.5], "size": [8, 0, 6], "uv": [24, 45], "mirror": true},
						{"origin": [-8.75, 10.5, 41.5], "size": [8, 0, 16], "uv": [-16, 112], "mirror": true}
					]
				},
				{
					"name": "tail5",
					"parent": "tail4",
					"pivot": [0.5, 11.5, 41.5],
					"cubes": [
						{"origin": [-1, 10.5, 41.5], "size": [2, 2, 18.6], "uv": [88, 108]}
					]
				},
				{
					"name": "left_bud3",
					"parent": "torso",
					"pivot": [4, 14.5, 6],
					"rotation": [0, 30, 0]
				},
				{
					"name": "left_bud3_glow",
					"parent": "left_bud3",
					"pivot": [4, 14.5, 6],
					"cubes": [
						{"origin": [1.5, 13.5, 4.5], "size": [3, 3, 3], "uv": [0, 86]}
					]
				},
				{
					"name": "right_bud3",
					"parent": "torso",
					"pivot": [-4, 14.5, 6],
					"rotation": [0, -30, 0]
				},
				{
					"name": "right_bud3_glow",
					"parent": "right_bud3",
					"pivot": [-4, 14.5, 6],
					"cubes": [
						{"origin": [-4.5, 13.5, 4.5], "size": [3, 3, 3], "uv": [0, 86], "mirror": true}
					]
				},
				{
					"name": "leg_right",
					"parent": "body",
					"pivot": [-5.5, 10.25, 1],
					"rotation": [60, 0, 0],
					"cubes": [
						{"origin": [-7.5, 7.75, -4], "size": [4, 6, 8], "uv": [28, 17]}
					]
				},
				{
					"name": "right_lower_leg",
					"parent": "leg_right",
					"pivot": [-5.5, 7.75, -4],
					"rotation": [5, 0, 0],
					"cubes": [
						{"origin": [-7, 3.75, -4], "size": [3, 4, 3], "inflate": 0.001, "uv": [66, 74]}
					]
				},
				{
					"name": "right_ankle",
					"parent": "right_lower_leg",
					"pivot": [-5.5, 3.75, -4],
					"rotation": [-17.5, 0, 0],
					"cubes": [
						{"origin": [-7, 3.75, -8], "size": [3, 2, 4], "uv": [68, 37]}
					]
				},
				{
					"name": "right_foot",
					"parent": "right_ankle",
					"pivot": [-5.5, 3.75, -8],
					"rotation": [-47.5, 0, 0],
					"cubes": [
						{"origin": [-7.5, 3.75, -11], "size": [4, 2, 3], "inflate": 0.01, "uv": [74, 61]}
					]
				},
				{
					"name": "right_middle_toe",
					"parent": "right_foot",
					"pivot": [-5.5, 5.75, -10.5],
					"cubes": [
						{"origin": [-6, 3.75, -12.5], "size": [1, 2, 2], "uv": [32, 90]}
					]
				},
				{
					"name": "right_middle_toe2",
					"parent": "right_middle_toe",
					"pivot": [-5.5, 5.75, -12.5],
					"cubes": [
						{"origin": [-5.5, 3.75, -14.5], "size": [0, 2, 2], "uv": [38, 67]}
					]
				},
				{
					"name": "right_inner_toe",
					"parent": "right_foot",
					"pivot": [-4.5, 5.75, -10.5],
					"rotation": [0, -10, 0],
					"cubes": [
						{"origin": [-4.5, 3.75, -12.5], "size": [1, 2, 2], "uv": [38, 90]}
					]
				},
				{
					"name": "right_inner_toe2",
					"parent": "right_inner_toe",
					"pivot": [-4, 5.75, -12.5],
					"cubes": [
						{"origin": [-4, 3.75, -14.5], "size": [0, 2, 2], "uv": [68, 33]}
					]
				},
				{
					"name": "right_outer_toe",
					"parent": "right_foot",
					"pivot": [-6.5, 5.75, -10.5],
					"rotation": [0, 10, 0],
					"cubes": [
						{"origin": [-7.5, 3.75, -12.5], "size": [1, 2, 2], "uv": [90, 75]}
					]
				},
				{
					"name": "right_outer_toe2",
					"parent": "right_outer_toe",
					"pivot": [-7, 5.75, -12.5],
					"cubes": [
						{"origin": [-7, 3.75, -14.5], "size": [0, 2, 2], "uv": [56, 91]}
					]
				},
				{
					"name": "leg_left",
					"parent": "body",
					"pivot": [5.5, 10.25, 1],
					"rotation": [60, 0, 0],
					"cubes": [
						{"origin": [3.5, 7.75, -4], "size": [4, 6, 8], "uv": [28, 31]}
					]
				},
				{
					"name": "left_lower_leg",
					"parent": "leg_left",
					"pivot": [5.5, 7.75, -4],
					"rotation": [5, 0, 0],
					"cubes": [
						{"origin": [4, 3.75, -4], "size": [3, 4, 3], "inflate": 0.001, "uv": [50, 78]}
					]
				},
				{
					"name": "left_ankle",
					"parent": "left_lower_leg",
					"pivot": [5.5, 3.75, -4],
					"rotation": [-17.5, 0, 0],
					"cubes": [
						{"origin": [4, 3.75, -8], "size": [3, 2, 4], "uv": [74, 15]}
					]
				},
				{
					"name": "left_foot",
					"parent": "left_ankle",
					"pivot": [5.5, 3.75, -8],
					"rotation": [-47.5, 0, 0],
					"cubes": [
						{"origin": [3.5, 3.75, -11], "size": [4, 2, 3], "inflate": 0.01, "uv": [74, 66]}
					]
				},
				{
					"name": "left_middle_toe",
					"parent": "left_foot",
					"pivot": [5.5, 5.75, -10.5],
					"cubes": [
						{"origin": [5, 3.75, -12.5], "size": [1, 2, 2], "uv": [44, 91]}
					]
				},
				{
					"name": "left_middle_toe2",
					"parent": "left_middle_toe",
					"pivot": [5.5, 5.75, -12.5],
					"cubes": [
						{"origin": [5.5, 3.75, -14.5], "size": [0, 2, 2], "uv": [24, 93]}
					]
				},
				{
					"name": "left_inner_toe",
					"parent": "left_foot",
					"pivot": [4.5, 5.75, -10.5],
					"rotation": [0, 10, 0],
					"cubes": [
						{"origin": [3.5, 3.75, -12.5], "size": [1, 2, 2], "uv": [50, 91]}
					]
				},
				{
					"name": "left_inner_toe2",
					"parent": "left_inner_toe",
					"pivot": [4, 5.75, -12.5],
					"cubes": [
						{"origin": [4, 3.75, -14.5], "size": [0, 2, 2], "uv": [28, 93]}
					]
				},
				{
					"name": "left_outer_toe",
					"parent": "left_foot",
					"pivot": [6.5, 5.75, -10.5],
					"rotation": [0, -10, 0],
					"cubes": [
						{"origin": [6.5, 3.75, -12.5], "size": [1, 2, 2], "uv": [0, 92]}
					]
				},
				{
					"name": "left_outer_toe2",
					"parent": "left_outer_toe",
					"pivot": [7, 5.75, -12.5],
					"cubes": [
						{"origin": [7, 3.75, -14.5], "size": [0, 2, 2], "uv": [32, 94]}
					]
				}
			]
		}
	]
}