{
  "format_version": "1.12.0",
  "minecraft:geometry": [
    {
      "bones": [
        {
          "name": "palpitoad",
          "pivot": [-1, 0.9, 0]
        }, {
          "name": "body",
          "parent": "palpitoad",
          "pivot": [1, 0.9, 0]
        }, {
          "cubes": [
            {
              "origin": [-7, 1.9, -7],
              "size": [14, 13, 14],
              "uv": [0, 0]
            }
          ],
          "name": "torso",
          "parent": "body",
          "pivot": [-1, 0.9, 0]
        }, {
          "cubes": [
            {
              "origin": [-6, 24.9, -6.5],
              "size": [12, 1, 12],
              "uv": [0, 52]
            },
            {
              "origin": [-6.5, 14.9, -6.5],
              "size": [13, 10, 13],
              "uv": [0, 28]
            }
          ],
          "name": "head",
          "parent": "torso",
          "pivot": [0, 22.65, -0.25]
        }, {
          "name": "face",
          "parent": "head",
          "pivot": [-1, -2.1, 0]
        },
        {
          "name": "eye",
          "parent": "face",
          "pivot": [1, -2.1, 0]
        }, {
          "cubes": [
            {
              "origin": [-4.3, 18.7, -6.512],
              "size": [3, 3, 0],
              "uv": [55, 74]
            }
          ],
          "name": "left_eye",
          "parent": "eye",
          "pivot": [-1, -2.1, 0]
        }, {
          "cubes": [
            {
              "origin": [-3.8, 19.6, -6.52],
              "size": [2, 2, 0],
              "uv": [55, 78]
            },
            {
              "origin": [-3.3, 20.1, -6.526],
              "size": [1, 1, 0],
              "uv": [53, 50]
            }
          ],
          "name": "eye_lid",
          "parent": "left_eye",
          "pivot": [-1, -2.1, 0]
        }, {
          "cubes": [
            {
              "mirror": true,
              "origin": [1.3, 18.7, -6.512],
              "size": [3, 3, 0],
              "uv": [55, 74]
            }
          ],
          "name": "right_eye",
          "parent": "eye",
          "pivot": [1, -2.1, 0]
        }, {
          "cubes": [
            {
              "mirror": true,
              "origin": [1.8, 19.6, -6.52],
              "size": [2, 2, 0],
              "uv": [55, 78]
            },
            {
              "mirror": true,
              "origin": [2.3, 20.1, -6.526],
              "size": [1, 1, 0],
              "uv": [53, 50]
            }
          ],
          "name": "eye_lid2",
          "parent": "right_eye",
          "pivot": [1, -2.1, 0]
        }, {
          "name": "mouth",
          "parent": "face",
          "pivot": [-1, -1.9, 0]
        }, {
          "cubes": [
            {
              "origin": [-3, 16, -6.51],
              "size": [6, 2, 0],
              "uv": [68, 48]
            }, {
              "origin": [-3.35, 17, -6.518],
              "pivot": [-3.35, 16.9, -6.514],
              "rotation": [0, 0, 7.5],
              "size": [1, 1, 0],
              "uv": [56, 50]
            }, {
              "origin": [-3.35, 15.9, -6.518],
              "pivot": [-3.35, 16.8, -6.514],
              "rotation": [0, 0, -20],
              "size": [1, 1, 0],
              "uv": [56, 50]
            }, {
              "origin": [-3.4, 15.5, -6.518],
              "size": [7, 1, 0],
              "uv": [53, 48]
            }, {
              "origin": [-2, 16.9, -6.524],
              "pivot": [0, 17.9, -5.918],
              "rotation": [-15, 0, 0],
              "size": [4, 2, 1],
              "uv": [39, 56]
            }, {
              "origin": [2.35, 17, -6.518],
              "pivot": [3.35, 17, -6.514],
              "rotation": [0, 0, -7.5],
              "size": [1, 1, 0],
              "uv": [56, 50]
            }, {
              "mirror": true,
              "origin": [2.35, 15.9, -6.518],
              "pivot": [3.35, 16.8, -6.514],
              "rotation": [0, 0, 20],
              "size": [1, 1, 0],
              "uv": [56, 50]
            }
          ],
          "name": "close",
          "parent": "mouth",
          "pivot": [0.01884, 16.84172, -6.51367]
        }, {
          "cubes": [
            {
              "origin": [-1.5, 14.8, -6.524],
              "size": [3, 2, 0],
              "uv": [3, 2]
            },
            {
              "origin": [1.2, 15.8, -6.524],
              "size": [1, 1, 0],
              "uv": [2, 4]
            },
            {
              "origin": [-2.2, 15.8, -6.523],
              "size": [1, 1, 0],
              "uv": [2, 2]
            }
          ],
          "name": "open",
          "parent": "mouth",
          "pivot": [-1.2, -1.8, 0]
        }, {
          "cubes": [
            {
              "origin": [-1, 14.9, -9.5],
              "size": [2, 1, 3],
              "uv": [15, 89]
            }
          ],
          "name": "tonge",
          "parent": "open",
          "pivot": [0, 15.4, -8]
        }, {
          "cubes": [
            {
              "origin": [-1, 14.76947, -12.49144],
              "size": [2, 1, 3],
              "uv": [4, 90]
            }
          ],
          "name": "tonge2",
          "parent": "tonge",
          "pivot": [0, 15.4, -9]
        }, {
          "cubes": [
            {
              "origin": [-1, 14.76947, -15.49144],
              "size": [2, 1, 3],
              "uv": [4, 90]
            }
          ],
          "name": "tonge3",
          "parent": "tonge2",
          "pivot": [0, 15.26947, -11.99144]
        }, {
          "cubes": [
            {
              "origin": [-1.5, 14.76947, -19.49144],
              "size": [3, 1, 4],
              "uv": [2, 89]
            }
          ],
          "name": "tonge4",
          "parent": "tonge3",
          "pivot": [0, 15.26947, -15.49144]
        }, {
          "cubes": [
            {
              "origin": [-1.5, 14.76947, -23.49144],
              "size": [3, 1, 4],
              "uv": [15, 95]
            }
          ],
          "name": "tonge5",
          "parent": "tonge4",
          "pivot": [0, 15.26947, -19.49144]
        }, {
          "cubes": [
            {
              "origin": [-1.5, 14.76947, -27.49144],
              "size": [3, 1, 4],
              "uv": [2, 89]
            }
          ],
          "name": "tonge6",
          "parent": "tonge5",
          "pivot": [0, 15.26947, -23.49144]
        }, {
          "cubes": [
            {
              "origin": [-1.5, 14.76947, -31.49144],
              "size": [3, 1, 4],
              "uv": [2, 96]
            }
          ],
          "name": "tonge7",
          "parent": "tonge6",
          "pivot": [0, 15.26947, -27.49144]
        }, {
          "name": "top",
          "parent": "head",
          "pivot": [0, -2.1, 0]
        }, {
          "cubes": [
            {
              "origin": [-5.5, 21.7, -8.6],
              "size": [11, 7, 8],
              "uv": [49, 52]
            },
            {
              "origin": [-4.5, 23.9, -8.8],
              "size": [9, 5, 6],
              "uv": [53, 36]
            }
          ],
          "name": "top_mid",
          "parent": "top",
          "pivot": [0, 25.8, -4.7],
          "rotation": [20, 0, 0]
        }, {
          "cubes": [
            {
              "origin": [-9.1, 17.8, -4.8],
              "size": [3, 8, 9],
              "uv": [57, 0]
            },
            {
              "origin": [-9.3, 18.3, -4.3],
              "size": [1, 7, 8],
              "uv": [62, 68]
            }
          ],
          "name": "top_right",
          "parent": "top",
          "pivot": [-8.2, 21.8, -0.3],
          "rotation": [0, 0, 5]
        }, {
          "cubes": [
            {
              "mirror": true,
              "origin": [6.1, 17.8, -4.8],
              "size": [3, 8, 9],
              "uv": [57, 0]
            },
            {
              "mirror": true,
              "origin": [8.3, 18.3, -4.3],
              "size": [1, 7, 8],
              "uv": [62, 68]
            }
          ],
          "name": "top_left",
          "parent": "top",
          "pivot": [8.2, 21.8, -0.3],
          "rotation": [0, 0, -5]
        }, {
          "name": "bop",
          "parent": "torso",
          "pivot": [0, 0.9, 0]
        }, {
          "cubes": [
            {
              "origin": [6.8, 10.7, -2.3],
              "size": [2, 4, 4],
              "uv": [29, 74]
            }
          ],
          "name": "bop_left",
          "parent": "bop",
          "pivot": [0, 0.9, 0]
        }, {
          "cubes": [
            {
              "origin": [2.1, 11.4, 6],
              "size": [4, 4, 2],
              "uv": [42, 74]
            },
            {
              "mirror": true,
              "origin": [-6.1, 11.4, 6],
              "size": [4, 4, 2],
              "uv": [42, 74]
            }
          ],
          "name": "bop_back",
          "parent": "bop",
          "pivot": [0, 0.9, 0]
        }, {
          "cubes": [
            {
              "mirror": true,
              "origin": [-8.8, 10.7, -2.3],
              "size": [2, 4, 4],
              "uv": [29, 74]
            }
          ],
          "name": "bop_right",
          "parent": "bop",
          "pivot": [0, 0.9, 0]
        }, {
          "cubes": [
            {
              "origin": [-4.2, 4.63205, 6.73205],
              "size": [9, 0, 7],
              "uv": [57, 18]
            }
          ],
          "name": "tail",
          "parent": "torso",
          "pivot": [0.3, 4.63205, 7.03205]
        }, {
          "cubes": [
            {
              "origin": [-5.2, 4.63205, 13.73205],
              "size": [11, 0, 7],
              "uv": [53, 28]
            }
          ],
          "name": "tail2",
          "parent": "tail",
          "pivot": [0.3, 4.63205, 13.73205]
        }, {
          "cubes": [
            {
              "origin": [-5.2, 4.63205, 20.73205],
              "size": [11, 0, 5],
              "uv": [29, 68]
            }
          ],
          "name": "tail3",
          "parent": "tail2",
          "pivot": [0.3, 4.63205, 20.73205]
        }, {
          "name": "feet",
          "parent": "body",
          "pivot": [0, 0, 0]
        }, {
          "cubes": [
            {
              "mirror": true,
              "origin": [-6.2, 0, -8.3],
              "pivot": [-4.2, 1, -0.3],
              "rotation": [0, -5, 0],
              "size": [4, 2, 6],
              "uv": [4, 70]
            }, {
              "mirror": true,
              "origin": [-6.2, 0, -8.3],
              "pivot": [-4.2, 1, -0.3],
              "rotation": [0, 5, 0],
              "size": [4, 2, 6],
              "uv": [4, 70]
            }, {
              "mirror": true,
              "origin": [-7.4, 0, -10],
              "size": [2, 2, 2],
              "uv": [0, 79]
            },
            {
              "mirror": true,
              "origin": [-5.2, 0, -10],
              "size": [2, 2, 2],
              "uv": [0, 79]
            },
            {
              "mirror": true,
              "origin": [-3, 0, -10],
              "size": [2, 2, 2],
              "uv": [0, 79]
            },
            {
              "origin": [-6.2, 0, -2.3],
              "size": [4, 2, 3],
              "uv": [11, 79]
            }
          ],
          "name": "right_feet",
          "parent": "feet",
          "pivot": [-4.2, 1, -6.39366]
        }, {
          "cubes": [
            {
              "origin": [2.2, 0, -8.3],
              "pivot": [4.2, 1, -0.3],
              "rotation": [0, 5, 0],
              "size": [4, 2, 6],
              "uv": [4, 70]
            },
            {
              "origin": [2.2, 0, -8.3],
              "pivot": [4.2, 1, -0.3],
              "rotation": [0, -5, 0],
              "size": [4, 2, 6],
              "uv": [4, 70]
            },
            {
              "origin": [5.4, 0, -10],
              "size": [2, 2, 2],
              "uv": [0, 79]
            },
            {
              "origin": [3.2, 0, -10],
              "size": [2, 2, 2],
              "uv": [0, 79]
            },
            {
              "origin": [1, 0, -10],
              "size": [2, 2, 2],
              "uv": [0, 79]
            },
            {
              "mirror": true,
              "origin": [2.2, 0, -2.3],
              "size": [4, 2, 3],
              "uv": [11, 79]
            }
          ],
          "name": "left_feet",
          "parent": "feet",
          "pivot": [4.2, 1, -6.39366]
        }
      ],
      "description": {
        "identifier": "geometry.palpitoad",
        "texture_height": 128,
        "texture_width": 128,
        "visible_bounds_height": 3.5,
        "visible_bounds_offset": [0, 1.25, 0],
        "visible_bounds_width": 5
      }
    }
  ]
}