{
  "format_version": "1.12.0",
  "minecraft:geometry": [
    {
      "bones": [
        {
          "name": "audino",
          "pivot": [0, 0, 0]
        }, {
          "name": "body",
          "parent": "audino",
          "pivot": [0, 15, 0]
        }, {
          "cubes": [
            {
              "inflate": 0.01,
              "origin": [-5, 5, -5],
              "size": [10, 10, 10],
              "uv": [0, 0]
            }, {
              "origin": [-4, 15, -5],
              "size": [8, 5, 8],
              "uv": [36, 20]
            }
          ],
          "name": "torso",
          "parent": "body",
          "pivot": [0, 0, 0]
        }, {
          "cubes": [
            {
              "origin": [-4.5, 20, -5.5],
              "size": [9, 8, 9],
              "uv": [0, 20]
            }, {
              "origin": [-3, 25, -5.51],
              "size": [1, 1, 0],
              "uv": [3, 2]
            }, {
              "origin": [2, 25, -5.51],
              "size": [1, 1, 0],
              "uv": [3, 2]
            }, {
              "origin": [-0.5, 22.25, -5.51],
              "pivot": [0, 22.75, -5.5],
              "rotation": [0, 0, -45],
              "size": [1, 1, 0],
              "uv": [3, 4]
            }, {
              "origin": [-0.5, 22.85, -5.52],
              "pivot": [0, 23.35, -5.5],
              "rotation": [0, 0, -45],
              "size": [1, 1, 0],
              "uv": [3, 6]
            }
          ],
          "name": "head",
          "parent": "torso",
          "pivot": [0, 20, -1]
        }, {
          "cubes": [
            {
              "inflate": 0.001,
              "origin": [-3.5, 23, -5.26],
              "size": [2, 3, 0],
              "uv": [29, 25]
            }
          ],
          "name": "right_eyelid",
          "parent": "head",
          "pivot": [-2.5, 23, -4.25]
        }, {
          "cubes": [
            {
              "inflate": 0.001,
              "origin": [1.5, 23, -5.26],
              "size": [2, 3, 0],
              "uv": [29, 21]
            }
          ],
          "name": "left_eyelid",
          "parent": "head",
          "pivot": [2.5, 23, -4.25]
        }, {
          "cubes": [
            {
              "inflate": 0.01,
              "origin": [-8.5, 22.75, -2],
              "pivot": [-4.5, 27.75, -0.5],
              "rotation": [0, 0, 15],
              "size": [4, 6, 3],
              "uv": [0, 37]
            }, {
              "origin": [-5.75, 23, -2],
              "size": [2, 5, 3],
              "uv": [26, 48]
            }, {
              "origin": [-11.5, 24, -1.5],
              "size": [3, 2, 2],
              "uv": [48, 53]
            }
          ],
          "name": "right_ear",
          "parent": "head",
          "pivot": [-4.5, 28, -0.5]
        }, {
          "cubes": [
            {
              "inflate": 0.01,
              "origin": [-7.5, 19, -2.01],
              "size": [3, 5, 0],
              "uv": [36, 48]
            }
          ],
          "name": "right_tendril",
          "parent": "right_ear",
          "pivot": [-5, 24, -2.01]
        }, {
          "cubes": [
            {
              "origin": [3.75, 23, -2],
              "size": [2, 5, 3],
              "uv": [0, 51]
            }, {
              "origin": [8.5, 24, -1.5],
              "size": [3, 2, 2],
              "uv": [54, 0]
            }, {
              "inflate": 0.01,
              "origin": [4.5, 22.75, -2],
              "pivot": [4.5, 27.75, -0.5],
              "rotation": [0, 0, -15],
              "size": [4, 6, 3],
              "uv": [14, 37]
            }
          ],
          "name": "left_ear",
          "parent": "head",
          "pivot": [4.5, 28, -0.5]
        }, {
          "cubes": [
            {
              "inflate": 0.01,
              "origin": [4.5, 19, -2.01],
              "size": [3, 5, 0],
              "uv": [54, 4]
            }
          ],
          "name": "left_tendril",
          "parent": "left_ear",
          "pivot": [5, 24, -2.01]
        }, {
          "cubes": [
            {
              "origin": [-8, 16.5, -2.5],
              "size": [4, 3, 3],
              "uv": [40, 0]
            }
          ],
          "name": "right_arm",
          "parent": "torso",
          "pivot": [-4, 19.5, 0.5]
        }, {
          "cubes": [
            {
              "inflate": 0.01,
              "origin": [-12, 16.5, -2.5],
              "size": [4, 3, 3],
              "uv": [40, 6]
            }
          ],
          "name": "right_elbow",
          "parent": "right_arm",
          "pivot": [-8, 19.5, 0.5]
        }, {
          "name": "right_hand",
          "parent": "right_elbow",
          "pivot": [-12, 19, -1]
        }, {
          "cubes": [
            {
              "origin": [-14, 17, -2.5],
              "size": [2, 2, 1],
              "uv": [54, 15]
            }
          ],
          "name": "right_pointer_finger",
          "parent": "right_hand",
          "pivot": [-12, 19, -2]
        }, {
          "cubes": [
            {
              "origin": [-14, 17, -1.5],
              "size": [2, 2, 1],
              "uv": [54, 12]
            }
          ],
          "name": "right_middle_finger",
          "parent": "right_hand",
          "pivot": [-12, 19, -1]
        }, {
          "cubes": [
            {
              "origin": [-14, 17, -0.5],
              "size": [2, 2, 1],
              "uv": [54, 9]
            }
          ],
          "name": "right_pinky_finger",
          "parent": "right_hand",
          "pivot": [-12, 19, 0]
        }, {
          "cubes": [
            {
              "origin": [4, 16.5, -2.5],
              "size": [4, 3, 3],
              "uv": [40, 12]
            }
          ],
          "name": "left_arm",
          "parent": "torso",
          "pivot": [4, 19.5, 0.5]
        }, {
          "cubes": [
            {
              "inflate": 0.01,
              "origin": [8, 16.5, -2.5],
              "size": [4, 3, 3],
              "uv": [28, 42]
            }
          ],
          "name": "left_elbow",
          "parent": "left_arm",
          "pivot": [8, 19.5, 0.5]
        }, {
          "name": "left_hand",
          "parent": "left_elbow",
          "pivot": [12, 19, -1]
        }, {
          "cubes": [
            {
              "origin": [12, 17, -2.5],
              "size": [2, 2, 1],
              "uv": [54, 33]
            }
          ],
          "name": "left_pointer_finger",
          "parent": "left_hand",
          "pivot": [12, 19, -2]
        }, {
          "cubes": [
            {
              "origin": [12, 17, -1.5],
              "size": [2, 2, 1],
              "uv": [54, 36]
            }
          ],
          "name": "left_middle_finger",
          "parent": "left_hand",
          "pivot": [12, 19, -1]
        }, {
          "cubes": [
            {
              "origin": [12, 17, -0.5],
              "size": [2, 2, 1],
              "uv": [54, 39]
            }
          ],
          "name": "left_pinky_finger",
          "parent": "left_hand",
          "pivot": [12, 19, 0]
        }, {
          "cubes": [
            {
              "origin": [-2.5, 6, 5],
              "size": [5, 5, 4],
              "uv": [36, 33]
            }, {
              "origin": [-1, 11, 6],
              "pivot": [1, 11, 7],
              "rotation": [0, 0, -15],
              "size": [2, 2, 2],
              "uv": [28, 37]
            }
          ],
          "name": "tail",
          "parent": "torso",
          "pivot": [0, 8, 5]
        }, {
          "cubes": [
            {
              "inflate": 0.01,
              "origin": [-5, 2.75, -1],
              "size": [3, 3, 3],
              "uv": [42, 47]
            }
          ],
          "name": "right_leg",
          "parent": "body",
          "pivot": [-3.5, 5, 0.5]
        }, {
          "cubes": [
            {
              "origin": [-5, 0.75, -1],
              "size": [3, 2, 3],
              "uv": [10, 52]
            }
          ],
          "name": "right_knee",
          "parent": "right_leg",
          "pivot": [-3.5, 2.75, -1]
        }, {
          "cubes": [
            {
              "inflate": -0.01,
              "origin": [-5, 0, -2],
              "size": [3, 1, 4],
              "uv": [42, 42]
            }
          ],
          "name": "right_foot",
          "parent": "right_knee",
          "pivot": [-3.5, 1, 2]
        }, {
          "cubes": [
            {
              "inflate": 0.01,
              "origin": [2, 2.75, -1],
              "size": [3, 3, 3],
              "uv": [14, 46]
            }
          ],
          "name": "left_leg",
          "parent": "body",
          "pivot": [3.5, 5, 0.5]
        }, {
          "cubes": [
            {
              "origin": [2, 0.75, -1],
              "size": [3, 2, 3],
              "uv": [36, 53]
            }
          ],
          "name": "left_knee",
          "parent": "left_leg",
          "pivot": [3.5, 2.75, -1]
        }, {
          "cubes": [
            {
              "inflate": -0.01,
              "origin": [2, 0, -2],
              "size": [3, 1, 4],
              "uv": [0, 46]
            }
          ],
          "name": "left_foot",
          "parent": "left_knee",
          "pivot": [3.5, 1, 2]
        }
      ],
      "description": {
        "identifier": "geometry.audino",
        "texture_height": 128,
        "texture_width": 128,
        "visible_bounds_height": 3.5,
        "visible_bounds_offset": [0, 1.25, 0],
        "visible_bounds_width": 3
      }
    }
  ]
}