{
  "format_version": "1.12.0",
  "minecraft:geometry": [
    {
      "bones": [
        {
          "name": "audino",
          "pivot": [0, 0, 0]
        }, {
          "name": "body",
          "parent": "audino",
          "pivot": [0, 15, 0]
        }, {
          "cubes": [
            {
              "inflate": -0.8,
              "origin": [-2.5, 14.45813, -7.23336],
              "pivot": [0, 17.15, -5.45],
              "rotation": [175, 0, 180],
              "size": [5, 5, 4],
              "uv": [40, 9]
            }, {
              "inflate": -0.2,
              "origin": [-2.75, 17.75, -6.9],
              "pivot": [-0.75, 17.75, -5.9],
              "rotation": [180, 0, 165],
              "size": [2, 2, 2],
              "uv": [70, 43]
            }, {
              "origin": [0.5, 12, -6],
              "pivot": [1.5, 14, -7],
              "rotation": [0, 0, -22.5],
              "size": [4, 4, 0],
              "uv": [0, 71]
            }, {
              "origin": [-6.65, 10.6, -6],
              "size": [6, 5, 0],
              "uv": [68, 22]
            }, {
              "inflate": -0.01,
              "origin": [-5, 5, -5],
              "size": [10, 10, 10],
              "uv": [0, 0]
            }, {
              "origin": [-4, 15, -5],
              "size": [8, 5, 8],
              "uv": [36, 20]
            }
          ],
          "name": "torso",
          "parent": "body",
          "pivot": [0, 0, 0]
        }, {
          "cubes": [
            {
              "inflate": 0.01,
              "origin": [5, 5, -5.1],
              "size": [0, 10, 10],
              "uv": [36, 33]
            }, {
              "inflate": 0.01,
              "origin": [2, 5, -5.025],
              "size": [3, 10, 0],
              "uv": [68, 49]
            }, {
              "inflate": 0.03,
              "origin": [0, 5, 5],
              "size": [5, 10, 0],
              "uv": [34, 59]
            }
          ],
          "name": "bone",
          "parent": "torso",
          "pivot": [5, 15, 0],
          "rotation": [0, 0, -22.5]
        }, {
          "cubes": [
            {
              "inflate": 0.01,
              "origin": [-5, 5, -5],
              "size": [0, 10, 10],
              "uv": [0, 37]
            }, {
              "inflate": 0.01,
              "origin": [-5, 5, -5.025],
              "size": [3, 10, 0],
              "uv": [32, 69]
            }, {
              "inflate": 0.01,
              "origin": [-5, 5, 5],
              "size": [5, 10, 0],
              "uv": [44, 59]
            }
          ],
          "name": "bone2",
          "parent": "torso",
          "pivot": [-5, 15, 0],
          "rotation": [0, 0, 22.5]
        }, {
          "cubes": [
            {
              "origin": [-4.5, 20, -5.5],
              "size": [9, 8, 9],
              "uv": [0, 20]
            }, {
              "origin": [-3, 25, -5.51],
              "size": [1, 1, 0],
              "uv": [40, 18]
            }, {
              "origin": [2, 25, -5.51],
              "size": [1, 1, 0],
              "uv": [40, 19]
            }, {
              "origin": [-0.5, 22.25, -5.51],
              "pivot": [0, 22.75, -5.5],
              "rotation": [0, 0, -45],
              "size": [1, 1, 0],
              "uv": [42, 18]
            }, {
              "origin": [-0.5, 22.85, -5.62],
              "pivot": [0, 23.35, -5.6],
              "rotation": [0, 0, -45],
              "size": [1, 1, 0],
              "uv": [42, 19]
            }
          ],
          "name": "head",
          "parent": "torso",
          "pivot": [0, 20, -1]
        }, {
          "cubes": [
            {
              "inflate": 0.001,
              "origin": [-3.5, 23, -5.26],
              "size": [2, 3, 0],
              "uv": [64, 17]
            }
          ],
          "name": "right_eyelid",
          "parent": "head",
          "pivot": [-2.5, 23, -4.25]
        }, {
          "cubes": [
            {
              "inflate": 0.001,
              "origin": [1.5, 23, -5.26],
              "size": [2, 3, 0],
              "uv": [28, 70]
            }
          ],
          "name": "left_eyelid",
          "parent": "head",
          "pivot": [2.5, 23, -4.25]
        }, {
          "cubes": [
            {
              "inflate": 0.01,
              "origin": [-8.5, 23.75, -2.1],
              "pivot": [-4.5, 28.75, -0.6],
              "rotation": [0, 0, 15],
              "size": [4, 6, 3],
              "uv": [54, 53]
            }, {
              "origin": [-5.75, 24, -2.1],
              "size": [2, 5, 3],
              "uv": [0, 63]
            }, {
              "origin": [-36.25, 32.25, -1.7],
              "pivot": [-24.75, 8.25, -0.2],
              "rotation": [0, 0, 52.5],
              "size": [6, 3, 2],
              "uv": [56, 33]
            }, {
              "origin": [-32, 26.5, -1.6],
              "pivot": [-20.5, 2.5, -0.1],
              "rotation": [0, 0, 45],
              "size": [3, 2, 2],
              "uv": [68, 59]
            }, {
              "origin": [-29, 27, -1.6],
              "pivot": [-17.5, 3, -0.1],
              "rotation": [0, 0, 35],
              "size": [3, 2, 2],
              "uv": [68, 63]
            }
          ],
          "name": "right_ear",
          "parent": "head",
          "pivot": [-4.5, 29, -0.5]
        }, {
          "cubes": [
            {
              "inflate": 0.01,
              "origin": [-13.75, 15.5, -4.21],
              "pivot": [-1.25, 0.5, -2.2],
              "rotation": [-4.98107, 0.43523, 4.98107],
              "size": [8, 9, 0],
              "uv": [20, 37]
            }
          ],
          "name": "right_tendril",
          "parent": "right_ear",
          "pivot": [-5, 25, -2.01]
        }, {
          "cubes": [
            {
              "origin": [3.75, 24, -2.1],
              "size": [2, 5, 3],
              "uv": [10, 63]
            }, {
              "origin": [29, 26.5, -1.6],
              "pivot": [20.5, 2.5, -0.1],
              "rotation": [0, 0, -45],
              "size": [3, 2, 2],
              "uv": [56, 49]
            }, {
              "origin": [26, 27, -1.6],
              "pivot": [17.5, 3, -0.1],
              "rotation": [0, 0, -35],
              "size": [3, 2, 2],
              "uv": [68, 27]
            }, {
              "origin": [30.25, 32.25, -1.7],
              "pivot": [24.75, 8.25, -0.2],
              "rotation": [0, 0, -52.5],
              "size": [6, 3, 2],
              "uv": [56, 38]
            }, {
              "inflate": 0.01,
              "origin": [4.5, 23.75, -2.1],
              "pivot": [4.5, 28.75, -0.6],
              "rotation": [0, 0, -15],
              "size": [4, 6, 3],
              "uv": [20, 55]
            }
          ],
          "name": "left_ear",
          "parent": "head",
          "pivot": [4.5, 29, -0.5]
        }, {
          "cubes": [
            {
              "inflate": 0.01,
              "origin": [5.75, 15.5, -4.21],
              "pivot": [1.25, 0.5, -2.2],
              "rotation": [-4.98107, -0.43523, -4.98107],
              "size": [8, 9, 0],
              "uv": [20, 46]
            }
          ],
          "name": "left_tendril",
          "parent": "left_ear",
          "pivot": [5, 25, -2.01]
        }, {
          "cubes": [
            {
              "origin": [-8, 16.5, -2.5],
              "size": [4, 3, 3],
              "uv": [56, 43]
            }
          ],
          "name": "right_arm",
          "parent": "torso",
          "pivot": [-4, 19.5, 0.5]
        }, {
          "cubes": [
            {
              "inflate": 0.01,
              "origin": [-12, 16.5, -2.5],
              "size": [4, 3, 3],
              "uv": [0, 57]
            }
          ],
          "name": "right_elbow",
          "parent": "right_arm",
          "pivot": [-8, 19.5, 0.5]
        }, {
          "name": "right_hand",
          "parent": "right_elbow",
          "pivot": [-12, 19, -1]
        }, {
          "cubes": [
            {
              "origin": [-14, 17, -2.5],
              "size": [2, 2, 1],
              "uv": [58, 17]
            }
          ],
          "name": "right_pointer_finger",
          "parent": "right_hand",
          "pivot": [-12, 19, -2]
        }, {
          "cubes": [
            {
              "origin": [-14, 17, -1.5],
              "size": [2, 2, 1],
              "uv": [14, 71]
            }
          ],
          "name": "right_middle_finger",
          "parent": "right_hand",
          "pivot": [-12, 19, -1]
        }, {
          "cubes": [
            {
              "origin": [-14, 17, -0.5],
              "size": [2, 2, 1],
              "uv": [72, 0]
            }
          ],
          "name": "right_pinky_finger",
          "parent": "right_hand",
          "pivot": [-12, 19, 0]
        }, {
          "cubes": [
            {
              "origin": [4, 16.5, -2.5],
              "size": [4, 3, 3],
              "uv": [58, 0]
            }
          ],
          "name": "left_arm",
          "parent": "torso",
          "pivot": [4, 19.5, 0.5]
        }, {
          "cubes": [
            {
              "inflate": 0.01,
              "origin": [8, 16.5, -2.5],
              "size": [4, 3, 3],
              "uv": [58, 6]
            }
          ],
          "name": "left_elbow",
          "parent": "left_arm",
          "pivot": [8, 19.5, 0.5]
        }, {
          "name": "left_hand",
          "parent": "left_elbow",
          "pivot": [12, 19, -1]
        }, {
          "cubes": [
            {
              "origin": [12, 17, -2.5],
              "size": [2, 2, 1],
              "uv": [72, 3]
            }
          ],
          "name": "left_pointer_finger",
          "parent": "left_hand",
          "pivot": [12, 19, -2]
        }, {
          "cubes": [
            {
              "origin": [12, 17, -1.5],
              "size": [2, 2, 1],
              "uv": [72, 6]
            }
          ],
          "name": "left_middle_finger",
          "parent": "left_hand",
          "pivot": [12, 19, -1]
        }, {
          "cubes": [
            {
              "origin": [12, 17, -0.5],
              "size": [2, 2, 1],
              "uv": [72, 9]
            }
          ],
          "name": "left_pinky_finger",
          "parent": "left_hand",
          "pivot": [12, 19, 0]
        }, {
          "cubes": [
            {
              "origin": [-2.5, 9.25, 3.55],
              "pivot": [0, 3.25, -1.45],
              "rotation": [-10, 0, 0],
              "size": [5, 5, 4],
              "uv": [40, 0]
            }, {
              "origin": [-2.5, 9, 2.25],
              "pivot": [0, 3, -2.75],
              "rotation": [-20, 0, 0],
              "size": [5, 2, 4],
              "uv": [36, 53]
            }, {
              "origin": [-1, 12.95, 6.25],
              "pivot": [1, 12.95, 7.25],
              "rotation": [-7.24721, -1.93597, -14.87739],
              "size": [2, 2, 2],
              "uv": [20, 70]
            }
          ],
          "name": "tail",
          "parent": "torso",
          "pivot": [0, 8, 5]
        }, {
          "cubes": [
            {
              "inflate": 0.01,
              "origin": [-5, 2.75, -1],
              "size": [3, 3, 3],
              "uv": [20, 64]
            }, {
              "origin": [-5.3, 3, 0.5],
              "pivot": [-4.3, 3, 1.5],
              "rotation": [20, -10, 0],
              "size": [0, 2, 4],
              "uv": [46, 69]
            }, {
              "origin": [-5.2, 2.25, 0.5],
              "pivot": [-4.2, 2.25, 1.5],
              "rotation": [-5, -10, 0],
              "size": [0, 1, 3],
              "uv": [8, 71]
            }
          ],
          "name": "right_leg",
          "parent": "body",
          "pivot": [-3.5, 5, 0.5]
        }, {
          "cubes": [
            {
              "origin": [-5, 0.75, -1],
              "size": [3, 2, 3],
              "uv": [66, 67]
            }
          ],
          "name": "right_knee",
          "parent": "right_leg",
          "pivot": [-3.5, 2.75, -1]
        }, {
          "cubes": [
            {
              "inflate": -0.01,
              "origin": [-5, 0, -2],
              "size": [3, 1, 4],
              "uv": [58, 12]
            }
          ],
          "name": "right_foot",
          "parent": "right_knee",
          "pivot": [-3.5, 1, 2]
        }, {
          "cubes": [
            {
              "inflate": 0.01,
              "origin": [2, 2.75, -1],
              "size": [3, 3, 3],
              "uv": [54, 67]
            }, {
              "origin": [5.35, 3, 0.5],
              "pivot": [6.35, 3, 1.5],
              "rotation": [20, 10, 0],
              "size": [0, 2, 4],
              "uv": [38, 69]
            }, {
              "origin": [5.2, 2.25, 0.5],
              "pivot": [6.2, 2.25, 1.5],
              "rotation": [-5, 10, 0],
              "size": [0, 1, 3],
              "uv": [14, 57]
            }
          ],
          "name": "left_leg",
          "parent": "body",
          "pivot": [3.5, 5, 0.5]
        }, {
          "cubes": [
            {
              "origin": [2, 0.75, -1],
              "size": [3, 2, 3],
              "uv": [68, 17]
            }
          ],
          "name": "left_knee",
          "parent": "left_leg",
          "pivot": [3.5, 2.75, -1]
        }, {
          "cubes": [
            {
              "inflate": -0.01,
              "origin": [2, 0, -2],
              "size": [3, 1, 4],
              "uv": [54, 62]
            }
          ],
          "name": "left_foot",
          "parent": "left_knee",
          "pivot": [3.5, 1, 2]
        }
      ],
      "description": {
        "identifier": "geometry.audino",
        "texture_height": 128,
        "texture_width": 128,
        "visible_bounds_height": 3.5,
        "visible_bounds_offset": [0, 1.25, 0],
        "visible_bounds_width": 3
      }
    }
  ]
}