{
  "animations": {
    "animation.pokemans_landorus_therian.battle_idle": {
      "bones": {
        "body": {
          "position": [0, "0+math.sin(q.anim_time*120*1-40)*1.5", 0],
          "rotation": ["5+math.sin(q.anim_time*120*1-160)*1", 0, 0]
        },
        "bone": {
          "rotation": ["32.5+math.cos(q.anim_time*180*1-100)*0.7", 0, 0]
        },
        "bone2": {
          "rotation": ["35+math.cos(q.anim_time*180*1-140)*2", 0, 0]
        },
        "bone3": {
          "rotation": ["35+math.cos(q.anim_time*180*1-180)*4", 0, 0]
        },
        "bone4": {
          "rotation": ["25+math.cos(q.anim_time*180*1-220)*4", 0, 0]
        },
        "bone5": {
          "rotation": ["22.5+math.cos(q.anim_time*180*1-260)*4", 0, 0]
        },
        "chest": {
          "rotation": ["-0.0003+math.cos(q.anim_time*180*1-100)*-2", -0.01515, 2.49995]
        },
        "foe_cloud_back_left": {
          "rotation": ["0+math.cos(q.anim_time*120*1-360)*4", "0+math.cos(q.anim_time*120*1-360)*-14", 0]
        },
        "foe_cloud_back_left2": {
          "rotation": ["0+math.cos(q.anim_time*120*1-400)*6", "0+math.cos(q.anim_time*120*1-400)*-16", 0]
        },
        "foe_cloud_back_left3": {
          "rotation": ["0+math.cos(q.anim_time*120*1-440)*8", "0+math.cos(q.anim_time*120*1-440)*-18", 0]
        },
        "foe_cloud_back_left4": {
          "rotation": ["0+math.cos(q.anim_time*120*1-480)*10", "0+math.cos(q.anim_time*120*1-480)*-20", 0]
        },
        "foe_cloud_back_right": {
          "rotation": ["0+math.cos(q.anim_time*120*1-360)*4", "0+math.cos(q.anim_time*120*1-360)*14", 0]
        },
        "foe_cloud_back_right2": {
          "rotation": ["0+math.cos(q.anim_time*120*1-400)*6", "0+math.cos(q.anim_time*120*1-400)*16", 0]
        },
        "foe_cloud_back_right3": {
          "rotation": ["0+math.cos(q.anim_time*120*1-440)*8", "0+math.cos(q.anim_time*120*1-440)*18", 0]
        },
        "foe_cloud_back_right4": {
          "rotation": ["0+math.cos(q.anim_time*120*1-480)*10", "0+math.cos(q.anim_time*120*1-480)*20", 0]
        },
        "foe_cloud_front_left": {
          "rotation": ["0+math.sin(q.anim_time*120*1-360)*4", "0+math.sin(q.anim_time*120*1-360)*-14", 0]
        },
        "foe_cloud_front_left2": {
          "rotation": ["0+math.sin(q.anim_time*120*1-400)*6", "0+math.sin(q.anim_time*120*1-400)*-16", 0]
        },
        "foe_cloud_front_left3": {
          "rotation": ["0+math.sin(q.anim_time*120*1-440)*8", "0+math.sin(q.anim_time*120*1-440)*-18", 0]
        },
        "foe_cloud_front_left4": {
          "rotation": ["0+math.sin(q.anim_time*120*1-480)*10", "0+math.sin(q.anim_time*120*1-480)*-20", 0]
        },
        "foe_cloud_front_right": {
          "rotation": ["0+math.sin(q.anim_time*120*1-360)*4", "0+math.sin(q.anim_time*120*1-360)*14", 0]
        },
        "foe_cloud_front_right2": {
          "rotation": ["0+math.sin(q.anim_time*120*1-400)*6", "0+math.sin(q.anim_time*120*1-400)*16", 0]
        },
        "foe_cloud_front_right3": {
          "rotation": ["0+math.sin(q.anim_time*120*1-440)*8", "0+math.sin(q.anim_time*120*1-440)*18", 0]
        },
        "foe_cloud_front_right4": {
          "rotation": ["0+math.sin(q.anim_time*120*1-480)*10", "0+math.sin(q.anim_time*120*1-480)*20", 0]
        },
        "head": {
          "rotation": ["12.5+math.sin(q.anim_time*180*1-120)*2", 0, 0]
        },
        "leg_back_left": {
          "rotation": ["-0.0152+math.cos(q.anim_time*180*1-60)*2", -0.17363, 9.99851]
        },
        "leg_back_left3": {
          "rotation": ["0+math.cos(q.anim_time*180*1-60)*4", 0, 0]
        },
        "leg_back_left4": {
          "rotation": [0, 0, -5]
        },
        "leg_back_left5": {
          "rotation": ["10.0902+math.cos(q.anim_time*180*1-100)*-4", 7.369, 1.39954]
        },
        "leg_back_right": {
          "rotation": ["-0.0152+math.cos(q.anim_time*180*1-60)*2", 0.17363, -9.99851]
        },
        "leg_back_right3": {
          "rotation": ["0+math.cos(q.anim_time*180*1-60)*4", 0, 0]
        },
        "leg_back_right4": {
          "rotation": [0, 0, 5]
        },
        "leg_back_right5": {
          "rotation": ["10.0902+math.cos(q.anim_time*180*1-100)*-4", -7.369, -1.39954]
        },
        "leg_foe_left": {
          "rotation": ["12.505+Math.cos((query.anim_time) *180*1-40) * -4", -5, 0]
        },
        "leg_foe_right": {
          "rotation": ["12.505+Math.cos((query.anim_time) *180*1-40) * -4", -5, 0]
        },
        "leg_front_left": {
          "position": [0, "0+Math.cos((query.anim_time) *180*1-40) * -0.2", "0+Math.cos((query.anim_time) *180*1-40) * 0.2"],
          "rotation": ["-6.7619+Math.cos((query.anim_time) *180*1-40) * -4", 6.32905, 7.41775]
        },
        "leg_front_left2": {
          "rotation": [7.5, 0, 10]
        },
        "leg_front_left3": {
          "rotation": ["-8.2948+Math.cos((query.anim_time) *180*1-40) * 4", 4.15573, -9.99636]
        },
        "leg_front_left4": {
          "rotation": [-0.02822, 0.65182, -4.95744]
        },
        "leg_front_right": {
          "position": [0, "0+Math.cos((query.anim_time) *180*1-40) * -0.2", "0+Math.cos((query.anim_time) *180*1-40) * 0.2"],
          "rotation": ["-6.7619+Math.cos((query.anim_time) *180*1-40) * -4", -6.32905, -7.41775]
        },
        "leg_front_right2": {
          "rotation": [7.5, 0, -10]
        },
        "leg_front_right3": {
          "rotation": ["-8.2948+Math.cos((query.anim_time) *180*1-40) * 4", -4.15573, 9.99636]
        },
        "leg_front_right4": {
          "rotation": [-0.02822, -0.65182, 4.95744]
        },
        "neck": {
          "rotation": ["0+math.sin(q.anim_time*180*1-80)*1.5", 0, 0]
        },
        "tail": {
          "rotation": ["32.5+math.cos(q.anim_time*180*1-60)*0.5", 0, 0]
        },
        "torso": {
          "rotation": ["math.sin(q.anim_time*180*1-40)*2", 0, 0]
        }
      },
      "loop": true
    },
    "animation.pokemans_landorus_therian.blink": {
      "animation_length": 0.1667,
      "bones": {
        "lid_left": {
          "position": {
            "0.0": [0, 0, -0.09],
            "0.1667": [0, 0, 0]
          }
        },
        "lid_right": {
          "position": {
            "0.0": [0, 0, -0.09],
            "0.1667": [0, 0, 0]
          }
        }
      }
    },
    "animation.pokemans_landorus_therian.cry": {
      "animation_length": 1.6667,
      "bones": {
        "body": {
          "position": {
            "0.5417": {
              "lerp_mode": "catmullrom",
              "post": [0, 0, 0],
              "pre": [0, 0, 0]
            },
            "0.5833": {
              "lerp_mode": "catmullrom",
              "post": [0, 1, 0]
            },
            "0.625": {
              "lerp_mode": "catmullrom",
              "post": [0, 0, 0]
            },
            "0.6667": {
              "lerp_mode": "catmullrom",
              "post": [0, 1, 0]
            },
            "0.7083": {
              "lerp_mode": "catmullrom",
              "post": [0, 0, 0]
            },
            "0.75": {
              "lerp_mode": "catmullrom",
              "post": [0, 1, 0]
            },
            "0.7917": {
              "lerp_mode": "catmullrom",
              "post": [0, 0, 0]
            },
            "0.8333": {
              "lerp_mode": "catmullrom",
              "post": [0, 1, 0]
            },
            "0.875": {
              "lerp_mode": "catmullrom",
              "post": [0, 0, 0]
            },
            "0.9167": {
              "lerp_mode": "catmullrom",
              "post": [0, 1, 0]
            },
            "0.9583": {
              "lerp_mode": "catmullrom",
              "post": [0, 0, 0]
            },
            "1.0": {
              "lerp_mode": "catmullrom",
              "post": [0, 1, 0]
            },
            "1.0417": {
              "lerp_mode": "catmullrom",
              "post": [0, 0, 0]
            },
            "1.0833": {
              "lerp_mode": "catmullrom",
              "post": [0, 1, 0]
            },
            "1.125": {
              "lerp_mode": "catmullrom",
              "post": [0, 0, 0]
            },
            "1.1667": {
              "lerp_mode": "catmullrom",
              "post": [0, 1, 0]
            },
            "1.2083": {
              "lerp_mode": "catmullrom",
              "post": [0, 0, 0]
            },
            "1.25": {
              "lerp_mode": "catmullrom",
              "post": [0, 1, 0]
            },
            "1.2917": {
              "lerp_mode": "catmullrom",
              "post": [0, 0, 0]
            }
          }
        },
        "bone2": {
          "rotation": {
            "0.0": {
              "lerp_mode": "catmullrom",
              "post": [0, 0, 0]
            },
            "0.25": {
              "lerp_mode": "catmullrom",
              "post": [10, 0, 0]
            },
            "1.0": {
              "lerp_mode": "catmullrom",
              "post": [0, -12.5, 0]
            },
            "1.5": {
              "lerp_mode": "catmullrom",
              "post": [0, 0, 0]
            }
          }
        },
        "bone3": {
          "rotation": {
            "0.0": {
              "lerp_mode": "catmullrom",
              "post": [0, 0, 0]
            },
            "0.25": {
              "lerp_mode": "catmullrom",
              "post": [12.5, 0, 0]
            },
            "1.0": {
              "lerp_mode": "catmullrom",
              "post": [-8.50323, -17.60574, -9.64307]
            },
            "1.5": {
              "lerp_mode": "catmullrom",
              "post": [0, 0, 0]
            }
          }
        },
        "bone4": {
          "rotation": {
            "0.0": {
              "lerp_mode": "catmullrom",
              "post": [0, 0, 0]
            },
            "0.25": {
              "lerp_mode": "catmullrom",
              "post": [-2.5, 0, 0]
            },
            "1.0": {
              "lerp_mode": "catmullrom",
              "post": [-14.75436, -12.29346, -2.28058]
            },
            "1.5": {
              "lerp_mode": "catmullrom",
              "post": [0, 0, 0]
            }
          }
        },
        "bone5": {
          "rotation": {
            "0.0": {
              "lerp_mode": "catmullrom",
              "post": [0, 0, 0]
            },
            "0.25": {
              "lerp_mode": "catmullrom",
              "post": [-5, 0, 0]
            },
            "1.0": {
              "lerp_mode": "catmullrom",
              "post": [0, 0, 0]
            },
            "1.5": {
              "lerp_mode": "catmullrom",
              "post": [0, 0, 0]
            }
          }
        },
        "jaw": {
          "rotation": {
            "0.0": {
              "lerp_mode": "catmullrom",
              "post": [0, 0, 0]
            },
            "0.1667": {
              "lerp_mode": "catmullrom",
              "post": [0, 0, 0]
            },
            "0.5417": {
              "lerp_mode": "catmullrom",
              "post": [47.5, 0, 0]
            },
            "1.25": {
              "lerp_mode": "catmullrom",
              "post": [47.5, 0, 0]
            },
            "1.6667": {
              "lerp_mode": "catmullrom",
              "post": [0, 0, 0]
            }
          }
        },
        "leg_back_left3": {
          "rotation": {
            "0.0": {
              "lerp_mode": "catmullrom",
              "post": [0, 0, 0]
            },
            "0.25": {
              "lerp_mode": "catmullrom",
              "post": [-7.5, 0, 0]
            },
            "0.5": {
              "lerp_mode": "catmullrom",
              "post": [0, 0, 0]
            },
            "1.2083": {
              "lerp_mode": "catmullrom",
              "post": [0, 0, 0]
            },
            "1.6667": {
              "lerp_mode": "catmullrom",
              "post": [0, 0, 0]
            }
          }
        },
        "leg_back_left4": {
          "rotation": {
            "0.0": {
              "lerp_mode": "catmullrom",
              "post": [0, 0, 0]
            },
            "0.25": {
              "lerp_mode": "catmullrom",
              "post": [0, 0, 0]
            },
            "0.5": {
              "lerp_mode": "catmullrom",
              "post": [5, 0, 0]
            },
            "1.2083": {
              "lerp_mode": "catmullrom",
              "post": [5, 0, 0]
            },
            "1.6667": {
              "lerp_mode": "catmullrom",
              "post": [0, 0, 0]
            }
          }
        },
        "leg_back_right3": {
          "rotation": {
            "0.0": {
              "lerp_mode": "catmullrom",
              "post": [0, 0, 0]
            },
            "0.25": {
              "lerp_mode": "catmullrom",
              "post": [-7.5, 0, 0]
            },
            "0.5": {
              "lerp_mode": "catmullrom",
              "post": [0, 0, 0]
            },
            "1.2083": {
              "lerp_mode": "catmullrom",
              "post": [0, 0, 0]
            },
            "1.6667": {
              "lerp_mode": "catmullrom",
              "post": [0, 0, 0]
            }
          }
        },
        "leg_back_right4": {
          "rotation": {
            "0.0": {
              "lerp_mode": "catmullrom",
              "post": [0, 0, 0]
            },
            "0.25": {
              "lerp_mode": "catmullrom",
              "post": [0, 0, 0]
            },
            "0.5": {
              "lerp_mode": "catmullrom",
              "post": [5, 0, 0]
            },
            "1.2083": {
              "lerp_mode": "catmullrom",
              "post": [5, 0, 0]
            },
            "1.6667": {
              "lerp_mode": "catmullrom",
              "post": [0, 0, 0]
            }
          }
        },
        "leg_front_left": {
          "position": {
            "0.0": {
              "lerp_mode": "catmullrom",
              "post": [0, 0, 0]
            },
            "0.25": {
              "lerp_mode": "catmullrom",
              "post": [0, 1, 0]
            },
            "0.5": {
              "lerp_mode": "catmullrom",
              "post": [0, -4, 0]
            },
            "1.2083": {
              "lerp_mode": "catmullrom",
              "post": [0, -4, 0]
            },
            "1.6667": {
              "lerp_mode": "catmullrom",
              "post": [0, 0, 0]
            }
          },
          "rotation": {
            "0.0": {
              "lerp_mode": "catmullrom",
              "post": [0, 0, 0]
            },
            "0.25": {
              "lerp_mode": "catmullrom",
              "post": [-17.5, 0, 0]
            },
            "0.5": {
              "lerp_mode": "catmullrom",
              "post": [10, 0, 0]
            },
            "1.2083": {
              "lerp_mode": "catmullrom",
              "post": [10, 0, 0]
            },
            "1.6667": {
              "lerp_mode": "catmullrom",
              "post": [0, 0, 0]
            }
          }
        },
        "leg_front_right": {
          "position": {
            "0.0": {
              "lerp_mode": "catmullrom",
              "post": [0, 0, 0]
            },
            "0.25": {
              "lerp_mode": "catmullrom",
              "post": [0, 1, 0]
            },
            "0.5": {
              "lerp_mode": "catmullrom",
              "post": [0, -4, 0]
            },
            "1.2083": {
              "lerp_mode": "catmullrom",
              "post": [0, -4, 0]
            },
            "1.6667": {
              "lerp_mode": "catmullrom",
              "post": [0, 0, 0]
            }
          },
          "rotation": {
            "0.0": {
              "lerp_mode": "catmullrom",
              "post": [0, 0, 0]
            },
            "0.25": {
              "lerp_mode": "catmullrom",
              "post": [-17.5, 0, 0]
            },
            "0.5": {
              "lerp_mode": "catmullrom",
              "post": [10, 0, 0]
            },
            "1.2083": {
              "lerp_mode": "catmullrom",
              "post": [10, 0, 0]
            },
            "1.6667": {
              "lerp_mode": "catmullrom",
              "post": [0, 0, 0]
            }
          }
        },
        "neck": {
          "rotation": {
            "0.0": {
              "lerp_mode": "catmullrom",
              "post": [0, 0, 0]
            },
            "0.25": {
              "lerp_mode": "catmullrom",
              "post": [0, 0, 0]
            },
            "0.5417": {
              "lerp_mode": "catmullrom",
              "post": [-12.5, 0, 0]
            },
            "1.25": {
              "lerp_mode": "catmullrom",
              "post": [-12.5, 0, 0]
            },
            "1.6667": {
              "lerp_mode": "catmullrom",
              "post": [0, 0, 0]
            }
          }
        },
        "neck2": {
          "rotation": {
            "0.0": {
              "lerp_mode": "catmullrom",
              "post": [0, 0, 0]
            },
            "0.25": {
              "lerp_mode": "catmullrom",
              "post": [0, 0, 0]
            },
            "0.5417": {
              "lerp_mode": "catmullrom",
              "post": [-10, 0, 0]
            },
            "1.25": {
              "lerp_mode": "catmullrom",
              "post": [-10, 0, 0]
            },
            "1.6667": {
              "lerp_mode": "catmullrom",
              "post": [0, 0, 0]
            }
          }
        },
        "torso": {
          "rotation": {
            "0.0": {
              "lerp_mode": "catmullrom",
              "post": [0, 0, 0]
            },
            "0.25": {
              "lerp_mode": "catmullrom",
              "post": [12.5, 0, 0]
            },
            "0.5": {
              "lerp_mode": "catmullrom",
              "post": [-17.5, 0, 0]
            },
            "1.2083": {
              "lerp_mode": "catmullrom",
              "post": [-17.5, 0, 0]
            },
            "1.6667": {
              "lerp_mode": "catmullrom",
              "post": [0, 0, 0]
            }
          }
        }
      },
      "sound_effects": {
        "0.1": {
          "effect": "pokemon.landorustherian.cry"
        }
      }
    },
    "animation.pokemans_landorus_therian.ground_idle": {
      "bones": {
        "body": {
          "position": [0, "0+math.sin(q.anim_time*120*1-40)*1.5", 0],
          "rotation": ["5+math.sin(q.anim_time*120*1-160)*1", 0, 0]
        },
        "bone": {
          "rotation": ["32.5+math.cos(q.anim_time*180*1-100)*0.7", 0, 0]
        },
        "bone2": {
          "rotation": ["35+math.cos(q.anim_time*180*1-140)*2", 0, 0]
        },
        "bone3": {
          "rotation": ["35+math.cos(q.anim_time*180*1-180)*4", 0, 0]
        },
        "bone4": {
          "rotation": ["25+math.cos(q.anim_time*180*1-220)*4", 0, 0]
        },
        "bone5": {
          "rotation": ["22.5+math.cos(q.anim_time*180*1-260)*4", 0, 0]
        },
        "chest": {
          "rotation": ["-0.0003+math.cos(q.anim_time*180*1-100)*-2", -0.01515, 2.49995]
        },
        "foe_cloud_back_left": {
          "rotation": ["0+math.cos(q.anim_time*120*1-360)*4", "0+math.cos(q.anim_time*120*1-360)*-14", 0]
        },
        "foe_cloud_back_left2": {
          "rotation": ["0+math.cos(q.anim_time*120*1-400)*6", "0+math.cos(q.anim_time*120*1-400)*-16", 0]
        },
        "foe_cloud_back_left3": {
          "rotation": ["0+math.cos(q.anim_time*120*1-440)*8", "0+math.cos(q.anim_time*120*1-440)*-18", 0]
        },
        "foe_cloud_back_left4": {
          "rotation": ["0+math.cos(q.anim_time*120*1-480)*10", "0+math.cos(q.anim_time*120*1-480)*-20", 0]
        },
        "foe_cloud_back_right": {
          "rotation": ["0+math.cos(q.anim_time*120*1-360)*4", "0+math.cos(q.anim_time*120*1-360)*14", 0]
        },
        "foe_cloud_back_right2": {
          "rotation": ["0+math.cos(q.anim_time*120*1-400)*6", "0+math.cos(q.anim_time*120*1-400)*16", 0]
        },
        "foe_cloud_back_right3": {
          "rotation": ["0+math.cos(q.anim_time*120*1-440)*8", "0+math.cos(q.anim_time*120*1-440)*18", 0]
        },
        "foe_cloud_back_right4": {
          "rotation": ["0+math.cos(q.anim_time*120*1-480)*10", "0+math.cos(q.anim_time*120*1-480)*20", 0]
        },
        "foe_cloud_front_left": {
          "rotation": ["0+math.sin(q.anim_time*120*1-360)*4", "0+math.sin(q.anim_time*120*1-360)*-14", 0]
        },
        "foe_cloud_front_left2": {
          "rotation": ["0+math.sin(q.anim_time*120*1-400)*6", "0+math.sin(q.anim_time*120*1-400)*-16", 0]
        },
        "foe_cloud_front_left3": {
          "rotation": ["0+math.sin(q.anim_time*120*1-440)*8", "0+math.sin(q.anim_time*120*1-440)*-18", 0]
        },
        "foe_cloud_front_left4": {
          "rotation": ["0+math.sin(q.anim_time*120*1-480)*10", "0+math.sin(q.anim_time*120*1-480)*-20", 0]
        },
        "foe_cloud_front_right": {
          "rotation": ["0+math.sin(q.anim_time*120*1-360)*4", "0+math.sin(q.anim_time*120*1-360)*14", 0]
        },
        "foe_cloud_front_right2": {
          "rotation": ["0+math.sin(q.anim_time*120*1-400)*6", "0+math.sin(q.anim_time*120*1-400)*16", 0]
        },
        "foe_cloud_front_right3": {
          "rotation": ["0+math.sin(q.anim_time*120*1-440)*8", "0+math.sin(q.anim_time*120*1-440)*18", 0]
        },
        "foe_cloud_front_right4": {
          "rotation": ["0+math.sin(q.anim_time*120*1-480)*10", "0+math.sin(q.anim_time*120*1-480)*20", 0]
        },
        "head": {
          "rotation": ["0+math.sin(q.anim_time*180*1-120)*2", 0, 0]
        },
        "leg_back_left": {
          "rotation": ["-0.0152+math.cos(q.anim_time*180*1-60)*2", -0.17363, 9.99851]
        },
        "leg_back_left3": {
          "rotation": ["0+math.cos(q.anim_time*180*1-60)*4", 0, 0]
        },
        "leg_back_left4": {
          "rotation": [0, 0, -5]
        },
        "leg_back_left5": {
          "rotation": ["10.0902+math.cos(q.anim_time*180*1-100)*-4", 7.369, 1.39954]
        },
        "leg_back_right": {
          "rotation": ["-0.0152+math.cos(q.anim_time*180*1-60)*2", 0.17363, -9.99851]
        },
        "leg_back_right3": {
          "rotation": ["0+math.cos(q.anim_time*180*1-60)*4", 0, 0]
        },
        "leg_back_right4": {
          "rotation": [0, 0, 5]
        },
        "leg_back_right5": {
          "rotation": ["10.0902+math.cos(q.anim_time*180*1-100)*-4", -7.369, -1.39954]
        },
        "leg_foe_left": {
          "rotation": ["12.505+Math.cos((query.anim_time) *180*1-40) * -4", -5, 0]
        },
        "leg_foe_right": {
          "rotation": ["12.505+Math.cos((query.anim_time) *180*1-40) * -4", -5, 0]
        },
        "leg_front_left": {
          "position": [0, "0+Math.cos((query.anim_time) *180*1-40) * -0.2", "0+Math.cos((query.anim_time) *180*1-40) * 0.2"],
          "rotation": ["-6.1785+Math.cos((query.anim_time) *180*1-40) * -4", 7.15777, 12.38301]
        },
        "leg_front_left2": {
          "rotation": [0, 0, 10]
        },
        "leg_front_left3": {
          "rotation": ["-8.2948+Math.cos((query.anim_time) *180*1-40) * 4", 4.15573, -9.99636]
        },
        "leg_front_left4": {
          "rotation": [7.43656, 0.9762, -7.43656]
        },
        "leg_front_right": {
          "position": [0, "0+Math.cos((query.anim_time) *180*1-40) * -0.2", "0+Math.cos((query.anim_time) *180*1-40) * 0.2"],
          "rotation": ["-6.1785+Math.cos((query.anim_time) *180*1-40) * -4", -7.15777, -12.38301]
        },
        "leg_front_right2": {
          "rotation": [0, 0, -10]
        },
        "leg_front_right3": {
          "rotation": ["-8.2948+Math.cos((query.anim_time) *180*1-40) * 4", -4.15573, 9.99636]
        },
        "leg_front_right4": {
          "rotation": [7.43656, -0.9762, 7.43656]
        },
        "neck": {
          "rotation": ["0+math.sin(q.anim_time*180*1-80)*1.5", 0, 0]
        },
        "tail": {
          "rotation": ["32.5+math.cos(q.anim_time*180*1-60)*0.5", 0, 0]
        },
        "torso": {
          "rotation": ["math.sin(q.anim_time*180*1-40)*2", 0, 0]
        }
      },
      "loop": true
    },
    "animation.pokemans_landorus_therian.ground_walk": {
      "animation_length": 1,
      "bones": {
        "body": {
          "position": [0, "0+math.sin(q.anim_time*720)*0.5", 0],
          "rotation": ["0+math.sin(q.anim_time*360)*2", "0+math.sin(q.anim_time*360)*2", "0+math.sin(q.anim_time*360)*2"]
        },
        "bone": {
          "rotation": ["32.5+math.cos(q.anim_time*180*2)*0.7", 0, 0]
        },
        "bone2": {
          "rotation": ["35+math.cos(q.anim_time*180*2)*2", 0, 0]
        },
        "bone3": {
          "rotation": ["35+math.cos(q.anim_time*180*2)*4", 0, 0]
        },
        "bone4": {
          "rotation": ["25+math.cos(q.anim_time*180*2)*4", 0, 0]
        },
        "bone5": {
          "rotation": ["22.5+math.cos(q.anim_time*180*2)*4", 0, 0]
        },
        "foe_cloud_back_left": {
          "rotation": ["0+math.sin(q.anim_time*360)*4", "0+math.sin(q.anim_time*360)*-14", 0]
        },
        "foe_cloud_back_left2": {
          "rotation": ["0+math.sin(q.anim_time*360)*6", "0+math.sin(q.anim_time*360)*-16", 0]
        },
        "foe_cloud_back_left3": {
          "rotation": ["0+math.sin(q.anim_time*360)*8", "0+math.sin(q.anim_time*360)*-18", 0]
        },
        "foe_cloud_back_left4": {
          "rotation": ["0+math.sin(q.anim_time*360)*10", "0+math.sin(q.anim_time*360)*-20", 0]
        },
        "foe_cloud_back_right": {
          "rotation": ["0+math.sin(q.anim_time*360)*4", "0+math.sin(q.anim_time*360)*14", 0]
        },
        "foe_cloud_back_right2": {
          "rotation": ["0+math.sin(q.anim_time*360)*6", "0+math.sin(q.anim_time*360)*16", 0]
        },
        "foe_cloud_back_right3": {
          "rotation": ["0+math.sin(q.anim_time*360)*8", "0+math.sin(q.anim_time*360)*18", 0]
        },
        "foe_cloud_back_right4": {
          "rotation": ["0+math.sin(q.anim_time*360)*10", "0+math.sin(q.anim_time*360)*20", 0]
        },
        "foe_cloud_front_left": {
          "rotation": ["0+math.sin(q.anim_time*360)*4", "0+math.sin(q.anim_time*360)*-14", 0]
        },
        "foe_cloud_front_left2": {
          "rotation": ["0+math.sin(q.anim_time*360)*6", "0+math.sin(q.anim_time*360)*-16", 0]
        },
        "foe_cloud_front_left3": {
          "rotation": ["0+math.sin(q.anim_time*360)*8", "0+math.sin(q.anim_time*360)*-18", 0]
        },
        "foe_cloud_front_left4": {
          "rotation": ["0+math.sin(q.anim_time*360)*10", "0+math.sin(q.anim_time*360)*-20", 0]
        },
        "foe_cloud_front_right": {
          "rotation": ["0+math.sin(q.anim_time*360)*4", "0+math.sin(q.anim_time*360)*14", 0]
        },
        "foe_cloud_front_right2": {
          "rotation": ["0+math.sin(q.anim_time*360)*6", "0+math.sin(q.anim_time*360)*16", 0]
        },
        "foe_cloud_front_right3": {
          "rotation": ["0+math.sin(q.anim_time*360)*8", "0+math.sin(q.anim_time*360)*18", 0]
        },
        "foe_cloud_front_right4": {
          "rotation": ["0+math.sin(q.anim_time*360)*10", "0+math.sin(q.anim_time*360)*20", 0]
        },
        "leg_back_left": {
          "position": {
            "0.0": [0, 0, 0],
            "0.4167": [0, 0, 0],
            "0.5": {
              "lerp_mode": "catmullrom",
              "post": [0, 0.21, 0],
              "pre": [0, 0.21, 0]
            },
            "0.625": {
              "lerp_mode": "catmullrom",
              "post": [0, 0.65, 0]
            },
            "0.7083": {
              "lerp_mode": "catmullrom",
              "post": [0, 0.6, 0]
            },
            "0.7917": {
              "lerp_mode": "catmullrom",
              "post": [0, 0.65, 0]
            },
            "0.9167": {
              "lerp_mode": "catmullrom",
              "post": [0, 0.21, 0]
            },
            "1.0": [0, 0, 0]
          },
          "rotation": {
            "0.0": [-18, 0, 0],
            "0.0833": [-15.08, 0, 0],
            "0.4167": [22.71, 0, 0],
            "0.5": [26.5, 0, 0],
            "0.6667": [22.71, 0, 0],
            "0.9167": [-15.08, 0, 0],
            "1.0": [-18, 0, 0]
          }
        },
        "leg_back_left3": {
          "rotation": {
            "0.0": [-12.5, 0, 0],
            "0.2083": [-15.62, 0, 0],
            "0.5": {
              "lerp_mode": "catmullrom",
              "post": [-9.5, 0, 0],
              "pre": [-9.5, 0, 0]
            },
            "0.625": {
              "lerp_mode": "catmullrom",
              "post": [-35.75, 0, 0]
            },
            "0.75": [-48.75, 0, 0],
            "0.9167": [-21, 0, 0],
            "1.0": [-12.5, 0, 0]
          }
        },
        "leg_back_left5": {
          "rotation": {
            "0.0": [35, 0, 0],
            "0.2083": [10, 0, 0],
            "0.375": [-5, 0, 0],
            "0.5417": [7.5, 0, 0],
            "0.75": [55, 0, 0],
            "0.875": [13.75, 0, 0],
            "1.0": [35, 0, 0]
          }
        },
        "leg_back_right": {
          "position": {
            "0.0": {
              "lerp_mode": "catmullrom",
              "post": [0, 0.21, 0]
            },
            "0.125": {
              "lerp_mode": "catmullrom",
              "post": [0, 0.55, 0]
            },
            "0.2083": {
              "lerp_mode": "catmullrom",
              "post": [0, 0.6, 0]
            },
            "0.2917": {
              "lerp_mode": "catmullrom",
              "post": [0, 0.75, 0]
            },
            "0.4167": {
              "lerp_mode": "catmullrom",
              "post": [0, 0.21, 0]
            },
            "0.5": [0, 0, 0],
            "0.7083": [0, 0.2, 0],
            "0.9167": [0, 0, 0],
            "1.0": [0, 0.21, 0]
          },
          "rotation": {
            "0.0": [26.5, 0, 0],
            "0.1667": [22.71, 0, 0],
            "0.4167": [-15.08, 0, 0],
            "0.5": [-18, 0, 0],
            "0.5833": [-15.08, 0, 0],
            "0.9167": [22.71, 0, 0],
            "1.0": [26.5, 0, 0]
          }
        },
        "leg_back_right3": {
          "rotation": {
            "0.0": {
              "lerp_mode": "catmullrom",
              "post": [-9.5, 0, 0]
            },
            "0.125": {
              "lerp_mode": "catmullrom",
              "post": [-35.75, 0, 0]
            },
            "0.25": [-48.75, 0, 0],
            "0.4167": [-21, 0, 0],
            "0.5": [-12.5, 0, 0],
            "0.7083": [-15.62, 0, 0],
            "1.0": [-9.5, 0, 0]
          }
        },
        "leg_back_right5": {
          "rotation": {
            "0.0": [4.38, 0, 0],
            "0.0417": [7.5, 0, 0],
            "0.25": [55, 0, 0],
            "0.375": [13.75, 0, 0],
            "0.5": [35, 0, 0],
            "0.7083": [10, 0, 0],
            "0.875": [-5, 0, 0],
            "1.0": [4.38, 0, 0]
          }
        },
        "leg_foe_left": {
          "rotation": {
            "0.0": [4.38, 0, 0],
            "0.0417": [7.5, 0, 0],
            "0.25": [55, 0, 0],
            "0.5": [22.5, 0, 0],
            "0.5417": [35, 0, 0],
            "0.7083": [10, 0, 0],
            "0.875": [-5, 0, 0],
            "1.0": [4.38, 0, 0]
          }
        },
        "leg_foe_right": {
          "rotation": {
            "0.0": [22.5, 0, 0],
            "0.0417": [35, 0, 0],
            "0.2083": [10, 0, 0],
            "0.375": [-5, 0, 0],
            "0.5417": [7.5, 0, 0],
            "0.75": [55, 0, 0],
            "0.9167": [15.42, 0, 0],
            "1.0": [22.5, 0, 0]
          }
        },
        "leg_front_left": {
          "position": {
            "0.0": {
              "lerp_mode": "catmullrom",
              "post": [0, 0.21, 0]
            },
            "0.125": {
              "lerp_mode": "catmullrom",
              "post": [0, 1.25, 0]
            },
            "0.2083": {
              "lerp_mode": "catmullrom",
              "post": [0, 1.5, 0]
            },
            "0.2917": {
              "lerp_mode": "catmullrom",
              "post": [0, 1.25, 0]
            },
            "0.4167": {
              "lerp_mode": "catmullrom",
              "post": [0, 0.21, 0]
            },
            "0.5": [0, 0, 0],
            "0.7083": [0, 1.25, 0],
            "0.9167": [0, 0, 0],
            "1.0": [0, 0.21, 0]
          },
          "rotation": {
            "0.0": [30, 0, 0],
            "0.1667": [26.21, 0, 0],
            "0.4167": [-18.08, 0, 0],
            "0.5": [-21, 0, 0],
            "0.5833": [-18.08, 0, 0],
            "0.9167": [26.21, 0, 0],
            "1.0": [30, 0, 0]
          }
        },
        "leg_front_left3": {
          "rotation": {
            "0.0": [-17, 0, 0],
            "0.0833": [-18.75, 0, 0],
            "0.2917": [-40, 0, 0],
            "0.5": [-12.5, 0, 0],
            "0.7083": [-3.12, 0, 0],
            "1.0": [-17, 0, 0]
          }
        },
        "leg_front_right": {
          "position": {
            "0.0": [0, 0, 0],
            "0.2083": [0, 1.25, 0],
            "0.4167": [0, 0, 0],
            "0.625": {
              "lerp_mode": "catmullrom",
              "post": [0, 1.25, 0],
              "pre": [0, 1.25, 0]
            },
            "0.7083": {
              "lerp_mode": "catmullrom",
              "post": [0, 1.5, 0]
            },
            "0.7917": {
              "lerp_mode": "catmullrom",
              "post": [0, 1.25, 0]
            },
            "0.9167": {
              "lerp_mode": "catmullrom",
              "post": [0, 0.21, 0]
            },
            "1.0": [0, 0, 0]
          },
          "rotation": {
            "0.0": [-21, 0, 0],
            "0.0833": [-18.08, 0, 0],
            "0.4167": [26.21, 0, 0],
            "0.5": [30, 0, 0],
            "0.6667": [26.21, 0, 0],
            "0.9167": [-18.08, 0, 0],
            "1.0": [-21, 0, 0]
          }
        },
        "leg_front_right3": {
          "rotation": {
            "0.0": [-12.5, 0, 0],
            "0.2083": [-3.12, 0, 0],
            "0.5": [-17, 0, 0],
            "0.5833": [-18.75, 0, 0],
            "0.7917": [-40, 0, 0],
            "1.0": [-12.5, 0, 0]
          }
        },
        "tail": {
          "rotation": ["32.5+math.cos(q.anim_time*180*2)*0.5", 0, 0]
        },
        "torso": {
          "position": [0, "0+Math.cos((query.anim_time) * 90 * 4*2) * 0.5", 0],
          "rotation": ["2.5+Math.cos((query.anim_time) * 90 * 4*2 - 90) * 2", 0, "0+Math.cos((query.anim_time) * 90 * 4) * 4"]
        }
      },
      "loop": true
    },
    "animation.pokemans_landorus_therian.physical_attack": {
      "animation_length": 1,
      "bones": {
        "body": {
          "position": {
            "0.0": {
              "lerp_mode": "catmullrom",
              "post": [0, 0, 0]
            },
            "0.3333": {
              "lerp_mode": "catmullrom",
              "post": [0, 1, 2]
            },
            "0.6667": {
              "lerp_mode": "catmullrom",
              "post": [0, -2, -7]
            },
            "1.0": {
              "lerp_mode": "catmullrom",
              "post": [0, 0, 0]
            }
          },
          "rotation": {
            "0.0": {
              "lerp_mode": "catmullrom",
              "post": [0, 0, 0]
            },
            "0.3333": {
              "lerp_mode": "catmullrom",
              "post": [-5, 0, 0]
            },
            "0.6667": {
              "lerp_mode": "catmullrom",
              "post": [7.5, 0, 0]
            },
            "1.0": {
              "lerp_mode": "catmullrom",
              "post": [0, 0, 0]
            }
          }
        },
        "bone": {
          "rotation": {
            "0.0": {
              "lerp_mode": "catmullrom",
              "post": [0, 0, 0]
            },
            "0.3333": {
              "lerp_mode": "catmullrom",
              "post": [-10, 0, 0]
            },
            "0.75": {
              "lerp_mode": "catmullrom",
              "post": [5, 0, 0]
            },
            "1.0": {
              "lerp_mode": "catmullrom",
              "post": [0, 0, 0]
            }
          }
        },
        "bone2": {
          "rotation": {
            "0.0": {
              "lerp_mode": "catmullrom",
              "post": [0, 0, 0]
            },
            "0.3333": {
              "lerp_mode": "catmullrom",
              "post": [-7.5, 0, 0]
            },
            "0.75": {
              "lerp_mode": "catmullrom",
              "post": [12.5, 0, 0]
            },
            "1.0": {
              "lerp_mode": "catmullrom",
              "post": [0, 0, 0]
            }
          }
        },
        "bone3": {
          "rotation": {
            "0.0": {
              "lerp_mode": "catmullrom",
              "post": [0, 0, 0]
            },
            "0.3333": {
              "lerp_mode": "catmullrom",
              "post": [-15, 0, 0]
            },
            "1.0": {
              "lerp_mode": "catmullrom",
              "post": [0, 0, 0]
            }
          }
        },
        "bone4": {
          "rotation": {
            "0.0": {
              "lerp_mode": "catmullrom",
              "post": [0, 0, 0]
            },
            "0.3333": {
              "lerp_mode": "catmullrom",
              "post": [-7.5, 0, 0]
            },
            "0.75": {
              "lerp_mode": "catmullrom",
              "post": [-2.5, 0, 0]
            },
            "1.0": {
              "lerp_mode": "catmullrom",
              "post": [0, 0, 0]
            }
          }
        },
        "chest": {
          "rotation": {
            "0.0": {
              "lerp_mode": "catmullrom",
              "post": [0, 0, 0]
            },
            "0.3333": {
              "lerp_mode": "catmullrom",
              "post": [-8.37139, 24.6805, -4.11464]
            },
            "0.4583": {
              "lerp_mode": "catmullrom",
              "post": [5, 0, 0]
            },
            "0.6667": {
              "lerp_mode": "catmullrom",
              "post": [4.9685, 0.51206, -7.48259]
            },
            "1.0": {
              "lerp_mode": "catmullrom",
              "post": [0, 0, 0]
            }
          }
        },
        "head": {
          "rotation": {
            "0.0": {
              "lerp_mode": "catmullrom",
              "post": [0, 0, 0]
            },
            "0.3333": {
              "lerp_mode": "catmullrom",
              "post": [17.52442, -6.61963, -3.53357]
            },
            "1.0": {
              "lerp_mode": "catmullrom",
              "post": [0, 0, 0]
            }
          }
        },
        "jaw": {
          "rotation": {
            "0.0": {
              "lerp_mode": "catmullrom",
              "post": [0, 0, 0]
            },
            "0.3333": {
              "lerp_mode": "catmullrom",
              "post": [47.5, 0, 0]
            },
            "0.6667": {
              "lerp_mode": "catmullrom",
              "post": [0, 0, 0]
            },
            "1.0": {
              "lerp_mode": "catmullrom",
              "post": [0, 0, 0]
            }
          }
        },
        "leg_foe_left": {
          "rotation": {
            "0.0": {
              "lerp_mode": "catmullrom",
              "post": [0, 0, 0]
            },
            "0.3333": {
              "lerp_mode": "catmullrom",
              "post": [0, 0, 0]
            },
            "0.6667": {
              "lerp_mode": "catmullrom",
              "post": [23.52546, 0.64514, -12.52529]
            },
            "1.0": {
              "lerp_mode": "catmullrom",
              "post": [0, 0, 0]
            }
          }
        },
        "leg_foe_right": {
          "rotation": {
            "0.0": {
              "lerp_mode": "catmullrom",
              "post": [0, 0, 0]
            },
            "0.3333": {
              "lerp_mode": "catmullrom",
              "post": [0, 0, 0]
            },
            "0.6667": {
              "lerp_mode": "catmullrom",
              "post": [2.5, 0, 0]
            },
            "1.0": {
              "lerp_mode": "catmullrom",
              "post": [0, 0, 0]
            }
          }
        },
        "leg_front_left": {
          "position": {
            "0.0": {
              "lerp_mode": "catmullrom",
              "post": [0, 0, 0]
            },
            "0.6667": {
              "lerp_mode": "catmullrom",
              "post": [0, -2, -1]
            },
            "1.0": {
              "lerp_mode": "catmullrom",
              "post": [0, 0, 0]
            }
          },
          "rotation": {
            "0.0": {
              "lerp_mode": "catmullrom",
              "post": [0, 0, 0]
            },
            "0.3333": {
              "lerp_mode": "catmullrom",
              "post": [-48.69776, 28.61258, 43.5995]
            },
            "0.6667": {
              "lerp_mode": "catmullrom",
              "post": [-29.47509, -12.79209, -18.35513]
            },
            "1.0": {
              "lerp_mode": "catmullrom",
              "post": [0, 0, 0]
            }
          }
        },
        "leg_front_left3": {
          "rotation": {
            "0.0": {
              "lerp_mode": "catmullrom",
              "post": [0, 0, 0]
            },
            "0.3333": {
              "lerp_mode": "catmullrom",
              "post": [-5.63589, 6.19463, -24.43127]
            },
            "0.6667": {
              "lerp_mode": "catmullrom",
              "post": [-6.49005, -11.42409, -35.79103]
            },
            "1.0": {
              "lerp_mode": "catmullrom",
              "post": [0, 0, 0]
            }
          }
        },
        "leg_front_left4": {
          "rotation": {
            "0.0": {
              "lerp_mode": "catmullrom",
              "post": [0, 0, 0]
            },
            "0.3333": {
              "lerp_mode": "catmullrom",
              "post": [-7.5, 0, 0]
            },
            "0.6667": {
              "lerp_mode": "catmullrom",
              "post": [12.2056, 2.13969, -9.7734]
            },
            "1.0": {
              "lerp_mode": "catmullrom",
              "post": [0, 0, 0]
            }
          }
        },
        "leg_front_right": {
          "rotation": {
            "0.0": {
              "lerp_mode": "catmullrom",
              "post": [0, 0, 0]
            },
            "0.3333": {
              "lerp_mode": "catmullrom",
              "post": [43.04177, 5.34594, -8.47147]
            },
            "0.6667": {
              "lerp_mode": "catmullrom",
              "post": [27.5, 0, 0]
            },
            "1.0": {
              "lerp_mode": "catmullrom",
              "post": [0, 0, 0]
            }
          }
        },
        "leg_front_right2": {
          "rotation": {
            "0.0": {
              "lerp_mode": "catmullrom",
              "post": [0, 0, 0]
            },
            "0.3333": {
              "lerp_mode": "catmullrom",
              "post": [-27.5, 0, 0]
            },
            "0.6667": {
              "lerp_mode": "catmullrom",
              "post": [-15, 0, 0]
            },
            "1.0": {
              "lerp_mode": "catmullrom",
              "post": [0, 0, 0]
            }
          }
        },
        "leg_front_right3": {
          "rotation": {
            "0.0": {
              "lerp_mode": "catmullrom",
              "post": [0, 0, 0]
            },
            "0.3333": {
              "lerp_mode": "catmullrom",
              "post": [-55, 0, 0]
            },
            "0.6667": {
              "lerp_mode": "catmullrom",
              "post": [-27.5, 0, 0]
            },
            "1.0": {
              "lerp_mode": "catmullrom",
              "post": [0, 0, 0]
            }
          }
        },
        "leg_front_right4": {
          "rotation": {
            "0.0": {
              "lerp_mode": "catmullrom",
              "post": [0, 0, 0]
            },
            "0.3333": {
              "lerp_mode": "catmullrom",
              "post": [47.80839, -5.05872, -5.54746]
            },
            "0.6667": {
              "lerp_mode": "catmullrom",
              "post": [12.5, 0, 0]
            },
            "1.0": {
              "lerp_mode": "catmullrom",
              "post": [0, 0, 0]
            }
          }
        },
        "neck": {
          "rotation": {
            "0.0": {
              "lerp_mode": "catmullrom",
              "post": [0, 0, 0]
            },
            "0.3333": {
              "lerp_mode": "catmullrom",
              "post": [2.39759, -9.99906, 0.13805]
            },
            "1.0": {
              "lerp_mode": "catmullrom",
              "post": [0, 0, 0]
            }
          }
        },
        "neck2": {
          "rotation": {
            "0.0": {
              "lerp_mode": "catmullrom",
              "post": [0, 0, 0]
            },
            "0.3333": {
              "lerp_mode": "catmullrom",
              "post": [12.5, 0, 0]
            },
            "1.0": {
              "lerp_mode": "catmullrom",
              "post": [0, 0, 0]
            }
          }
        },
        "tail": {
          "rotation": {
            "0.0": {
              "lerp_mode": "catmullrom",
              "post": [0, 0, 0]
            },
            "0.3333": {
              "lerp_mode": "catmullrom",
              "post": [-7.5, 0, 0]
            },
            "0.75": {
              "lerp_mode": "catmullrom",
              "post": [12.5, 0, 0]
            },
            "1.0": {
              "lerp_mode": "catmullrom",
              "post": [0, 0, 0]
            }
          }
        },
        "torso": {
          "rotation": {
            "0.0": {
              "lerp_mode": "catmullrom",
              "post": [0, 0, 0]
            },
            "0.3333": {
              "lerp_mode": "catmullrom",
              "post": [-25, 0, 0]
            },
            "0.6667": {
              "lerp_mode": "catmullrom",
              "post": [-5, 0, 0]
            },
            "1.0": {
              "lerp_mode": "catmullrom",
              "post": [0, 0, 0]
            }
          }
        }
      }
    },
    "animation.pokemans_landorus_therian.pose": {
      "bones": {
        "bone": {
          "rotation": [32.5, 0, 0]
        },
        "bone2": {
          "rotation": [35, 0, 0]
        },
        "bone3": {
          "rotation": [35, 0, 0]
        },
        "bone4": {
          "rotation": [25, 0, 0]
        },
        "bone5": {
          "rotation": [22.5, 0, 0]
        },
        "foe_cloud_back_left": {
          "rotation": [22.5, 0, 0]
        },
        "foe_cloud_back_left2": {
          "rotation": [-30, 0, 0]
        },
        "foe_cloud_back_left3": {
          "rotation": [45, 0, 0]
        },
        "foe_cloud_back_left4": {
          "rotation": [-45, 0, 0]
        },
        "foe_cloud_back_right": {
          "rotation": [22.5, 0, 0]
        },
        "foe_cloud_back_right2": {
          "rotation": [-30, 0, 0]
        },
        "foe_cloud_back_right3": {
          "rotation": [45, 0, 0]
        },
        "foe_cloud_back_right4": {
          "rotation": [-45, 0, 0]
        },
        "foe_cloud_front_left": {
          "rotation": [17.5, 0, 0]
        },
        "foe_cloud_front_left2": {
          "rotation": [-30, 0, 0]
        },
        "foe_cloud_front_left3": {
          "rotation": [55, 0, 0]
        },
        "foe_cloud_front_left4": {
          "rotation": [-55, 0, 0]
        },
        "foe_cloud_front_right": {
          "rotation": [17.5, 0, 0]
        },
        "foe_cloud_front_right2": {
          "rotation": [-30, 0, 0]
        },
        "foe_cloud_front_right3": {
          "rotation": [55, 0, 0]
        },
        "foe_cloud_front_right4": {
          "rotation": [-55, 0, 0]
        },
        "tail": {
          "rotation": [32.5, 0, 0]
        }
      },
      "loop": true
    }
  },
  "format_version": "1.8.0"
}