{
  "format_version": "1.12.0",
  "minecraft:geometry": [
    {
      "bones": [
        {
          "name": "electivire",
          "pivot": [0, 0, 0]
        }, {
          "name": "body",
          "parent": "electivire",
          "pivot": [0, 15, 0]
        }, {
          "cubes": [
            {
              "origin": [-7.5, 11.55, -5.5],
              "size": [15, 3, 11],
              "uv": [0, 29]
            },
            {
              "inflate": 0.01,
              "origin": [-9, 14.5, -7.5],
              "size": [18, 14, 15],
              "uv": [0, 0]
            },
            {
              "origin": [-1.5, 14.5, -7.52],
              "size": [3, 14, 0],
              "uv": [57, 1]
            },
            {
              "origin": [-1.5, 14.48, -7.5],
              "size": [3, 0, 15],
              "uv": [36, 0]
            },
            {
              "origin": [-1.5, 14.5, 7.518],
              "size": [3, 5, 0],
              "uv": [63, 10]
            },
            {
              "inflate": 0.01,
              "origin": [-6, 28.5, -4],
              "size": [12, 3, 8],
              "uv": [58, 23]
            },
            {
              "inflate": 0.01,
              "origin": [-2.5, 21.9, 7.51],
              "size": [1, 3, 0],
              "uv": [71, 12]
            },
            {
              "inflate": 0.01,
              "mirror": true,
              "origin": [1.5, 21.9, 7.51],
              "size": [1, 3, 0],
              "uv": [69, 12]
            }
          ],
          "name": "torso",
          "parent": "body",
          "pivot": [0, 11.55, 0.25]
        }, {
          "name": "shoulders_fur",
          "parent": "torso",
          "pivot": [0, 27.5, 0.25]
        }, {
          "cubes": [
            {
              "origin": [9, 23.6, -7.5],
              "size": [0, 5, 13],
              "uv": [0, 64]
            },
            {
              "origin": [4, 23.6, 5.5],
              "size": [5, 5, 0],
              "uv": [0, 91]
            }
          ],
          "name": "shoulder_fur_left",
          "parent": "shoulders_fur",
          "pivot": [9, 28.6, -0.25],
          "rotation": [0, 0, -55]
        }, {
          "cubes": [
            {
              "origin": [2.5, 23.6, -7.5],
              "size": [7, 5, 0],
              "uv": [0, 101]
            }
          ],
          "name": "shoulder_fur_left2",
          "parent": "shoulders_fur",
          "pivot": [7.5, 28.6, -7.5],
          "rotation": [-30, 0, -2]
        }, {
          "cubes": [
            {
              "mirror": true,
              "origin": [-9, 23.6, -7.5],
              "size": [0, 5, 13],
              "uv": [0, 69]
            },
            {
              "mirror": true,
              "origin": [-9, 23.6, 5.5],
              "size": [5, 5, 0],
              "uv": [0, 96]
            }
          ],
          "name": "shoulder_fur_right",
          "parent": "shoulders_fur",
          "pivot": [-9, 28.6, -0.25],
          "rotation": [0, 0, 55]
        }, {
          "cubes": [
            {
              "mirror": true,
              "origin": [-9.5, 23.6, -7.5],
              "size": [7, 5, 0],
              "uv": [0, 106]
            }
          ],
          "name": "shoulder_fur_right2",
          "parent": "shoulders_fur",
          "pivot": [-7.5, 28.6, -7.5],
          "rotation": [-30, 0, 2]
        }, {
          "name": "arms",
          "parent": "torso",
          "pivot": [0, 26.5, 0.25]
        }, {
          "cubes": [
            {
              "origin": [8.5, 23.5, -1],
              "size": [9, 4, 4],
              "uv": [0, 43]
            }
          ],
          "name": "arm_left",
          "parent": "arms",
          "pivot": [8.5, 27.5, 1],
          "rotation": [0, 0, 35]
        }, {
          "cubes": [
            {
              "inflate": 0.02,
              "origin": [17, 22.5, -2.5],
              "size": [4, 7, 7],
              "uv": [52, 34]
            },
            {
              "inflate": 0.02,
              "origin": [21, 22.5, -3],
              "size": [7, 7, 8],
              "uv": [98, 23]
            }
          ],
          "name": "arm_left2",
          "parent": "arm_left",
          "pivot": [17, 25.5, 3]
        }, {
          "cubes": [
            {
              "origin": [12.7, 29, -0.5],
              "size": [4, 0, 5],
              "uv": [-5, 111]
            },
            {
              "origin": [12.7, 24, 4.5],
              "size": [4, 5, 0],
              "uv": [0, 29]
            }
          ],
          "name": "arm_fur_left",
          "parent": "arm_left2",
          "pivot": [16.7, 25, 0.5],
          "rotation": [0, 10, 10]
        }, {
          "name": "fingers_left",
          "parent": "arm_left2",
          "pivot": [28, 29, 1]
        }, {
          "cubes": [
            {
              "inflate": 0.01,
              "origin": [28, 26, 3],
              "size": [2, 2, 2],
              "uv": [36, 120]
            }
          ],
          "name": "finger_left1",
          "parent": "fingers_left",
          "pivot": [28, 28, 4]
        }, {
          "cubes": [
            {
              "origin": [30, 26, 3],
              "size": [2, 2, 2],
              "uv": [44, 120]
            }
          ],
          "name": "finger_left1_2",
          "parent": "finger_left1",
          "pivot": [30, 28, 4]
        }, {
          "cubes": [
            {
              "inflate": 0.01,
              "origin": [28, 27, 1],
              "size": [3, 2, 2],
              "uv": [52, 120]
            }
          ],
          "name": "finger_left2",
          "parent": "fingers_left",
          "pivot": [28, 29, 2]
        }, {
          "cubes": [
            {
              "origin": [31, 27, 1],
              "size": [2, 2, 2],
              "uv": [62, 120]
            }
          ],
          "name": "finger_left2_2",
          "parent": "finger_left2",
          "pivot": [31, 29, 2]
        }, {
          "cubes": [
            {
              "inflate": 0.01,
              "origin": [28, 27, -1],
              "size": [3, 2, 2],
              "uv": [0, 120]
            }
          ],
          "name": "finger_left3",
          "parent": "fingers_left",
          "pivot": [28, 29, 0]
        }, {
          "cubes": [
            {
              "origin": [31, 27, -1],
              "size": [2, 2, 2],
              "uv": [10, 120]
            }
          ],
          "name": "finger_left3_2",
          "parent": "finger_left3",
          "pivot": [31, 29, 0]
        }, {
          "cubes": [
            {
              "inflate": 0.01,
              "origin": [27.5, 26.5, -3],
              "size": [3, 2, 2],
              "uv": [18, 120]
            }
          ],
          "name": "finger_left4",
          "parent": "fingers_left",
          "pivot": [27.5, 28.5, -2]
        }, {
          "cubes": [
            {
              "origin": [30.5, 26.5, -3],
              "size": [2, 2, 2],
              "uv": [28, 120]
            }
          ],
          "name": "finger_left4_2",
          "parent": "finger_left4",
          "pivot": [30.5, 28.5, -2]
        }, {
          "cubes": [
            {
              "inflate": 0.01,
              "origin": [28, 23.5, -3],
              "size": [2, 2, 2],
              "uv": [0, 116]
            }
          ],
          "name": "thumb_left",
          "parent": "arm_left2",
          "pivot": [28, 24.5, -1]
        }, {
          "cubes": [
            {
              "origin": [30, 23.5, -3],
              "size": [2, 2, 2],
              "uv": [16, 116]
            }
          ],
          "name": "thumb_left2",
          "parent": "thumb_left",
          "pivot": [30, 24.5, -3]
        }, {
          "cubes": [
            {
              "mirror": true,
              "origin": [-17.5, 23.5, -1],
              "size": [9, 4, 4],
              "uv": [0, 51]
            }
          ],
          "name": "arm_right",
          "parent": "arms",
          "pivot": [-8.5, 27.5, 1],
          "rotation": [0, 0, -35]
        }, {
          "cubes": [
            {
              "inflate": 0.02,
              "mirror": true,
              "origin": [-21, 22.5, -2.5],
              "size": [4, 7, 7],
              "uv": [74, 34]
            },
            {
              "inflate": 0.02,
              "mirror": true,
              "origin": [-28, 22.5, -3],
              "size": [7, 7, 8],
              "uv": [98, 38]
            }
          ],
          "name": "arm_right2",
          "parent": "arm_right",
          "pivot": [-17, 25.5, 3]
        }, {
          "cubes": [
            {
              "mirror": true,
              "origin": [-16.7, 29, -0.5],
              "size": [4, 0, 5],
              "uv": [3, 111]
            },
            {
              "mirror": true,
              "origin": [-16.7, 24, 4.5],
              "size": [4, 5, 0],
              "uv": [0, 34]
            }
          ],
          "name": "arm_fur_right",
          "parent": "arm_right2",
          "pivot": [-16.7, 25, 0.5],
          "rotation": [0, -10, -10]
        }, {
          "name": "fingers_right",
          "parent": "arm_right2",
          "pivot": [-28, 29, 1]
        }, {
          "cubes": [
            {
              "inflate": 0.01,
              "mirror": true,
              "origin": [-30, 26, 3],
              "size": [2, 2, 2],
              "uv": [36, 124]
            }
          ],
          "name": "finger_right1",
          "parent": "fingers_right",
          "pivot": [-28, 28, 4]
        }, {
          "cubes": [
            {
              "mirror": true,
              "origin": [-32, 26, 3],
              "size": [2, 2, 2],
              "uv": [44, 124]
            }
          ],
          "name": "finger_right1_2",
          "parent": "finger_right1",
          "pivot": [-30, 28, 4]
        }, {
          "cubes": [
            {
              "inflate": 0.01,
              "mirror": true,
              "origin": [-31, 27, 1],
              "size": [3, 2, 2],
              "uv": [52, 124]
            }
          ],
          "name": "finger_right2",
          "parent": "fingers_right",
          "pivot": [-28, 29, 2]
        }, {
          "cubes": [
            {
              "mirror": true,
              "origin": [-33, 27, 1],
              "size": [2, 2, 2],
              "uv": [10, 124]
            }
          ],
          "name": "finger_right2_2",
          "parent": "finger_right2",
          "pivot": [-31, 29, 2]
        }, {
          "cubes": [
            {
              "inflate": 0.01,
              "mirror": true,
              "origin": [-31, 27, -1],
              "size": [3, 2, 2],
              "uv": [0, 124]
            }
          ],
          "name": "finger_right3",
          "parent": "fingers_right",
          "pivot": [-28, 29, 0]
        }, {
          "cubes": [
            {
              "mirror": true,
              "origin": [-33, 27, -1],
              "size": [2, 2, 2],
              "uv": [62, 124]
            }
          ],
          "name": "finger_right3_2",
          "parent": "finger_right3",
          "pivot": [-31, 29, 0]
        }, {
          "cubes": [
            {
              "inflate": 0.01,
              "mirror": true,
              "origin": [-30.5, 26.5, -3],
              "size": [3, 2, 2],
              "uv": [18, 124]
            }
          ],
          "name": "finger_right4",
          "parent": "fingers_right",
          "pivot": [-27.5, 28.5, -2]
        }, {
          "cubes": [
            {
              "mirror": true,
              "origin": [-32.5, 26.5, -3],
              "size": [2, 2, 2],
              "uv": [28, 124]
            }
          ],
          "name": "finger_right4_2",
          "parent": "finger_right4",
          "pivot": [-30.5, 28.5, -2]
        }, {
          "cubes": [
            {
              "inflate": 0.01,
              "mirror": true,
              "origin": [-30, 23.5, -3],
              "size": [2, 2, 2],
              "uv": [8, 116]
            }
          ],
          "name": "thumb_right",
          "parent": "arm_right2",
          "pivot": [-28, 24.5, -1]
        }, {
          "cubes": [
            {
              "mirror": true,
              "origin": [-32, 23.5, -3],
              "size": [2, 2, 2],
              "uv": [24, 116]
            }
          ],
          "name": "thumb_right2",
          "parent": "thumb_right",
          "pivot": [-30, 24.5, -3]
        }, {
          "cubes": [
            {
              "origin": [-7.5, 27.5, -9],
              "size": [15, 8, 15],
              "uv": [66, 0]
            }
          ],
          "name": "head",
          "parent": "torso",
          "pivot": [0, 27.5, -2]
        }, {
          "name": "eyes",
          "parent": "head",
          "pivot": [0, 32.5, -9.01]
        }, {
          "cubes": [
            {
              "origin": [2.5, 31.9, -9.01],
              "size": [2, 1, 0],
              "uv": [0, 4]
            }
          ],
          "name": "eye_left",
          "parent": "eyes",
          "pivot": [3.5, 31.5, -9.01]
        }, {
          "cubes": [
            {
              "inflate": 0.1,
              "origin": [2.9, 32.4, -8.92],
              "size": [1, 1, 0],
              "uv": [0, 6]
            }
          ],
          "name": "eye_shine_left",
          "parent": "eye_left",
          "pivot": [3.3, 33, -9.02]
        }, {
          "cubes": [
            {
              "inflate": 0.02,
              "origin": [2.5, 31.5, -8.92],
              "size": [2, 2, 1],
              "uv": [0, 8]
            }
          ],
          "name": "eyelid_left",
          "parent": "eye_left",
          "pivot": [3.5, 32.5, -8.42]
        }, {
          "cubes": [
            {
              "mirror": true,
              "origin": [-4.5, 31.9, -9.01],
              "size": [2, 1, 0],
              "uv": [0, 5]
            }
          ],
          "name": "eye_right",
          "parent": "eyes",
          "pivot": [-3.5, 31.5, -9.01]
        }, {
          "cubes": [
            {
              "inflate": 0.1,
              "mirror": true,
              "origin": [-3.9, 32.4, -8.92],
              "size": [1, 1, 0],
              "uv": [0, 7]
            }
          ],
          "name": "eye_shine_right",
          "parent": "eye_right",
          "pivot": [-3.3, 33, -9.02]
        }, {
          "cubes": [
            {
              "inflate": 0.02,
              "mirror": true,
              "origin": [-4.5, 31.5, -8.92],
              "size": [2, 2, 1],
              "uv": [0, 11]
            }
          ],
          "name": "eyelid_right",
          "parent": "eye_right",
          "pivot": [-3.5, 32.5, -8.42]
        }, {
          "name": "mouth",
          "parent": "head",
          "pivot": [0, 23.35, -3.75]
        }, {
          "cubes": [
            {
              "origin": [-3.5, 28.25, -9.01],
              "size": [7, 2, 0],
              "uv": [0, 0]
            }
          ],
          "name": "mouth_closed",
          "parent": "mouth",
          "pivot": [0, 29.75, -9.01]
        }, {
          "cubes": [
            {
              "origin": [-3.5, 28.25, -8.81],
              "size": [7, 2, 0],
              "uv": [0, 2]
            }
          ],
          "name": "mouth_open",
          "parent": "mouth",
          "pivot": [0, 29.25, -8.81]
        }, {
          "name": "antennae",
          "parent": "head",
          "pivot": [0, 35.5, -3.25]
        }, {
          "cubes": [
            {
              "origin": [3.7, 35.25, -4],
              "size": [1, 3, 1],
              "uv": [0, 63]
            },
            {
              "inflate": 0.1,
              "origin": [3.2, 38.25, -4.5],
              "size": [2, 2, 2],
              "uv": [0, 59]
            }
          ],
          "name": "antenna_left",
          "parent": "antennae",
          "pivot": [4.2, 35.25, -3.5],
          "rotation": [0, 0, 20]
        }, {
          "cubes": [
            {
              "mirror": true,
              "origin": [-4.7, 35.25, -4],
              "size": [1, 3, 1],
              "uv": [4, 63]
            },
            {
              "inflate": 0.1,
              "mirror": true,
              "origin": [-5.2, 38.25, -4.5],
              "size": [2, 2, 2],
              "uv": [8, 59]
            }
          ],
          "name": "antenna_right",
          "parent": "antennae",
          "pivot": [-4.2, 35.25, -3.5],
          "rotation": [0, 0, -20]
        }, {
          "name": "head_fur",
          "parent": "head",
          "pivot": [0, 30.9, -1.75]
        },
        {
          "name": "head_fur_left",
          "parent": "head_fur",
          "pivot": [6.5, 30.9, -2.75]
        }, {
          "cubes": [
            {
              "origin": [7.5, 25.5, -10.5],
              "size": [0, 5, 18],
              "uv": [0, 49]
            }
          ],
          "name": "head_fur_side_left",
          "parent": "head_fur_left",
          "pivot": [7.5, 30.5, -3],
          "rotation": [0, 0, -60]
        }, {
          "cubes": [
            {
              "origin": [2, 26.5, -9],
              "size": [7, 4, 0],
              "uv": [10, 91]
            }
          ],
          "name": "head_fur_front_left",
          "parent": "head_fur_left",
          "pivot": [5.5, 30.5, -9],
          "rotation": [-25, 0, 0]
        }, {
          "cubes": [
            {
              "origin": [3, 26.5, 6],
              "size": [6, 4, 0],
              "uv": [12, 87]
            }
          ],
          "name": "head_fur_back_left",
          "parent": "head_fur_left",
          "pivot": [5.5, 30.5, 6],
          "rotation": [40, 0, 0]
        }, {
          "name": "head_fur_right",
          "parent": "head_fur",
          "pivot": [-6.5, 30.9, -2.75]
        }, {
          "cubes": [
            {
              "mirror": true,
              "origin": [-7.5, 25.5, -10.5],
              "size": [0, 5, 18],
              "uv": [0, 54]
            }
          ],
          "name": "head_fur_side_right",
          "parent": "head_fur_right",
          "pivot": [-7.5, 30.5, -3],
          "rotation": [0, 0, 60]
        }, {
          "cubes": [
            {
              "mirror": true,
              "origin": [-9, 26.5, -9],
              "size": [7, 4, 0],
              "uv": [10, 95]
            }
          ],
          "name": "head_fur_front_right",
          "parent": "head_fur_right",
          "pivot": [-5.5, 30.5, -9],
          "rotation": [-25, 0, 0]
        }, {
          "cubes": [
            {
              "mirror": true,
              "origin": [-9, 26.5, 6],
              "size": [6, 4, 0],
              "uv": [0, 87]
            }
          ],
          "name": "head_fur_back_right",
          "parent": "head_fur_right",
          "pivot": [-5.5, 30.5, 6],
          "rotation": [40, 0, 0]
        }, {
          "name": "tails",
          "parent": "torso",
          "pivot": [0, 14.5, 5]
        }, {
          "cubes": [
            {
              "origin": [0.25, 13.5, 5],
              "size": [2, 2, 7],
              "uv": [88, 53]
            }
          ],
          "name": "tail_left",
          "parent": "tails",
          "pivot": [1.25, 14.5, 5]
        }, {
          "cubes": [
            {
              "inflate": 0.01,
              "origin": [0.25, 13.5, 11.5],
              "size": [2, 2, 7],
              "uv": [99, 55]
            }
          ],
          "name": "tail_left2",
          "parent": "tail_left",
          "pivot": [1.25, 14.5, 11.5]
        }, {
          "cubes": [
            {
              "inflate": 0.02,
              "origin": [0.25, 13.5, 18],
              "size": [2, 2, 7],
              "uv": [110, 53]
            }
          ],
          "name": "tail_left3",
          "parent": "tail_left2",
          "pivot": [1.25, 14.5, 18]
        }, {
          "cubes": [
            {
              "inflate": 0.03,
              "origin": [0.25, 13.5, 24.5],
              "size": [2, 2, 6],
              "uv": [88, 71]
            }
          ],
          "name": "tail_left4",
          "parent": "tail_left3",
          "pivot": [1.25, 14.5, 24.5]
        }, {
          "cubes": [
            {
              "inflate": 0.04,
              "origin": [0.25, 13.5, 30],
              "size": [2, 2, 6],
              "uv": [111, 71]
            },
            {
              "origin": [0.25, 13.5, 35.5],
              "size": [2, 2, 2],
              "uv": [112, 79]
            }
          ],
          "name": "tail_left5",
          "parent": "tail_left4",
          "pivot": [1.25, 14.5, 30]
        }, {
          "cubes": [
            {
              "mirror": true,
              "origin": [-2.25, 13.5, 5],
              "size": [2, 2, 7],
              "uv": [88, 62]
            }
          ],
          "name": "tail_right",
          "parent": "tails",
          "pivot": [-1.25, 14.5, 5]
        }, {
          "cubes": [
            {
              "inflate": 0.01,
              "mirror": true,
              "origin": [-2.25, 13.5, 11.5],
              "size": [2, 2, 7],
              "uv": [99, 64]
            }
          ],
          "name": "tail_right2",
          "parent": "tail_right",
          "pivot": [-1.25, 14.5, 11.5]
        }, {
          "cubes": [
            {
              "inflate": 0.02,
              "mirror": true,
              "origin": [-2.25, 13.5, 18],
              "size": [2, 2, 7],
              "uv": [110, 62]
            }
          ],
          "name": "tail_right3",
          "parent": "tail_right2",
          "pivot": [-1.25, 14.5, 18]
        }, {
          "cubes": [
            {
              "inflate": 0.03,
              "mirror": true,
              "origin": [-2.25, 13.5, 24.5],
              "size": [2, 2, 6],
              "uv": [98, 73]
            }
          ],
          "name": "tail_right4",
          "parent": "tail_right3",
          "pivot": [-1.25, 14.5, 24.5]
        }, {
          "cubes": [
            {
              "inflate": 0.04,
              "mirror": true,
              "origin": [-2.25, 13.5, 30],
              "size": [2, 2, 6],
              "uv": [79, 50]
            },
            {
              "mirror": true,
              "origin": [-2.25, 13.5, 35.5],
              "size": [2, 2, 2],
              "uv": [120, 79]
            }
          ],
          "name": "tail_right5",
          "parent": "tail_right4",
          "pivot": [-1.25, 14.5, 30]
        }, {
          "name": "legs",
          "parent": "body",
          "pivot": [0, 13.5, 0]
        }, {
          "cubes": [
            {
              "origin": [4.25, 8.5, -2],
              "size": [4, 6, 4],
              "uv": [46, 48]
            }
          ],
          "name": "leg_left",
          "parent": "legs",
          "pivot": [7.75, 13.5, 0]
        }, {
          "cubes": [
            {
              "inflate": 0.01,
              "origin": [3.75, 1.5, -2],
              "size": [5, 7, 5],
              "uv": [26, 43]
            }
          ],
          "name": "leg_left2",
          "parent": "leg_left",
          "pivot": [6.25, 8.5, -2]
        }, {
          "cubes": [
            {
              "inflate": 0.02,
              "origin": [3.75, 0, -2.75],
              "size": [5, 2, 6],
              "uv": [62, 48]
            }
          ],
          "name": "foot_left",
          "parent": "leg_left2",
          "pivot": [6.25, 2, 3]
        }, {
          "name": "leg_fur_left",
          "parent": "foot_left",
          "pivot": [6.25, 2.5, 0.25]
        }, {
          "cubes": [
            {
              "inflate": 0.01,
              "origin": [2.75, 2.5, -4],
              "size": [7, 0, 2],
              "uv": [34, 75]
            }
          ],
          "name": "leg_fur_front_left",
          "parent": "leg_fur_left",
          "pivot": [6.25, 2.5, -2],
          "rotation": [15, 0, 0]
        }, {
          "cubes": [
            {
              "inflate": 0.01,
              "origin": [2.75, 2.5, 3],
              "size": [7, 0, 2],
              "uv": [34, 79]
            }
          ],
          "name": "leg_fur_back_left",
          "parent": "leg_fur_left",
          "pivot": [6.25, 2.5, 3],
          "rotation": [-35, 0, 0]
        }, {
          "cubes": [
            {
              "inflate": 0.01,
              "origin": [8.75, 2.5, -3],
              "size": [2, 0, 7],
              "uv": [29, 68]
            }
          ],
          "name": "leg_fur_outer_left",
          "parent": "leg_fur_left",
          "pivot": [8.75, 2.5, 0.5],
          "rotation": [0, 0, 35]
        }, {
          "cubes": [
            {
              "inflate": 0.01,
              "origin": [1.75, 2.5, -3],
              "size": [2, 0, 7],
              "uv": [37, 68]
            }
          ],
          "name": "leg_fur_inner_left",
          "parent": "leg_fur_left",
          "pivot": [3.75, 2.5, 0.5],
          "rotation": [0, 0, -35]
        }, {
          "cubes": [
            {
              "origin": [5.75, 0, -4.75],
              "size": [1, 2, 2],
              "uv": [53, 37]
            },
            {
              "origin": [6.25, 0, -7.75],
              "size": [0, 2, 3],
              "uv": [71, 31]
            }
          ],
          "name": "claw_center_left",
          "parent": "foot_left",
          "pivot": [6.25, 2, -2.75]
        }, {
          "cubes": [
            {
              "origin": [7.25, 0, -4.75],
              "size": [1, 2, 2],
              "uv": [41, 29]
            },
            {
              "origin": [7.75, 0, -6.75],
              "size": [0, 2, 2],
              "uv": [67, 32]
            }
          ],
          "name": "claw_inner_left",
          "parent": "foot_left",
          "pivot": [7.75, 2, -2.75]
        }, {
          "cubes": [
            {
              "origin": [4.25, 0, -4.75],
              "size": [1, 2, 2],
              "uv": [47, 29]
            },
            {
              "origin": [4.75, 0, -6.75],
              "size": [0, 2, 2],
              "uv": [77, 32]
            }
          ],
          "name": "claw_outer_left",
          "parent": "foot_left",
          "pivot": [4.75, 2, -2.75]
        }, {
          "cubes": [
            {
              "mirror": true,
              "origin": [-8.25, 8.5, -2],
              "size": [4, 6, 4],
              "uv": [41, 58]
            }
          ],
          "name": "leg_right",
          "parent": "legs",
          "pivot": [-7.75, 13.5, 0]
        }, {
          "cubes": [
            {
              "inflate": 0.01,
              "mirror": true,
              "origin": [-8.75, 1.5, -2],
              "size": [5, 7, 5],
              "uv": [21, 55]
            }
          ],
          "name": "leg_right2",
          "parent": "leg_right",
          "pivot": [-6.25, 8.5, -2]
        }, {
          "cubes": [
            {
              "inflate": 0.02,
              "mirror": true,
              "origin": [-8.75, 0, -2.75],
              "size": [5, 2, 6],
              "uv": [57, 56]
            }
          ],
          "name": "foot_right",
          "parent": "leg_right2",
          "pivot": [-6.25, 2, 3]
        }, {
          "name": "leg_fur_right",
          "parent": "foot_right",
          "pivot": [-6.25, 2.5, 0.25]
        }, {
          "cubes": [
            {
              "inflate": 0.01,
              "mirror": true,
              "origin": [-9.75, 2.5, -4],
              "size": [7, 0, 2],
              "uv": [34, 77]
            }
          ],
          "name": "leg_fur_front_right",
          "parent": "leg_fur_right",
          "pivot": [-6.25, 2.5, -2],
          "rotation": [15, 0, 0]
        }, {
          "cubes": [
            {
              "inflate": 0.01,
              "mirror": true,
              "origin": [-9.75, 2.5, 3],
              "size": [7, 0, 2],
              "uv": [34, 81]
            }
          ],
          "name": "leg_fur_back_right",
          "parent": "leg_fur_right",
          "pivot": [-6.25, 2.5, 3],
          "rotation": [-35, 0, 0]
        }, {
          "cubes": [
            {
              "inflate": 0.01,
              "mirror": true,
              "origin": [-10.75, 2.5, -3],
              "size": [2, 0, 7],
              "uv": [33, 68]
            }
          ],
          "name": "leg_fur_outer_right",
          "parent": "leg_fur_right",
          "pivot": [-8.75, 2.5, 0.5],
          "rotation": [0, 0, -35]
        }, {
          "cubes": [
            {
              "inflate": 0.01,
              "mirror": true,
              "origin": [-3.75, 2.5, -3],
              "size": [2, 0, 7],
              "uv": [41, 68]
            }
          ],
          "name": "leg_fur_inner_right",
          "parent": "leg_fur_right",
          "pivot": [-3.75, 2.5, 0.5],
          "rotation": [0, 0, 35]
        }, {
          "cubes": [
            {
              "mirror": true,
              "origin": [-6.75, 0, -4.75],
              "size": [1, 2, 2],
              "uv": [53, 33]
            },
            {
              "mirror": true,
              "origin": [-6.25, 0, -7.75],
              "size": [0, 2, 3],
              "uv": [71, 33]
            }
          ],
          "name": "claw_center_right",
          "parent": "foot_right",
          "pivot": [-6.25, 2, -2.75]
        }, {
          "cubes": [
            {
              "mirror": true,
              "origin": [-8.25, 0, -4.75],
              "size": [1, 2, 2],
              "uv": [41, 33]
            },
            {
              "mirror": true,
              "origin": [-7.75, 0, -6.75],
              "size": [0, 2, 2],
              "uv": [67, 34]
            }
          ],
          "name": "claw_inner_right",
          "parent": "foot_right",
          "pivot": [-7.75, 2, -2.75]
        }, {
          "cubes": [
            {
              "mirror": true,
              "origin": [-5.25, 0, -4.75],
              "size": [1, 2, 2],
              "uv": [47, 33]
            },
            {
              "mirror": true,
              "origin": [-4.75, 0, -6.75],
              "size": [0, 2, 2],
              "uv": [77, 34]
            }
          ],
          "name": "claw_outer_right",
          "parent": "foot_right",
          "pivot": [-4.75, 2, -2.75]
        }
      ],
      "description": {
        "identifier": "geometry.electivire",
        "texture_height": 128,
        "texture_width": 128,
        "visible_bounds_height": 4.5,
        "visible_bounds_offset": [0, 1.75, 0],
        "visible_bounds_width": 6
      }
    }
  ]
}