{
  "animations": {
    "animation.keldeo.battle_idle": {
      "bones": {
        "backleg_left": {
          "position": [0, "math.sin(q.anim_time*90*2)*0.1", 0],
          "rotation": ["-2+math.sin(q.anim_time*90*2)*2", 5, -5]
        },
        "backleg_left3": {
          "position": [-0.13, "math.sin(q.anim_time*90*2)*-0.3", 0],
          "rotation": ["2+math.sin(q.anim_time*90*2)*-3", -5, 5]
        },
        "backleg_right": {
          "position": [0, "math.sin(q.anim_time*90*2)*0.1", 0],
          "rotation": ["-2+math.sin(q.anim_time*90*2)*2", -5, 5]
        },
        "backleg_right3": {
          "position": [-0.13, "math.sin(q.anim_time*90*2)*-0.3", 0],
          "rotation": ["0.935-math.sin(q.anim_time*90*2)*3", -4.93735, -0.01848]
        },
        "body": {
          "rotation": ["12.5+math.sin(q.anim_time*90*2+60)*1", 0, "math.sin(q.anim_time*90*2-30)*-0.2"]
        },
        "booty": {
          "rotation": ["7.5+math.sin(q.anim_time*90*2+60)*1", 0, "math.sin(q.anim_time*90*2-30)*-0.2"]
        },
        "chest": {
          "position": [0, -0.89, -0.21],
          "rotation": [7.5, 0, 0]
        },
        "fur_front_left": {
          "rotation": [-12.5, 0, 0]
        },
        "fur_front_right": {
          "rotation": [-15, 0, 0]
        },
        "head": {
          "rotation": ["-19.5+math.sin(q.anim_time*90*2-30)*2", 0, 0]
        },
        "leg_left2": {
          "position": [0, -1, -2],
          "rotation": [-15, 0, -10]
        },
        "leg_left3": {
          "rotation": [14.87739, -1.93597, 7.24721]
        },
        "leg_right2": {
          "position": [0, -1, -2],
          "rotation": [-15, 0, 10]
        },
        "leg_right3": {
          "rotation": [14.87739, 1.93597, -7.24721]
        },
        "neck": {
          "rotation": [15, 0, 0]
        },
        "tail": {
          "rotation": ["-35+math.sin(q.anim_time*90*2-80)*2", "Math.cos((query.anim_time) * 90 * 2 - 90) * -5", 0]
        },
        "tail2": {
          "rotation": [22.5, 0, 0]
        }
      },
      "loop": true
    },
    "animation.keldeo.blink": {
      "animation_length": 0.125,
      "bones": {
        "eye_left": {
          "position": {
            "0.0": [0.06, 0, 0.13],
            "0.125": [0, 0, 0]
          }
        },
        "eye_right": {
          "position": {
            "0.0": [-0.06, 0, 0.13],
            "0.125": [0, 0, 0]
          }
        }
      }
    },
    "animation.keldeo.cry": {
      "animation_length": 1.4583,
      "bones": {
        "head": {
          "rotation": {
            "0.0": [0, 0, 0],
            "0.125": {
              "lerp_mode": "catmullrom",
              "post": [2, 0, 0],
              "pre": [2, 0, 0]
            },
            "0.4167": {
              "lerp_mode": "catmullrom",
              "post": [-0.5, 0, 0]
            },
            "1.0": {
              "lerp_mode": "catmullrom",
              "post": [0.5, 0, 0]
            },
            "1.1667": {
              "lerp_mode": "catmullrom",
              "post": [3.8, 0, 0]
            },
            "1.4583": [0, 0, 0]
          }
        },
        "jaw": {
          "rotation": {
            "0.2917": [0, 0, 0],
            "0.4583": {
              "lerp_mode": "catmullrom",
              "post": [27.5, 0, 0],
              "pre": [27.5, 0, 0]
            },
            "0.7083": {
              "lerp_mode": "catmullrom",
              "post": [35, 0, 0]
            },
            "1.0417": {
              "lerp_mode": "catmullrom",
              "post": [27.5, 0, 0]
            },
            "1.1667": [0, 0, 0]
          }
        },
        "neck": {
          "rotation": {
            "0.0": [0, 0, 0],
            "0.0833": {
              "lerp_mode": "catmullrom",
              "post": [1, 0, 0],
              "pre": [1, 0, 0]
            },
            "0.375": {
              "lerp_mode": "catmullrom",
              "post": [-7, 0, 0]
            },
            "0.9583": {
              "lerp_mode": "catmullrom",
              "post": [-4.5, 0, 0]
            },
            "1.125": {
              "lerp_mode": "catmullrom",
              "post": [2.05, 0, 0]
            },
            "1.375": [0, 0, 0]
          }
        }
      }
    },
    "animation.keldeo.faint": {
      "animation_length": 1.5417,
      "bones": {
        "backleg_left": {
          "rotation": {
            "0.0": {
              "lerp_mode": "catmullrom",
              "post": [0, 0, 0]
            },
            "1.5417": {
              "lerp_mode": "catmullrom",
              "post": [7.48295, -0.3918, 4.98466]
            }
          }
        },
        "backleg_left3": {
          "rotation": {
            "0.0": {
              "lerp_mode": "catmullrom",
              "post": [0, 0, 0]
            },
            "1.5417": {
              "lerp_mode": "catmullrom",
              "post": [14.65993, -3.21132, 12.08681]
            }
          }
        },
        "backleg_right": {
          "rotation": {
            "0.0": {
              "lerp_mode": "catmullrom",
              "post": [0, 0, 0]
            },
            "1.5417": {
              "lerp_mode": "catmullrom",
              "post": [17.5, 0, 0]
            }
          }
        },
        "backleg_right2": {
          "rotation": {
            "0.0": {
              "lerp_mode": "catmullrom",
              "post": [0, 0, 0]
            },
            "1.5417": {
              "lerp_mode": "catmullrom",
              "post": [0, 0, -5]
            }
          }
        },
        "backleg_right3": {
          "rotation": {
            "0.0": {
              "lerp_mode": "catmullrom",
              "post": [0, 0, 0]
            },
            "1.5417": {
              "lerp_mode": "catmullrom",
              "post": [51.83416, 9.88744, -7.68615]
            }
          }
        },
        "body": {
          "position": {
            "0.0": {
              "lerp_mode": "catmullrom",
              "post": [0, 0, 0]
            },
            "0.375": {
              "lerp_mode": "catmullrom",
              "post": [0, -1, 0]
            },
            "0.4583": {
              "lerp_mode": "catmullrom",
              "post": [0, 0, 0]
            },
            "0.5417": {
              "lerp_mode": "catmullrom",
              "post": [0, 0.2, 0]
            },
            "0.625": {
              "lerp_mode": "catmullrom",
              "post": [0, 0.1, 0]
            },
            "0.7083": {
              "lerp_mode": "catmullrom",
              "post": [0, 1.25, 0]
            },
            "0.8333": {
              "lerp_mode": "catmullrom",
              "post": [0, 0.25, 0]
            },
            "0.9583": {
              "lerp_mode": "catmullrom",
              "post": [0, 0, 0]
            }
          },
          "rotation": {
            "0.0": {
              "lerp_mode": "catmullrom",
              "post": [0, 0, 0]
            },
            "0.375": {
              "lerp_mode": "catmullrom",
              "post": [22.99008, -11.53486, -4.8493]
            },
            "0.7083": {
              "lerp_mode": "catmullrom",
              "post": [0, 0, 0]
            },
            "0.875": {
              "lerp_mode": "catmullrom",
              "post": [0, 0, -4]
            },
            "1.0": {
              "lerp_mode": "catmullrom",
              "post": [0, 0, -18.5]
            },
            "1.0833": {
              "lerp_mode": "catmullrom",
              "post": [0, 0, -60.5]
            },
            "1.1667": {
              "lerp_mode": "catmullrom",
              "post": [0, 0, -85]
            },
            "1.2917": {
              "lerp_mode": "catmullrom",
              "post": [0, 0, -84.86]
            },
            "1.4583": {
              "lerp_mode": "catmullrom",
              "post": [0, 0, -82.5]
            }
          }
        },
        "fur_front_right": {
          "rotation": {
            "0.0": {
              "lerp_mode": "catmullrom",
              "post": [0, 0, 0]
            },
            "0.2083": {
              "lerp_mode": "catmullrom",
              "post": [-17.5, 0, 0]
            }
          }
        },
        "head": {
          "rotation": {
            "0.0": {
              "lerp_mode": "catmullrom",
              "post": [0, 0, 0]
            },
            "0.375": {
              "lerp_mode": "catmullrom",
              "post": [10, 0, 0]
            },
            "0.7917": {
              "lerp_mode": "catmullrom",
              "post": [23.67, 0, 0]
            },
            "1.5417": {
              "lerp_mode": "catmullrom",
              "post": [0.34031, 14.96537, -13.54092]
            }
          }
        },
        "leg_left2": {
          "position": {
            "0.0": {
              "lerp_mode": "catmullrom",
              "post": [0, 0, 0]
            },
            "0.2083": {
              "lerp_mode": "catmullrom",
              "post": [2, -2, 2]
            },
            "1.5417": {
              "lerp_mode": "catmullrom",
              "post": [4, -1, 0]
            }
          },
          "rotation": {
            "0.0": {
              "lerp_mode": "catmullrom",
              "post": [0, 0, 0]
            },
            "0.2083": {
              "lerp_mode": "catmullrom",
              "post": [25.92194, -2.47095, -12.23375]
            },
            "1.5417": {
              "lerp_mode": "catmullrom",
              "post": [18.85466, -18.28581, 25.27356]
            }
          }
        },
        "leg_left3": {
          "rotation": {
            "0.0": {
              "lerp_mode": "catmullrom",
              "post": [0, 0, 0]
            },
            "0.2083": {
              "lerp_mode": "catmullrom",
              "post": [-40, 0, 0]
            },
            "1.5417": {
              "lerp_mode": "catmullrom",
              "post": [-17.25002, -2.99318, -9.54589]
            }
          }
        },
        "leg_right2": {
          "position": {
            "0.0": {
              "lerp_mode": "catmullrom",
              "post": [0, 0, 0]
            },
            "0.2083": {
              "lerp_mode": "catmullrom",
              "post": [1, -2, 2]
            }
          },
          "rotation": {
            "0.0": {
              "lerp_mode": "catmullrom",
              "post": [0, 0, 0]
            },
            "0.2083": {
              "lerp_mode": "catmullrom",
              "post": [-14.87739, -1.93597, 2.75279]
            },
            "1.5417": {
              "lerp_mode": "catmullrom",
              "post": [-27.37739, -1.93597, 2.75279]
            }
          }
        },
        "leg_right3": {
          "rotation": {
            "0.0": {
              "lerp_mode": "catmullrom",
              "post": [0, 0, 0]
            },
            "0.2083": {
              "lerp_mode": "catmullrom",
              "post": [7.5, 0, 0]
            },
            "1.5417": {
              "lerp_mode": "catmullrom",
              "post": [-15, 0, 0]
            }
          }
        },
        "legs": {
          "position": {
            "0.4583": {
              "lerp_mode": "catmullrom",
              "post": [0, 0, 0],
              "pre": [0, 0, 0]
            },
            "0.5417": {
              "lerp_mode": "catmullrom",
              "post": [0, 0.2, 0]
            },
            "0.625": {
              "lerp_mode": "catmullrom",
              "post": [0, 0.1, 0]
            },
            "0.7083": {
              "lerp_mode": "catmullrom",
              "post": [0, 1.25, 0]
            },
            "0.8333": {
              "lerp_mode": "catmullrom",
              "post": [0, 0.25, 0]
            },
            "0.9583": {
              "lerp_mode": "catmullrom",
              "post": [0, 0, 0]
            }
          },
          "rotation": {
            "0.7083": {
              "lerp_mode": "catmullrom",
              "post": [0, 0, 0],
              "pre": [0, 0, 0]
            },
            "0.875": {
              "lerp_mode": "catmullrom",
              "post": [0, 0, -4]
            },
            "1.0": {
              "lerp_mode": "catmullrom",
              "post": [0, 0, -18.5]
            },
            "1.0833": {
              "lerp_mode": "catmullrom",
              "post": [0, 0, -60.5]
            },
            "1.1667": {
              "lerp_mode": "catmullrom",
              "post": [0, 0, -85]
            },
            "1.2917": {
              "lerp_mode": "catmullrom",
              "post": [0, 0, -84.86]
            },
            "1.4583": {
              "lerp_mode": "catmullrom",
              "post": [0, 0, -82.5]
            }
          }
        },
        "neck": {
          "rotation": {
            "0.0": {
              "lerp_mode": "catmullrom",
              "post": [0, 0, 0]
            },
            "0.5": {
              "lerp_mode": "catmullrom",
              "post": [10, 0, 0]
            },
            "1.5417": {
              "lerp_mode": "catmullrom",
              "post": [2.35932, 2.24944, -7.15656]
            }
          }
        },
        "tail": {
          "rotation": {
            "0.0": {
              "lerp_mode": "catmullrom",
              "post": [0, 0, 0]
            },
            "1.5417": {
              "lerp_mode": "catmullrom",
              "post": [-0.4425, 10.53175, -2.48255]
            }
          }
        },
        "tail3": {
          "rotation": {
            "0.0": {
              "lerp_mode": "catmullrom",
              "post": [0, 0, 0]
            },
            "1.5417": {
              "lerp_mode": "catmullrom",
              "post": [0, 10, 0]
            }
          }
        },
        "tail4": {
          "rotation": {
            "0.0": {
              "lerp_mode": "catmullrom",
              "post": [0, 0, 0]
            },
            "1.5417": {
              "lerp_mode": "catmullrom",
              "post": [0, -7.5, 0]
            }
          }
        }
      }
    },
    "animation.keldeo.ground_idle": {
      "bones": {
        "backleg_left": {
          "position": [0, "math.sin(q.anim_time*90*2)*0.1", 0],
          "rotation": ["-2+math.sin(q.anim_time*90*2)*2", 5, -5]
        },
        "backleg_left3": {
          "position": [-0.13, "math.sin(q.anim_time*90*2)*-0.3", 0],
          "rotation": ["2+math.sin(q.anim_time*90*2)*-3", -5, 5]
        },
        "backleg_right": {
          "position": [0, "math.sin(q.anim_time*90*2)*0.1", 0],
          "rotation": ["-2+math.sin(q.anim_time*90*2)*2", -5, 5]
        },
        "backleg_right3": {
          "position": [-0.13, "math.sin(q.anim_time*90*2)*-0.3", 0],
          "rotation": ["0.935-math.sin(q.anim_time*90*2)*3", -4.93735, -0.01848]
        },
        "body": {
          "position": [0, "-0.5+math.sin(q.anim_time*90*1.7-90)*0.1", 0],
          "rotation": ["math.sin(q.anim_time*90*2)*1", 0, 0]
        },
        "head": {
          "rotation": ["3+math.sin(q.anim_time*90*2-30)*2", 0, 0]
        },
        "leg_left2": {
          "position": [0, "-0.1+math.sin(q.anim_time*90*1)*0.1", 0.1],
          "rotation": ["-2.5+math.sin(q.anim_time*90*2)*1", -8, -2.5]
        },
        "leg_left3": {
          "rotation": ["2.5+math.sin(q.anim_time*90*2)*-2", 0, 2.5]
        },
        "leg_right2": {
          "position": [0, "-0.1+math.sin(q.anim_time*90*1)*0.1", 0.1],
          "rotation": ["-2.5+math.sin(q.anim_time*90*2)*1", 8, 2.5]
        },
        "leg_right3": {
          "rotation": ["2.5+math.sin(q.anim_time*90*2)*-2", 0, -2.5]
        },
        "neck": {
          "rotation": ["3+math.sin(q.anim_time*90*1-30)*2", 0, 0]
        },
        "tail": {
          "rotation": ["-10+math.sin(q.anim_time*90*2)*5", 0, 0]
        },
        "tail2": {
          "rotation": ["0+math.sin(q.anim_time*90*2)*3", 0, 0]
        },
        "tail4": {
          "rotation": ["0+math.sin(q.anim_time*90*2)*3", 0, 0]
        }
      },
      "loop": true
    },
    "animation.keldeo.ground_walk": {
      "animation_length": 1,
      "bones": {
        "backleg_left": {
          "position": {
            "0.0": [0, 0.46, 0.44],
            "0.125": {
              "lerp_mode": "catmullrom",
              "post": [0, 1.25, -0.5],
              "pre": [0, 1.25, -0.5]
            },
            "0.4583": {
              "lerp_mode": "catmullrom",
              "post": [0, -1, -1.25]
            },
            "0.75": {
              "lerp_mode": "catmullrom",
              "post": [0, -0.75, 0.75]
            },
            "0.875": [0, -0.5, 0.75],
            "1.0": [0, 0.46, 0.44]
          },
          "rotation": {
            "0.0": [11.22, 0, 0],
            "0.0833": [3.5, 0, 0],
            "0.25": {
              "lerp_mode": "catmullrom",
              "post": [-12.5, 0, 0],
              "pre": [-12.5, 0, 0]
            },
            "0.4583": {
              "lerp_mode": "catmullrom",
              "post": [-22.5, 0, 0]
            },
            "0.75": {
              "lerp_mode": "catmullrom",
              "post": [12.5, 0, 0]
            },
            "0.875": {
              "lerp_mode": "catmullrom",
              "post": [20, 0, 0]
            },
            "1.0": [11.22, 0, 0]
          }
        },
        "backleg_left3": {
          "position": {
            "0.0": [0, 1.05, 0.35],
            "0.125": [0, 1.5, 0.5],
            "0.2917": [0, 1.5, 0.5],
            "0.4583": [0, 0.5, 0.5],
            "0.75": [0, 0, 0],
            "1.0": [0, 1.05, 0.35]
          },
          "rotation": {
            "0.0": {
              "lerp_mode": "catmullrom",
              "post": [-8.91, 0, 0]
            },
            "0.125": {
              "lerp_mode": "catmullrom",
              "post": [-20, 0, 0]
            },
            "0.2917": [-20, 0, 0],
            "0.4583": {
              "lerp_mode": "catmullrom",
              "post": [5, 0, 0],
              "pre": [5, 0, 0]
            },
            "0.75": {
              "lerp_mode": "catmullrom",
              "post": [-2.5, 0, 0]
            },
            "0.875": {
              "lerp_mode": "catmullrom",
              "post": [7.5, 0, 0]
            },
            "1.0": {
              "lerp_mode": "catmullrom",
              "post": [-8.91, 0, 0]
            }
          }
        },
        "backleg_right": {
          "position": {
            "0.0": {
              "lerp_mode": "catmullrom",
              "post": [0, -0.78, 0.44]
            },
            "0.0417": {
              "lerp_mode": "catmullrom",
              "post": [0, -0.75, 0.75]
            },
            "0.2083": [0, -0.5, 0.75],
            "0.4167": {
              "lerp_mode": "catmullrom",
              "post": [0, -1.23, 0.02],
              "pre": [0, -1.23, 0.02]
            },
            "0.75": {
              "lerp_mode": "catmullrom",
              "post": [0, -1, -1.25]
            },
            "1.0": {
              "lerp_mode": "catmullrom",
              "post": [0, -0.78, 0.44]
            }
          },
          "rotation": {
            "0.0": {
              "lerp_mode": "catmullrom",
              "post": [8.94, 0, 0]
            },
            "0.0417": {
              "lerp_mode": "catmullrom",
              "post": [12.5, 0, 0]
            },
            "0.1667": {
              "lerp_mode": "catmullrom",
              "post": [20, 0, 0]
            },
            "0.2917": [11.22, 0, 0],
            "0.375": [3.5, 0, 0],
            "0.5417": {
              "lerp_mode": "catmullrom",
              "post": [-12.5, 0, 0],
              "pre": [-12.5, 0, 0]
            },
            "0.75": {
              "lerp_mode": "catmullrom",
              "post": [-22.5, 0, 0]
            },
            "1.0": {
              "lerp_mode": "catmullrom",
              "post": [8.94, 0, 0]
            }
          }
        },
        "backleg_right3": {
          "position": {
            "0.0": [0, 0.07, 0.07],
            "0.0417": [0, 0, 0],
            "0.2917": [0, 1.05, 0.35],
            "0.4167": [0, 1.5, 0.5],
            "0.5833": [0, 1.5, 0.5],
            "0.75": [0, 0.5, 0.5],
            "1.0": [0, 0.07, 0.07]
          },
          "rotation": {
            "0.0": {
              "lerp_mode": "catmullrom",
              "post": [-1.54588, 4.99819, -0.13472]
            },
            "0.0417": {
              "lerp_mode": "catmullrom",
              "post": [-2.5, 0, 0]
            },
            "0.1667": {
              "lerp_mode": "catmullrom",
              "post": [7.5, 0, 0]
            },
            "0.2917": {
              "lerp_mode": "catmullrom",
              "post": [-8.91, 0, 0]
            },
            "0.4167": {
              "lerp_mode": "catmullrom",
              "post": [-20, 0, 0]
            },
            "0.5833": [-20, 0, 0],
            "0.75": {
              "lerp_mode": "catmullrom",
              "post": [5, 0, 0],
              "pre": [5, 0, 0]
            },
            "1.0": {
              "lerp_mode": "catmullrom",
              "post": [-1.54, 0, 0]
            }
          }
        },
        "body": {
          "rotation": ["5+math.sin(q.anim_time*90*4+60)*4", 0, "math.sin(q.anim_time*90*4-30)*-0.7"]
        },
        "chest": {
          "rotation": ["math.sin(q.anim_time*90*4-60)*-4", 0, 0]
        },
        "core": {
          "rotation": ["math.sin(q.anim_time*90*4-60)*-8", 0, 0]
        },
        "hair3": {
          "rotation": ["7.5+math.sin(q.anim_time*90*4-80)*6", "math.sin(q.anim_time*90*4)*2", "math.sin(q.anim_time*90*4)*6"]
        },
        "hair4": {
          "rotation": ["7.5+math.sin(q.anim_time*90*4-80)*6", "math.sin(q.anim_time*90*4)*2", "math.sin(q.anim_time*90*4)*6"]
        },
        "head": {
          "rotation": ["math.sin(q.anim_time*90*4-60)*-8", 0, 0]
        },
        "leg_left2": {
          "position": {
            "0.0": {
              "lerp_mode": "catmullrom",
              "post": [0, 0, 0.5]
            },
            "0.1667": {
              "lerp_mode": "catmullrom",
              "post": [0, -0.75, 1.5]
            },
            "0.3333": [0, -0.5, -0.5],
            "0.5417": {
              "lerp_mode": "catmullrom",
              "post": [0, -0.25, -1],
              "pre": [0, -0.25, -1]
            },
            "0.7083": {
              "lerp_mode": "catmullrom",
              "post": [0, -2, -1]
            },
            "0.875": {
              "lerp_mode": "catmullrom",
              "post": [0, -0.25, -0.25]
            },
            "1.0": {
              "lerp_mode": "catmullrom",
              "post": [0, 0, 0.5]
            }
          },
          "rotation": {
            "0.0": {
              "lerp_mode": "catmullrom",
              "post": [12.5, 0, 0]
            },
            "0.1667": {
              "lerp_mode": "catmullrom",
              "post": [17.5, 0, 0]
            },
            "0.3333": [-17.5, 0, 0],
            "0.5417": {
              "lerp_mode": "catmullrom",
              "post": [-57.5, 0, 0],
              "pre": [-57.5, 0, 0]
            },
            "0.7083": {
              "lerp_mode": "catmullrom",
              "post": [-17.5, 0, 0]
            },
            "1.0": {
              "lerp_mode": "catmullrom",
              "post": [12.5, 0, 0]
            }
          }
        },
        "leg_left3": {
          "rotation": {
            "0.0": {
              "lerp_mode": "catmullrom",
              "post": [0, 0, 0]
            },
            "0.3333": {
              "lerp_mode": "catmullrom",
              "post": [50, 0, 0]
            },
            "0.5417": {
              "lerp_mode": "catmullrom",
              "post": [57.5, 0, 0]
            },
            "0.7083": [0, 0, 0],
            "1.0": [0, 0, 0]
          }
        },
        "leg_right2": {
          "position": {
            "0.0": {
              "lerp_mode": "catmullrom",
              "post": [0, -2, -1]
            },
            "0.1667": {
              "lerp_mode": "catmullrom",
              "post": [0, -0.25, -0.25]
            },
            "0.2917": {
              "lerp_mode": "catmullrom",
              "post": [0, 0, 0.5]
            },
            "0.4583": {
              "lerp_mode": "catmullrom",
              "post": [0, -0.75, 1.5]
            },
            "0.625": [0, -0.5, -0.5],
            "0.8333": {
              "lerp_mode": "catmullrom",
              "post": [0, -0.25, -1],
              "pre": [0, -0.25, -1]
            },
            "1.0": {
              "lerp_mode": "catmullrom",
              "post": [0, -2, -1]
            }
          },
          "rotation": {
            "0.0": {
              "lerp_mode": "catmullrom",
              "post": [-17.5, 0, 0]
            },
            "0.2917": {
              "lerp_mode": "catmullrom",
              "post": [12.5, 0, 0]
            },
            "0.4583": {
              "lerp_mode": "catmullrom",
              "post": [17.5, 0, 0]
            },
            "0.625": [-17.5, 0, 0],
            "0.8333": {
              "lerp_mode": "catmullrom",
              "post": [-57.5, 0, 0],
              "pre": [-57.5, 0, 0]
            },
            "1.0": {
              "lerp_mode": "catmullrom",
              "post": [-17.5, 0, 0]
            }
          }
        },
        "leg_right3": {
          "rotation": {
            "0.0": [0, 0, 0],
            "0.2917": [0, 0, 0],
            "0.4583": [17.5, 0, 0],
            "0.625": {
              "lerp_mode": "catmullrom",
              "post": [50, 0, 0],
              "pre": [50, 0, 0]
            },
            "0.8333": {
              "lerp_mode": "catmullrom",
              "post": [57.5, 0, 0]
            },
            "1.0": [0, 0, 0]
          }
        },
        "neck": {
          "position": [0, 0, "-0.5+math.sin(q.anim_time*90*4-30)*0.2"],
          "rotation": ["13+math.sin(q.anim_time*90*4-30)*7", 0, 0]
        },
        "tail": {
          "rotation": ["15+math.sin(q.anim_time*90*4-80)*6", "math.sin(q.anim_time*90*4)*2", "math.sin(q.anim_time*90*4)*6"]
        },
        "tail2": {
          "rotation": ["-10+math.sin(q.anim_time*90*4-80)*6", "math.sin(q.anim_time*90*4)*2", "math.sin(q.anim_time*90*4)*6"]
        }
      },
      "loop": true
    },
    "animation.keldeo.new": {
      "bones": {
        "backfoot_right": {
          "rotation": [10, 0, 0]
        },
        "backleg_left": {
          "rotation": [3, 0, 0]
        },
        "backleg_left2": {
          "rotation": [22, 0, 0]
        },
        "backleg_right": {
          "rotation": [-49.5, 0, 0]
        },
        "backleg_right2": {
          "rotation": [34.5, 0, 0]
        },
        "backleg_right3": {
          "rotation": [-2.5, 0, 0]
        },
        "core": {
          "rotation": [-2, 0, 0]
        },
        "fur_front_right": {
          "rotation": [-12.5, 0, 0]
        },
        "head": {
          "rotation": [21.70543, -3.20509, 1.96457]
        },
        "keldo": {
          "position": [0, -1.1, 0],
          "rotation": [10, 0, 0]
        },
        "leg_left": {
          "rotation": [40, 0, 0]
        },
        "leg_left2": {
          "rotation": [-47.5, 0, 0]
        },
        "leg_left3": {
          "rotation": [42.5, 0, 0]
        },
        "leg_right2": {
          "rotation": [-62.5, 0, 0]
        },
        "leg_right3": {
          "rotation": [27.5, 0, 0]
        },
        "neck": {
          "rotation": [-10, 0, 0]
        },
        "pupil_left": {
          "position": [0, 0.4, 0]
        },
        "pupil_right": {
          "position": [0, 0.4, 0]
        },
        "tail": {
          "rotation": [43.04296, 0, 0]
        },
        "tail3": {
          "rotation": [-23, 0, 0]
        }
      },
      "loop": true
    },
    "animation.keldeo.physical": {
      "animation_length": 2,
      "bones": {
        "backleg_left": {
          "position": {
            "0.0": {
              "lerp_mode": "catmullrom",
              "post": [0, 0, 0]
            },
            "1.0833": {
              "lerp_mode": "catmullrom",
              "post": [0, 0, 0]
            },
            "1.5": {
              "lerp_mode": "catmullrom",
              "post": [0, 1, 0]
            },
            "1.9167": {
              "lerp_mode": "catmullrom",
              "post": [0, 0, 0]
            }
          },
          "rotation": {
            "0.0": {
              "lerp_mode": "catmullrom",
              "post": [0, 0, 0]
            },
            "0.375": {
              "lerp_mode": "catmullrom",
              "post": [20, 0, 0]
            },
            "1.0": {
              "lerp_mode": "catmullrom",
              "post": [0, 0, 0]
            },
            "1.0833": {
              "lerp_mode": "catmullrom",
              "post": [12.5, 0, 0]
            },
            "1.5": {
              "lerp_mode": "catmullrom",
              "post": [-27.5, 0, 0]
            },
            "1.7083": {
              "lerp_mode": "catmullrom",
              "post": [6.25, 0, 0]
            },
            "1.9167": {
              "lerp_mode": "catmullrom",
              "post": [0, 0, 0]
            }
          }
        },
        "backleg_left3": {
          "rotation": {
            "0.0": {
              "lerp_mode": "catmullrom",
              "post": [0, 0, 0]
            },
            "0.375": {
              "lerp_mode": "catmullrom",
              "post": [22.5, 0, 0]
            },
            "1.0": {
              "lerp_mode": "catmullrom",
              "post": [0, 0, 0]
            },
            "1.0833": {
              "lerp_mode": "catmullrom",
              "post": [32.5, 0, 0]
            },
            "1.5": {
              "lerp_mode": "catmullrom",
              "post": [17.5, 0, 0]
            },
            "1.7083": {
              "lerp_mode": "catmullrom",
              "post": [30.31, 0, 0]
            },
            "1.9167": {
              "lerp_mode": "catmullrom",
              "post": [0, 0, 0]
            }
          }
        },
        "backleg_right": {
          "position": {
            "0.0": {
              "lerp_mode": "catmullrom",
              "post": [0, 0, 0]
            },
            "1.0833": {
              "lerp_mode": "catmullrom",
              "post": [0, 0, 0]
            },
            "1.5": {
              "lerp_mode": "catmullrom",
              "post": [0, -2, 0]
            },
            "1.7083": {
              "lerp_mode": "catmullrom",
              "post": [0, 0, 0]
            },
            "1.9167": {
              "lerp_mode": "catmullrom",
              "post": [0, 0, 0]
            }
          },
          "rotation": {
            "0.0": {
              "lerp_mode": "catmullrom",
              "post": [0, 0, 0]
            },
            "0.5833": {
              "lerp_mode": "catmullrom",
              "post": [-10, 0, 0]
            },
            "1.0": {
              "lerp_mode": "catmullrom",
              "post": [0, 0, 0]
            },
            "1.0833": {
              "lerp_mode": "catmullrom",
              "post": [20, 0, 0]
            },
            "1.5": {
              "lerp_mode": "catmullrom",
              "post": [22.5, 0, 0]
            },
            "1.7083": {
              "lerp_mode": "catmullrom",
              "post": [-11.09, 0, 0]
            },
            "1.9167": {
              "lerp_mode": "catmullrom",
              "post": [0, 0, 0]
            }
          }
        },
        "backleg_right3": {
          "rotation": {
            "0.0": {
              "lerp_mode": "catmullrom",
              "post": [0, 0, 0]
            },
            "0.5833": {
              "lerp_mode": "catmullrom",
              "post": [10, 0, 0]
            },
            "1.0": {
              "lerp_mode": "catmullrom",
              "post": [0, 0, 0]
            },
            "1.0833": {
              "lerp_mode": "catmullrom",
              "post": [42.5, 0, 0]
            },
            "1.5": {
              "lerp_mode": "catmullrom",
              "post": [5, 0, 0]
            },
            "1.7083": {
              "lerp_mode": "catmullrom",
              "post": [-7.34, 0, 0]
            },
            "1.9167": {
              "lerp_mode": "catmullrom",
              "post": [0, 0, 0]
            }
          }
        },
        "body": {
          "position": {
            "0.0": {
              "lerp_mode": "catmullrom",
              "post": [0, 0, 0]
            },
            "0.2083": {
              "lerp_mode": "catmullrom",
              "post": [0, 0, 0]
            },
            "0.3333": {
              "lerp_mode": "catmullrom",
              "post": [0, 0, 2]
            },
            "0.4583": {
              "lerp_mode": "catmullrom",
              "post": [0, 0, 6.6]
            },
            "0.7083": {
              "lerp_mode": "catmullrom",
              "post": [0, 0, 10.46]
            },
            "0.9167": {
              "lerp_mode": "catmullrom",
              "post": [0, 0, 13.87]
            },
            "1.0417": {
              "lerp_mode": "catmullrom",
              "post": [0, 0, 15.54]
            },
            "1.125": {
              "lerp_mode": "catmullrom",
              "post": [0, 0, -25.36]
            },
            "1.1667": {
              "lerp_mode": "catmullrom",
              "post": [0, 4.32, -29.57]
            },
            "1.2083": {
              "lerp_mode": "catmullrom",
              "post": [0, 4.75, -24.71]
            },
            "1.5": {
              "lerp_mode": "catmullrom",
              "post": [0, 0, -19.66]
            },
            "1.875": {
              "lerp_mode": "catmullrom",
              "post": [0, 0, 0]
            },
            "1.9167": {
              "lerp_mode": "catmullrom",
              "post": [0, 0, 0]
            }
          }
        },
        "hair2": {
          "rotation": {
            "1.0": {
              "lerp_mode": "catmullrom",
              "post": [0, 0, 0],
              "pre": [0, 0, 0]
            }
          }
        },
        "hair3": {
          "rotation": {
            "1.0": {
              "lerp_mode": "catmullrom",
              "post": [0, 0, 0],
              "pre": [0, 0, 0]
            },
            "1.0833": {
              "lerp_mode": "catmullrom",
              "post": [15, 0, 0]
            },
            "1.875": {
              "lerp_mode": "catmullrom",
              "post": [0, 0, 0]
            }
          }
        },
        "hair4": {
          "rotation": {
            "1.0": {
              "lerp_mode": "catmullrom",
              "post": [0, 0, 0],
              "pre": [0, 0, 0]
            },
            "1.0833": {
              "lerp_mode": "catmullrom",
              "post": [20, 0, 0]
            },
            "1.875": {
              "lerp_mode": "catmullrom",
              "post": [0, 0, 0]
            }
          }
        },
        "hair5": {
          "rotation": {
            "1.0": {
              "lerp_mode": "catmullrom",
              "post": [0, 0, 0],
              "pre": [0, 0, 0]
            },
            "1.0833": {
              "lerp_mode": "catmullrom",
              "post": [7.5, 0, 0]
            },
            "1.875": {
              "lerp_mode": "catmullrom",
              "post": [0, 0, 0]
            }
          }
        },
        "head": {
          "rotation": {
            "0.2917": {
              "lerp_mode": "catmullrom",
              "post": [0, 0, 0],
              "pre": [0, 0, 0]
            },
            "1.0": {
              "lerp_mode": "catmullrom",
              "post": [-25, 0, 0]
            },
            "2.0": {
              "lerp_mode": "catmullrom",
              "post": [0, 0, 0]
            }
          }
        },
        "leg_left2": {
          "position": {
            "0.0": {
              "lerp_mode": "catmullrom",
              "post": [0, 0, 0]
            },
            "1.0833": {
              "lerp_mode": "catmullrom",
              "post": [0, 0, 0]
            },
            "1.5": {
              "lerp_mode": "catmullrom",
              "post": [0, -1, 0]
            },
            "1.9167": {
              "lerp_mode": "catmullrom",
              "post": [0, 0, 0]
            }
          },
          "rotation": {
            "0.0": {
              "lerp_mode": "catmullrom",
              "post": [0, 0, 0]
            },
            "0.5833": {
              "lerp_mode": "catmullrom",
              "post": [-22.5, 0, 0]
            },
            "1.0": {
              "lerp_mode": "catmullrom",
              "post": [0, 0, 0]
            },
            "1.0833": {
              "lerp_mode": "catmullrom",
              "post": [32.5, 0, 0]
            },
            "1.5": {
              "lerp_mode": "catmullrom",
              "post": [10, 0, 0]
            },
            "1.7083": {
              "lerp_mode": "catmullrom",
              "post": [-33.91, 0, 0]
            },
            "1.9167": {
              "lerp_mode": "catmullrom",
              "post": [0, 0, 0]
            }
          }
        },
        "leg_left3": {
          "rotation": {
            "0.0": {
              "lerp_mode": "catmullrom",
              "post": [0, 0, 0]
            },
            "0.5833": {
              "lerp_mode": "catmullrom",
              "post": [20, 0, 0]
            },
            "1.0": {
              "lerp_mode": "catmullrom",
              "post": [0, 0, 0]
            },
            "1.0833": {
              "lerp_mode": "catmullrom",
              "post": [22.5, 0, 0]
            },
            "1.5": {
              "lerp_mode": "catmullrom",
              "post": [7.5, 0, 0]
            },
            "1.7083": {
              "lerp_mode": "catmullrom",
              "post": [20.31, 0, 0]
            },
            "1.9167": {
              "lerp_mode": "catmullrom",
              "post": [0, 0, 0]
            }
          }
        },
        "leg_right2": {
          "position": {
            "0.0": {
              "lerp_mode": "catmullrom",
              "post": [0, 0, 0]
            },
            "1.0833": {
              "lerp_mode": "catmullrom",
              "post": [0, 0, 0]
            },
            "1.5": {
              "lerp_mode": "catmullrom",
              "post": [0, -2, 0]
            },
            "1.9167": {
              "lerp_mode": "catmullrom",
              "post": [0, 0, 0]
            }
          },
          "rotation": {
            "0.0": {
              "lerp_mode": "catmullrom",
              "post": [0, 0, 0]
            },
            "0.375": {
              "lerp_mode": "catmullrom",
              "post": [22.5, 0, 0]
            },
            "1.0": {
              "lerp_mode": "catmullrom",
              "post": [0, 0, 0]
            },
            "1.0833": {
              "lerp_mode": "catmullrom",
              "post": [15, 0, 0]
            },
            "1.5": {
              "lerp_mode": "catmullrom",
              "post": [-37.5, 0, 0]
            },
            "1.7083": {
              "lerp_mode": "catmullrom",
              "post": [7.97, 0, 0]
            },
            "1.9167": {
              "lerp_mode": "catmullrom",
              "post": [0, 0, 0]
            }
          }
        },
        "leg_right3": {
          "rotation": {
            "0.0": {
              "lerp_mode": "catmullrom",
              "post": [0, 0, 0]
            },
            "0.375": {
              "lerp_mode": "catmullrom",
              "post": [20, 0, 0]
            },
            "1.0": {
              "lerp_mode": "catmullrom",
              "post": [0, 0, 0]
            },
            "1.0833": {
              "lerp_mode": "catmullrom",
              "post": [27.5, 0, 0]
            },
            "1.5": {
              "lerp_mode": "catmullrom",
              "post": [20, 0, 0]
            },
            "1.7083": {
              "lerp_mode": "catmullrom",
              "post": [19.53, 0, 0]
            },
            "1.9167": {
              "lerp_mode": "catmullrom",
              "post": [0, 0, 0]
            }
          }
        },
        "legs": {
          "position": {
            "0.0": {
              "lerp_mode": "catmullrom",
              "post": [0, 0, 0]
            },
            "0.2083": {
              "lerp_mode": "catmullrom",
              "post": [0, 0, 0]
            },
            "0.3333": {
              "lerp_mode": "catmullrom",
              "post": [0, 0, 2]
            },
            "0.4583": {
              "lerp_mode": "catmullrom",
              "post": [0, 0, 6.6]
            },
            "0.7083": {
              "lerp_mode": "catmullrom",
              "post": [0, 0, 10.46]
            },
            "0.9167": {
              "lerp_mode": "catmullrom",
              "post": [0, 0, 13.87]
            },
            "1.0417": {
              "lerp_mode": "catmullrom",
              "post": [0, 0, 15.54]
            },
            "1.125": {
              "lerp_mode": "catmullrom",
              "post": [0, 0, -25.36]
            },
            "1.1667": {
              "lerp_mode": "catmullrom",
              "post": [0, 4.32, -29.57]
            },
            "1.2083": {
              "lerp_mode": "catmullrom",
              "post": [0, 4.75, -24.71]
            },
            "1.5": {
              "lerp_mode": "catmullrom",
              "post": [0, 0, -19.66]
            },
            "1.875": {
              "lerp_mode": "catmullrom",
              "post": [0, 0, 0]
            },
            "1.9167": {
              "lerp_mode": "catmullrom",
              "post": [0, 0, 0]
            }
          }
        },
        "neck": {
          "rotation": {
            "0.2083": {
              "lerp_mode": "catmullrom",
              "post": [0, 0, 0],
              "pre": [0, 0, 0]
            },
            "0.8333": {
              "lerp_mode": "catmullrom",
              "post": [62.5, 0, 0]
            },
            "1.9167": {
              "lerp_mode": "catmullrom",
              "post": [0, 0, 0]
            }
          }
        },
        "tail": {
          "rotation": {
            "0.0": {
              "lerp_mode": "catmullrom",
              "post": [0, 0, 0]
            },
            "0.8333": {
              "lerp_mode": "catmullrom",
              "post": [10, 0, 0]
            },
            "1.25": {
              "lerp_mode": "catmullrom",
              "post": [-12.5, 0, 0]
            },
            "1.9167": {
              "lerp_mode": "catmullrom",
              "post": [0, 0, 0]
            }
          }
        },
        "tail2": {
          "rotation": {
            "0.0": {
              "lerp_mode": "catmullrom",
              "post": [0, 0, 0]
            },
            "0.8333": {
              "lerp_mode": "catmullrom",
              "post": [17.5, 0, 0]
            },
            "1.25": {
              "lerp_mode": "catmullrom",
              "post": [12.5, 0, 0]
            },
            "1.9167": {
              "lerp_mode": "catmullrom",
              "post": [0, 0, 0]
            }
          }
        },
        "tail3": {
          "rotation": {
            "0.0": {
              "lerp_mode": "catmullrom",
              "post": [0, 0, 0]
            },
            "0.8333": {
              "lerp_mode": "catmullrom",
              "post": [20, 0, 0]
            },
            "1.25": {
              "lerp_mode": "catmullrom",
              "post": [45, 0, 0]
            },
            "1.9167": {
              "lerp_mode": "catmullrom",
              "post": [0, 0, 0]
            }
          }
        },
        "tail4": {
          "rotation": {
            "0.0": {
              "lerp_mode": "catmullrom",
              "post": [0, 0, 0]
            },
            "1.25": {
              "lerp_mode": "catmullrom",
              "post": [-32.5, 0, 0]
            },
            "1.9167": {
              "lerp_mode": "catmullrom",
              "post": [0, 0, 0]
            }
          }
        }
      }
    },
    "animation.keldeo.pose": {
      "bones": {
        "backleg_left": {
          "rotation": [12.5, 0, 0]
        },
        "backleg_right": {
          "rotation": [65, 0, 0]
        },
        "backleg_right3": {
          "rotation": [12.5, 0, 0]
        },
        "backlegs": {
          "position": [2, 3, 0]
        },
        "body": {
          "rotation": [5, 0, 0]
        },
        "booty": {
          "rotation": [30, 0, 0]
        },
        "core": {
          "rotation": [20.44582, 11.73507, 4.3361]
        },
        "eye_right": {
          "scale": 0
        },
        "hair3": {
          "position": [1.28025, 0, -0.22574],
          "rotation": [0, 10, 0]
        },
        "head": {
          "position": [0.41739, 0.63028, 0.26179],
          "rotation": [-12.6056, -54.81643, 62.93419]
        },
        "iris_look_right": {
          "position": [0.1, 0, -0.1]
        },
        "leg_left2": {
          "rotation": [-7.5, 0, 0]
        },
        "leg_left3": {
          "position": [0, 0, 0],
          "rotation": [0, 0, 0]
        },
        "leg_right2": {
          "rotation": [-10, 0, 0]
        },
        "neck": {
          "position": [0, 0.77274, -0.20706]
        },
        "tail": {
          "rotation": [-20.2614, -14.8687, 2.00307]
        }
      },
      "loop": true
    }
  },
  "format_version": "1.8.0"
}