{
  "format_version": "1.12.0",
  "minecraft:geometry": [
    {
      "bones": [
        {
          "name": "pikachu_gigantamax",
          "pivot": [0, 0, 0]
        },
        {
          "name": "body",
          "parent": "pikachu_gigantamax",
          "pivot": [0, 0, 0]
        }, {
          "cubes": [
            {
              "inflate": 0.01,
              "origin": [-11, 3.5, -9],
              "size": [22, 22, 17],
              "uv": [0, 0]
            }
          ],
          "name": "torso",
          "parent": "body",
          "pivot": [0, 15, -1.75]
        }, {
          "cubes": [
            {
              "origin": [-11, 25.5, -11],
              "size": [22, 14, 19],
              "uv": [0, 39]
            },
            {
              "inflate": 0.01,
              "origin": [-4.5, 28, -11.075],
              "size": [9, 2, 0],
              "uv": [0, 119]
            },
            {
              "inflate": 0.01,
              "origin": [-0.5, 31, -11.075],
              "size": [1, 1, 0],
              "uv": [0, 122]
            }
          ],
          "name": "head",
          "parent": "torso",
          "pivot": [0, 25.5, 7]
        }, {
          "name": "eyes",
          "parent": "head",
          "pivot": [0, 33.25, -11]
        }, {
          "cubes": [
            {
              "inflate": 0.01,
              "mirror": true,
              "origin": [-8.25, 31.25, -11.1],
              "size": [4, 4, 0],
              "uv": [0, 114]
            }
          ],
          "name": "eye_right",
          "parent": "eyes",
          "pivot": [-6.25, 33.25, -11.1],
          "rotation": [0, 0, 2.5]
        }, {
          "cubes": [
            {
              "inflate": 0.01,
              "origin": [4.25, 31.25, -11.1],
              "size": [4, 4, 0],
              "uv": [0, 114]
            }
          ],
          "name": "eye_left",
          "parent": "eyes",
          "pivot": [6.25, 33.25, -11.1],
          "rotation": [0, 0, -2.5]
        }, {
          "name": "eyelids",
          "parent": "eyes",
          "pivot": [0, 33.25, -10.25]
        }, {
          "cubes": [
            {
              "inflate": 0.02,
              "mirror": true,
              "origin": [-8.25, 31.25, -10.85],
              "size": [4, 4, 1],
              "uv": [0, 124]
            }
          ],
          "name": "eyelid_right",
          "parent": "eyelids",
          "pivot": [-6.25, 33.25, -10.35],
          "rotation": [0, 0, 2.5]
        }, {
          "cubes": [
            {
              "inflate": 0.02,
              "origin": [4.25, 31.25, -10.85],
              "size": [4, 4, 1],
              "uv": [0, 124]
            }
          ],
          "name": "eyelid_left",
          "parent": "eyelids",
          "pivot": [6.25, 33.25, -10.35],
          "rotation": [0, 0, -2.5]
        }, {
          "cubes": [
            {
              "inflate": 0.01,
              "origin": [-12.25, 37, -2.25],
              "size": [8, 19, 0],
              "uv": [24, 109]
            }
          ],
          "name": "ear_right",
          "parent": "head",
          "pivot": [-8.25, 37, -2.25],
          "rotation": [-15, 5, -50]
        }, {
          "cubes": [
            {
              "inflate": 0.01,
              "origin": [4.25, 37, -2.25],
              "size": [8, 19, 0],
              "uv": [0, 39]
            }
          ],
          "name": "ear_left",
          "parent": "head",
          "pivot": [8.25, 37, -2.25],
          "rotation": [-15, -5, 50]
        }, {
          "cubes": [
            {
              "inflate": 0.01,
              "origin": [-9, 52.75, -12.5],
              "size": [18, 7, 0],
              "uv": [0, 98]
            },
            {
              "inflate": 0.01,
              "origin": [-9, 52.75, 30.95484],
              "size": [18, 7, 0],
              "uv": [72, 95]
            },
            {
              "inflate": 0.01,
              "origin": [-21.72692, 52.75, 0.22792],
              "size": [0, 7, 18],
              "uv": [36, 70]
            },
            {
              "inflate": 0.01,
              "origin": [21.72792, 52.75, 0.22792],
              "size": [0, 7, 18],
              "uv": [0, 66]
            }, {
              "inflate": 0.01,
              "origin": [6.8033, 52.75, -7.1967],
              "pivot": [14.3033, 56.25, -7.1967],
              "rotation": [0, -45, 0],
              "size": [18, 7, 0],
              "uv": [36, 95]
            }, {
              "inflate": 0.01,
              "origin": [-25.09619, 52.75, -7.90381],
              "pivot": [-13.59619, 56.25, -7.90381],
              "rotation": [0, 45, 0],
              "size": [18, 7, 0],
              "uv": [95, 27]
            }, {
              "inflate": 0.01,
              "origin": [-26.55995, 52.75, 29.89448],
              "pivot": [-10.05995, 56.25, 29.89448],
              "rotation": [0, -45, 0],
              "size": [18, 7, 0],
              "uv": [95, 20]
            }, {
              "inflate": 0.01,
              "origin": [5.63102, 52.75, 22.82341],
              "pivot": [17.13102, 56.25, 22.82341],
              "rotation": [0, 45, 0],
              "size": [18, 7, 0],
              "uv": [0, 91]
            }
          ],
          "name": "swirlies",
          "parent": "torso",
          "pivot": [0.00013, 56.25, 9.22762]
        }, {
          "cubes": [
            {
              "inflate": 0.01,
              "origin": [-13.75, 19.25, -9],
              "size": [7, 6, 8],
              "uv": [61, 0]
            }
          ],
          "name": "arm_right1",
          "parent": "torso",
          "pivot": [-10.25, 22.25, -2.5],
          "rotation": [15, -5, 0]
        }, {
          "cubes": [
            {
              "origin": [-13.75, 19.25, -15],
              "size": [7, 6, 6],
              "uv": [98, 55]
            }
          ],
          "name": "arm_right2",
          "parent": "arm_right1",
          "pivot": [-13.75, 22.25, -9],
          "rotation": [0, -15, 0]
        }, {
          "cubes": [
            {
              "inflate": 0.01,
              "origin": [6.75, 19.25, -9],
              "size": [7, 6, 8],
              "uv": [83, 6]
            }
          ],
          "name": "arm_left1",
          "parent": "torso",
          "pivot": [10.25, 22.25, -2.5],
          "rotation": [15, 5, 0]
        }, {
          "cubes": [
            {
              "origin": [6.75, 19.25, -15],
              "size": [7, 6, 6],
              "uv": [102, 103]
            }
          ],
          "name": "arm_left2",
          "parent": "arm_left1",
          "pivot": [13.75, 22.25, -9],
          "rotation": [0, 15, 0]
        }, {
          "cubes": [
            {
              "inflate": 0.01,
              "origin": [0, 3.5, 8],
              "size": [0, 7, 13],
              "uv": [72, 75]
            }
          ],
          "name": "tail1",
          "parent": "torso",
          "pivot": [0, 3.5, 8],
          "rotation": [5, 0, 0]
        }, {
          "cubes": [
            {
              "inflate": 0.02,
              "origin": [0, 10.5, 16],
              "size": [0, 7, 12],
              "uv": [0, 93]
            }
          ],
          "name": "tail2",
          "parent": "tail1",
          "pivot": [0, 10.5, 21],
          "rotation": [15, 0, 0]
        }, {
          "cubes": [
            {
              "inflate": 0.01,
              "origin": [0, 17.5, 23],
              "size": [0, 7, 12],
              "uv": [84, 90]
            }
          ],
          "name": "tail3",
          "parent": "tail2",
          "pivot": [0, 17.5, 28],
          "rotation": [12.5, 0, 0]
        }, {
          "cubes": [
            {
              "inflate": 0.02,
              "origin": [0, 24.5, 30],
              "size": [0, 7, 12],
              "uv": [60, 90]
            }
          ],
          "name": "tail4",
          "parent": "tail3",
          "pivot": [0, 24.5, 35],
          "rotation": [15, 0, 0]
        }, {
          "cubes": [
            {
              "inflate": 0.01,
              "origin": [0, 31.5, 37],
              "size": [0, 7, 12],
              "uv": [36, 90]
            }
          ],
          "name": "tail5",
          "parent": "tail4",
          "pivot": [0, 31.5, 42],
          "rotation": [12.5, 0, 0]
        }, {
          "cubes": [
            {
              "inflate": 0.02,
              "origin": [0, 38.5, 44],
              "size": [0, 5, 11],
              "uv": [44, 61]
            }
          ],
          "name": "tail6",
          "parent": "tail5",
          "pivot": [0, 38.5, 49],
          "rotation": [15, 0, 0]
        }, {
          "cubes": [
            {
              "inflate": 0.01,
              "origin": [0, 43.5, 50],
              "size": [0, 12, 22],
              "uv": [0, 50]
            }
          ],
          "name": "tail7",
          "parent": "tail6",
          "pivot": [0, 43.5, 50],
          "rotation": [-10, 0, 0]
        }, {
          "cubes": [
            {
              "origin": [-12, 2, -9.75],
              "size": [8, 16, 16],
              "uv": [63, 23]
            }
          ],
          "name": "leg_right",
          "parent": "body",
          "pivot": [-8, 15, -1.75],
          "rotation": [0, 2.5, 0]
        }, {
          "cubes": [
            {
              "inflate": 0.01,
              "origin": [-10.5, 0, -2.75],
              "size": [5, 2, 6],
              "uv": [44, 77]
            }
          ],
          "name": "foot_right1",
          "parent": "leg_right",
          "pivot": [-8, 2, 0.75]
        }, {
          "cubes": [
            {
              "origin": [-10.5, 0, -6.75],
              "size": [5, 2, 4],
              "uv": [83, 0]
            }
          ],
          "name": "foot_right2",
          "parent": "foot_right1",
          "pivot": [-8, 0, -2.75]
        }, {
          "cubes": [
            {
              "origin": [4, 2, -9.75],
              "size": [8, 16, 16],
              "uv": [66, 56]
            }
          ],
          "name": "leg_left",
          "parent": "body",
          "pivot": [8, 15, -1.75],
          "rotation": [0, -2.5, 0]
        }, {
          "cubes": [
            {
              "inflate": 0.01,
              "origin": [5.5, 0, -2.75],
              "size": [5, 2, 6],
              "uv": [105, 0]
            }
          ],
          "name": "foot_left1",
          "parent": "leg_left",
          "pivot": [8, 2, 0.75]
        }, {
          "cubes": [
            {
              "origin": [5.5, 0, -6.75],
              "size": [5, 2, 4],
              "uv": [98, 88]
            }
          ],
          "name": "foot_left2",
          "parent": "foot_left1",
          "pivot": [8, 0, -2.75]
        }
      ],
      "description": {
        "identifier": "geometry.unknown",
        "texture_height": 256,
        "texture_width": 256,
        "visible_bounds_height": 6.5,
        "visible_bounds_offset": [0, 2.75, 0],
        "visible_bounds_width": 5
      }
    }
  ]
}