{
  "format_version": "1.12.0",
  "minecraft:geometry": [
    {
      "bones": [
        {
          "name": "pikachu",
          "pivot": [0, 0, 0]
        }, {
          "name": "body",
          "parent": "pikachu",
          "pivot": [0, 8, 0.5]
        }, {
          "cubes": [
            {
              "origin": [-5, 1.75, -3.5],
              "size": [10, 8, 8],
              "uv": [0, 0]
            },
            {
              "origin": [-4.5, 9.75, -3],
              "size": [9, 2, 7],
              "uv": [26, 32]
            },
            {
              "origin": [-1.5, 6.75, 4.5],
              "size": [3, 3, 0],
              "uv": [28, 0]
            },
            {
              "origin": [-0.5, 8.25, -3.51],
              "size": [1, 1, 0],
              "uv": [24, 52]
            },
            {
              "origin": [-0.5, 6.75, -3.51],
              "size": [1, 1, 0],
              "uv": [54, 31]
            }
          ],
          "name": "torso",
          "parent": "body",
          "pivot": [0, 5.25, 0.5]
        }, {
          "cubes": [
            {
              "inflate": 0.01,
              "origin": [-4.5, 11.25, -3.75],
              "size": [9, 8, 8],
              "uv": [0, 16]
            }, {
              "origin": [-0.5, 13.33, -4.53],
              "pivot": [0, 13.7, -3.5],
              "rotation": [12.5, 0, 0],
              "size": [1, 1, 1],
              "uv": [58, 39]
            }, {
              "inflate": 0.02,
              "origin": [-4.5, 11.3, -4.5],
              "pivot": [-0.5, 13.7, -3.5],
              "rotation": [12.5, 0, 0],
              "size": [9, 3, 2],
              "uv": [46, 41]
            }
          ],
          "name": "head",
          "parent": "torso",
          "pivot": [0, 12.25, 0.25]
        }, {
          "cubes": [
            {
              "inflate": 0.01,
              "origin": [-1.5, 11.8, -4.53],
              "pivot": [0, 13.7, -3.5],
              "rotation": [12.5, 0, 0],
              "size": [3, 1, 0],
              "uv": [42, 31]
            }, {
              "inflate": 0.01,
              "origin": [-0.5, 12.05, -4.53],
              "pivot": [0, 13.7, -3.5],
              "rotation": [12.5, 0, 0],
              "size": [1, 1, 0],
              "uv": [22, 52]
            }, {
              "origin": [-2, 12.3, -4.53],
              "pivot": [0, 13.7, -3.5],
              "rotation": [12.5, 0, 0],
              "size": [4, 1, 0],
              "uv": [34, 31]
            }
          ],
          "name": "mouth_closed",
          "parent": "head",
          "pivot": [0, 12.7, -3.5]
        }, {
          "cubes": [
            {
              "inflate": 0.01,
              "origin": [-1.5, 11.55, -4.33],
              "pivot": [0, 13.7, -3.3],
              "rotation": [12.5, 0, 0],
              "size": [3, 1, 0],
              "uv": [48, 31]
            }, {
              "inflate": 0.01,
              "origin": [-1, 12.05, -4.33],
              "pivot": [0, 13.7, -3.3],
              "rotation": [12.5, 0, 0],
              "size": [2, 1, 0],
              "uv": [18, 52]
            }
          ],
          "name": "mouth_open",
          "parent": "head",
          "pivot": [0, 12.7, -3.5]
        }, {
          "name": "eyes",
          "parent": "head",
          "pivot": [0, 16, -3.825]
        }, {
          "cubes": [
            {
              "origin": [-4, 14.5, -3.77],
              "pivot": [-3, 15.5, -3.77],
              "rotation": [0, 0, 3],
              "size": [2, 2, 0],
              "uv": [60, 52]
            }
          ],
          "name": "eye_right",
          "parent": "eyes",
          "pivot": [-3, 15.5, -3.825]
        }, {
          "cubes": [
            {
              "inflate": 0.01,
              "origin": [-4, 14.5, -3.67],
              "pivot": [-3, 15.5, -3.67],
              "rotation": [0, 0, 3],
              "size": [2, 2, 0],
              "uv": [60, 54]
            }
          ],
          "name": "eyelid_right",
          "parent": "eye_right",
          "pivot": [-3, 15.5, -3.67]
        }, {
          "cubes": [
            {
              "origin": [2, 14.5, -3.77],
              "pivot": [3, 15.5, -3.77],
              "rotation": [0, 0, -3],
              "size": [2, 2, 0],
              "uv": [60, 56]
            }
          ],
          "name": "eye_left",
          "parent": "eyes",
          "pivot": [3, 15.5, -3.825]
        }, {
          "cubes": [
            {
              "inflate": 0.01,
              "origin": [2, 14.5, -3.67],
              "pivot": [3, 15.5, -3.67],
              "rotation": [0, 0, -3],
              "size": [2, 2, 0],
              "uv": [60, 58]
            }
          ],
          "name": "eyelid_left",
          "parent": "eye_left",
          "pivot": [3, 15.5, -3.67]
        }, {
          "cubes": [
            {
              "origin": [2, 17.5, 0.35],
              "pivot": [3.65, 18, 0.425],
              "rotation": [-15, -30, 35],
              "size": [3, 10, 0],
              "uv": [32, 53]
            }, {
              "origin": [2, 17.5, 0.35],
              "pivot": [3.65, 18, 0.425],
              "rotation": [-15, -30, 35],
              "size": [4, 10, 0],
              "uv": [64, 31]
            }
          ],
          "name": "ear_left",
          "parent": "head",
          "pivot": [3.65, 18, 0.425]
        }, {
          "cubes": [
            {
              "origin": [-5, 17.5, 0.35],
              "pivot": [-3.65, 18, 0.425],
              "rotation": [-15, 30, -35],
              "size": [3, 10, 0],
              "uv": [38, 53]
            }, {
              "mirror": true,
              "origin": [-6, 17.5, 0.35],
              "pivot": [-3.65, 18, 0.425],
              "rotation": [-15, 30, -35],
              "size": [4, 10, 0],
              "uv": [64, 21]
            }
          ],
          "name": "ear_right",
          "parent": "head",
          "pivot": [-3.65, 18, 0.425]
        }, {
          "cubes": [
            {
              "inflate": -0.01,
              "origin": [-5.71987, 19.33388, -0.11683],
              "size": [2, 2, 1],
              "uv": [0, 58]
            }, {
              "origin": [-3.87211, 19.33388, -0.43415],
              "pivot": [-3.75793, 20.83388, -0.00817],
              "rotation": [-4.11406, 22.13991, -10.80523],
              "size": [3, 3, 1],
              "uv": [56, 0]
            }, {
              "origin": [-8.81987, 19.33388, -0.41683],
              "pivot": [-5.81987, 20.83388, 0.58317],
              "rotation": [-4.11406, -22.13991, 10.80523],
              "size": [3, 3, 1],
              "uv": [56, 4]
            }, {
              "origin": [-6.71987, 14.68388, 0.63317],
              "pivot": [-5.21987, 20.68388, 0.63317],
              "rotation": [-43.37123, -6.69953, 52.4723],
              "size": [3, 6, 0],
              "uv": [56, 8]
            }
          ],
          "name": "ribbon",
          "parent": "ear_right",
          "pivot": [-5.04287, 20.51603, 0.34056],
          "rotation": [-14.07473, 31.96199, -26.01161]
        }, {
          "cubes": [
            {
              "origin": [-10.5, 9, -2],
              "size": [6, 3, 3],
              "uv": [46, 46]
            }, {
              "origin": [-8.5, 12, -1.5],
              "pivot": [-8.5, 12, -0.5],
              "rotation": [0, 0, -22.5],
              "size": [0, 1, 2],
              "uv": [56, 59]
            }, {
              "origin": [-8.5, 10, -3],
              "pivot": [-8.5, 11, -2],
              "rotation": [0, 22.5, 0],
              "size": [0, 2, 1],
              "uv": [60, 60]
            }, {
              "origin": [-8.5, 10, 1],
              "pivot": [-8.5, 11, 1],
              "rotation": [0, -22.5, 0],
              "size": [0, 2, 1],
              "uv": [0, 61]
            }, {
              "origin": [-8.4, 8.25, -0.35],
              "pivot": [-8.4, 9.25, 0.65],
              "rotation": [30.48005, -11.86554, 19.25656],
              "size": [0, 2, 2],
              "uv": [58, 31]
            }, {
              "origin": [-8.4, 8.25, -2.65],
              "pivot": [-8.4, 9.25, -1.65],
              "rotation": [-30.48005, 11.86554, 19.25656],
              "size": [0, 2, 2],
              "uv": [58, 35]
            }
          ],
          "name": "arm_right",
          "parent": "torso",
          "pivot": [-4.5, 10.5, -0.5]
        }, {
          "cubes": [
            {
              "origin": [4.5, 9, -2],
              "size": [6, 3, 3],
              "uv": [0, 52]
            }, {
              "origin": [8.5, 12, -1.5],
              "pivot": [8.5, 12, -0.5],
              "rotation": [0, 0, 22.5],
              "size": [0, 1, 2],
              "uv": [52, 59]
            }, {
              "origin": [8.5, 10, -3],
              "pivot": [8.5, 11, -2],
              "rotation": [0, -22.5, 0],
              "size": [0, 2, 1],
              "uv": [34, 16]
            },
            {
              "origin": [8.5, 10, 1],
              "pivot": [8.5, 11, 1],
              "rotation": [0, 22.5, 0],
              "size": [0, 2, 1],
              "uv": [44, 53]
            },
            {
              "origin": [8.4, 8.25, -0.35],
              "pivot": [8.4, 9.25, 0.65],
              "rotation": [30.48005, 11.86554, -19.25656],
              "size": [0, 2, 2],
              "uv": [24, 58]
            }, {
              "origin": [8.4, 8.25, -2.65],
              "pivot": [8.4, 9.25, -1.65],
              "rotation": [-30.48005, -11.86554, -19.25656],
              "size": [0, 2, 2],
              "uv": [28, 58]
            }
          ],
          "name": "arm_left",
          "parent": "torso",
          "pivot": [4.5, 10.5, -0.5]
        }, {
          "cubes": [
            {
              "origin": [0, 1.75, 3],
              "size": [0, 9, 10],
              "uv": [36, 0]
            },
            {
              "origin": [0, 10.74, 6],
              "size": [0, 7, 13],
              "uv": [0, 32]
            }
          ],
          "name": "tail",
          "parent": "torso",
          "pivot": [0, 2.75, 3.5]
        }, {
          "cubes": [
            {
              "origin": [-1, 9.25, -3.75],
              "size": [2, 2, 1],
              "uv": [6, 58]
            },
            {
              "origin": [-4, 8.75, -4],
              "size": [3, 3, 1],
              "uv": [56, 14]
            },
            {
              "origin": [1, 8.75, -4],
              "size": [3, 3, 1],
              "uv": [44, 57]
            }, {
              "origin": [-2.9, 6.75, -3.6],
              "pivot": [-1.9, 9.75, -3.1],
              "rotation": [0, 0, 22.5],
              "size": [2, 3, 1],
              "uv": [12, 58]
            }, {
              "origin": [0.9, 6.75, -3.6],
              "pivot": [1.9, 9.75, -3.1],
              "rotation": [0, 0, -22.5],
              "size": [2, 3, 1],
              "uv": [18, 58]
            }
          ],
          "name": "bow",
          "parent": "torso",
          "pivot": [0, 9.25, -3]
        }, {
          "cubes": [
            {
              "origin": [-8, 6, -6.5],
              "size": [16, 0, 14],
              "uv": [-14, 64]
            },
            {
              "origin": [-9, 5.5, -7.5],
              "size": [18, 0, 16],
              "uv": [16, 63]
            }
          ],
          "name": "dress",
          "parent": "torso",
          "pivot": [0, 5.75, 0.5]
        }, {
          "cubes": [
            {
              "origin": [-6, 1.5, -2.5],
              "pivot": [-4, 4.5, 0],
              "rotation": [-10, 0, 0],
              "size": [4, 6, 6],
              "uv": [34, 19]
            }
          ],
          "name": "leg_right",
          "parent": "body",
          "pivot": [-4, 5.25, 0.5]
        }, {
          "cubes": [
            {
              "origin": [-4.75, 1, -0.75],
              "size": [2, 2, 3],
              "uv": [54, 19]
            },
            {
              "origin": [-5.25, 0, -1.5],
              "size": [3, 1, 4],
              "uv": [46, 52]
            }
          ],
          "name": "foot_right",
          "parent": "leg_right",
          "pivot": [-3.75, 2, 0.75]
        }, {
          "cubes": [
            {
              "origin": [-5.25, 0, -2.5],
              "size": [3, 1, 1],
              "uv": [54, 29]
            }
          ],
          "name": "toes_right",
          "parent": "foot_right",
          "pivot": [-3.75, 0, -1.5]
        }, {
          "cubes": [
            {
              "origin": [2, 1.5, -2.5],
              "pivot": [4, 4.5, 0],
              "rotation": [-10, 0, 0],
              "size": [4, 6, 6],
              "uv": [26, 41]
            }
          ],
          "name": "leg_left",
          "parent": "body",
          "pivot": [4, 5.25, 0.5]
        }, {
          "cubes": [
            {
              "origin": [2.75, 1, -0.75],
              "size": [2, 2, 3],
              "uv": [54, 24]
            },
            {
              "origin": [2.25, 0, -1.5],
              "size": [3, 1, 4],
              "uv": [18, 53]
            }
          ],
          "name": "foot_left",
          "parent": "leg_left",
          "pivot": [3.75, 2, 0.75]
        }, {
          "cubes": [
            {
              "origin": [2.25, 0, -2.5],
              "size": [3, 1, 1],
              "uv": [52, 57]
            }
          ],
          "name": "toes_left",
          "parent": "foot_left",
          "pivot": [3.75, 0, -1.5]
        }
      ],
      "description": {
        "identifier": "geometry.pikachu_female",
        "texture_height": 128,
        "texture_width": 128,
        "visible_bounds_height": 4,
        "visible_bounds_offset": [0, 1, 0],
        "visible_bounds_width": 4
      }
    }
  ]
}