{
  "format_version": "1.12.0",
  "minecraft:geometry": [
    {
      "bones": [
        {
          "name": "rotom_wash",
          "pivot": [0, 0, 0]
        }, {
          "name": "body_shake",
          "parent": "rotom_wash",
          "pivot": [0, 11, 0]
        }, {
          "cubes": [
            {
              "inflate": 0.01,
              "origin": [-6.5, 13, -5.5],
              "size": [13, 4, 11],
              "uv": [0, 0]
            }, {
              "inflate": 0.01,
              "origin": [-6.5, 4, -5.5],
              "size": [13, 2, 11],
              "uv": [23, 15]
            }, {
              "origin": [-6.5, 6, 1.5],
              "size": [13, 7, 4],
              "uv": [0, 15]
            }, {
              "origin": [3.5, 6, -5.5],
              "size": [3, 7, 7],
              "uv": [48, 1]
            }, {
              "mirror": true,
              "origin": [-6.5, 6, -5.5],
              "size": [3, 7, 7],
              "uv": [68, 1]
            }, {
              "origin": [-4.5, 5, 5.5],
              "size": [9, 11, 1],
              "uv": [0, 26]
            }, {
              "inflate": 0.01,
              "origin": [-7.5, 3, -6.5],
              "size": [15, 15, 0],
              "uv": [20, 32]
            }, {
              "origin": [-7.5, 3, 6.5],
              "size": [15, 15, 0],
              "uv": [50, 32]
            }, {
              "origin": [-7.5, 18, -6.5],
              "size": [15, 0, 13],
              "uv": [67, 33]
            }, {
              "origin": [-7.5, 3, -6.5],
              "size": [15, 0, 13],
              "uv": [59, 47]
            }, {
              "origin": [7.5, 3, -6.5],
              "size": [0, 15, 13],
              "uv": [20, 34]
            }, {
              "mirror": true,
              "origin": [-7.5, 3, -6.5],
              "size": [0, 15, 13],
              "uv": [46, 34]
            }, {
              "origin": [-5.5, 4, 7.5],
              "size": [11, 13, 0],
              "uv": [102, 46]
            }, {
              "origin": [-5.5, 17, 6.5],
              "size": [11, 0, 1],
              "uv": [95, 24]
            }, {
              "origin": [-5.5, 4, 6.5],
              "size": [11, 0, 1],
              "uv": [95, 25]
            }, {
              "origin": [5.5, 4, 6.5],
              "size": [0, 13, 1],
              "uv": [124, 45]
            }, {
              "mirror": true,
              "origin": [-5.5, 4, 6.5],
              "size": [0, 13, 1],
              "uv": [126, 45]
            }, {
              "inflate": 0.01,
              "origin": [-4.5, 5, -7.5],
              "size": [9, 9, 0],
              "uv": [106, 13]
            }, {
              "inflate": 0.01,
              "origin": [-4.5, 14, -7.5],
              "size": [9, 0, 1],
              "uv": [90, 22]
            }, {
              "inflate": 0.01,
              "origin": [-4.5, 5, -7.5],
              "size": [9, 0, 1],
              "uv": [90, 23]
            }, {
              "inflate": 0.01,
              "origin": [4.5, 5, -7.5],
              "size": [0, 9, 1],
              "uv": [92, 23]
            }, {
              "inflate": 0.01,
              "mirror": true,
              "origin": [-4.5, 5, -7.5],
              "size": [0, 9, 1],
              "uv": [94, 23]
            }
          ],
          "name": "body",
          "parent": "body_shake",
          "pivot": [0, 11, 0]
        }, {
          "name": "eyes",
          "parent": "body",
          "pivot": [0, 15.5, -2]
        }, {
          "cubes": [
            {
              "origin": [1, 16.5, -5.5],
              "size": [3, 2, 4],
              "uv": [41, 2]
            }
          ],
          "name": "eye_base_left",
          "parent": "eyes",
          "pivot": [2.5, 16.5, -5.52],
          "rotation": [0, 0, 15]
        }, {
          "cubes": [
            {
              "origin": [1.5, 15, -5.52],
              "size": [2, 3, 0],
              "uv": [0, 0]
            }
          ],
          "name": "eye_left",
          "parent": "eye_base_left",
          "pivot": [2.5, 16.5, -5.52]
        }, {
          "cubes": [
            {
              "origin": [2, 15.5, -5.53],
              "size": [1, 2, 0],
              "uv": [4, 0]
            }
          ],
          "name": "pupil_left",
          "parent": "eye_left",
          "pivot": [2.5, 16.5, -5.53]
        }, {
          "cubes": [
            {
              "inflate": 0.01,
              "origin": [1.5, 15, -5.43],
              "size": [2, 3, 1],
              "uv": [5, 3]
            }
          ],
          "name": "eyelid_left",
          "parent": "eye_left",
          "pivot": [2.5, 16.5, -4.93]
        }, {
          "cubes": [
            {
              "mirror": true,
              "origin": [-4, 16.5, -5.5],
              "size": [3, 2, 4],
              "uv": [61, 2]
            }
          ],
          "name": "eye_base_right",
          "parent": "eyes",
          "pivot": [-2.5, 16.5, -5.52],
          "rotation": [0, 0, -15]
        }, {
          "cubes": [
            {
              "mirror": true,
              "origin": [-3.5, 15, -5.52],
              "size": [2, 3, 0],
              "uv": [0, 3]
            }
          ],
          "name": "eye_right",
          "parent": "eye_base_right",
          "pivot": [-2.5, 16.5, -5.52]
        }, {
          "cubes": [
            {
              "mirror": true,
              "origin": [-3, 15.5, -5.53],
              "size": [1, 2, 0],
              "uv": [4, 2]
            }
          ],
          "name": "pupil_right",
          "parent": "eye_right",
          "pivot": [-2.5, 16.5, -5.53]
        }, {
          "cubes": [
            {
              "inflate": 0.01,
              "mirror": true,
              "origin": [-3.5, 15, -5.43],
              "size": [2, 3, 1],
              "uv": [5, 7]
            }
          ],
          "name": "eyelid_right",
          "parent": "eye_right",
          "pivot": [-2.5, 16.5, -4.93]
        }, {
          "cubes": [
            {
              "origin": [0.5, 18, -6.5],
              "size": [5, 2, 0],
              "uv": [20, 62]
            }, {
              "origin": [0.5, 18, -0.5],
              "size": [5, 2, 0],
              "uv": [40, 62]
            }, {
              "origin": [0.5, 20, -6.5],
              "size": [5, 0, 6],
              "uv": [104, 34]
            }, {
              "origin": [5.5, 19, -6.5],
              "size": [0, 1, 6],
              "uv": [72, 55]
            }, {
              "mirror": true,
              "origin": [0.5, 18, -6.5],
              "size": [0, 2, 6],
              "uv": [60, 56]
            }
          ],
          "name": "eye_outline_left",
          "parent": "eyes",
          "pivot": [0.5, 18, -3.5],
          "rotation": [0, 0, 11.5]
        }, {
          "cubes": [
            {
              "mirror": true,
              "origin": [-5.5, 18, -6.5],
              "size": [5, 2, 0],
              "uv": [30, 62]
            }, {
              "mirror": true,
              "origin": [-5.5, 18, -0.5],
              "size": [5, 2, 0],
              "uv": [50, 62]
            }, {
              "mirror": true,
              "origin": [-5.5, 20, -6.5],
              "size": [5, 0, 6],
              "uv": [104, 40]
            }, {
              "mirror": true,
              "origin": [-5.5, 19, -6.5],
              "size": [0, 1, 6],
              "uv": [72, 54]
            }, {
              "origin": [-0.5, 18, -6.5],
              "size": [0, 2, 6],
              "uv": [72, 56]
            }
          ],
          "name": "eye_outline_right",
          "parent": "eyes",
          "pivot": [-0.5, 18, -3.5],
          "rotation": [0, 0, -11.5]
        }, {
          "name": "mouth",
          "parent": "body",
          "pivot": [0, 14.55, -5.51]
        }, {
          "cubes": [
            {
              "inflate": 0.01,
              "origin": [-1, 13.6, -5.52],
              "size": [2, 1, 0],
              "uv": [37, 0]
            }, {
              "origin": [-1.5, 14.05, -5.52],
              "size": [3, 1, 0],
              "uv": [37, 3]
            }
          ],
          "name": "mouth_closed",
          "parent": "mouth",
          "pivot": [0, 14.325, -5.52]
        }, {
          "cubes": [
            {
              "inflate": 0.01,
              "origin": [-1, 13.6, -5.42],
              "size": [2, 1, 0],
              "uv": [37, 1]
            }, {
              "origin": [-1.5, 14.05, -5.42],
              "size": [3, 1, 0],
              "uv": [37, 4]
            }
          ],
          "name": "mouth_open",
          "parent": "mouth",
          "pivot": [0, 14.325, -5.42]
        }, {
          "cubes": [
            {
              "inflate": 0.01,
              "origin": [-1, 13.6, -5.42],
              "size": [2, 1, 0],
              "uv": [37, 2]
            }, {
              "origin": [-1.5, 14.05, -5.42],
              "size": [3, 1, 0],
              "uv": [37, 5]
            }
          ],
          "name": "mouth_smile",
          "parent": "mouth",
          "pivot": [0, 14.325, -5.42]
        }, {
          "name": "arms",
          "parent": "body",
          "pivot": [0, 12.5, 0]
        }, {
          "cubes": [
            {
              "inflate": 0.01,
              "origin": [7.5, 7.5, 0],
              "size": [15, 9, 0],
              "uv": [84, 60]
            }
          ],
          "name": "arm_left",
          "parent": "arms",
          "pivot": [7.5, 12, 0]
        }, {
          "cubes": [
            {
              "inflate": 0.01,
              "mirror": true,
              "origin": [-14.5, 5, 0],
              "size": [7, 9, 0],
              "uv": [114, 59]
            }
          ],
          "name": "arm_right",
          "parent": "arms",
          "pivot": [-7.5, 13, 0]
        }, {
          "cubes": [
            {
              "inflate": 0.01,
              "origin": [-3.5, 6, -6.5],
              "size": [7, 7, 2],
              "uv": [60, 15]
            }, {
              "origin": [1, 8.5, -6.52],
              "size": [2, 2, 0],
              "uv": [76, 15]
            }
          ],
          "name": "door",
          "parent": "body",
          "pivot": [-3.5, 9.5, -5.5]
        }, {
          "cubes": [
            {
              "origin": [-4.5, 5, -7.5],
              "size": [9, 9, 0],
              "uv": [88, 0]
            }, {
              "origin": [-4.5, 5, -3.5],
              "size": [9, 9, 0],
              "uv": [106, 0]
            }, {
              "origin": [-4.5, 14, -7.5],
              "size": [9, 0, 4],
              "uv": [84, 9]
            }, {
              "origin": [-4.5, 5, -7.5],
              "size": [9, 0, 4],
              "uv": [102, 9]
            }, {
              "origin": [4.5, 5, -7.5],
              "size": [0, 9, 4],
              "uv": [90, 9]
            }, {
              "mirror": true,
              "origin": [-4.5, 5, -7.5],
              "size": [0, 9, 4],
              "uv": [98, 9]
            }
          ],
          "name": "door_outline",
          "parent": "door",
          "pivot": [-3.5, 9.5, -5.5]
        }, {
          "name": "tail_rotate",
          "parent": "body",
          "pivot": [-6.5, 6, 3.5]
        }, {
          "cubes": [
            {
              "inflate": 0.03,
              "origin": [-11, 5, 2.5],
              "size": [5, 2, 2],
              "uv": [20, 28]
            }, {
              "inflate": 0.01,
              "origin": [-11, 4, 1.5],
              "size": [4, 4, 0],
              "uv": [0, 64]
            }, {
              "inflate": 0.01,
              "origin": [-11, 4, 5.5],
              "size": [4, 4, 0],
              "uv": [8, 64]
            }, {
              "inflate": 0.01,
              "origin": [-11, 8, 1.5],
              "size": [4, 0, 4],
              "uv": [20, 64]
            }, {
              "inflate": 0.01,
              "origin": [-11, 4, 1.5],
              "size": [4, 0, 4],
              "uv": [28, 64]
            }
          ],
          "name": "tail",
          "parent": "tail_rotate",
          "pivot": [-6.5, 6, 3.5]
        }, {
          "cubes": [
            {
              "inflate": 0.02,
              "origin": [-15, 5, 2.5],
              "size": [5, 2, 2],
              "uv": [34, 28]
            }, {
              "origin": [-15, 4, 1.5],
              "size": [5, 4, 0],
              "uv": [0, 68]
            }, {
              "origin": [-15, 4, 5.5],
              "size": [5, 4, 0],
              "uv": [10, 68]
            }, {
              "origin": [-15, 8, 1.5],
              "size": [5, 0, 4],
              "uv": [16, 68]
            }, {
              "origin": [-15, 4, 1.5],
              "size": [5, 0, 4],
              "uv": [26, 68]
            }
          ],
          "name": "tail2",
          "parent": "tail",
          "pivot": [-10.5, 6, 3.5]
        }, {
          "cubes": [
            {
              "inflate": 0.01,
              "origin": [-20, 5, 2.5],
              "size": [6, 2, 2],
              "uv": [48, 28]
            }, {
              "inflate": 0.01,
              "origin": [-20, 4, 1.5],
              "size": [6, 4, 0],
              "uv": [0, 72]
            }, {
              "inflate": 0.01,
              "origin": [-20, 4, 5.5],
              "size": [6, 4, 0],
              "uv": [12, 72]
            }, {
              "inflate": 0.01,
              "origin": [-20, 8, 1.5],
              "size": [6, 0, 4],
              "uv": [20, 72]
            }, {
              "inflate": 0.01,
              "origin": [-20, 4, 1.5],
              "size": [6, 0, 4],
              "uv": [32, 72]
            }
          ],
          "name": "tail3",
          "parent": "tail2",
          "pivot": [-14.5, 6, 3.5]
        }, {
          "cubes": [
            {
              "origin": [-24, 5, 2.5],
              "size": [5, 2, 2],
              "uv": [64, 28]
            }, {
              "origin": [-24.01, 5.5, 3],
              "size": [0, 1, 1],
              "uv": [76, 27]
            }, {
              "origin": [-25, 4, 1.5],
              "size": [6, 4, 0],
              "uv": [0, 76]
            }, {
              "origin": [-25, 4, 5.5],
              "size": [6, 4, 0],
              "uv": [12, 76]
            }, {
              "origin": [-25, 8, 1.5],
              "size": [6, 0, 4],
              "uv": [20, 76]
            }, {
              "origin": [-25, 4, 1.5],
              "size": [6, 0, 4],
              "uv": [32, 76]
            }, {
              "mirror": true,
              "origin": [-25, 4, 1.5],
              "size": [0, 4, 4],
              "uv": [16, 60]
            }
          ],
          "name": "tail4",
          "parent": "tail3",
          "pivot": [-19.5, 6, 3.5]
        }, {
          "cubes": [
            {
              "origin": [-1.5, 16.5, -1.5],
              "size": [3, 3, 3],
              "uv": [78, 15]
            }, {
              "origin": [-1, 19.5, -1],
              "size": [2, 2, 2],
              "uv": [71, 24]
            }, {
              "origin": [-2.5, 17.5, -2.5],
              "size": [5, 3, 0],
              "uv": [0, 38]
            }, {
              "origin": [-2.5, 17.5, 2.5],
              "size": [5, 3, 0],
              "uv": [10, 38]
            }, {
              "origin": [-2.5, 20.5, -2.5],
              "size": [5, 0, 5],
              "uv": [-5, 44]
            }, {
              "origin": [2.5, 17.5, -2.5],
              "size": [0, 3, 5],
              "uv": [0, 36]
            }, {
              "mirror": true,
              "origin": [-2.5, 17.5, -2.5],
              "size": [0, 3, 5],
              "uv": [10, 36]
            }, {
              "origin": [-1.5, 20.5, -1.5],
              "size": [3, 2, 0],
              "uv": [0, 49]
            }, {
              "origin": [-1.5, 20.5, 1.5],
              "size": [3, 2, 0],
              "uv": [0, 51]
            }, {
              "origin": [-1.5, 22.5, -1.5],
              "size": [3, 0, 3],
              "uv": [-3, 61]
            }, {
              "origin": [1.5, 20.5, -1.5],
              "size": [0, 2, 3],
              "uv": [6, 48]
            }, {
              "mirror": true,
              "origin": [-1.5, 20.5, -1.5],
              "size": [0, 2, 3],
              "uv": [6, 46]
            }
          ],
          "name": "body_top",
          "parent": "body",
          "pivot": [0, 17, 0]
        }, {
          "name": "legs",
          "parent": "body",
          "pivot": [0, 4, 0]
        }, {
          "cubes": [
            {
              "origin": [2.5, 2.5, -1.5],
              "pivot": [4, 4, 0],
              "rotation": [0, 0, 45],
              "size": [3, 3, 3],
              "uv": [79, 21]
            }, {
              "origin": [2, 1, -2],
              "size": [4, 2, 0],
              "uv": [0, 53]
            }, {
              "origin": [2, 1, 2],
              "size": [4, 2, 0],
              "uv": [8, 53]
            }, {
              "origin": [2, 1, -2],
              "size": [4, 0, 4],
              "uv": [8, 44]
            }, {
              "origin": [6, 1, -2],
              "size": [0, 2, 4],
              "uv": [0, 53]
            }, {
              "mirror": true,
              "origin": [2, 1, -2],
              "size": [0, 2, 4],
              "uv": [8, 53]
            }
          ],
          "name": "leg_left",
          "parent": "legs",
          "pivot": [4, 4, 0]
        }, {
          "cubes": [
            {
              "mirror": true,
              "origin": [-5.5, 2.5, -1.5],
              "pivot": [-4, 4, 0],
              "rotation": [0, 0, -45],
              "size": [3, 3, 3],
              "uv": [80, 27]
            }, {
              "mirror": true,
              "origin": [-6, 1, -2],
              "size": [4, 2, 0],
              "uv": [0, 55]
            }, {
              "mirror": true,
              "origin": [-6, 1, 2],
              "size": [4, 2, 0],
              "uv": [8, 55]
            }, {
              "mirror": true,
              "origin": [-6, 1, -2],
              "size": [4, 0, 4],
              "uv": [8, 48]
            }, {
              "mirror": true,
              "origin": [-6, 1, -2],
              "size": [0, 2, 4],
              "uv": [0, 55]
            }, {
              "origin": [-2, 1, -2],
              "size": [0, 2, 4],
              "uv": [8, 55]
            }
          ],
          "name": "leg_right",
          "parent": "legs",
          "pivot": [-4, 4, 0]
        }
      ],
      "description": {
        "identifier": "geometry.rotom_wash",
        "texture_height": 128,
        "texture_width": 128,
        "visible_bounds_height": 3.5,
        "visible_bounds_offset": [0, 1.25, 0],
        "visible_bounds_width": 4
      }
    }
  ]
}