{
  "animations": {
    "animation.pangoro.battle_idle": {
      "bones": {
        "arm_left": {
          "position": [0, -1, 0],
          "rotation": [-20, -20, "-20-math.sin(query.anim_time*90*2-120)*1.5"]
        },
        "arm_right": {
          "position": [-1, 0, 0],
          "rotation": [-20, -20, "-20+math.sin(query.anim_time*90*2-120)*1.5"]
        },
        "cape": {
          "rotation": ["-50+math.sin(query.anim_time*90*2-90)*2", 0, 0]
        },
        "cape_segment_left": {
          "position": [0, 0, -1],
          "rotation": ["-7.5+math.sin(query.anim_time*90*2-120)*2", -10, 0]
        },
        "cape_segment_right": {
          "position": [0, 0, -1],
          "rotation": ["-7.5+math.sin(query.anim_time*90*2-120)*2", 10, 0]
        },
        "claw_left_left": {
          "position": [0.5, 0.75, 0],
          "rotation": [0, 0, -40]
        },
        "claw_left_mid": {
          "position": [0.5, 0.75, 0],
          "rotation": [0, 0, -40]
        },
        "claw_left_right": {
          "position": [0.5, 0.75, 0],
          "rotation": [0, 0, -40]
        },
        "claw_right_left": {
          "position": [-0.5, 0.5, 0],
          "rotation": [0, 0, 40]
        },
        "claw_right_mid": {
          "position": [-0.5, 0.5, 0],
          "rotation": [0, 0, 42.5]
        },
        "claw_right_right": {
          "position": [-0.5, 0.5, 0],
          "rotation": [0, 0, 40]
        },
        "finger_left_left": {
          "position": [0.5, 1.5, 0],
          "rotation": [0, 0, -50]
        },
        "finger_left_mid": {
          "position": [0.5, 1.5, 0],
          "rotation": [0, 0, -50]
        },
        "finger_left_right": {
          "position": [0.5, 1.5, 0],
          "rotation": [0, 0, -50]
        },
        "finger_right_left": {
          "position": [-1, 1.5, 0],
          "rotation": [0, 0, 50]
        },
        "finger_right_mid": {
          "position": [-1, 1.5, 0],
          "rotation": [0, 0, 50]
        },
        "finger_right_right": {
          "position": [-1, 1.5, 0],
          "rotation": [0, 0, 50]
        },
        "foot_left": {
          "rotation": ["0-math.sin(query.anim_time*90*2-90)*0.5", 0, 0]
        },
        "foot_left_decor_east": {
          "position": [0, -6, 0],
          "rotation": [0, 0, "80-math.sin(query.anim_time*90*2-120)*1.5"]
        },
        "foot_left_decor_north": {
          "position": [0, -6, 0],
          "rotation": ["-95+math.sin(query.anim_time*90*2-120)*1.5", 0, 0]
        },
        "foot_left_decor_south": {
          "position": [0, -6, 0],
          "rotation": ["60-math.sin(query.anim_time*90*2-120)*1.5", 0, 0]
        },
        "foot_left_decor_west": {
          "position": [0, -6, 0],
          "rotation": [0, 0, "-80+math.sin(query.anim_time*90*2-120)*1.5"]
        },
        "foot_right": {
          "position": [0, 0, 0],
          "rotation": ["-10+math.sin(query.anim_time*90*2-90)*0.5", -20, 10]
        },
        "foot_right_decor_east": {
          "position": [0, -6, 0],
          "rotation": [0, 0, "-80+math.sin(query.anim_time*90*2-120)*1.5"]
        },
        "foot_right_decor_north": {
          "position": [0, -5.5, 0],
          "rotation": ["-110+math.sin(query.anim_time*90*2-120)*1.5", 0, 0]
        },
        "foot_right_decor_south": {
          "position": [0, -6, 0],
          "rotation": ["60-math.sin(query.anim_time*90*2-120)*1.5", 0, 0]
        },
        "foot_right_decor_west": {
          "position": [0, -6, 0],
          "rotation": [0, 0, "80-math.sin(query.anim_time*90*2-120)*1.5"]
        },
        "forearm_left": {
          "position": [0, 0.01, 0],
          "rotation": [0, -60, "0-math.sin(query.anim_time*90*2-150)*1"]
        },
        "forearm_right": {
          "position": [0, 0.01, 0],
          "rotation": [0, 60, "0+math.sin(query.anim_time*90*2-150)*1"]
        },
        "foreleg_left": {
          "position": [0.01, 2, -0.75],
          "rotation": ["40+math.sin(query.anim_time*90*2-60)*2", 0, 0]
        },
        "foreleg_right": {
          "position": [-0.01, 1, 0.25],
          "rotation": ["-20-math.sin(query.anim_time*90*2-60)*2", 0, 0]
        },
        "hand_left": {
          "rotation": [-120, 0, "10-math.sin(query.anim_time*90*2-180)*0.5"]
        },
        "hand_left_decor_bot": {
          "rotation": [0, 0, "-60+math.sin(query.anim_time*90*2-180)*3"]
        },
        "hand_left_decor_left": {
          "rotation": [0, "-60+math.sin(query.anim_time*90*2-180)*3", 0]
        },
        "hand_left_decor_right": {
          "rotation": [0, "60-math.sin(query.anim_time*90*2-180)*3", 0]
        },
        "hand_left_decor_top": {
          "rotation": [0, 0, "60+math.sin(query.anim_time*90*2-180)*3"]
        },
        "hand_right": {
          "rotation": [-30, 0, "10+math.sin(query.anim_time*90*2-180)*0.5"]
        },
        "hand_right_decor_bot": {
          "rotation": [0, 0, "60+math.sin(query.anim_time*90*2-180)*3"]
        },
        "hand_right_decor_left": {
          "rotation": [0, "60-math.sin(query.anim_time*90*2-180)*3", 0]
        },
        "hand_right_decor_right": {
          "rotation": [0, "-60+math.sin(query.anim_time*90*2-180)*3", 0]
        },
        "hand_right_decor_top": {
          "rotation": [0, 0, "-60+math.sin(query.anim_time*90*2-180)*3"]
        },
        "head": {
          "rotation": ["0+math.sin(query.anim_time*90*2-150)*2", 0, 0]
        },
        "head_decor": {
          "position": [0, -1, -1],
          "rotation": ["0+math.sin(query.anim_time*90*2-120)*0.5", 0, 0]
        },
        "jaw_bot": {
          "position": [0, 0, -0.01],
          "rotation": [0, 0, 7.5]
        },
        "leaf_decor": {
          "rotation": [0, 0, "0-math.sin(query.anim_time*90*2-180)*2"]
        },
        "leaf_decor_bot": {
          "position": [0.02223, 0.05129, 0],
          "rotation": [0, 0, "-40-math.sin(query.anim_time*90*2-210)*2"]
        },
        "leaf_decor_top": {
          "position": [0.01768, -0.05303, 0],
          "rotation": [0, 0, "45-math.sin(query.anim_time*90*2-210)*2"]
        },
        "leg_left": {
          "position": [-1, "-1-math.sin(query.anim_time*90*2-60)*0.2", 0],
          "rotation": ["-40-math.sin(query.anim_time*90*2-60)*1.5", 40, 0]
        },
        "leg_right": {
          "position": [1, "0-math.sin(query.anim_time*90*2-60)*0.2", 0],
          "rotation": ["30+math.sin(query.anim_time*90*2-60)*1.5", 0, -10]
        },
        "legs": {
          "position": [0, -2.5, 0]
        },
        "neck_decor_left": {
          "rotation": [0, 7.5, "-5-math.sin(query.anim_time*90*2-120)*1"]
        },
        "neck_decor_mid_left": {
          "position": [-0.5, 0, 1],
          "rotation": [0, 25, "0-math.sin(query.anim_time*90*2-150)*1"]
        },
        "neck_decor_mid_right": {
          "position": [0.5, 0, 1],
          "rotation": [0, -25, "0+math.sin(query.anim_time*90*2-150)*1"]
        },
        "neck_decor_right": {
          "rotation": [0, -7.5, "5+math.sin(query.anim_time*90*2-120)*1"]
        },
        "torso": {
          "position": [0, "-3-math.sin(query.anim_time*90*2-30)*0.25", 0],
          "rotation": ["10+math.sin(query.anim_time*90*2-0)*1.5", "0-math.sin(query.anim_time*90*2-0)*1", 0]
        },
        "torso_decor_left": {
          "rotation": [0, -5, "-10-math.sin(query.anim_time*90*2-90)*1.5"]
        },
        "torso_decor_right": {
          "rotation": [0, 5, "10+math.sin(query.anim_time*90*2-90)*1.5"]
        }
      },
      "loop": true
    },
    "animation.pangoro.ground_idle": {
      "bones": {
        "arm_left": {
          "position": [1, -1, 0],
          "rotation": [-20, 0, "-40-math.sin(query.anim_time*90*2-120)*1.5"]
        },
        "arm_right": {
          "position": [-1, -1, 0],
          "rotation": [-20, 0, "40+math.sin(query.anim_time*90*2-120)*1.5"]
        },
        "cape": {
          "rotation": ["-50+math.sin(query.anim_time*90*2-90)*2", 0, 0]
        },
        "cape_segment_left": {
          "position": [0, 0, -1],
          "rotation": ["-7.5+math.sin(query.anim_time*90*2-120)*2", -10, 0]
        },
        "cape_segment_right": {
          "position": [0, 0, -1],
          "rotation": ["-7.5+math.sin(query.anim_time*90*2-120)*2", 10, 0]
        },
        "claw_left_left": {
          "position": [0.5, 0.75, 0],
          "rotation": [0, 0, -40]
        },
        "claw_left_mid": {
          "position": [0.5, 0.75, 0],
          "rotation": [0, 0, -40]
        },
        "claw_left_right": {
          "position": [0.5, 0.75, 0],
          "rotation": [0, 0, -40]
        },
        "claw_right_left": {
          "position": [-0.5, 0.5, 0],
          "rotation": [0, 0, 40]
        },
        "claw_right_mid": {
          "position": [-0.5, 0.5, 0],
          "rotation": [0, 0, 42.5]
        },
        "claw_right_right": {
          "position": [-0.5, 0.5, 0],
          "rotation": [0, 0, 40]
        },
        "finger_left_left": {
          "position": [0.5, 1.5, 0],
          "rotation": [0, 0, -50]
        },
        "finger_left_mid": {
          "position": [0.5, 1.5, 0],
          "rotation": [0, 0, -50]
        },
        "finger_left_right": {
          "position": [0.5, 1.5, 0],
          "rotation": [0, 0, -50]
        },
        "finger_right_left": {
          "position": [-1, 1.5, 0],
          "rotation": [0, 0, 50]
        },
        "finger_right_mid": {
          "position": [-1, 1.5, 0],
          "rotation": [0, 0, 50]
        },
        "finger_right_right": {
          "position": [-1, 1.5, 0],
          "rotation": [0, 0, 50]
        },
        "foot_left": {
          "rotation": ["0-math.sin(query.anim_time*90*2-90)*0.5", 0, 0]
        },
        "foot_left_decor_east": {
          "position": [0, -6, 0],
          "rotation": [0, 0, "80-math.sin(query.anim_time*90*2-120)*1.5"]
        },
        "foot_left_decor_north": {
          "position": [0, -6, 0],
          "rotation": ["-95+math.sin(query.anim_time*90*2-120)*1.5", 0, 0]
        },
        "foot_left_decor_south": {
          "position": [0, -6, 0],
          "rotation": ["60-math.sin(query.anim_time*90*2-120)*1.5", 0, 0]
        },
        "foot_left_decor_west": {
          "position": [0, -6, 0],
          "rotation": [0, 0, "-80+math.sin(query.anim_time*90*2-120)*1.5"]
        },
        "foot_right": {
          "position": [0, 0, 0],
          "rotation": ["-10+math.sin(query.anim_time*90*2-90)*0.5", -20, 10]
        },
        "foot_right_decor_east": {
          "position": [0, -6, 0],
          "rotation": [0, 0, "-80+math.sin(query.anim_time*90*2-120)*1.5"]
        },
        "foot_right_decor_north": {
          "position": [0, -5.5, 0],
          "rotation": ["-110+math.sin(query.anim_time*90*2-120)*1.5", 0, 0]
        },
        "foot_right_decor_south": {
          "position": [0, -6, 0],
          "rotation": ["60-math.sin(query.anim_time*90*2-120)*1.5", 0, 0]
        },
        "foot_right_decor_west": {
          "position": [0, -6, 0],
          "rotation": [0, 0, "80-math.sin(query.anim_time*90*2-120)*1.5"]
        },
        "forearm_left": {
          "position": [0, 0.01, 0],
          "rotation": [0, -60, "0-math.sin(query.anim_time*90*2-150)*1"]
        },
        "forearm_right": {
          "position": [0, 0.01, 0],
          "rotation": [0, 60, "0+math.sin(query.anim_time*90*2-150)*1"]
        },
        "foreleg_left": {
          "position": [0.01, 2, -0.75],
          "rotation": ["40+math.sin(query.anim_time*90*2-60)*2", 0, 0]
        },
        "foreleg_right": {
          "position": [-0.01, 1, 0.25],
          "rotation": ["-20-math.sin(query.anim_time*90*2-60)*2", 0, 0]
        },
        "hand_left": {
          "rotation": [-30, 0, "10-math.sin(query.anim_time*90*2-180)*0.5"]
        },
        "hand_left_decor_bot": {
          "rotation": [0, 0, "-60+math.sin(query.anim_time*90*2-180)*3"]
        },
        "hand_left_decor_left": {
          "rotation": [0, "-60+math.sin(query.anim_time*90*2-180)*3", 0]
        },
        "hand_left_decor_right": {
          "rotation": [0, "60-math.sin(query.anim_time*90*2-180)*3", 0]
        },
        "hand_left_decor_top": {
          "rotation": [0, 0, "60+math.sin(query.anim_time*90*2-180)*3"]
        },
        "hand_right": {
          "rotation": [-30, 0, "10+math.sin(query.anim_time*90*2-180)*0.5"]
        },
        "hand_right_decor_bot": {
          "rotation": [0, 0, "60+math.sin(query.anim_time*90*2-180)*3"]
        },
        "hand_right_decor_left": {
          "rotation": [0, "60-math.sin(query.anim_time*90*2-180)*3", 0]
        },
        "hand_right_decor_right": {
          "rotation": [0, "-60+math.sin(query.anim_time*90*2-180)*3", 0]
        },
        "hand_right_decor_top": {
          "rotation": [0, 0, "-60+math.sin(query.anim_time*90*2-180)*3"]
        },
        "head": {
          "rotation": ["0+math.sin(query.anim_time*90*2-150)*2", 0, 0]
        },
        "head_decor": {
          "position": [0, -1, -1],
          "rotation": ["0+math.sin(query.anim_time*90*2-120)*0.5", 0, 0]
        },
        "leaf_decor": {
          "rotation": [0, 0, "0-math.sin(query.anim_time*90*2-180)*2"]
        },
        "leaf_decor_bot": {
          "position": [0.02223, 0.05129, 0],
          "rotation": [0, 0, "-40-math.sin(query.anim_time*90*2-210)*2"]
        },
        "leaf_decor_top": {
          "position": [0.01768, -0.05303, 0],
          "rotation": [0, 0, "45-math.sin(query.anim_time*90*2-210)*2"]
        },
        "leg_left": {
          "position": [-1, "-1-math.sin(query.anim_time*90*2-60)*0.2", 0],
          "rotation": ["-40-math.sin(query.anim_time*90*2-60)*1.5", 40, 0]
        },
        "leg_right": {
          "position": [1, "0-math.sin(query.anim_time*90*2-60)*0.2", 0],
          "rotation": ["30+math.sin(query.anim_time*90*2-60)*1.5", 0, -10]
        },
        "legs": {
          "position": [0, -2.5, 0]
        },
        "neck_decor_left": {
          "rotation": [0, 7.5, "-5-math.sin(query.anim_time*90*2-120)*1"]
        },
        "neck_decor_mid_left": {
          "position": [-0.5, 0, 1],
          "rotation": [0, 25, "0-math.sin(query.anim_time*90*2-150)*1"]
        },
        "neck_decor_mid_right": {
          "position": [0.5, 0, 1],
          "rotation": [0, -25, "0+math.sin(query.anim_time*90*2-150)*1"]
        },
        "neck_decor_right": {
          "rotation": [0, -7.5, "5+math.sin(query.anim_time*90*2-120)*1"]
        },
        "torso": {
          "position": [0, "-3-math.sin(query.anim_time*90*2-30)*0.25", 0],
          "rotation": ["10+math.sin(query.anim_time*90*2-0)*1.5", "0-math.sin(query.anim_time*90*2-0)*1", 0]
        },
        "torso_decor_left": {
          "rotation": [0, -5, "-10-math.sin(query.anim_time*90*2-90)*1.5"]
        },
        "torso_decor_right": {
          "rotation": [0, 5, "10+math.sin(query.anim_time*90*2-90)*1.5"]
        }
      },
      "loop": true
    },
    "animation.pangoro.ground_walk": {
      "bones": {
        "arm_left": {
          "position": [1, -1, 0],
          "rotation": [-20, "0-math.sin(q.anim_time*90*4-30)*5", "-40+math.sin(q.anim_time*90*4-90)*2"]
        },
        "arm_right": {
          "position": [-1, -1, 0],
          "rotation": [-20, "0-math.sin(q.anim_time*90*4-30)*5", "40+math.sin(q.anim_time*90*4-90)*2"]
        },
        "cape": {
          "rotation": ["-50+math.sin(query.anim_time*90*2*2-90)*2", 0, 0]
        },
        "cape_segment_left": {
          "position": [0, 0, -1],
          "rotation": ["-7.5+math.sin(query.anim_time*90*2*2-120)*2", -10, 0]
        },
        "cape_segment_right": {
          "position": [0, 0, -1],
          "rotation": ["-7.5+math.sin(query.anim_time*90*2*2-120)*2", 10, 0]
        },
        "claw_left_left": {
          "position": [0.5, 0.75, 0],
          "rotation": [0, 0, -40]
        },
        "claw_left_mid": {
          "position": [0.5, 0.75, 0],
          "rotation": [0, 0, -40]
        },
        "claw_left_right": {
          "position": [0.5, 0.75, 0],
          "rotation": [0, 0, -40]
        },
        "claw_right_left": {
          "position": [-0.5, 0.5, 0],
          "rotation": [0, 0, 40]
        },
        "claw_right_mid": {
          "position": [-0.5, 0.5, 0],
          "rotation": [0, 0, 42.5]
        },
        "claw_right_right": {
          "position": [-0.5, 0.5, 0],
          "rotation": [0, 0, 40]
        },
        "finger_left_left": {
          "position": [0.5, 1.5, 0],
          "rotation": [0, 0, -50]
        },
        "finger_left_mid": {
          "position": [0.5, 1.5, 0],
          "rotation": [0, 0, -50]
        },
        "finger_left_right": {
          "position": [0.5, 1.5, 0],
          "rotation": [0, 0, -50]
        },
        "finger_right_left": {
          "position": [-1, 1.5, 0],
          "rotation": [0, 0, 50]
        },
        "finger_right_mid": {
          "position": [-1, 1.5, 0],
          "rotation": [0, 0, 50]
        },
        "finger_right_right": {
          "position": [-1, 1.5, 0],
          "rotation": [0, 0, 50]
        },
        "foot_left": {
          "rotation": ["0-math.sin(query.anim_time*90*2*2-90)*4", 0, 0]
        },
        "foot_left_decor_east": {
          "position": [0, -6, 0],
          "rotation": [0, 0, "80-math.sin(query.anim_time*90*2*2-120)*1.5"]
        },
        "foot_left_decor_north": {
          "position": [0, -5.75, 0],
          "rotation": ["-110+math.sin(query.anim_time*90*2*2-120)*1.5", 0, 0]
        },
        "foot_left_decor_south": {
          "position": [0, -6, 0],
          "rotation": ["60-math.sin(query.anim_time*90*2*2-120)*1.5", 0, 0]
        },
        "foot_left_decor_west": {
          "position": [0, -6, 0],
          "rotation": [0, 0, "-80+math.sin(query.anim_time*90*2*2-120)*1.5"]
        },
        "foot_right": {
          "position": [0, 0, 0],
          "rotation": ["0+math.sin(query.anim_time*90*2*2-90)*4", 0, 0]
        },
        "foot_right_decor_east": {
          "position": [0, -6, 0],
          "rotation": [0, 0, "-80+math.sin(query.anim_time*90*2*2-120)*1.5"]
        },
        "foot_right_decor_north": {
          "position": [0, -5.75, 0],
          "rotation": ["-110+math.sin(query.anim_time*90*2*2-120)*1.5", 0, 0]
        },
        "foot_right_decor_south": {
          "position": [0, -6, 0],
          "rotation": ["60-math.sin(query.anim_time*90*2*2-120)*1.5", 0, 0]
        },
        "foot_right_decor_west": {
          "position": [0, -6, 0],
          "rotation": [0, 0, "80-math.sin(query.anim_time*90*2*2-120)*1.5"]
        },
        "forearm_left": {
          "position": [0, 0.01, 0],
          "rotation": [0, -60, "0-math.sin(query.anim_time*90*2*2-150)*1"]
        },
        "forearm_right": {
          "position": [0, 0.01, 0],
          "rotation": [0, 60, "0+math.sin(query.anim_time*90*2*2-150)*1"]
        },
        "foreleg_left": {
          "position": [0.01, 2, -0.75],
          "rotation": ["40+math.sin(q.anim_time*90*4+0)*2.5", 0, 0]
        },
        "foreleg_right": {
          "position": [-0.01, 2, -0.75],
          "rotation": ["40-math.sin(q.anim_time*90*4+0)*2.5", 0, 0]
        },
        "hand_left": {
          "rotation": [-30, 0, "10-math.sin(query.anim_time*90*2*2-180)*0.5"]
        },
        "hand_left_decor_bot": {
          "rotation": [0, 0, "-60+math.sin(query.anim_time*90*2*2-180)*3"]
        },
        "hand_left_decor_left": {
          "rotation": [0, "-60+math.sin(query.anim_time*90*2*2-180)*3", 0]
        },
        "hand_left_decor_right": {
          "rotation": [0, "60-math.sin(query.anim_time*90*2*2-180)*3", 0]
        },
        "hand_left_decor_top": {
          "rotation": [0, 0, "60+math.sin(query.anim_time*90*2*2-180)*3"]
        },
        "hand_right": {
          "rotation": [-30, 0, "10+math.sin(query.anim_time*90*2*2-180)*0.5"]
        },
        "hand_right_decor_bot": {
          "rotation": [0, 0, "60+math.sin(query.anim_time*90*2*2-180)*3"]
        },
        "hand_right_decor_left": {
          "rotation": [0, "60-math.sin(query.anim_time*90*2*2-180)*3", 0]
        },
        "hand_right_decor_right": {
          "rotation": [0, "-60+math.sin(query.anim_time*90*2*2-180)*3", 0]
        },
        "hand_right_decor_top": {
          "rotation": [0, 0, "-60+math.sin(query.anim_time*90*2*2-180)*3"]
        },
        "head": {
          "rotation": ["0+math.sin(query.anim_time*90*2*2-150)*2", 0, 0]
        },
        "head_decor": {
          "position": [0, -1, -1],
          "rotation": ["0+math.sin(query.anim_time*90*2*2-120)*0.5", 0, 0]
        },
        "leaf_decor": {
          "rotation": [0, 0, "0-math.sin(query.anim_time*90*2*2-180)*2"]
        },
        "leaf_decor_bot": {
          "position": [0.02223, 0.05129, 0],
          "rotation": [0, 0, "-40-math.sin(query.anim_time*90*2*2-210)*2"]
        },
        "leaf_decor_top": {
          "position": [0.01768, -0.05303, 0],
          "rotation": [0, 0, "45-math.sin(query.anim_time*90*2-210)*2"]
        },
        "leg_left": {
          "position": [-1, "-1-math.clamp(math.sin(q.anim_time*90*4+60)*1,-1,0)", "0+math.sin(q.anim_time*90*4-30)*0.5"],
          "rotation": ["-40+math.sin(q.anim_time*90*4-30)*5", 40, 0]
        },
        "leg_right": {
          "position": [1, "-1+math.clamp(math.sin(q.anim_time*90*4+60)*1,0,1)", "0-math.sin(q.anim_time*90*4-30)*0.5"],
          "rotation": ["-40-math.sin(query.anim_time*90*2*2-60)*1.5", -40, 0]
        },
        "legs": {
          "position": [0, -2.5, 0]
        },
        "neck_decor_left": {
          "rotation": [0, 7.5, "-5-math.sin(query.anim_time*90*2*2-120)*1"]
        },
        "neck_decor_mid_left": {
          "position": [-0.5, 0, 1],
          "rotation": [0, 25, "0-math.sin(query.anim_time*90*2*2-150)*1"]
        },
        "neck_decor_mid_right": {
          "position": [0.5, 0, 1],
          "rotation": [0, -25, "0+math.sin(query.anim_time*90*2*2-150)*1"]
        },
        "neck_decor_right": {
          "rotation": [0, -7.5, "5+math.sin(query.anim_time*90*2*2-120)*1"]
        },
        "torso": {
          "position": [0, "-3-math.sin(query.anim_time*90*2*2-30)*0.25", 0],
          "rotation": ["10+math.sin(query.anim_time*90*2*2-0)*1.5", "0-math.sin(query.anim_time*90*2*2-0)*1", 0]
        },
        "torso_decor_left": {
          "rotation": [0, -5, "-10-math.sin(query.anim_time*90*2-90)*1.5"]
        },
        "torso_decor_right": {
          "rotation": [0, 5, "10+math.sin(query.anim_time*90*2*2-90)*1.5"]
        }
      },
      "loop": true
    },
    "animation.pangoro.pose": {
      "bones": {
        "arm_left": {
          "position": [0, -1, 0],
          "rotation": [-20, -20, -20]
        },
        "arm_right": {
          "position": [-1, 0, 0],
          "rotation": [-20, -20, -20]
        },
        "cape": {
          "rotation": [-50, 0, 0]
        },
        "cape_segment_left": {
          "position": [0, 0, -1],
          "rotation": [-7.5, -10, 0]
        },
        "cape_segment_right": {
          "position": [0, 0, -1],
          "rotation": [-7.5, 10, 0]
        },
        "claw_left_left": {
          "position": [0.5, 0.75, 0],
          "rotation": [0, 0, -40]
        },
        "claw_left_mid": {
          "position": [0.5, 0.75, 0],
          "rotation": [0, 0, -40]
        },
        "claw_left_right": {
          "position": [0.5, 0.75, 0],
          "rotation": [0, 0, -40]
        },
        "claw_right_left": {
          "position": [-0.5, 0.5, 0],
          "rotation": [0, 0, 40]
        },
        "claw_right_mid": {
          "position": [-0.5, 0.5, 0],
          "rotation": [0, 0, 42.5]
        },
        "claw_right_right": {
          "position": [-0.5, 0.5, 0],
          "rotation": [0, 0, 40]
        },
        "finger_left_left": {
          "position": [0.5, 1.5, 0],
          "rotation": [0, 0, -50]
        },
        "finger_left_mid": {
          "position": [0.5, 1.5, 0],
          "rotation": [0, 0, -50]
        },
        "finger_left_right": {
          "position": [0.5, 1.5, 0],
          "rotation": [0, 0, -50]
        },
        "finger_right_left": {
          "position": [-1, 1.5, 0],
          "rotation": [0, 0, 50]
        },
        "finger_right_mid": {
          "position": [-1, 1.5, 0],
          "rotation": [0, 0, 50]
        },
        "finger_right_right": {
          "position": [-1, 1.5, 0],
          "rotation": [0, 0, 50]
        },
        "foot_left_decor_east": {
          "position": [0, -6, 0],
          "rotation": [0, 0, 80]
        },
        "foot_left_decor_north": {
          "position": [0, -6, 0],
          "rotation": [-95, 0, 0]
        },
        "foot_left_decor_south": {
          "position": [0, -6, 0],
          "rotation": [60, 0, 0]
        },
        "foot_left_decor_west": {
          "position": [0, -6, 0],
          "rotation": [0, 0, -80]
        },
        "foot_right": {
          "position": [0, 0, 0],
          "rotation": [-10, -20, 10]
        },
        "foot_right_decor_east": {
          "position": [0, -6, 0],
          "rotation": [0, 0, -80]
        },
        "foot_right_decor_north": {
          "position": [0, -5.5, 0],
          "rotation": [-110, 0, 0]
        },
        "foot_right_decor_south": {
          "position": [0, -6, 0],
          "rotation": [60, 0, 0]
        },
        "foot_right_decor_west": {
          "position": [0, -6, 0],
          "rotation": [0, 0, 80]
        },
        "forearm_left": {
          "position": [0, 0.01, 0],
          "rotation": [0, -60, 0]
        },
        "forearm_right": {
          "position": [0, 0.01, 0],
          "rotation": [0, 60, 0]
        },
        "foreleg_left": {
          "position": [0.01, 2, -0.75],
          "rotation": [40, 0, 0]
        },
        "foreleg_right": {
          "position": [-0.01, 1, 0.25],
          "rotation": [-20, 0, 0]
        },
        "hand_left": {
          "rotation": [-120, 0, 10]
        },
        "hand_left_decor_bot": {
          "rotation": [0, 0, -60]
        },
        "hand_left_decor_left": {
          "rotation": [0, -60, 0]
        },
        "hand_left_decor_right": {
          "rotation": [0, 60, 0]
        },
        "hand_left_decor_top": {
          "rotation": [0, 0, 60]
        },
        "hand_right": {
          "rotation": [-30, 0, 10]
        },
        "hand_right_decor_bot": {
          "rotation": [0, 0, 60]
        },
        "hand_right_decor_left": {
          "rotation": [0, 60, 0]
        },
        "hand_right_decor_right": {
          "rotation": [0, -60, 0]
        },
        "hand_right_decor_top": {
          "rotation": [0, 0, -60]
        },
        "head_decor": {
          "position": [0, -1, -1]
        },
        "jaw_bot": {
          "position": [0, 0, -0.01],
          "rotation": [0, 0, 7.5]
        },
        "leaf_decor_bot": {
          "position": [0.02223, 0.05129, 0],
          "rotation": [0, 0, -40]
        },
        "leaf_decor_top": {
          "position": [0.01768, -0.05303, 0],
          "rotation": [0, 0, 45]
        },
        "leg_left": {
          "position": [-1, -1, 0],
          "rotation": [-40, 40, 0]
        },
        "leg_right": {
          "position": [1, 0, 0],
          "rotation": [30, 0, -10]
        },
        "legs": {
          "position": [0, -2.5, 0]
        },
        "neck_decor_left": {
          "rotation": [0, 7.5, -5]
        },
        "neck_decor_mid_left": {
          "position": [-0.5, 0, 1],
          "rotation": [0, 25, 0]
        },
        "neck_decor_mid_right": {
          "position": [0.5, 0, 1],
          "rotation": [0, -25, 0]
        },
        "neck_decor_right": {
          "rotation": [0, -7.5, 5]
        },
        "torso": {
          "position": [0, -3, 0],
          "rotation": [10, 0, 0]
        },
        "torso_decor_left": {
          "rotation": [0, -5, -10]
        },
        "torso_decor_right": {
          "rotation": [0, 5, 10]
        }
      },
      "loop": true
    }
  },
  "format_version": "1.8.0"
}