{
  "format_version": "1.12.0",
  "minecraft:geometry": [
    {
      "bones": [
        {
          "name": "dialga",
          "pivot": [0, 0, 0]
        }, {
          "name": "body",
          "parent": "dialga",
          "pivot": [0, 51, 1]
        }, {
          "cubes": [
            {
              "origin": [-16, 32.75, -13],
              "size": [32, 33, 47],
              "uv": [0, 0]
            }
          ],
          "name": "bone3",
          "parent": "body",
          "pivot": [0, 49, 19]
        }, {
          "cubes": [
            {
              "origin": [-18, 30, -39],
              "size": [36, 39, 34],
              "uv": [0, 80]
            }
          ],
          "name": "torso",
          "parent": "bone3",
          "pivot": [0, 39, -5]
        }, {
          "cubes": [
            {
              "inflate": 0.01,
              "origin": [-9, 57.53032, -33.21152],
              "size": [18, 23, 17],
              "uv": [155, 86]
            }
          ],
          "name": "neck",
          "parent": "torso",
          "pivot": [0, 58.5, -25.25],
          "rotation": [35, 0, 0]
        }, {
          "cubes": [
            {
              "inflate": 0.01,
              "origin": [-7.5, 77.53032, -32.21152],
              "size": [15, 19, 15],
              "uv": [268, 273]
            }
          ],
          "name": "bone4",
          "parent": "neck",
          "pivot": [0, 77.53032, -24.21152]
        }, {
          "cubes": [
            {
              "inflate": 0.01,
              "origin": [-2, 82.03032, -18.46152],
              "size": [4, 12, 4],
              "uv": [386, 248]
            },
            {
              "origin": [-1, 84.03032, -14.46152],
              "size": [2, 8, 10],
              "uv": [370, 94]
            },
            {
              "origin": [0, 84.03032, -4.46152],
              "size": [0, 8, 7],
              "uv": [388, 376]
            }
          ],
          "name": "bone14",
          "parent": "bone4",
          "pivot": [0, 88.03032, -8.79485],
          "rotation": [2.5, 0, 0]
        }, {
          "cubes": [
            {
              "origin": [-7, 95.53032, -31.21152],
              "size": [14, 20, 13],
              "uv": [56, 311]
            }
          ],
          "name": "bone5",
          "parent": "bone4",
          "pivot": [0, 95.53032, -25.21152]
        }, {
          "cubes": [
            {
              "inflate": 0.01,
              "origin": [-8, 113.74306, -29.40843],
              "size": [16, 14, 15],
              "uv": [306, 162]
            },
            {
              "inflate": 0.01,
              "origin": [-1, 126.76806, -37.40843],
              "size": [2, 0, 15],
              "uv": [298, 162]
            },
            {
              "inflate": 0.015,
              "origin": [-8, 117.74306, -33.40843],
              "size": [16, 10, 4],
              "uv": [246, 336]
            },
            {
              "inflate": 0.03,
              "origin": [-8.475, 122.74306, -33.13343],
              "size": [1, 2, 7],
              "uv": [108, 390]
            },
            {
              "inflate": 0.03,
              "origin": [7.525, 122.74306, -33.13343],
              "size": [1, 2, 7],
              "uv": [108, 390]
            }, {
              "inflate": 0.01,
              "origin": [-4.175, 117.74306, -42.08343],
              "pivot": [-3.175, 119.74306, -36.58343],
              "rotation": [0, -45, 0],
              "size": [11, 9, 11],
              "uv": [328, 273]
            }, {
              "origin": [-2.75, 122.74306, -41.95843],
              "pivot": [-1.75, 121.74306, -38.45843],
              "rotation": [0, -45, 0],
              "size": [12, 2, 12],
              "uv": [326, 143]
            }
          ],
          "name": "head",
          "parent": "bone5",
          "pivot": [-0.25, 112.78032, -24.96152]
        }, {
          "cubes": [
            {
              "origin": [8.05, 120.94306, -33.40843],
              "size": [0, 2, 2],
              "uv": [132, 174]
            },
            {
              "origin": [8.075, 121.69306, -32.90843],
              "size": [0, 1, 1],
              "uv": [138, 163]
            }
          ],
          "name": "bone46",
          "parent": "head",
          "pivot": [6, 119.29306, -28.40843]
        }, {
          "cubes": [
            {
              "origin": [-8.05, 120.94306, -33.40843],
              "size": [0, 2, 2],
              "uv": [136, 174]
            },
            {
              "origin": [-8.075, 121.69306, -32.90843],
              "size": [0, 1, 1],
              "uv": [138, 165]
            }
          ],
          "name": "bone60",
          "parent": "head",
          "pivot": [-6, 119.29306, -28.40843]
        }, {
          "name": "bone2",
          "parent": "head",
          "pivot": [-0.25, 126.74306, -28.40843]
        }, {
          "cubes": [
            {
              "inflate": 0.015,
              "origin": [-8, 114.99306, -34.15843],
              "size": [16, 3, 6],
              "uv": [326, 74]
            }, {
              "origin": [-4.0452, 114.99306, -40.28876],
              "pivot": [-0.05, 116.99306, -36.25843],
              "rotation": [0, -45, 0],
              "size": [11, 3, 11],
              "uv": [330, 334]
            }
          ],
          "name": "jaw",
          "parent": "bone2",
          "pivot": [0, 117.99306, -29.15843]
        }, {
          "cubes": [
            {
              "origin": [3.25, 116.99306, -38.25843],
              "size": [0, 2, 2],
              "uv": [2, 0]
            }
          ],
          "name": "bone61",
          "parent": "jaw",
          "pivot": [3.25, 117.99306, -37.25843],
          "rotation": [-45, 45, 0]
        }, {
          "cubes": [
            {
              "mirror": true,
              "origin": [-3.275, 116.99306, -38.25843],
              "size": [0, 2, 2],
              "uv": [2, 0]
            }
          ],
          "name": "bone62",
          "parent": "jaw",
          "pivot": [-3.275, 117.99306, -37.25843],
          "rotation": [-45, -45, 0]
        }, {
          "cubes": [
            {
              "origin": [-8, 113.74306, -14.40843],
              "size": [16, 14, 31],
              "uv": [100, 194]
            },
            {
              "origin": [-5.5, 115.24306, 14.59157],
              "size": [11, 11, 10],
              "uv": [330, 293]
            },
            {
              "origin": [-3.5, 117.24306, 24.59157],
              "size": [7, 7, 7],
              "uv": [368, 176]
            }
          ],
          "name": "bone",
          "parent": "head",
          "pivot": [-0.25, 113.74306, -14.40843],
          "rotation": [10, 0, 0]
        }, {
          "cubes": [
            {
              "origin": [0.575, 117.74306, -42.15843],
              "size": [3, 7, 0],
              "uv": [132, 153]
            },
            {
              "origin": [4.825, 117.74306, -42.15843],
              "size": [1, 5, 0],
              "uv": [138, 153]
            },
            {
              "origin": [-2.675, 117.74306, -42.15843],
              "size": [2, 7, 0],
              "uv": [132, 167]
            }
          ],
          "name": "bone47",
          "parent": "head",
          "pivot": [-3.175, 119.74306, -36.60843],
          "rotation": [0, -45, 0]
        }, {
          "cubes": [
            {
              "origin": [-3.575, 117.74306, -42.15843],
              "size": [3, 7, 0],
              "uv": [132, 160]
            },
            {
              "origin": [-5.825, 117.74306, -42.15843],
              "size": [1, 5, 0],
              "uv": [138, 158]
            },
            {
              "origin": [0.675, 117.74306, -42.15843],
              "size": [2, 7, 0],
              "uv": [136, 167]
            }
          ],
          "name": "bone59",
          "parent": "head",
          "pivot": [3.175, 119.74306, -36.60843],
          "rotation": [0, 45, 0]
        }, {
          "cubes": [
            {
              "origin": [8.15, 120.03032, -26.71152],
              "size": [2, 6, 12],
              "uv": [0, 357]
            }
          ],
          "name": "horn_left",
          "parent": "head",
          "pivot": [9.15, 123.03032, -20.71152],
          "rotation": [-0.74984, 0.49863, 0.03706]
        }, {
          "cubes": [
            {
              "inflate": 0.01,
              "origin": [8.15, 120.03032, -14.71152],
              "size": [2, 7, 11],
              "uv": [368, 158]
            }
          ],
          "name": "bone37",
          "parent": "horn_left",
          "pivot": [9.15, 120.03032, -14.71152],
          "rotation": [51.25, 0, 0]
        }, {
          "cubes": [
            {
              "origin": [9.65, 119.03032, -3.71152],
              "size": [0, 8, 49],
              "uv": [140, 80]
            }
          ],
          "name": "bone38",
          "parent": "bone37",
          "pivot": [9.65, 127.03032, -3.71152],
          "rotation": [-44, 0, 2.61348]
        }, {
          "cubes": [
            {
              "inflate": 0.01,
              "origin": [8.15, 119.03032, -36.71152],
              "size": [2, 7, 10],
              "uv": [372, 268]
            }
          ],
          "name": "bone35",
          "parent": "horn_left",
          "pivot": [9.15, 126.03032, -26.71152],
          "rotation": [53, 0, 0]
        }, {
          "cubes": [
            {
              "origin": [8.15, 119.03032, -43.71152],
              "size": [2, 5, 7],
              "uv": [324, 386]
            }
          ],
          "name": "bone36",
          "parent": "bone35",
          "pivot": [9.15, 119.03032, -36.71152],
          "rotation": [-52, 0, 0]
        }, {
          "cubes": [
            {
              "origin": [9.9, 108.03032, -48.71152],
              "size": [0, 16, 6],
              "uv": [86, 202]
            }
          ],
          "name": "bone39",
          "parent": "bone36",
          "pivot": [9.9, 122.03032, -42.71152],
          "rotation": [0, 17.5, 0]
        }, {
          "cubes": [
            {
              "origin": [9.65, 123.03032, -30.71152],
              "size": [0, 16, 10],
              "uv": [28, 359]
            }
          ],
          "name": "bone40",
          "parent": "horn_left",
          "pivot": [9.15, 124.03032, -25.71152],
          "rotation": [32.5, 0, 0]
        }, {
          "cubes": [
            {
              "origin": [-10.15, 120.03032, -26.71152],
              "size": [2, 6, 12],
              "uv": [358, 250]
            }
          ],
          "name": "horn_right",
          "parent": "head",
          "pivot": [-9.15, 123.03032, -20.71152],
          "rotation": [-0.74984, -0.49863, -0.03706]
        }, {
          "cubes": [
            {
              "inflate": 0.01,
              "origin": [-10.15, 120.03032, -14.71152],
              "size": [2, 7, 11],
              "uv": [68, 370]
            }
          ],
          "name": "bone34",
          "parent": "horn_right",
          "pivot": [-9.15, 120.03032, -14.71152],
          "rotation": [51.25, 0, 0]
        }, {
          "cubes": [
            {
              "origin": [-9.65, 119.03032, -3.71152],
              "size": [0, 8, 49],
              "uv": [140, 137]
            }
          ],
          "name": "bone41",
          "parent": "bone34",
          "pivot": [-9.65, 127.03032, -3.71152],
          "rotation": [-44, 0, -2.61348]
        }, {
          "cubes": [
            {
              "inflate": 0.01,
              "origin": [-10.15, 119.03032, -36.71152],
              "size": [2, 7, 10],
              "uv": [372, 285]
            }
          ],
          "name": "bone42",
          "parent": "horn_right",
          "pivot": [-9.15, 126.03032, -26.71152],
          "rotation": [53, 0, 0]
        }, {
          "cubes": [
            {
              "origin": [-10.15, 119.03032, -43.71152],
              "size": [2, 5, 7],
              "uv": [388, 364]
            }
          ],
          "name": "bone43",
          "parent": "bone42",
          "pivot": [-9.15, 119.03032, -36.71152],
          "rotation": [-52, 0, 0]
        }, {
          "cubes": [
            {
              "origin": [-9.9, 108.03032, -48.71152],
              "size": [0, 16, 6],
              "uv": [58, 276]
            }
          ],
          "name": "bone44",
          "parent": "bone43",
          "pivot": [-9.9, 122.03032, -42.71152],
          "rotation": [0, -17.5, 0]
        }, {
          "cubes": [
            {
              "origin": [-9.65, 123.03032, -30.71152],
              "size": [0, 16, 10],
              "uv": [48, 359]
            }
          ],
          "name": "bone45",
          "parent": "horn_right",
          "pivot": [-9.15, 124.03032, -25.71152],
          "rotation": [32.5, 0, 0]
        }, {
          "cubes": [
            {
              "origin": [-2, 94.28032, -18.21152],
              "size": [4, 12, 3],
              "uv": [86, 224]
            },
            {
              "origin": [-1, 96.28032, -15.21152],
              "size": [2, 8, 10],
              "uv": [370, 314]
            },
            {
              "origin": [0, 96.28032, -5.21152],
              "size": [0, 8, 7],
              "uv": [390, 72]
            }
          ],
          "name": "bone16",
          "parent": "bone5",
          "pivot": [0, 100.28032, -9.54485],
          "rotation": [2.5, 0, 0]
        }, {
          "cubes": [
            {
              "origin": [-2, 70.28032, -17.46152],
              "size": [4, 12, 4],
              "uv": [252, 386]
            },
            {
              "origin": [-1, 72.28032, -13.46152],
              "size": [2, 8, 10],
              "uv": [370, 217]
            },
            {
              "origin": [0, 72.28032, -3.46152],
              "size": [0, 8, 7],
              "uv": [388, 389]
            }
          ],
          "name": "bone15",
          "parent": "neck",
          "pivot": [0, 75.78032, -7.79485],
          "rotation": [7.5, 0, 0]
        }, {
          "locators": {
            "seat_1": [0, 68.75, -8]
          },
          "name": "locator_seat_1",
          "parent": "torso",
          "pivot": [0, 69, -8]
        }, {
          "cubes": [
            {
              "origin": [-9.5, 47, -51.25],
              "size": [19, 14, 15],
              "uv": [238, 162]
            }, {
              "origin": [-3.50636, 50.5878, -53.25],
              "pivot": [-0.00636, 54.0878, -46.75],
              "rotation": [0, 0, 45],
              "size": [7, 7, 13],
              "uv": [330, 314]
            }, {
              "origin": [4, 48, -47.25],
              "pivot": [4, 52, -47.25],
              "rotation": [-1.39317, -23.94142, -14.0076],
              "size": [16, 13, 0],
              "uv": [182, 366]
            }, {
              "mirror": true,
              "origin": [-20, 48, -47.25],
              "pivot": [-4, 52, -47.25],
              "rotation": [-1.39317, 23.94142, 14.0076],
              "size": [16, 13, 0],
              "uv": [182, 366]
            }, {
              "origin": [5, 29, -46.25],
              "pivot": [3, 42, -46.25],
              "rotation": [6.80615, -21.26926, 9.75736],
              "size": [14, 23, 0],
              "uv": [176, 343]
            }, {
              "mirror": true,
              "origin": [-19, 29, -46.25],
              "pivot": [-3, 42, -46.25],
              "rotation": [6.80615, 21.26926, -9.75736],
              "size": [14, 23, 0],
              "uv": [176, 343]
            }, {
              "origin": [-7.5, 60.11603, -49.06699],
              "pivot": [0, 60.61603, -49.06699],
              "rotation": [-32.5, 0, 0],
              "size": [15, 13, 10],
              "uv": [308, 250]
            }
          ],
          "name": "chestplate",
          "parent": "torso",
          "pivot": [0, 52, -40.25],
          "rotation": [12.5, 0, 0]
        }, {
          "cubes": [
            {
              "origin": [-7.5, 28, -49.75],
              "size": [15, 19, 13],
              "uv": [0, 310]
            }
          ],
          "name": "bone18",
          "parent": "chestplate",
          "pivot": [-0.5, 47, -49.75],
          "rotation": [17.5, 0, 0]
        }, {
          "cubes": [
            {
              "origin": [-6.5, 10, -49.75],
              "size": [13, 18, 5],
              "uv": [200, 320]
            }
          ],
          "name": "bone19",
          "parent": "bone18",
          "pivot": [-0.5, 28, -49.75],
          "rotation": [45, 0, 0]
        }, {
          "cubes": [
            {
              "origin": [3.5, 60.25, -46.25],
              "size": [7, 17, 6],
              "uv": [348, 348]
            }
          ],
          "name": "bone17",
          "parent": "chestplate",
          "pivot": [5.5, 60.25, -45.25],
          "rotation": [-25.38402, -9.13884, 54.48187]
        }, {
          "cubes": [
            {
              "origin": [4.5, 77.25, -46.25],
              "size": [5, 11, 4],
              "uv": [0, 386]
            }
          ],
          "name": "bone25",
          "parent": "bone17",
          "pivot": [5.5, 77.25, -46.25],
          "rotation": [-17.5, 0, 0]
        }, {
          "cubes": [
            {
              "origin": [5, 88.25, -46.25],
              "size": [4, 14, 2],
              "uv": [289, 223]
            }
          ],
          "name": "bone26",
          "parent": "bone25",
          "pivot": [7.5, 88.25, -46.25]
        }, {
          "cubes": [
            {
              "mirror": true,
              "origin": [-10.5, 60.25, -46.25],
              "size": [7, 17, 6],
              "uv": [348, 348]
            }
          ],
          "name": "bone6",
          "parent": "chestplate",
          "pivot": [-5.5, 60.25, -45.25],
          "rotation": [-25.38402, 9.13884, -54.48187]
        }, {
          "cubes": [
            {
              "mirror": true,
              "origin": [-9.5, 77.25, -46.25],
              "size": [5, 11, 4],
              "uv": [0, 386]
            }
          ],
          "name": "bone8",
          "parent": "bone6",
          "pivot": [-5.5, 77.25, -46.25],
          "rotation": [-17.5, 0, 0]
        }, {
          "cubes": [
            {
              "mirror": true,
              "origin": [-9, 88.25, -46.25],
              "size": [4, 14, 2],
              "uv": [289, 223]
            }
          ],
          "name": "bone12",
          "parent": "bone8",
          "pivot": [-7.5, 88.25, -46.25]
        }, {
          "cubes": [
            {
              "origin": [-2, 52.75, -49.75],
              "size": [6, 14, 5],
              "uv": [372, 112]
            }
          ],
          "name": "bone30",
          "parent": "chestplate",
          "pivot": [1, 52.75, -47.75],
          "rotation": [-19.79887, 3.45533, 96.66067]
        }, {
          "cubes": [
            {
              "origin": [-1, 62.75, -48.75],
              "size": [4, 12, 3],
              "uv": [290, 386]
            }
          ],
          "name": "bone31",
          "parent": "bone30",
          "pivot": [-1, 62.75, -49.75]
        }, {
          "cubes": [
            {
              "origin": [-4, 52.75, -49.75],
              "size": [6, 14, 5],
              "uv": [372, 190]
            }
          ],
          "name": "bone32",
          "parent": "chestplate",
          "pivot": [-1, 52.75, -47.75],
          "rotation": [-19.79887, -3.45533, -96.66067]
        }, {
          "cubes": [
            {
              "origin": [-3, 62.75, -48.75],
              "size": [4, 12, 3],
              "uv": [78, 388]
            }
          ],
          "name": "bone33",
          "parent": "bone32",
          "pivot": [1, 62.75, -49.75]
        }, {
          "cubes": [
            {
              "origin": [-12.5, 33, 30],
              "size": [25, 24, 22],
              "uv": [158, 0]
            }
          ],
          "name": "bone20",
          "parent": "bone3",
          "pivot": [-0.5, 46, 30],
          "rotation": [-17.5, 0, 0]
        }, {
          "cubes": [
            {
              "origin": [-10.5, 35, 46],
              "size": [21, 20, 29],
              "uv": [0, 153]
            }
          ],
          "name": "bone21",
          "parent": "bone20",
          "pivot": [0, 45, 47]
        }, {
          "cubes": [
            {
              "origin": [-8.5, 37, 70],
              "size": [17, 16, 29],
              "uv": [194, 194]
            }
          ],
          "name": "bone22",
          "parent": "bone21",
          "pivot": [0.5, 46, 72]
        }, {
          "cubes": [
            {
              "origin": [-5.5, 40, 96],
              "size": [11, 10, 20],
              "uv": [286, 191]
            }
          ],
          "name": "bone23",
          "parent": "bone22",
          "pivot": [0, 45, 96]
        }, {
          "cubes": [
            {
              "origin": [-3.5, 42, 115],
              "size": [7, 6, 16],
              "uv": [326, 121]
            }
          ],
          "name": "bone24",
          "parent": "bone23",
          "pivot": [0.5, 45, 115]
        }, {
          "cubes": [
            {
              "origin": [-14, 65.5, 15],
              "size": [28, 5, 7],
              "uv": [252, 33]
            }
          ],
          "name": "bone48",
          "parent": "bone3",
          "pivot": [0, 65.5, 15],
          "rotation": [-35, 0, 0]
        }, {
          "name": "bone50",
          "parent": "bone48",
          "pivot": [0, 70.5, 15.25],
          "rotation": [-1.5, 0, 0]
        }, {
          "cubes": [
            {
              "origin": [0, 69.5, 15.25],
              "size": [16, 37, 0],
              "uv": [100, 153]
            }
          ],
          "name": "bone52",
          "parent": "bone50",
          "pivot": [0, 70.5, 15.25],
          "rotation": [0, -7.5, 0]
        }, {
          "cubes": [
            {
              "origin": [16, 69.5, 15.25],
              "size": [23, 37, 0],
              "uv": [322, 0]
            }
          ],
          "name": "bone53",
          "parent": "bone52",
          "pivot": [16, 73.3, 15.225],
          "rotation": [0, -10, 0]
        }, {
          "cubes": [
            {
              "origin": [3, 91.5, 14.25],
              "size": [10, 22, 2],
              "uv": [258, 350]
            },
            {
              "origin": [5, 113.5, 14.25],
              "size": [6, 19, 2],
              "uv": [70, 242]
            },
            {
              "origin": [5, 73.5, 14.25],
              "size": [6, 18, 2],
              "uv": [164, 373]
            }
          ],
          "name": "bone55",
          "parent": "bone52",
          "pivot": [8, 73.5, 15.25],
          "rotation": [-2.14022, -7.03091, 29.12628]
        }, {
          "cubes": [
            {
              "origin": [10.25, 86, 14],
              "size": [10, 22, 2],
              "uv": [282, 351]
            },
            {
              "origin": [12.25, 108, 14],
              "size": [6, 17, 2],
              "uv": [180, 379]
            },
            {
              "origin": [12.25, 70, 14],
              "size": [6, 16, 2],
              "uv": [24, 385]
            }
          ],
          "name": "bone56",
          "parent": "bone52",
          "pivot": [15.25, 70, 15],
          "rotation": [-7.8742, -5.01827, 59.23046]
        }, {
          "cubes": [
            {
              "origin": [-16, 69.5, 15.25],
              "size": [16, 37, 0],
              "uv": [326, 37]
            }
          ],
          "name": "bone51",
          "parent": "bone50",
          "pivot": [0, 70.5, 15.25],
          "rotation": [0, 7.5, 0]
        }, {
          "cubes": [
            {
              "origin": [-39, 69.5, 15.25],
              "size": [23, 37, 0],
              "uv": [324, 84]
            }
          ],
          "name": "bone54",
          "parent": "bone51",
          "pivot": [-16, 73.3, 15.225],
          "rotation": [0, 10, 0]
        }, {
          "cubes": [
            {
              "origin": [-13, 91.5, 14.25],
              "size": [10, 22, 2],
              "uv": [96, 355]
            },
            {
              "origin": [-11, 113.5, 14.25],
              "size": [6, 19, 2],
              "uv": [306, 351]
            },
            {
              "origin": [-11, 73.5, 14.25],
              "size": [6, 18, 2],
              "uv": [374, 344]
            }
          ],
          "name": "bone57",
          "parent": "bone51",
          "pivot": [-8, 73.5, 15.25],
          "rotation": [-2.14022, 7.03091, -29.12628]
        }, {
          "cubes": [
            {
              "origin": [-20.25, 86, 14],
              "size": [10, 22, 2],
              "uv": [120, 355]
            },
            {
              "origin": [-18.25, 108, 14],
              "size": [6, 17, 2],
              "uv": [196, 379]
            },
            {
              "origin": [-18.25, 70, 14],
              "size": [6, 16, 2],
              "uv": [40, 385]
            }
          ],
          "name": "bone58",
          "parent": "bone51",
          "pivot": [-15.25, 70, 15],
          "rotation": [-7.8742, 5.01827, -59.23046]
        }, {
          "cubes": [
            {
              "origin": [-6, 93.5, 14.25],
              "size": [12, 23, 2],
              "uv": [148, 340]
            },
            {
              "origin": [-4, 116.5, 14.25],
              "size": [8, 19, 2],
              "uv": [144, 373]
            },
            {
              "origin": [-4, 75.5, 14.25],
              "size": [8, 18, 2],
              "uv": [214, 373]
            }
          ],
          "name": "bone49",
          "parent": "bone50",
          "pivot": [0, 70.5, 16.25]
        }, {
          "cubes": [
            {
              "mirror": true,
              "origin": [7.75096, 41.88985, -35.08448],
              "size": [19, 17, 16],
              "uv": [134, 273]
            }
          ],
          "name": "leg_front_left",
          "parent": "body",
          "pivot": [8, 50, -27.5],
          "rotation": [38.04466, 16.64183, 41.72981]
        }, {
          "cubes": [
            {
              "mirror": true,
              "origin": [26.66372, 42.88795, -34.08448],
              "size": [17, 15, 14],
              "uv": [308, 221]
            }
          ],
          "name": "bone7",
          "parent": "leg_front_left",
          "pivot": [26.8297, 57.8684, -28.09095],
          "rotation": [0, 0, 2.5]
        }, {
          "cubes": [
            {
              "origin": [41.22571, 42.04664, -35.08448],
              "size": [23, 17, 16],
              "uv": [158, 46]
            },
            {
              "inflate": 0.001,
              "origin": [45.22571, 59.04664, -33.08448],
              "size": [19, 7, 0],
              "uv": [144, 366]
            },
            {
              "origin": [50.22571, 59.04664, -27.08448],
              "size": [14, 9, 0],
              "uv": [368, 27]
            },
            {
              "inflate": 0.001,
              "origin": [45.22571, 59.04664, -21.08448],
              "size": [19, 7, 0],
              "uv": [144, 366]
            },
            {
              "origin": [47.22571, 41.04664, -21.08448],
              "size": [7, 19, 3],
              "uv": [246, 312]
            },
            {
              "origin": [47.22571, 41.04664, -33.08448],
              "size": [7, 3, 12],
              "uv": [286, 336]
            },
            {
              "origin": [47.22571, 41.04664, -36.08448],
              "size": [7, 19, 3],
              "uv": [370, 72]
            }
          ],
          "name": "foot_front_left",
          "parent": "bone7",
          "pivot": [41.26746, 55.9165, -31.91595],
          "rotation": [0, 0, 5]
        }, {
          "cubes": [
            {
              "inflate": 0.01,
              "origin": [64.16034, 42.0495, -35.58448],
              "size": [12, 17, 17],
              "uv": [0, 276]
            },
            {
              "inflate": 0.01,
              "origin": [64.16034, 59.0495, -33.08448],
              "size": [12, 11, 0],
              "uv": [282, 375]
            },
            {
              "inflate": 0.01,
              "origin": [64.16034, 59.0495, -27.08448],
              "size": [12, 13, 0],
              "uv": [372, 131]
            },
            {
              "inflate": 0.01,
              "origin": [64.16034, 59.0495, -21.08448],
              "size": [12, 11, 0],
              "uv": [282, 375]
            }
          ],
          "name": "bone9",
          "parent": "foot_front_left",
          "pivot": [64.15445, 49.90019, -26.91595]
        }, {
          "cubes": [
            {
              "origin": [-26.75096, 41.88985, -35.08448],
              "size": [19, 17, 16],
              "uv": [134, 273]
            }
          ],
          "name": "leg_front_right",
          "parent": "body",
          "pivot": [-8, 50, -27.5],
          "rotation": [38.04466, -16.64183, -41.72981]
        }, {
          "cubes": [
            {
              "origin": [-43.66372, 42.88795, -34.08448],
              "size": [17, 15, 14],
              "uv": [308, 221]
            }
          ],
          "name": "bone13",
          "parent": "leg_front_right",
          "pivot": [-26.8297, 57.8684, -28.09095],
          "rotation": [0, 0, -2.5]
        }, {
          "cubes": [
            {
              "mirror": true,
              "origin": [-64.20363, 42.05222, -35.08448],
              "size": [23, 17, 16],
              "uv": [158, 46]
            }, {
              "inflate": 0.001,
              "mirror": true,
              "origin": [-64.20363, 59.05222, -33.08448],
              "size": [19, 7, 0],
              "uv": [144, 366]
            }, {
              "mirror": true,
              "origin": [-64.20363, 59.05222, -27.08448],
              "size": [14, 9, 0],
              "uv": [368, 27]
            }, {
              "inflate": 0.001,
              "mirror": true,
              "origin": [-64.20363, 59.05222, -21.08448],
              "size": [19, 7, 0],
              "uv": [144, 366]
            }, {
              "mirror": true,
              "origin": [-54.20363, 41.05222, -21.08448],
              "size": [7, 19, 3],
              "uv": [246, 312]
            },
            {
              "mirror": true,
              "origin": [-54.20363, 41.05222, -33.08448],
              "size": [7, 3, 12],
              "uv": [286, 336]
            },
            {
              "mirror": true,
              "origin": [-54.20363, 41.05222, -36.08448],
              "size": [7, 19, 3],
              "uv": [370, 72]
            }
          ],
          "name": "foot_front_right",
          "parent": "bone13",
          "pivot": [-41.19246, 55.6665, -31.91595],
          "rotation": [0, 0, -5]
        }, {
          "cubes": [
            {
              "inflate": 0.01,
              "mirror": true,
              "origin": [-76.13826, 42.05508, -35.58448],
              "size": [12, 17, 17],
              "uv": [0, 276]
            }, {
              "inflate": 0.01,
              "mirror": true,
              "origin": [-76.13826, 59.05508, -33.08448],
              "size": [12, 11, 0],
              "uv": [282, 375]
            }, {
              "inflate": 0.01,
              "mirror": true,
              "origin": [-76.13826, 59.05508, -27.08448],
              "size": [12, 13, 0],
              "uv": [372, 131]
            }, {
              "inflate": 0.01,
              "mirror": true,
              "origin": [-76.13826, 59.05508, -21.08448],
              "size": [12, 11, 0],
              "uv": [282, 375]
            }
          ],
          "name": "bone27",
          "parent": "foot_front_right",
          "pivot": [-64.13237, 49.90577, -26.91595]
        }, {
          "cubes": [
            {
              "origin": [4.22814, 42.85925, 10.409],
              "size": [22, 18, 20],
              "uv": [1, 203]
            }
          ],
          "name": "leg_rear_left",
          "parent": "body",
          "pivot": [4.75, 52.25, 20.75],
          "rotation": [0, 0, 31.8733]
        }, {
          "cubes": [
            {
              "origin": [26.01004, 43.85449, 12.409],
              "size": [19, 16, 16],
              "uv": [165, 240]
            }
          ],
          "name": "bone10",
          "parent": "leg_rear_left",
          "pivot": [26.30688, 56.3378, 19.90253],
          "rotation": [0, 0, 2.5]
        }, {
          "cubes": [
            {
              "origin": [43.74663, 43.37328, 11.909],
              "size": [25, 17, 17],
              "uv": [240, 48]
            },
            {
              "inflate": 0.001,
              "origin": [45.74663, 60.37328, 13.909],
              "size": [23, 7, 0],
              "uv": [358, 37]
            },
            {
              "origin": [56.74663, 60.37328, 20.409],
              "size": [12, 8, 0],
              "uv": [268, 401]
            },
            {
              "inflate": 0.001,
              "origin": [45.74663, 60.37328, 26.909],
              "size": [23, 7, 0],
              "uv": [358, 37]
            },
            {
              "origin": [47.74663, 42.37328, 26.909],
              "size": [7, 19, 3],
              "uv": [112, 313]
            },
            {
              "origin": [47.74663, 42.37328, 10.909],
              "size": [7, 19, 3],
              "uv": [74, 346]
            },
            {
              "origin": [47.74663, 42.37328, 13.909],
              "size": [7, 3, 13],
              "uv": [0, 404]
            }
          ],
          "name": "foot_rear_left",
          "parent": "bone10",
          "pivot": [43.73878, 57.38304, 18.90253],
          "rotation": [0, 0, 7.5]
        }, {
          "cubes": [
            {
              "inflate": 0.01,
              "origin": [68.74663, 43.37328, 11.409],
              "size": [12, 17, 18],
              "uv": [72, 274]
            },
            {
              "inflate": 0.01,
              "origin": [68.74663, 60.37328, 13.909],
              "size": [12, 13, 0],
              "uv": [396, 302]
            }, {
              "inflate": 0.01,
              "mirror": true,
              "origin": [68.74663, 60.37328, 20.409],
              "size": [12, 16, 0],
              "uv": [240, 403]
            }, {
              "inflate": 0.01,
              "origin": [68.74663, 60.37328, 26.909],
              "size": [12, 13, 0],
              "uv": [396, 302]
            }
          ],
          "name": "bone11",
          "parent": "foot_rear_left",
          "pivot": [68.75037, 47.40183, 25.90253]
        }, {
          "cubes": [
            {
              "mirror": true,
              "origin": [-26.22814, 42.85925, 10.409],
              "size": [22, 18, 20],
              "uv": [1, 203]
            }
          ],
          "name": "leg_rear_right",
          "parent": "body",
          "pivot": [-4.75, 52.25, 20.75],
          "rotation": [0, 0, -31.8733]
        }, {
          "cubes": [
            {
              "mirror": true,
              "origin": [-45.01004, 43.85449, 12.409],
              "size": [19, 16, 16],
              "uv": [165, 240]
            }
          ],
          "name": "bone28",
          "parent": "leg_rear_right",
          "pivot": [-26.30688, 56.3378, 19.90253],
          "rotation": [0, 0, -2.5]
        }, {
          "cubes": [
            {
              "mirror": true,
              "origin": [-68.74337, 43.37306, 11.909],
              "size": [25, 17, 17],
              "uv": [240, 48]
            }, {
              "inflate": 0.001,
              "mirror": true,
              "origin": [-68.74337, 60.37306, 13.909],
              "size": [23, 7, 0],
              "uv": [358, 37]
            }, {
              "mirror": true,
              "origin": [-68.74337, 60.37306, 20.409],
              "size": [12, 8, 0],
              "uv": [268, 401]
            }, {
              "inflate": 0.001,
              "mirror": true,
              "origin": [-68.74337, 60.37306, 26.909],
              "size": [23, 7, 0],
              "uv": [358, 37]
            }, {
              "mirror": true,
              "origin": [-54.74337, 42.37306, 26.909],
              "size": [7, 19, 3],
              "uv": [112, 313]
            },
            {
              "mirror": true,
              "origin": [-54.74337, 42.37306, 10.909],
              "size": [7, 19, 3],
              "uv": [74, 346]
            },
            {
              "mirror": true,
              "origin": [-54.74337, 42.37306, 13.909],
              "size": [7, 3, 13],
              "uv": [0, 404]
            }
          ],
          "name": "foot_rear_right",
          "parent": "bone28",
          "pivot": [-43.73878, 57.35804, 18.90253],
          "rotation": [0, 0, -7.5]
        }, {
          "cubes": [
            {
              "inflate": 0.01,
              "mirror": true,
              "origin": [-80.74337, 43.37306, 11.409],
              "size": [12, 17, 18],
              "uv": [72, 274]
            }, {
              "inflate": 0.01,
              "mirror": true,
              "origin": [-80.74337, 60.37306, 13.909],
              "size": [12, 13, 0],
              "uv": [396, 302]
            }, {
              "inflate": 0.01,
              "origin": [-80.74337, 60.37306, 20.409],
              "size": [12, 16, 0],
              "uv": [240, 403]
            }, {
              "inflate": 0.01,
              "mirror": true,
              "origin": [-80.74337, 60.37306, 26.909],
              "size": [12, 13, 0],
              "uv": [396, 302]
            }
          ],
          "name": "bone29",
          "parent": "foot_rear_right",
          "pivot": [-68.74711, 47.40161, 25.90253]
        }
      ],
      "description": {
        "identifier": "geometry.dialga",
        "texture_height": 512,
        "texture_width": 512,
        "visible_bounds_height": 11.5,
        "visible_bounds_offset": [0, 5.25, 0],
        "visible_bounds_width": 17
      }
    }
  ]
}