{
  "format_version": "1.12.0",
  "minecraft:geometry": [
    {
      "bones": [
        {
          "name": "dialga_origin",
          "pivot": [0, 0, 0]
        }, {
          "name": "body",
          "parent": "dialga_origin",
          "pivot": [0, 81, 8]
        }, {
          "cubes": [
            {
              "origin": [-9.05, 72, -2],
              "size": [19, 18, 11],
              "uv": [118, 125]
            },
            {
              "origin": [-10.05, 70.5, 9],
              "size": [21, 21, 22],
              "uv": [0, 0]
            }
          ],
          "name": "torso",
          "parent": "body",
          "pivot": [0.45, 81, 22.75]
        }, {
          "cubes": [
            {
              "origin": [-11.05, 70, 4],
              "size": [23, 22, 4],
              "uv": [56, 161]
            }, {
              "inflate": -0.01,
              "origin": [-2.55, 88, 4],
              "pivot": [0.45, 91, 6],
              "rotation": [0, 0, 45],
              "size": [6, 6, 4],
              "uv": [0, 258]
            }, {
              "inflate": -0.01,
              "origin": [-2.55, 68, 4],
              "pivot": [0.45, 71, 6],
              "rotation": [0, 0, 45],
              "size": [6, 6, 4],
              "uv": [68, 258]
            }, {
              "inflate": -0.01,
              "origin": [-13.05, 78, 4],
              "pivot": [-10.05, 81, 6],
              "rotation": [0, 0, 45],
              "size": [6, 6, 4],
              "uv": [258, 132]
            }, {
              "inflate": -0.01,
              "origin": [7.95, 78, 4],
              "pivot": [10.95, 81, 6],
              "rotation": [0, 0, 45],
              "size": [6, 6, 4],
              "uv": [88, 261]
            }
          ],
          "name": "bone27",
          "parent": "torso",
          "pivot": [-0.05, 72, -1]
        }, {
          "cubes": [
            {
              "origin": [0.95, 96, 5],
              "size": [26, 2, 2],
              "uv": [86, 30]
            }
          ],
          "name": "bone28",
          "parent": "bone27",
          "pivot": [17.45, 97, 6],
          "rotation": [0, 0, -42.5]
        }, {
          "cubes": [
            {
              "origin": [26.95, 95, 4.5],
              "size": [3, 4, 3],
              "uv": [168, 118]
            },
            {
              "origin": [29.95, 93.5, 4],
              "size": [4, 7, 4],
              "uv": [262, 0]
            },
            {
              "origin": [33.95, 95, 4.5],
              "size": [4, 4, 3],
              "uv": [69, 224]
            },
            {
              "origin": [37.95, 96, 5],
              "size": [5, 2, 2],
              "uv": [246, 48]
            }
          ],
          "name": "bone34",
          "parent": "bone28",
          "pivot": [37.95, 95, 6]
        }, {
          "cubes": [
            {
              "mirror": true,
              "origin": [-25.95, 96, 5],
              "size": [26, 2, 2],
              "uv": [86, 30]
            }
          ],
          "name": "bone29",
          "parent": "bone27",
          "pivot": [-16.45, 97, 6],
          "rotation": [0, 0, 42.5]
        }, {
          "cubes": [
            {
              "mirror": true,
              "origin": [-28.95, 95, 4.5],
              "size": [3, 4, 3],
              "uv": [168, 118]
            },
            {
              "mirror": true,
              "origin": [-32.95, 93.5, 4],
              "size": [4, 7, 4],
              "uv": [262, 0]
            },
            {
              "mirror": true,
              "origin": [-36.95, 95, 4.5],
              "size": [4, 4, 3],
              "uv": [69, 224]
            },
            {
              "mirror": true,
              "origin": [-41.95, 96, 5],
              "size": [5, 2, 2],
              "uv": [246, 48]
            }
          ],
          "name": "bone35",
          "parent": "bone29",
          "pivot": [-36.95, 95, 6]
        }, {
          "cubes": [
            {
              "mirror": true,
              "origin": [-25.95, 64, 5],
              "size": [26, 2, 2],
              "uv": [86, 30]
            }
          ],
          "name": "bone30",
          "parent": "bone27",
          "pivot": [-16.45, 65, 6],
          "rotation": [0, 0, -42.5]
        }, {
          "cubes": [
            {
              "mirror": true,
              "origin": [-28.95, 63, 4.5],
              "size": [3, 4, 3],
              "uv": [168, 118]
            },
            {
              "mirror": true,
              "origin": [-32.95, 61.5, 4],
              "size": [4, 7, 4],
              "uv": [262, 0]
            },
            {
              "mirror": true,
              "origin": [-41.95, 64, 5],
              "size": [5, 2, 2],
              "uv": [246, 48]
            },
            {
              "mirror": true,
              "origin": [-36.95, 63, 4.5],
              "size": [4, 4, 3],
              "uv": [69, 224]
            }
          ],
          "name": "bone32",
          "parent": "bone30",
          "pivot": [-32.95, 67, 6]
        }, {
          "cubes": [
            {
              "mirror": true,
              "origin": [0.95, 64, 5],
              "size": [26, 2, 2],
              "uv": [86, 30]
            }
          ],
          "name": "bone31",
          "parent": "bone27",
          "pivot": [17.45, 65, 6],
          "rotation": [0, 0, 42.5]
        }, {
          "cubes": [
            {
              "origin": [26.95, 63, 4.5],
              "size": [3, 4, 3],
              "uv": [168, 118]
            },
            {
              "origin": [29.95, 61.5, 4],
              "size": [4, 7, 4],
              "uv": [262, 0]
            },
            {
              "origin": [33.95, 63, 4.5],
              "size": [4, 4, 3],
              "uv": [69, 224]
            },
            {
              "origin": [37.95, 64, 5],
              "size": [5, 2, 2],
              "uv": [246, 48]
            }
          ],
          "name": "bone33",
          "parent": "bone31",
          "pivot": [37.95, 67, 6]
        }, {
          "cubes": [
            {
              "origin": [-4.05, 91.5, 19],
              "size": [9, 3, 2],
              "uv": [190, 102]
            }
          ],
          "name": "bone36",
          "parent": "torso",
          "pivot": [-0.05, 91.5, 19],
          "rotation": [-32.5, 0, 0]
        }, {
          "cubes": [
            {
              "origin": [-3.55, 91.63266, 19.37592],
              "size": [8, 41, 3],
              "uv": [27, 464]
            },
            {
              "origin": [-2.55, 132.63266, 19.37592],
              "size": [6, 11, 3],
              "uv": [67, 194]
            },
            {
              "origin": [-1.55, 143.63266, 19.87592],
              "size": [4, 6, 2],
              "uv": [118, 76]
            }
          ],
          "name": "bone37",
          "parent": "bone36",
          "pivot": [0.45, 91.75, 19.4],
          "rotation": [7.5, 0, 0]
        }, {
          "cubes": [
            {
              "origin": [-7.55664, 105.51277, 20.70014],
              "size": [11, 22, 0],
              "uv": [240, 219]
            }
          ],
          "name": "bone44",
          "parent": "bone37",
          "pivot": [-1.3, 106.63266, 19.77592],
          "rotation": [-2.5, 5, -17.5]
        }, {
          "cubes": [
            {
              "origin": [-2.59336, 105.51277, 20.70014],
              "size": [11, 22, 0],
              "uv": [204, 241]
            }
          ],
          "name": "bone45",
          "parent": "bone37",
          "pivot": [2.3, 106.63266, 19.77592],
          "rotation": [-2.5, -5, 17.5]
        }, {
          "cubes": [
            {
              "origin": [-2.45, 90.63266, 19.75092],
              "size": [8, 43, 3],
              "uv": [57, 462]
            },
            {
              "origin": [-1.45, 133.63266, 19.75092],
              "size": [6, 8, 3],
              "uv": [261, 185]
            },
            {
              "origin": [-0.45, 141.63266, 20.25092],
              "size": [4, 6, 2],
              "uv": [236, 263]
            }
          ],
          "name": "bone38",
          "parent": "bone36",
          "pivot": [1.55, 90.75, 19.75],
          "rotation": [4.28886, -8.11443, 25.44719]
        }, {
          "cubes": [
            {
              "origin": [-1.80051, 103.61448, 20.8942],
              "size": [11, 22, 0],
              "uv": [226, 241]
            }
          ],
          "name": "bone46",
          "parent": "bone38",
          "pivot": [3.05, 105.13266, 20.77592],
          "rotation": [-3.57043, -12.53247, 16.96659]
        }, {
          "cubes": [
            {
              "mirror": true,
              "origin": [-4.55, 90.88266, 19.72592],
              "size": [8, 43, 3],
              "uv": [57, 462]
            },
            {
              "mirror": true,
              "origin": [-3.55, 133.88266, 19.72592],
              "size": [6, 8, 3],
              "uv": [262, 185]
            },
            {
              "mirror": true,
              "origin": [-2.55, 141.88266, 20.22592],
              "size": [4, 6, 2],
              "uv": [236, 263]
            }
          ],
          "name": "bone39",
          "parent": "bone36",
          "pivot": [-0.55, 91, 19.75],
          "rotation": [4.28886, 8.11443, -25.44719]
        }, {
          "cubes": [
            {
              "mirror": true,
              "origin": [-8.99949, 103.86448, 20.6942],
              "pivot": [-5.99949, 93.86448, 20.6942],
              "rotation": [0, -2.5, 0],
              "size": [11, 22, 0],
              "uv": [226, 241]
            }
          ],
          "name": "bone40",
          "parent": "bone39",
          "pivot": [-2.05, 105.38266, 20.77592],
          "rotation": [-3.57043, 12.53247, -16.96659]
        }, {
          "cubes": [
            {
              "inflate": 0.01,
              "origin": [-2.3, 90.63266, 19.67592],
              "size": [8, 34, 3],
              "uv": [90, 470]
            }
          ],
          "name": "bone42",
          "parent": "bone36",
          "pivot": [1.7, 90.75, 19.7],
          "rotation": [-3.6839, -7.01439, 53.5015]
        }, {
          "cubes": [
            {
              "origin": [-2.3, 124.63266, 19.67592],
              "size": [8, 9, 3],
              "uv": [117, 495]
            },
            {
              "origin": [-1.3, 133.63266, 19.67592],
              "size": [6, 6, 3],
              "uv": [185, 271]
            },
            {
              "origin": [-0.3, 139.63266, 20.17592],
              "size": [4, 6, 2],
              "uv": [264, 86]
            }
          ],
          "name": "bone43",
          "parent": "bone42",
          "pivot": [5.7, 124.63266, 20.77592],
          "rotation": [0, 0, -12.5]
        }, {
          "cubes": [
            {
              "inflate": 0.01,
              "mirror": true,
              "origin": [-4.45, 90.63266, 19.67592],
              "size": [8, 34, 3],
              "uv": [90, 470]
            }
          ],
          "name": "bone41",
          "parent": "bone36",
          "pivot": [-0.45, 90.75, 19.7],
          "rotation": [-3.6839, 7.01439, -53.5015]
        }, {
          "cubes": [
            {
              "mirror": true,
              "origin": [-4.45, 124.63266, 19.67592],
              "size": [8, 9, 3],
              "uv": [117, 495]
            },
            {
              "mirror": true,
              "origin": [-3.45, 133.63266, 19.67592],
              "size": [6, 6, 3],
              "uv": [185, 271]
            },
            {
              "mirror": true,
              "origin": [-2.45, 139.63266, 20.17592],
              "size": [4, 6, 2],
              "uv": [264, 86]
            }
          ],
          "name": "bone47",
          "parent": "bone41",
          "pivot": [-4.45, 124.63266, 20.77592],
          "rotation": [0, 0, 12.5]
        }, {
          "cubes": [
            {
              "origin": [-10, 70.5, -22],
              "size": [21, 20, 21],
              "uv": [0, 43]
            }
          ],
          "name": "bone4",
          "parent": "torso",
          "pivot": [-0.25, 72, -1]
        }, {
          "cubes": [
            {
              "origin": [-2, 64.5, -19],
              "size": [5, 6, 10],
              "uv": [146, 235]
            },
            {
              "origin": [-1, 65.5, -29],
              "size": [3, 16, 10],
              "uv": [0, 232]
            }
          ],
          "name": "bone11",
          "parent": "bone4",
          "pivot": [0.5, 70.5, -9],
          "rotation": [-17.5, 0, 0]
        }, {
          "cubes": [
            {
              "origin": [0.5, 65.5, -35],
              "size": [0, 15, 11],
              "uv": [68, 232]
            }
          ],
          "name": "bone12",
          "parent": "bone11",
          "pivot": [0.5, 73, -28],
          "rotation": [17.5, 0, 0]
        }, {
          "name": "torso_upper",
          "parent": "bone4",
          "pivot": [-0.25, -5, -4]
        }, {
          "cubes": [
            {
              "origin": [-6, 88.06067, -21.07569],
              "size": [13, 12, 14],
              "uv": [156, 29]
            }
          ],
          "name": "bone3",
          "parent": "torso_upper",
          "pivot": [0.5, 88.425, -8.525],
          "rotation": [12.5, 0, 0]
        }, {
          "cubes": [
            {
              "origin": [-7.5, 99.81067, -21.82569],
              "size": [16, 17, 16],
              "uv": [0, 121]
            }
          ],
          "name": "bone2",
          "parent": "bone3",
          "pivot": [0.5, 99.81067, -7.07569]
        }, {
          "cubes": [
            {
              "origin": [6.825, 98.83567, -20.52569],
              "size": [12, 18, 4],
              "uv": [210, 53]
            },
            {
              "origin": [18.825, 101.08567, -20.52569],
              "size": [12, 15, 3],
              "uv": [0, 307]
            },
            {
              "origin": [18.825, 103.33567, -20.55069],
              "size": [11, 8, 0],
              "uv": [0, 274]
            }
          ],
          "name": "bone5",
          "parent": "bone2",
          "pivot": [8.325, 109.76067, -19.97569],
          "rotation": [3.49226, -34.84748, -6.0963]
        }, {
          "cubes": [
            {
              "mirror": true,
              "origin": [-28.825, 103.33567, -20.55069],
              "size": [11, 8, 0],
              "uv": [0, 274]
            },
            {
              "mirror": true,
              "origin": [-17.825, 98.83567, -20.52569],
              "size": [12, 18, 4],
              "uv": [210, 53]
            },
            {
              "mirror": true,
              "origin": [-29.825, 101.08567, -20.52569],
              "size": [12, 15, 3],
              "uv": [0, 307]
            }
          ],
          "name": "bone6",
          "parent": "bone2",
          "pivot": [-7.325, 109.76067, -19.97569],
          "rotation": [3.49226, 34.84748, 6.0963]
        }, {
          "cubes": [
            {
              "origin": [-5, 116.31236, -21.40321],
              "size": [11, 13, 10],
              "uv": [186, 182]
            }
          ],
          "name": "neck",
          "parent": "bone2",
          "pivot": [0.5, 116.31846, -11.40218],
          "rotation": [15, 0, 0]
        }, {
          "cubes": [
            {
              "origin": [-5.75414, 130.00042, -28.91715],
              "pivot": [-1.65, 141.98601, -21.81301],
              "rotation": [0, -45, 0],
              "size": [9, 8, 9],
              "uv": [132, 107]
            }, {
              "inflate": 0.02,
              "origin": [-5.75414, 134.97542, -29.06715],
              "pivot": [-1.65, 142.96101, -21.96301],
              "rotation": [0, -45, 0],
              "size": [9, 2, 9],
              "uv": [232, 75]
            }, {
              "inflate": 0.01,
              "origin": [-6.025, 130.00042, -23.3745],
              "size": [13, 8, 3],
              "uv": [232, 86]
            },
            {
              "origin": [-0.525, 138.02542, -27.3745],
              "size": [2, 0, 7],
              "uv": [501, 505]
            },
            {
              "inflate": 0.03,
              "origin": [6.05, 135.00042, -23.5245],
              "size": [1, 2, 4],
              "uv": [124, 264]
            },
            {
              "origin": [-6.1, 135.00042, -23.5245],
              "size": [1, 2, 4],
              "uv": [134, 264]
            },
            {
              "origin": [-6.525, 127.01101, -20.38801],
              "size": [14, 11, 9],
              "uv": [156, 55]
            }
          ],
          "name": "head",
          "parent": "neck",
          "pivot": [0.45, 127.31236, -17.40321]
        }, {
          "cubes": [
            {
              "origin": [-5.5, 126.93601, -11.88801],
              "size": [12, 11, 9],
              "uv": [179, 133]
            },
            {
              "origin": [-5, 127.93601, -2.88801],
              "size": [11, 9, 7],
              "uv": [228, 170]
            },
            {
              "origin": [-3, 130.93601, 4.11199],
              "size": [7, 5, 6],
              "uv": [90, 250]
            }
          ],
          "name": "head2",
          "parent": "head",
          "pivot": [0.5, 126.93601, -13.88801],
          "rotation": [3.25, 0, 0]
        }, {
          "cubes": [
            {
              "inflate": 0.01,
              "origin": [5.975, 126.50042, -25.4995],
              "size": [2, 5, 6],
              "uv": [90, 232]
            }, {
              "origin": [5.925, 126.50042, -35.4995],
              "pivot": [7.95, 129.48601, -25.51301],
              "rotation": [0, 48, 0],
              "size": [2, 5, 10],
              "uv": [242, 117]
            }, {
              "origin": [7.925, 124.75042, -34.2495],
              "pivot": [7.95, 127.73601, -24.26301],
              "rotation": [34.8721, 42.33917, 25.14372],
              "size": [0, 5, 10],
              "uv": [146, 251]
            }, {
              "mirror": true,
              "origin": [-6.95, 126.50042, -35.4995],
              "pivot": [-6.95, 129.48601, -25.51301],
              "rotation": [0, -48.25, 0],
              "size": [2, 5, 10],
              "uv": [242, 117]
            }, {
              "origin": [-6.95, 124.75042, -34.2495],
              "pivot": [-6.95, 127.73601, -24.26301],
              "rotation": [35.00302, -42.54411, -25.33773],
              "size": [0, 5, 10],
              "uv": [146, 251]
            }, {
              "inflate": 0.01,
              "mirror": true,
              "origin": [-7.025, 126.50042, -25.4995],
              "size": [2, 5, 6],
              "uv": [108, 261]
            }
          ],
          "name": "bone9",
          "parent": "head",
          "pivot": [0.6, 135.71101, -17.06301]
        }, {
          "cubes": [
            {
              "origin": [6.95, 128.71101, -22.06301],
              "size": [1, 9, 4],
              "uv": [121, 154]
            }
          ],
          "name": "bone18",
          "parent": "bone9",
          "pivot": [7.45, 130.7021, -20.49217],
          "rotation": [-32.26251, 4.55749, 5.96275]
        }, {
          "cubes": [
            {
              "origin": [7.925, 133.71101, -41.56301],
              "size": [0, 4, 22],
              "uv": [178, 107]
            }
          ],
          "name": "bone19",
          "parent": "bone18",
          "pivot": [7.925, 136.21101, -19.31301],
          "rotation": [-15, 0, 0]
        }, {
          "cubes": [
            {
              "mirror": true,
              "origin": [-7, 128.71101, -22.06301],
              "size": [1, 9, 4],
              "uv": [121, 154]
            }
          ],
          "name": "bone20",
          "parent": "bone9",
          "pivot": [-6.5, 130.7021, -20.49217],
          "rotation": [-32.26251, -4.55749, -5.96275]
        }, {
          "cubes": [
            {
              "mirror": true,
              "origin": [-6.975, 133.71101, -41.56301],
              "size": [0, 4, 22],
              "uv": [178, 107]
            }
          ],
          "name": "bone21",
          "parent": "bone20",
          "pivot": [-6.975, 136.21101, -19.31301],
          "rotation": [-15, 0, 0]
        }, {
          "cubes": [
            {
              "origin": [7, 132.98601, -23.31301],
              "size": [0, 3, 2],
              "uv": [1, 0]
            },
            {
              "origin": [6.025, 133.48601, -22.78801],
              "size": [1, 2, 1],
              "uv": [6, 0]
            }
          ],
          "name": "bone58",
          "parent": "head",
          "pivot": [0.975, 135.23601, -12.81301]
        }, {
          "cubes": [
            {
              "mirror": true,
              "origin": [-6.05, 132.98601, -23.31301],
              "size": [0, 3, 2],
              "uv": [0, 0]
            },
            {
              "mirror": true,
              "origin": [-6.075, 133.48601, -22.78801],
              "size": [1, 2, 1],
              "uv": [6, 0]
            }
          ],
          "name": "bone59",
          "parent": "head",
          "pivot": [-0.025, 135.23601, -12.81301]
        }, {
          "cubes": [
            {
              "inflate": 0.02,
              "origin": [-6.025, 127.25042, -23.3995],
              "size": [13, 3, 4],
              "uv": [84, 76]
            }, {
              "inflate": 0.01,
              "origin": [-4.02868, 127.25042, -27.8995],
              "pivot": [0.47132, 128.75042, -23.3995],
              "rotation": [0, -45, 0],
              "size": [9, 3, 9],
              "uv": [222, 138]
            }
          ],
          "name": "jaw",
          "parent": "head",
          "pivot": [0.475, 130.06101, -20.26301],
          "rotation": [-2.5, 0, 0]
        }, {
          "cubes": [
            {
              "origin": [2.97132, 129.25042, -28.0495],
              "pivot": [2.97132, 130.25042, -27.0495],
              "rotation": [-45, 45, 0],
              "size": [0, 2, 2],
              "uv": [2, 5]
            }
          ],
          "name": "bone60",
          "parent": "jaw",
          "pivot": [1.97132, 129.25042, -27.0495]
        }, {
          "cubes": [
            {
              "mirror": true,
              "origin": [-2.07132, 129.25042, -28.0495],
              "pivot": [-2.07132, 130.25042, -27.0495],
              "rotation": [-45, -45, 0],
              "size": [0, 2, 2],
              "uv": [2, 5]
            }
          ],
          "name": "bone61",
          "parent": "jaw",
          "pivot": [-1.07132, 129.25042, -27.0495]
        }, {
          "cubes": [
            {
              "origin": [7.5, 120.48601, -20.63801],
              "size": [0, 17, 9],
              "uv": [244, 0]
            },
            {
              "origin": [7.5, 134.48601, -11.63801],
              "size": [0, 2, 21],
              "uv": [44, 187]
            },
            {
              "origin": [7, 133.98601, 9.36199],
              "size": [1, 3, 2],
              "uv": [202, 67]
            },
            {
              "origin": [6.5, 133.98601, 16.36199],
              "size": [2, 3, 2],
              "uv": [56, 154]
            },
            {
              "origin": [7, 134.48601, 18.36199],
              "size": [1, 2, 4],
              "uv": [264, 169]
            },
            {
              "origin": [6.5, 133.48601, 11.36199],
              "size": [2, 4, 5],
              "uv": [54, 234]
            }
          ],
          "name": "bone10",
          "parent": "head",
          "pivot": [0.5, 135.48601, -8.63801],
          "rotation": [2.5, 0, 0]
        }, {
          "cubes": [
            {
              "mirror": true,
              "origin": [-6.6, 120.48601, -20.63801],
              "size": [0, 17, 9],
              "uv": [244, 0]
            },
            {
              "mirror": true,
              "origin": [-6.6, 134.48601, -11.63801],
              "size": [0, 2, 21],
              "uv": [44, 187]
            },
            {
              "origin": [-7.1, 133.98601, 9.36199],
              "size": [1, 3, 2],
              "uv": [146, 205]
            },
            {
              "origin": [-7.6, 133.48601, 11.36199],
              "size": [2, 4, 5],
              "uv": [54, 243]
            },
            {
              "origin": [-7.6, 133.98601, 16.36199],
              "size": [2, 3, 2],
              "uv": [110, 172]
            },
            {
              "origin": [-7.1, 134.48601, 18.36199],
              "size": [1, 2, 4],
              "uv": [264, 175]
            }
          ],
          "name": "bone17",
          "parent": "head",
          "pivot": [0.4, 135.48601, -8.63801],
          "rotation": [2.5, 0, 0]
        }, {
          "cubes": [
            {
              "origin": [0.5, 118.31846, -12.40218],
              "size": [0, 7, 17],
              "uv": [0, 208]
            }
          ],
          "name": "bone48",
          "parent": "neck",
          "pivot": [0.5, 123.31846, -11.40218],
          "rotation": [10, 0, 0]
        }, {
          "cubes": [
            {
              "origin": [-6.2, 101.56067, -29.82569],
              "size": [12, 12, 10],
              "uv": [0, 186]
            },
            {
              "origin": [-5.2, 102.56067, -36.82569],
              "size": [10, 10, 7],
              "uv": [228, 186]
            },
            {
              "origin": [-5.2, 112.56067, -38.82569],
              "size": [10, 0, 2],
              "uv": [212, 22]
            },
            {
              "origin": [-5.2, 102.56067, -38.82569],
              "size": [10, 0, 2],
              "uv": [212, 24]
            },
            {
              "origin": [4.8, 102.56067, -38.82569],
              "size": [0, 10, 2],
              "uv": [106, 187]
            },
            {
              "origin": [-5.2, 102.56067, -38.82569],
              "size": [0, 10, 2],
              "uv": [202, 55]
            }
          ],
          "name": "bone13",
          "parent": "bone2",
          "pivot": [-0.2, 106.56067, -21.82569],
          "rotation": [0, 0, 45]
        }, {
          "cubes": [
            {
              "origin": [0.5, 109.81846, -9.40218],
              "size": [0, 7, 17],
              "uv": [0, 208]
            }
          ],
          "name": "bone49",
          "parent": "bone2",
          "pivot": [0.5, 112.81846, -9.40218],
          "rotation": [20, 0, 0]
        }, {
          "cubes": [
            {
              "origin": [0.5, 101.81846, -7.40218],
              "size": [0, 7, 17],
              "uv": [0, 208]
            }
          ],
          "name": "bone50",
          "parent": "bone2",
          "pivot": [0.5, 104.81846, -7.40218],
          "rotation": [12.5, 0, 0]
        }, {
          "cubes": [
            {
              "origin": [6.5, 92.06067, -19.07569],
              "size": [6, 5, 2],
              "uv": [90, 243]
            },
            {
              "origin": [12.5, 92.81067, -19.07569],
              "size": [6, 4, 2],
              "uv": [242, 132]
            }
          ],
          "name": "bone7",
          "parent": "bone3",
          "pivot": [6.5, 93.06067, -18.07569],
          "rotation": [0, 0, -2.5]
        }, {
          "cubes": [
            {
              "mirror": true,
              "origin": [-11.5, 92.06067, -19.07569],
              "size": [6, 5, 2],
              "uv": [90, 243]
            },
            {
              "mirror": true,
              "origin": [-17.5, 92.81067, -19.07569],
              "size": [6, 4, 2],
              "uv": [242, 132]
            }
          ],
          "name": "bone8",
          "parent": "bone3",
          "pivot": [-5.5, 93.06067, -18.07569],
          "rotation": [0, 0, 2.5]
        }, {
          "cubes": [
            {
              "origin": [-2.55, 81, 29.75],
              "size": [6, 8, 5],
              "uv": [46, 252]
            },
            {
              "origin": [-2.05, 82, 40.75],
              "size": [5, 6, 4],
              "uv": [186, 253]
            },
            {
              "origin": [-3.55, 80, 34.75],
              "size": [8, 10, 6],
              "uv": [240, 203]
            }
          ],
          "name": "bone26",
          "parent": "torso",
          "pivot": [0.45, 85, 29.75],
          "rotation": [17.5, 0, 0]
        }, {
          "cubes": [
            {
              "origin": [2.56574, 58.7736, -20.8762],
              "size": [12, 21, 15],
              "uv": [64, 125]
            }
          ],
          "name": "bone14",
          "parent": "body",
          "pivot": [8, 75.25, -13.25],
          "rotation": [-4.99559, -0.28269, -14.48053]
        }, {
          "cubes": [
            {
              "origin": [2.06574, 48.7736, -20.8762],
              "size": [13, 10, 15],
              "uv": [118, 154]
            },
            {
              "origin": [1.06574, 32.7736, -23.8762],
              "size": [15, 16, 21],
              "uv": [0, 84]
            },
            {
              "origin": [2.06574, 22.7736, -24.8762],
              "size": [13, 10, 23],
              "uv": [84, 43]
            },
            {
              "origin": [2.56574, 14.7736, -24.3762],
              "size": [12, 8, 22],
              "uv": [86, 0]
            },
            {
              "origin": [-1.93426, -2.2264, -13.8762],
              "size": [21, 36, 0],
              "uv": [330, 0]
            },
            {
              "origin": [8.56574, -3.2264, -31.8762],
              "size": [0, 45, 8],
              "uv": [154, 179]
            },
            {
              "origin": [8.56574, -3.2264, -2.8762],
              "size": [0, 45, 8],
              "uv": [170, 182]
            }
          ],
          "name": "bone15",
          "parent": "bone14",
          "pivot": [8.55181, 58.76483, -20.8512],
          "rotation": [2, 0, 0]
        }, {
          "cubes": [
            {
              "origin": [8.61574, 52.7736, -52.3762],
              "pivot": [8.61574, 52.7736, -23.3762],
              "rotation": [-37.5, 0, 0],
              "size": [0, 2, 29],
              "uv": [132, 76]
            }, {
              "origin": [7.06574, 48.2736, -22.8762],
              "pivot": [8.56574, 52.2736, -21.3762],
              "rotation": [0, -45, 0],
              "size": [5, 11, 5],
              "uv": [126, 248]
            }
          ],
          "name": "bone16",
          "parent": "bone15",
          "pivot": [8.56574, 52.0236, -20.1262],
          "rotation": [-7.5, 0, 0]
        }, {
          "cubes": [
            {
              "mirror": true,
              "origin": [-13.56574, 58.7736, -20.8762],
              "size": [12, 21, 15],
              "uv": [64, 125]
            }
          ],
          "name": "bone51",
          "parent": "body",
          "pivot": [-7, 75.25, -13.25],
          "rotation": [-4.99559, 0.28269, 14.48053]
        }, {
          "cubes": [
            {
              "mirror": true,
              "origin": [-14.06574, 48.7736, -20.8762],
              "size": [13, 10, 15],
              "uv": [118, 154]
            },
            {
              "mirror": true,
              "origin": [-15.06574, 32.7736, -23.8762],
              "size": [15, 16, 21],
              "uv": [0, 84]
            },
            {
              "mirror": true,
              "origin": [-14.06574, 22.7736, -24.8762],
              "size": [13, 10, 23],
              "uv": [84, 43]
            },
            {
              "mirror": true,
              "origin": [-13.56574, 14.7736, -24.3762],
              "size": [12, 8, 22],
              "uv": [86, 0]
            },
            {
              "mirror": true,
              "origin": [-18.06574, -4.2264, -13.8762],
              "size": [21, 36, 0],
              "uv": [330, 0]
            },
            {
              "mirror": true,
              "origin": [-7.56574, -3.2264, -31.8762],
              "size": [0, 45, 8],
              "uv": [154, 179]
            },
            {
              "mirror": true,
              "origin": [-7.56574, -3.2264, -2.8762],
              "size": [0, 45, 8],
              "uv": [170, 182]
            }
          ],
          "name": "bone52",
          "parent": "bone51",
          "pivot": [-7.55181, 58.76483, -20.8512],
          "rotation": [2, 0, 0]
        }, {
          "cubes": [
            {
              "mirror": true,
              "origin": [-7.61574, 52.7736, -52.3762],
              "pivot": [-7.61574, 52.7736, -23.3762],
              "rotation": [-37.5, 0, 0],
              "size": [0, 2, 29],
              "uv": [132, 76]
            }, {
              "mirror": true,
              "origin": [-11.06574, 48.2736, -22.8762],
              "pivot": [-7.56574, 52.2736, -21.3762],
              "rotation": [0, 45, 0],
              "size": [5, 11, 5],
              "uv": [126, 248]
            }
          ],
          "name": "bone53",
          "parent": "bone52",
          "pivot": [-7.56574, 52.0236, -20.1262],
          "rotation": [-7.5, 0, 0]
        }, {
          "cubes": [
            {
              "origin": [3.75, 66, 13.5],
              "size": [12, 23, 18],
              "uv": [72, 84]
            }
          ],
          "name": "bone22",
          "parent": "body",
          "pivot": [8.75, 82, 21.5]
        }, {
          "cubes": [
            {
              "origin": [4.25, 51.75, 13.75],
              "size": [11, 15, 17],
              "uv": [0, 154]
            }
          ],
          "name": "bone23",
          "parent": "bone22",
          "pivot": [10, 67, 13.5],
          "rotation": [7.5, 0, 0]
        }, {
          "cubes": [
            {
              "inflate": -0.01,
              "origin": [4.25, 51.75, 14],
              "size": [11, 11, 18],
              "uv": [154, 0]
            }
          ],
          "name": "bone24",
          "parent": "bone23",
          "pivot": [10, 51.75, 14],
          "rotation": [-35, 0, 0]
        }, {
          "cubes": [
            {
              "inflate": -0.02,
              "origin": [4.25, 45.73736, 21.02943],
              "size": [11, 17, 11],
              "uv": [174, 154]
            },
            {
              "origin": [5.25, 37.73736, 22.02943],
              "size": [9, 8, 9],
              "uv": [218, 153]
            },
            {
              "inflate": -0.02,
              "origin": [6.25, 29.73736, 23.02943],
              "size": [7, 8, 7],
              "uv": [242, 102]
            },
            {
              "origin": [7.25, 21.73736, 24.02943],
              "size": [5, 8, 5],
              "uv": [166, 253]
            },
            {
              "origin": [8.25, 13.73736, 25.02943],
              "size": [3, 8, 3],
              "uv": [142, 30]
            }
          ],
          "name": "bone25",
          "parent": "bone24",
          "pivot": [10, 62.725, 32],
          "rotation": [30, 0, 0]
        }, {
          "cubes": [
            {
              "mirror": true,
              "origin": [-14.75, 66, 13.5],
              "size": [12, 23, 18],
              "uv": [72, 84]
            }
          ],
          "name": "bone54",
          "parent": "body",
          "pivot": [-7.75, 82, 21.5]
        }, {
          "cubes": [
            {
              "mirror": true,
              "origin": [-14.25, 51.75, 13.75],
              "size": [11, 15, 17],
              "uv": [0, 154]
            }
          ],
          "name": "bone55",
          "parent": "bone54",
          "pivot": [-9, 67, 13.5],
          "rotation": [7.5, 0, 0]
        }, {
          "cubes": [
            {
              "inflate": -0.01,
              "mirror": true,
              "origin": [-14.25, 51.75, 14],
              "size": [11, 11, 18],
              "uv": [154, 0]
            }
          ],
          "name": "bone56",
          "parent": "bone55",
          "pivot": [-9, 51.75, 14],
          "rotation": [-35, 0, 0]
        }, {
          "cubes": [
            {
              "inflate": -0.02,
              "mirror": true,
              "origin": [-14.25, 45.73736, 21.02943],
              "size": [11, 17, 11],
              "uv": [174, 154]
            }, {
              "inflate": -0.02,
              "mirror": true,
              "origin": [-13.25, 37.73736, 22.02943],
              "size": [9, 8, 9],
              "uv": [218, 153]
            }, {
              "mirror": true,
              "origin": [-12.25, 29.73736, 23.02943],
              "size": [7, 8, 7],
              "uv": [242, 102]
            },
            {
              "mirror": true,
              "origin": [-11.25, 21.73736, 24.02943],
              "size": [5, 8, 5],
              "uv": [166, 253]
            },
            {
              "mirror": true,
              "origin": [-10.25, 13.73736, 25.02943],
              "size": [3, 8, 3],
              "uv": [142, 30]
            }
          ],
          "name": "bone57",
          "parent": "bone56",
          "pivot": [-9, 62.725, 32],
          "rotation": [30, 0, 0]
        }
      ],
      "description": {
        "identifier": "geometry.dialga_origin",
        "texture_height": 512,
        "texture_width": 512,
        "visible_bounds_height": 10.5,
        "visible_bounds_offset": [0, 4.75, 0],
        "visible_bounds_width": 7
      }
    }
  ]
}