{
  "format_version": "1.12.0",
  "minecraft:geometry": [
    {
      "description": {
        "identifier": "geometry.altaria_mega",
        "texture_width": 128,
        "texture_height": 128,
        "visible_bounds_width": 7,
        "visible_bounds_height": 4.5,
        "visible_bounds_offset": [
          0,
          1.75,
          0
        ]
      },
      "bones": [
        {
          "name": "altaria_mega",
          "pivot": [
            0,
            0,
            0
          ]
        },
        {
          "name": "body",
          "parent": "altaria_mega",
          "pivot": [
            0,
            -6.5,
            0
          ]
        },
        {
          "name": "torso",
          "parent": "body",
          "pivot": [
            0,
            -9.25,
            -2
          ],
          "cubes": [
            {
              "origin": [
                -4.5,
                2.75,
                -3
              ],
              "size": [
                9,
                9,
                13
              ],
              "uv": [
                2,
                22
              ]
            }
          ]
        },
        {
          "name": "neck",
          "parent": "torso",
          "pivot": [
            0,
            10.9924,
            -0.66318
          ],
          "cubes": [
            {
              "origin": [
                -2,
                10.5,
                -1.25
              ],
              "size": [
                4,
                9,
                3
              ],
              "pivot": [
                0,
                14.5,
                0.25
              ],
              "rotation": [
                -10,
                0,
                0
              ],
              "uv": [
                87,
                18
              ]
            },
            {
              "origin": [
                -2.5,
                14.5,
                -1.75
              ],
              "size": [
                5,
                4,
                4
              ],
              "pivot": [
                0,
                14.5,
                0.25
              ],
              "rotation": [
                -10,
                0,
                0
              ],
              "uv": [
                110,
                20
              ]
            },
            {
              "origin": [
                -2.5,
                14.5,
                -1.75
              ],
              "size": [
                5,
                4,
                4
              ],
              "inflate": 0.2,
              "pivot": [
                0,
                14.5,
                0.25
              ],
              "rotation": [
                -10,
                0,
                0
              ],
              "uv": [
                110,
                0
              ]
            }
          ]
        },
        {
          "name": "head",
          "parent": "neck",
          "pivot": [
            0,
            19,
            1.5
          ],
          "cubes": [
            {
              "origin": [
                -3,
                19,
                -2.5
              ],
              "size": [
                6,
                6,
                6
              ],
              "uv": [
                37,
                0
              ]
            },
            {
              "origin": [
                -3.5,
                25,
                -1.5
              ],
              "size": [
                7,
                7,
                0
              ],
              "uv": [
                88,
                0
              ]
            },
            {
              "origin": [
                -6.5,
                22.5,
                1.5
              ],
              "size": [
                7,
                7,
                0
              ],
              "pivot": [
                -3,
                22.5,
                1.5
              ],
              "rotation": [
                10,
                82.5,
                -22.5
              ],
              "uv": [
                88,
                0
              ]
            },
            {
              "origin": [
                -0.5,
                22.5,
                1.5
              ],
              "size": [
                7,
                7,
                0
              ],
              "pivot": [
                3,
                22.5,
                1.5
              ],
              "rotation": [
                10,
                -82.5,
                22.5
              ],
              "uv": [
                88,
                0
              ],
              "mirror": true
            },
            {
              "origin": [
                -3.5,
                23,
                -0.5
              ],
              "size": [
                7,
                5,
                6
              ],
              "pivot": [
                0,
                27,
                5
              ],
              "rotation": [
                -22.5,
                0,
                0
              ],
              "uv": [
                87,
                65
              ]
            },
            {
              "origin": [
                -3.5,
                23,
                -0.5
              ],
              "size": [
                7,
                5,
                6
              ],
              "inflate": 0.2,
              "pivot": [
                0,
                27,
                5
              ],
              "rotation": [
                -22.5,
                0,
                0
              ],
              "uv": [
                93,
                76
              ]
            },
            {
              "origin": [
                -2.5,
                27.5,
                0.25
              ],
              "size": [
                5,
                4,
                4
              ],
              "uv": [
                110,
                20
              ]
            },
            {
              "origin": [
                -2.5,
                27.5,
                0.25
              ],
              "size": [
                5,
                4,
                4
              ],
              "inflate": 0.2,
              "uv": [
                110,
                0
              ]
            },
            {
              "origin": [
                -2.5,
                21.5,
                3.25
              ],
              "size": [
                5,
                4,
                4
              ],
              "inflate": 0.2,
              "uv": [
                110,
                0
              ]
            },
            {
              "origin": [
                -2.5,
                21.5,
                3.25
              ],
              "size": [
                5,
                4,
                4
              ],
              "uv": [
                110,
                20
              ]
            }
          ]
        },
        {
          "name": "hair",
          "parent": "head",
          "pivot": [
            0,
            25,
            -2.5
          ],
          "cubes": [
            {
              "origin": [
                -0.5,
                25,
                -2.5
              ],
              "size": [
                1,
                1,
                0
              ],
              "uv": [
                47,
                6
              ]
            }
          ]
        },
        {
          "name": "hair2",
          "parent": "hair",
          "pivot": [
            0,
            26,
            -2.5
          ],
          "cubes": [
            {
              "origin": [
                -0.5,
                31,
                -2.5
              ],
              "size": [
                1,
                2,
                0
              ],
              "uv": [
                53,
                7
              ]
            },
            {
              "origin": [
                -1,
                26,
                -2.5
              ],
              "size": [
                2,
                5,
                0
              ],
              "uv": [
                52,
                7
              ]
            }
          ]
        },
        {
          "name": "cheek",
          "parent": "head",
          "pivot": [
            0,
            21.75,
            -1.5
          ]
        },
        {
          "name": "cheek_right",
          "parent": "cheek",
          "pivot": [
            0,
            21.75,
            -1.5
          ],
          "cubes": [
            {
              "origin": [
                2,
                19.5,
                -2.51
              ],
              "size": [
                1,
                2,
                0
              ],
              "uv": [
                0,
                5
              ]
            },
            {
              "origin": [
                3.01,
                19.5,
                -2.51
              ],
              "size": [
                0,
                2,
                2
              ],
              "uv": [
                0,
                46
              ]
            }
          ]
        },
        {
          "name": "cheek_left",
          "parent": "cheek",
          "pivot": [
            -5,
            21.75,
            -1.5
          ],
          "cubes": [
            {
              "origin": [
                -3,
                19.5,
                -2.51
              ],
              "size": [
                1,
                2,
                0
              ],
              "uv": [
                0,
                0
              ]
            },
            {
              "origin": [
                -3.01,
                19.5,
                -2.51
              ],
              "size": [
                0,
                2,
                2
              ],
              "uv": [
                8,
                8
              ]
            }
          ]
        },
        {
          "name": "beak",
          "parent": "head",
          "pivot": [
            0.0005,
            21.5,
            -3
          ],
          "cubes": [
            {
              "origin": [
                -1.5,
                20.5,
                -4
              ],
              "size": [
                3,
                1,
                2
              ],
              "uv": [
                0,
                10
              ]
            },
            {
              "origin": [
                -1.499,
                20,
                -3.5
              ],
              "size": [
                3,
                1,
                1
              ],
              "uv": [
                0,
                32
              ]
            }
          ]
        },
        {
          "name": "eye_right",
          "parent": "head",
          "pivot": [
            1.75,
            22.5,
            -2.51
          ],
          "cubes": [
            {
              "origin": [
                1.25,
                21.5,
                -2.51
              ],
              "size": [
                1,
                2,
                0
              ],
              "uv": [
                0,
                7
              ]
            }
          ]
        },
        {
          "name": "eyelid_right",
          "parent": "eye_right",
          "pivot": [
            1.75,
            22.5,
            -2.41
          ],
          "cubes": [
            {
              "origin": [
                1.25,
                21.5,
                -2.41
              ],
              "size": [
                1,
                2,
                0
              ],
              "inflate": 0.01,
              "uv": [
                87,
                91
              ]
            }
          ]
        },
        {
          "name": "eye_left",
          "parent": "head",
          "pivot": [
            -1.75,
            22.25,
            -2.51
          ],
          "cubes": [
            {
              "origin": [
                -2.25,
                21.5,
                -2.51
              ],
              "size": [
                1,
                2,
                0
              ],
              "uv": [
                6,
                0
              ]
            }
          ]
        },
        {
          "name": "eyelid_left",
          "parent": "eye_left",
          "pivot": [
            -1.75,
            22.5,
            -2.41
          ],
          "cubes": [
            {
              "origin": [
                -2.25,
                21.5,
                -2.41
              ],
              "size": [
                1,
                2,
                0
              ],
              "inflate": 0.01,
              "uv": [
                82,
                92
              ]
            }
          ]
        },
        {
          "name": "wing_left",
          "parent": "torso",
          "pivot": [
            -4.075,
            7.75,
            2.5
          ],
          "cubes": [
            {
              "origin": [
                -5,
                4.25,
                -1
              ],
              "size": [
                2,
                7,
                7
              ],
              "uv": [
                59,
                55
              ]
            },
            {
              "origin": [
                -10.15,
                7.25,
                0
              ],
              "size": [
                8,
                9,
                9
              ],
              "inflate": 0.2,
              "uv": [
                25,
                53
              ]
            },
            {
              "origin": [
                -13.5,
                11.5,
                3.25
              ],
              "size": [
                5,
                4,
                4
              ],
              "uv": [
                110,
                20
              ]
            },
            {
              "origin": [
                -13.5,
                11.5,
                3.25
              ],
              "size": [
                5,
                4,
                4
              ],
              "inflate": 0.2,
              "uv": [
                110,
                0
              ]
            },
            {
              "origin": [
                -13,
                3.25,
                -2
              ],
              "size": [
                8,
                9,
                9
              ],
              "uv": [
                59,
                53
              ]
            },
            {
              "origin": [
                -13.15,
                3.25,
                -2
              ],
              "size": [
                8,
                9,
                9
              ],
              "inflate": 0.2,
              "uv": [
                25,
                53
              ]
            },
            {
              "origin": [
                -10,
                7.25,
                0
              ],
              "size": [
                8,
                9,
                9
              ],
              "uv": [
                59,
                53
              ]
            }
          ]
        },
        {
          "name": "wing_left2",
          "parent": "wing_left",
          "pivot": [
            -12.275,
            7.75,
            2.5
          ],
          "cubes": [
            {
              "origin": [
                -21,
                3.25,
                -2
              ],
              "size": [
                8,
                9,
                9
              ],
              "uv": [
                0,
                44
              ]
            },
            {
              "origin": [
                -21.55,
                3.25,
                -2
              ],
              "size": [
                8,
                9,
                9
              ],
              "inflate": 0.2,
              "uv": [
                37,
                35
              ]
            },
            {
              "origin": [
                -18.5,
                10.5,
                1.25
              ],
              "size": [
                5,
                4,
                4
              ],
              "uv": [
                110,
                20
              ]
            },
            {
              "origin": [
                -18.5,
                10.5,
                1.25
              ],
              "size": [
                5,
                4,
                4
              ],
              "inflate": 0.2,
              "uv": [
                110,
                0
              ]
            }
          ]
        },
        {
          "name": "wing_left3",
          "parent": "wing_left2",
          "pivot": [
            -20.225,
            7.75,
            2.5
          ],
          "cubes": [
            {
              "origin": [
                -29,
                3.25,
                -2
              ],
              "size": [
                8,
                9,
                9
              ],
              "uv": [
                37,
                13
              ]
            },
            {
              "origin": [
                -28.95,
                3.25,
                -2
              ],
              "size": [
                7,
                9,
                9
              ],
              "inflate": 0.2,
              "uv": [
                0,
                80
              ]
            }
          ]
        },
        {
          "name": "wing_right",
          "parent": "torso",
          "pivot": [
            4.075,
            7.75,
            2.5
          ],
          "cubes": [
            {
              "origin": [
                3,
                4.25,
                -1
              ],
              "size": [
                2,
                7,
                7
              ],
              "uv": [
                67,
                75
              ]
            },
            {
              "origin": [
                2.15,
                7.25,
                0
              ],
              "size": [
                8,
                9,
                9
              ],
              "inflate": 0.2,
              "uv": [
                62,
                0
              ]
            },
            {
              "origin": [
                8.5,
                11.5,
                3.25
              ],
              "size": [
                5,
                4,
                4
              ],
              "uv": [
                110,
                20
              ],
              "mirror": true
            },
            {
              "origin": [
                8.5,
                11.5,
                3.25
              ],
              "size": [
                5,
                4,
                4
              ],
              "inflate": 0.2,
              "uv": [
                110,
                0
              ],
              "mirror": true
            },
            {
              "origin": [
                2,
                7.25,
                0
              ],
              "size": [
                8,
                9,
                9
              ],
              "uv": [
                59,
                71
              ]
            },
            {
              "origin": [
                5,
                3.25,
                -2
              ],
              "size": [
                8,
                9,
                9
              ],
              "uv": [
                59,
                71
              ]
            },
            {
              "origin": [
                5.15,
                3.25,
                -2
              ],
              "size": [
                8,
                9,
                9
              ],
              "inflate": 0.2,
              "uv": [
                62,
                0
              ]
            }
          ]
        },
        {
          "name": "wing_right2",
          "parent": "wing_right",
          "pivot": [
            12.275,
            7.75,
            2.5
          ],
          "cubes": [
            {
              "origin": [
                13,
                3.25,
                -2
              ],
              "size": [
                8,
                9,
                9
              ],
              "uv": [
                62,
                22
              ]
            },
            {
              "origin": [
                13.55,
                3.25,
                -2
              ],
              "size": [
                8,
                9,
                9
              ],
              "inflate": 0.2,
              "uv": [
                0,
                62
              ]
            },
            {
              "origin": [
                13.5,
                10.5,
                1.25
              ],
              "size": [
                5,
                4,
                4
              ],
              "uv": [
                110,
                20
              ],
              "mirror": true
            },
            {
              "origin": [
                13.5,
                10.5,
                1.25
              ],
              "size": [
                5,
                4,
                4
              ],
              "inflate": 0.2,
              "uv": [
                110,
                0
              ],
              "mirror": true
            }
          ]
        },
        {
          "name": "wing_right3",
          "parent": "wing_right2",
          "pivot": [
            20.225,
            7.75,
            2.5
          ],
          "cubes": [
            {
              "origin": [
                21,
                3.25,
                -2
              ],
              "size": [
                8,
                9,
                9
              ],
              "uv": [
                25,
                71
              ]
            },
            {
              "origin": [
                21.95,
                3.25,
                -2
              ],
              "size": [
                7,
                9,
                9
              ],
              "inflate": 0.2,
              "uv": [
                84,
                40
              ]
            }
          ]
        },
        {
          "name": "wing_right4",
          "parent": "torso",
          "pivot": [
            4.075,
            4.75,
            9.5
          ],
          "rotation": [
            0,
            -90,
            0
          ],
          "cubes": [
            {
              "origin": [
                3,
                1.25,
                6
              ],
              "size": [
                2,
                7,
                7
              ],
              "uv": [
                67,
                75
              ]
            },
            {
              "origin": [
                5,
                0.25,
                5
              ],
              "size": [
                8,
                9,
                9
              ],
              "uv": [
                59,
                71
              ]
            },
            {
              "origin": [
                5.15,
                0.25,
                5
              ],
              "size": [
                8,
                9,
                9
              ],
              "inflate": 0.2,
              "uv": [
                62,
                0
              ]
            }
          ]
        },
        {
          "name": "wing_right5",
          "parent": "wing_right4",
          "pivot": [
            12.275,
            4.75,
            9.5
          ],
          "cubes": [
            {
              "origin": [
                13,
                0.25,
                5
              ],
              "size": [
                8,
                9,
                9
              ],
              "uv": [
                62,
                22
              ]
            },
            {
              "origin": [
                13.55,
                0.25,
                5
              ],
              "size": [
                8,
                9,
                9
              ],
              "inflate": 0.2,
              "uv": [
                0,
                62
              ]
            }
          ]
        },
        {
          "name": "wing_right6",
          "parent": "wing_right5",
          "pivot": [
            20.225,
            4.75,
            9.5
          ],
          "cubes": [
            {
              "origin": [
                21,
                0.25,
                5
              ],
              "size": [
                8,
                9,
                9
              ],
              "uv": [
                25,
                71
              ]
            },
            {
              "origin": [
                21.95,
                0.25,
                5
              ],
              "size": [
                7,
                9,
                9
              ],
              "inflate": 0.2,
              "uv": [
                84,
                40
              ]
            }
          ]
        },
        {
          "name": "wing_right10",
          "parent": "torso",
          "pivot": [
            0.075,
            15.75,
            9.5
          ],
          "rotation": [
            90,
            0,
            -90
          ],
          "cubes": [
            {
              "origin": [
                -1,
                12.25,
                6
              ],
              "size": [
                2,
                7,
                7
              ],
              "uv": [
                67,
                75
              ]
            },
            {
              "origin": [
                1,
                11.25,
                5
              ],
              "size": [
                8,
                9,
                9
              ],
              "uv": [
                59,
                71
              ]
            },
            {
              "origin": [
                1.15,
                11.25,
                5
              ],
              "size": [
                8,
                9,
                9
              ],
              "inflate": 0.2,
              "uv": [
                62,
                0
              ]
            }
          ]
        },
        {
          "name": "wing_right11",
          "parent": "wing_right10",
          "pivot": [
            8.275,
            15.75,
            9.5
          ],
          "cubes": [
            {
              "origin": [
                7,
                11.25,
                5
              ],
              "size": [
                8,
                9,
                9
              ],
              "uv": [
                62,
                22
              ]
            },
            {
              "origin": [
                7.55,
                11.25,
                5
              ],
              "size": [
                8,
                9,
                9
              ],
              "inflate": 0.2,
              "uv": [
                0,
                62
              ]
            }
          ]
        },
        {
          "name": "wing_right12",
          "parent": "wing_right11",
          "pivot": [
            14.225,
            15.75,
            9.5
          ],
          "cubes": [
            {
              "origin": [
                15,
                11.25,
                5
              ],
              "size": [
                8,
                9,
                9
              ],
              "uv": [
                25,
                71
              ]
            },
            {
              "origin": [
                15.95,
                11.25,
                5
              ],
              "size": [
                7,
                9,
                9
              ],
              "inflate": 0.2,
              "uv": [
                84,
                40
              ]
            }
          ]
        },
        {
          "name": "wing_right7",
          "parent": "torso",
          "pivot": [
            5.075,
            10.75,
            8.5
          ],
          "rotation": [
            0,
            -90,
            0
          ],
          "cubes": [
            {
              "origin": [
                4,
                7.25,
                5
              ],
              "size": [
                2,
                7,
                7
              ],
              "uv": [
                67,
                75
              ]
            },
            {
              "origin": [
                6,
                6.25,
                4
              ],
              "size": [
                8,
                9,
                9
              ],
              "uv": [
                59,
                71
              ]
            },
            {
              "origin": [
                6.15,
                6.25,
                4
              ],
              "size": [
                8,
                9,
                9
              ],
              "inflate": 0.2,
              "uv": [
                62,
                0
              ]
            }
          ]
        },
        {
          "name": "wing_right8",
          "parent": "wing_right7",
          "pivot": [
            13.275,
            10.75,
            8.5
          ],
          "cubes": [
            {
              "origin": [
                14,
                6.25,
                4
              ],
              "size": [
                8,
                9,
                9
              ],
              "uv": [
                62,
                22
              ]
            },
            {
              "origin": [
                14.55,
                6.25,
                4
              ],
              "size": [
                8,
                9,
                9
              ],
              "inflate": 0.2,
              "uv": [
                0,
                62
              ]
            }
          ]
        },
        {
          "name": "wing_right9",
          "parent": "wing_right8",
          "pivot": [
            21.225,
            10.75,
            8.5
          ],
          "cubes": [
            {
              "origin": [
                22,
                6.25,
                4
              ],
              "size": [
                8,
                9,
                9
              ],
              "uv": [
                25,
                71
              ]
            },
            {
              "origin": [
                22.95,
                6.25,
                4
              ],
              "size": [
                7,
                9,
                9
              ],
              "inflate": 0.2,
              "uv": [
                84,
                40
              ]
            }
          ]
        },
        {
          "name": "wing_left7",
          "parent": "torso",
          "pivot": [
            -5.075,
            10.75,
            8.5
          ],
          "rotation": [
            0,
            90,
            0
          ],
          "cubes": [
            {
              "origin": [
                -6,
                7.25,
                5
              ],
              "size": [
                2,
                7,
                7
              ],
              "uv": [
                67,
                75
              ],
              "mirror": true
            },
            {
              "origin": [
                -14,
                6.25,
                4
              ],
              "size": [
                8,
                9,
                9
              ],
              "uv": [
                59,
                71
              ],
              "mirror": true
            },
            {
              "origin": [
                -14.15,
                6.25,
                4
              ],
              "size": [
                8,
                9,
                9
              ],
              "inflate": 0.2,
              "uv": [
                62,
                0
              ],
              "mirror": true
            }
          ]
        },
        {
          "name": "wing_left8",
          "parent": "wing_left7",
          "pivot": [
            -13.275,
            10.75,
            8.5
          ],
          "cubes": [
            {
              "origin": [
                -22,
                6.25,
                4
              ],
              "size": [
                8,
                9,
                9
              ],
              "uv": [
                62,
                22
              ],
              "mirror": true
            },
            {
              "origin": [
                -22.55,
                6.25,
                4
              ],
              "size": [
                8,
                9,
                9
              ],
              "inflate": 0.2,
              "uv": [
                0,
                62
              ],
              "mirror": true
            }
          ]
        },
        {
          "name": "wing_left9",
          "parent": "wing_left8",
          "pivot": [
            -21.225,
            10.75,
            8.5
          ],
          "cubes": [
            {
              "origin": [
                -30,
                6.25,
                4
              ],
              "size": [
                8,
                9,
                9
              ],
              "uv": [
                25,
                71
              ],
              "mirror": true
            },
            {
              "origin": [
                -29.95,
                6.25,
                4
              ],
              "size": [
                7,
                9,
                9
              ],
              "inflate": 0.2,
              "uv": [
                84,
                40
              ],
              "mirror": true
            }
          ]
        },
        {
          "name": "wing_left4",
          "parent": "torso",
          "pivot": [
            -4.075,
            4.75,
            9.5
          ],
          "rotation": [
            0,
            90,
            0
          ],
          "cubes": [
            {
              "origin": [
                -5,
                1.25,
                6
              ],
              "size": [
                2,
                7,
                7
              ],
              "uv": [
                67,
                75
              ],
              "mirror": true
            },
            {
              "origin": [
                -13,
                0.25,
                5
              ],
              "size": [
                8,
                9,
                9
              ],
              "uv": [
                59,
                71
              ],
              "mirror": true
            },
            {
              "origin": [
                -13.15,
                0.25,
                5
              ],
              "size": [
                8,
                9,
                9
              ],
              "inflate": 0.2,
              "uv": [
                62,
                0
              ],
              "mirror": true
            }
          ]
        },
        {
          "name": "wing_left5",
          "parent": "wing_left4",
          "pivot": [
            -12.275,
            4.75,
            9.5
          ],
          "cubes": [
            {
              "origin": [
                -21,
                0.25,
                5
              ],
              "size": [
                8,
                9,
                9
              ],
              "uv": [
                62,
                22
              ],
              "mirror": true
            },
            {
              "origin": [
                -21.55,
                0.25,
                5
              ],
              "size": [
                8,
                9,
                9
              ],
              "inflate": 0.2,
              "uv": [
                0,
                62
              ],
              "mirror": true
            }
          ]
        },
        {
          "name": "wing_left6",
          "parent": "wing_left5",
          "pivot": [
            -20.225,
            4.75,
            9.5
          ],
          "cubes": [
            {
              "origin": [
                -29,
                0.25,
                5
              ],
              "size": [
                8,
                9,
                9
              ],
              "uv": [
                25,
                71
              ],
              "mirror": true
            },
            {
              "origin": [
                -28.95,
                0.25,
                5
              ],
              "size": [
                7,
                9,
                9
              ],
              "inflate": 0.2,
              "uv": [
                84,
                40
              ],
              "mirror": true
            }
          ]
        },
        {
          "name": "tail",
          "parent": "torso",
          "pivot": [
            0,
            4,
            8.25
          ],
          "cubes": [
            {
              "origin": [
                -2,
                4,
                8.25
              ],
              "size": [
                4,
                0,
                10
              ],
              "uv": [
                59,
                40
              ]
            }
          ]
        },
        {
          "name": "tail2",
          "parent": "tail",
          "pivot": [
            0,
            4,
            18.25
          ],
          "cubes": [
            {
              "origin": [
                -3,
                4,
                18.25
              ],
              "size": [
                6,
                0,
                10
              ],
              "uv": [
                57,
                40
              ]
            }
          ]
        },
        {
          "name": "tail3",
          "parent": "tail",
          "pivot": [
            0,
            4,
            28.25
          ],
          "cubes": [
            {
              "origin": [
                -5,
                4,
                28.25
              ],
              "size": [
                10,
                0,
                16
              ],
              "uv": [
                47,
                34
              ]
            }
          ]
        },
        {
          "name": "leg_right",
          "parent": "body",
          "pivot": [
            2,
            3.3619,
            0.56274
          ],
          "cubes": [
            {
              "origin": [
                1,
                1.25,
                -0.5
              ],
              "size": [
                2,
                3,
                2
              ],
              "uv": [
                0,
                22
              ]
            },
            {
              "origin": [
                1,
                0.19151,
                -1.29247
              ],
              "size": [
                2,
                1,
                3
              ],
              "pivot": [
                -0.175,
                0.6,
                -0.63397
              ],
              "rotation": [
                20,
                0,
                0
              ],
              "uv": [
                0,
                28
              ]
            }
          ]
        },
        {
          "name": "leg_left",
          "parent": "body",
          "pivot": [
            -1.85,
            3.3619,
            0.56274
          ],
          "cubes": [
            {
              "origin": [
                -2.85,
                1.25,
                -0.5
              ],
              "size": [
                2,
                3,
                2
              ],
              "uv": [
                0,
                0
              ]
            },
            {
              "origin": [
                -2.85,
                0.19151,
                -1.29247
              ],
              "size": [
                2,
                1,
                3
              ],
              "pivot": [
                0.325,
                0.6,
                -0.63397
              ],
              "rotation": [
                20,
                0,
                0
              ],
              "uv": [
                0,
                6
              ]
            }
          ]
        }
      ]
    }
  ]
}