{
  "animations": {
    "animation.giratina.air_fly": {
      "bones": {
        "body": {
          "position": [0, "6-math.cos((q.anim_time)*90*8/4)*2", 0],
          "rotation": ["0-math.cos((q.anim_time)*90*8/4-90)*2", 0, 0]
        },
        "bone106": {
          "rotation": ["0-math.cos((q.anim_time)*90*8/4)*6", 0, 0]
        },
        "bone107": {
          "rotation": ["0-math.cos((q.anim_time)*90*8/4-90)*6", 0, 0]
        },
        "bone108": {
          "rotation": ["0-math.cos((q.anim_time)*90*8/4-90)*6", 0, 0]
        },
        "bone109": {
          "rotation": ["0-math.cos((q.anim_time)*90*8/4-90)*6", 0, 0]
        },
        "bone20": {
          "rotation": ["-5+math.cos((q.anim_time)*90*8/4)*6", -22.5, 0]
        },
        "bone21": {
          "rotation": ["32.5+math.cos((q.anim_time)*90*8/4-90)*6", 0, 0]
        },
        "bone22": {
          "rotation": ["17.5+math.cos((q.anim_time)*90*8/4-90)*6", 0, 0]
        },
        "bone27": {
          "rotation": ["0-math.cos((q.anim_time)*90*8/4-90)*2", 0, 0]
        },
        "bone28": {
          "rotation": [0, "0+math.cos((q.anim_time)*90*8/4-90)*15", 0]
        },
        "bone29": {
          "rotation": [0, "15+math.cos((q.anim_time)*90*8/4-120)*20", 0]
        },
        "bone30": {
          "rotation": [0, "62.5+math.cos((q.anim_time)*90*8/4-45)*10", 0]
        },
        "bone31": {
          "rotation": [0, "7.5+math.cos((q.anim_time)*90*8/4-150)*15", 0]
        },
        "bone40": {
          "rotation": [0, "-62.5-math.cos((q.anim_time)*90*8/4-45)*10", 0]
        },
        "bone41": {
          "rotation": [0, "0-math.cos((q.anim_time)*90*8/4-90)*15", 0]
        },
        "bone43": {
          "rotation": [0, "-15-math.cos((q.anim_time)*90*8/4-120)*20", 0]
        },
        "bone44": {
          "rotation": [0, "-7.5-math.cos((q.anim_time)*90*8/4-150)*15", 0]
        },
        "bone56": {
          "rotation": ["12.5+math.cos((q.anim_time)*90*8/4)*6", -22.5, 0]
        },
        "bone57": {
          "rotation": ["32.5+math.cos((q.anim_time)*90*8/4-90)*6", 0, 0]
        },
        "bone58": {
          "rotation": ["17.5+math.cos((q.anim_time)*90*8/4-90)*6", 0, 0]
        },
        "bone6": {
          "rotation": ["15-math.cos((q.anim_time)*90*8/4)*2", 0, 0]
        },
        "bone66": {
          "rotation": ["12.5+math.cos((q.anim_time)*90*8/4)*6", -22.5, 0]
        },
        "bone67": {
          "rotation": ["32.5+math.cos((q.anim_time)*90*8/4-90)*6", 0, 0]
        },
        "bone68": {
          "rotation": ["17.5+math.cos((q.anim_time)*90*8/4-90)*6", 0, 0]
        },
        "bone7": {
          "position": [0, 0, 0]
        },
        "bone76": {
          "rotation": ["12.5+math.cos((q.anim_time)*90*8/4)*6", 22.5, 0]
        },
        "bone77": {
          "rotation": ["32.5+math.cos((q.anim_time)*90*8/4-90)*6", 0, 0]
        },
        "bone78": {
          "rotation": ["17.5+math.cos((q.anim_time)*90*8/4-90)*6", 0, 0]
        },
        "bone86": {
          "rotation": ["12.5+math.cos((q.anim_time)*90*8/4)*6", 22.5, 0]
        },
        "bone87": {
          "rotation": ["32.5+math.cos((q.anim_time)*90*8/4-90)*6", 0, 0]
        },
        "bone88": {
          "rotation": ["17.5+math.cos((q.anim_time)*90*8/4-90)*6", 0, 0]
        },
        "bone96": {
          "rotation": ["5+math.cos((q.anim_time)*90*8/4)*6", 22.5, 0]
        },
        "bone97": {
          "rotation": ["32.5+math.cos((q.anim_time)*90*8/4-90)*6", 0, 0]
        },
        "bone98": {
          "rotation": ["17.5+math.cos((q.anim_time)*90*8/4-90)*6", 0, 0]
        },
        "head": {
          "rotation": ["-10+math.cos((q.anim_time)*90*8/4-90)*10", 0, 0]
        },
        "neck": {
          "rotation": ["0-math.cos((q.anim_time)*90*8/4-90)*2", 0, 0]
        },
        "neck2": {
          "rotation": ["0-math.cos((q.anim_time)*90*8/4)*2", 0, 0]
        }
      },
      "loop": true
    },
    "animation.giratina.air_idle": {
      "bones": {
        "body": {
          "position": [0, "0-math.cos((q.anim_time)*90*8/4)*2", 0],
          "rotation": ["-12.5-math.cos((q.anim_time)*90*8/4-90)*2", 0, 0]
        },
        "bone106": {
          "rotation": ["12.5-math.cos((q.anim_time)*90*8/4)*6", 0, 0]
        },
        "bone107": {
          "rotation": ["20-math.cos((q.anim_time)*90*8/4-90)*6", 0, 0]
        },
        "bone108": {
          "rotation": ["5-math.cos((q.anim_time)*90*8/4-90)*6", 0, 0]
        },
        "bone109": {
          "rotation": ["12.5-math.cos((q.anim_time)*90*8/4-90)*6", 0, 0]
        },
        "bone20": {
          "rotation": ["-32.5+math.cos((q.anim_time)*90*8/4-90)*6", -27.5, 0]
        },
        "bone21": {
          "rotation": ["50-math.cos((q.anim_time)*90*8/4)*6", 0, 0]
        },
        "bone22": {
          "rotation": [15, 0, 0]
        },
        "bone27": {
          "rotation": ["-2.5-math.cos((q.anim_time)*90*8/4-90)*2", 0, 0]
        },
        "bone28": {
          "rotation": [0, "-0+math.cos((q.anim_time)*90*8/4-90)*15", 0]
        },
        "bone29": {
          "rotation": [0, "-0+math.cos((q.anim_time)*90*8/4-120)*25", 0]
        },
        "bone30": {
          "rotation": [0, "65+math.cos((q.anim_time)*90*8/4-45)*15", 0]
        },
        "bone31": {
          "rotation": [0, "-0+math.cos((q.anim_time)*90*8/4-150)*20", 0]
        },
        "bone40": {
          "rotation": [0, "-57.5-math.cos((q.anim_time)*90*8/4-45)*15", 0]
        },
        "bone41": {
          "rotation": [0, "-0-math.cos((q.anim_time)*90*8/4-120)*25", 0]
        },
        "bone43": {
          "rotation": [0, "-0-math.cos((q.anim_time)*90*8/4-90)*15", 0]
        },
        "bone44": {
          "rotation": [0, "-0-math.cos((q.anim_time)*90*8/4-150)*20", 0]
        },
        "bone56": {
          "rotation": ["-5+math.cos((q.anim_time)*90*8/4-90)*6", -25, 0]
        },
        "bone57": {
          "rotation": ["25-math.cos((q.anim_time)*90*8/4)*6", 0, 0]
        },
        "bone58": {
          "rotation": [12.5, 0, 0]
        },
        "bone6": {
          "rotation": [10, 0, 0]
        },
        "bone66": {
          "rotation": ["-0+math.cos((q.anim_time)*90*8/4-90)*6", -25, 0]
        },
        "bone67": {
          "rotation": ["25-math.cos((q.anim_time)*90*8/4)*6", 0, 0]
        },
        "bone68": {
          "rotation": [12.5, 0, 0]
        },
        "bone76": {
          "rotation": ["21.8802326724+math.cos((q.anim_time)*90*8/4-90)*6", 23.39896, 9.06159]
        },
        "bone77": {
          "rotation": ["15-math.cos((q.anim_time)*90*8/4)*6", 0, 0]
        },
        "bone78": {
          "rotation": [10, 0, 0]
        },
        "bone86": {
          "rotation": ["-0+math.cos((q.anim_time)*90*8/4-90)*6", 22.5, 0]
        },
        "bone87": {
          "rotation": ["22.5-math.cos((q.anim_time)*90*8/4)*6", 0, 0]
        },
        "bone88": {
          "rotation": [12.5, 0, 0]
        },
        "bone96": {
          "rotation": ["-34.2813462215+math.cos((q.anim_time)*90*8/4-90)*6", 20.29348, -9.92926]
        },
        "bone97": {
          "rotation": ["45-math.cos((q.anim_time)*90*8/4)*6", 0, 0]
        },
        "bone98": {
          "rotation": [17.5, 0, 0]
        },
        "head": {
          "rotation": ["5-math.cos((q.anim_time)*90*8/4)*2", 0, 0]
        },
        "neck2": {
          "rotation": ["7.5-math.cos((q.anim_time)*90*8/4)*2", 0, 0]
        },
        "neck3": {
          "rotation": [10, 0, 0]
        }
      },
      "loop": true
    },
    "animation.giratina.ground_idle": {
      "bones": {
        "bone106": {
          "rotation": ["-35+math.sin(q.anim_time*90*1-90)*2", 0, 0]
        },
        "bone107": {
          "rotation": ["20+math.sin(q.anim_time*90*1-90)*2", 0, 0]
        },
        "bone108": {
          "rotation": ["15+math.sin(q.anim_time*90*1-90)*2", 0, 0]
        },
        "bone109": {
          "rotation": ["2.5+math.sin(q.anim_time*90*1-90)*2", 0, 0]
        },
        "bone20": {
          "position": [0, "-1.675-math.sin(q.anim_time*90*1)*2", -0.5],
          "rotation": [-4.89041, -12.43426, "-0.5077-math.sin(q.anim_time*90*1)*5"]
        },
        "bone21": {
          "rotation": ["10+math.sin(q.anim_time*90*1)*0.2", 0, "27.5+math.sin(q.anim_time*90*1)*7"]
        },
        "bone22": {
          "rotation": [0, -12.5, "3.25-math.sin(q.anim_time*90*1)*2"]
        },
        "bone27": {
          "rotation": [-2.5, 0, 0]
        },
        "bone28": {
          "rotation": [0, "17.5-math.sin(q.anim_time*90*1-90)*4", 0]
        },
        "bone29": {
          "rotation": [0, "2.5-math.sin(q.anim_time*90*1-90)*4", 0]
        },
        "bone30": {
          "rotation": [20, "47.5-math.sin(q.anim_time*90*1)*4", 0]
        },
        "bone31": {
          "rotation": [0, "10-math.sin(q.anim_time*90*1-90)*4", 0]
        },
        "bone40": {
          "rotation": [22.5, "-47.5+math.sin(q.anim_time*90*1)*4", 0]
        },
        "bone41": {
          "rotation": [0, "-17.5+math.sin(q.anim_time*90*1-90)*4", 0]
        },
        "bone43": {
          "rotation": [0, "-2.5+math.sin(q.anim_time*90*1-90)*4", 0]
        },
        "bone44": {
          "rotation": [0, "-10-math.sin(q.anim_time*90*1+90)*4", 0]
        },
        "bone56": {
          "position": [0, "1-math.sin(q.anim_time*90*1)*0.5", 0],
          "rotation": [7.5, -12.5, "-math.sin(q.anim_time*90*1)*1"]
        },
        "bone57": {
          "rotation": [0.21803, -2.49048, "24.9952+math.sin(q.anim_time*90*1)*1"]
        },
        "bone58": {
          "rotation": [-0.88045, -9.96156, 5.07673]
        },
        "bone6": {
          "rotation": ["0+math.sin(q.anim_time*90*1-90)*1", 0, 0]
        },
        "bone66": {
          "position": [0, -0.775, 0],
          "rotation": [18.4878, -10.95448, -4.85674]
        },
        "bone67": {
          "rotation": [0, 0, 22.5]
        },
        "bone68": {
          "rotation": [-8.47108, -5.82351, 11.05377]
        },
        "bone7": {
          "position": [0, "0-math.sin(q.anim_time*90*1)*0.7", 0],
          "rotation": ["0+math.sin(q.anim_time*90*1)*2", 0, 0]
        },
        "bone76": {
          "position": [0, -0.975, 0],
          "rotation": [19.55264, 5.84843, 4.75174]
        },
        "bone77": {
          "rotation": [0, 0, -25]
        },
        "bone78": {
          "rotation": [-11.16203, 5.04349, -11.4271]
        },
        "bone86": {
          "position": [0, "1-math.sin(q.anim_time*90*1)*0.5", 0],
          "rotation": [5, 7.5, "math.sin(q.anim_time*90*1)*1"]
        },
        "bone87": {
          "rotation": [0, 0, -22.5]
        },
        "bone88": {
          "rotation": [-0.65426, 4.95712, -7.52832]
        },
        "bone96": {
          "position": [0, "-2-math.sin(q.anim_time*90*1)*2", -0.5],
          "rotation": [-7.5, 7.5, "math.sin(q.anim_time*90*1)*5"]
        },
        "bone97": {
          "rotation": ["10+math.sin(q.anim_time*90*1)*0.2", 0, "-30-math.sin(q.anim_time*90*1)*7"]
        },
        "bone98": {
          "rotation": [0, 15, "math.sin(q.anim_time*90*1)*2"]
        },
        "head": {
          "rotation": ["15+math.sin(q.anim_time*90*1-90)*1", 0, 0]
        },
        "neck": {
          "rotation": ["5+math.sin(q.anim_time*90*1-90)*1", 0, 0]
        },
        "neck2": {
          "rotation": ["0+math.sin(q.anim_time*90*1-90)*2", 0, 0]
        },
        "neck3": {
          "rotation": ["0+math.sin(q.anim_time*90*1-90)*2", 0, 0]
        }
      },
      "loop": true
    },
    "animation.giratina.ground_run": {
      "animation_length": 0.7519,
      "bones": {
        "body": {
          "position": {
            "0.0": {
              "lerp_mode": "catmullrom",
              "post": [0, -0.75, 0]
            },
            "0.1875": {
              "lerp_mode": "catmullrom",
              "post": [0, 6.625, 0]
            },
            "0.375": {
              "lerp_mode": "catmullrom",
              "post": [0, 5.25, -12]
            },
            "0.5625": {
              "lerp_mode": "catmullrom",
              "post": [0, 1.25, -12]
            },
            "0.75": {
              "lerp_mode": "catmullrom",
              "post": [0, -0.75, 0]
            }
          },
          "rotation": {
            "0.0": {
              "lerp_mode": "catmullrom",
              "post": [0, 0, 0]
            },
            "0.375": {
              "lerp_mode": "catmullrom",
              "post": [-5, 0, 0]
            },
            "0.75": {
              "lerp_mode": "catmullrom",
              "post": [0, 0, 0]
            }
          }
        },
        "bone106": {
          "rotation": ["-0+math.sin(q.anim_time*90*5.3)*10", 0, 0]
        },
        "bone107": {
          "rotation": {
            "0.0": {
              "lerp_mode": "catmullrom",
              "post": ["7.5-math.sin(q.anim_time*90*5.3-60)*6", 0, 0]
            }
          }
        },
        "bone108": {
          "rotation": {
            "0.0": {
              "lerp_mode": "catmullrom",
              "post": ["7.5-math.sin(q.anim_time*90*5.3-90)*6", 0, 0]
            }
          }
        },
        "bone109": {
          "rotation": {
            "0.0": {
              "lerp_mode": "catmullrom",
              "post": ["7.5-math.sin(q.anim_time*90*5.3-10)*6", 0, 0]
            }
          }
        },
        "bone20": {
          "position": {
            "0.0": {
              "lerp_mode": "catmullrom",
              "post": [0, -3.75, -9]
            },
            "0.0938": [0, -3.25, -2],
            "0.2813": [0, -2.625, -1],
            "0.375": {
              "lerp_mode": "catmullrom",
              "post": [0, 2.25, 4],
              "pre": [0, 2.25, 4]
            },
            "0.4688": [0, 2.25, -1],
            "0.5625": [0, 3.25, -1],
            "0.6563": [0, -0.75, -4],
            "0.75": {
              "lerp_mode": "catmullrom",
              "post": [0, -3.75, -9],
              "pre": [0, -3.75, -9]
            }
          },
          "rotation": {
            "0.0": {
              "lerp_mode": "catmullrom",
              "post": [-57.06128, -26.168, 25.90048]
            },
            "0.0938": [-39.56128, -26.168, 25.90048],
            "0.2813": [7.57378, -25.37385, 20.41826],
            "0.375": {
              "lerp_mode": "catmullrom",
              "post": [21.71953, 0.30583, 21.53893],
              "pre": [21.71953, 0.30583, 21.53893]
            },
            "0.5625": [-70.78047, 0.30583, 21.53893],
            "0.6563": [-70.52413, -9.13207, 18.21983],
            "0.75": {
              "lerp_mode": "catmullrom",
              "post": [-64.56128, -26.168, 25.90048],
              "pre": [-64.56128, -26.168, 25.90048]
            }
          }
        },
        "bone21": {
          "rotation": {
            "0.0": {
              "lerp_mode": "catmullrom",
              "post": [47.5, 0, 0]
            },
            "0.0938": [12.5, 0, 0],
            "0.2813": [7.5, 0, 0],
            "0.4688": [37.5, 0, 0],
            "0.5625": [57.5, 0, 0],
            "0.6563": [27.5, 0, 0],
            "0.75": {
              "lerp_mode": "catmullrom",
              "post": [40, 0, 0],
              "pre": [40, 0, 0]
            }
          }
        },
        "bone22": {
          "rotation": {
            "0.0": {
              "lerp_mode": "catmullrom",
              "post": [10, 0, 0]
            },
            "0.0938": [27.5, 0, 0],
            "0.1875": [7.46271, -0.86717, 4.92442],
            "0.2813": [-7.53729, -0.86717, 4.92442],
            "0.375": {
              "lerp_mode": "catmullrom",
              "post": [-22.53729, -0.86717, 4.92442],
              "pre": [-22.53729, -0.86717, 4.92442]
            },
            "0.6563": [-5.03729, -0.86717, 4.92442],
            "0.75": {
              "lerp_mode": "catmullrom",
              "post": [10, 0, 0],
              "pre": [10, 0, 0]
            }
          }
        },
        "bone27": {
          "position": {
            "0.0": {
              "lerp_mode": "catmullrom",
              "post": [0, 0, 0]
            },
            "0.375": {
              "lerp_mode": "catmullrom",
              "post": [0, 0, 0.75]
            },
            "0.75": {
              "lerp_mode": "catmullrom",
              "post": [0, 0, 0]
            }
          },
          "rotation": {
            "0.0": {
              "lerp_mode": "catmullrom",
              "post": ["-5+math.sin(q.anim_time*90*5.3-30)*-3", 0, 0]
            }
          }
        },
        "bone29": {
          "rotation": {
            "0.0": {
              "lerp_mode": "catmullrom",
              "post": [0, "20-math.sin(q.anim_time*90*5.3-60)*10", 0]
            }
          }
        },
        "bone30": {
          "rotation": {
            "0.0": {
              "lerp_mode": "catmullrom",
              "post": [0, "55-math.sin(q.anim_time*90*5.3)*10", 0]
            }
          }
        },
        "bone31": {
          "rotation": {
            "0.0": {
              "lerp_mode": "catmullrom",
              "post": [0, 22.5, 0]
            },
            "0.75": {
              "lerp_mode": "catmullrom",
              "post": [0, 22.5, 0]
            }
          }
        },
        "bone40": {
          "rotation": {
            "0.0": {
              "lerp_mode": "catmullrom",
              "post": [0, "-47.5+math.sin(q.anim_time*90*5.3)*10", 0]
            }
          }
        },
        "bone43": {
          "rotation": {
            "0.0": {
              "lerp_mode": "catmullrom",
              "post": [0, "-20+math.sin(q.anim_time*90*5.3-60)*10", 0]
            }
          }
        },
        "bone44": {
          "rotation": {
            "0.0": {
              "lerp_mode": "catmullrom",
              "post": [0, -22.5, 0]
            },
            "0.75": {
              "lerp_mode": "catmullrom",
              "post": [0, -22.5, 0]
            }
          }
        },
        "bone56": {
          "position": {
            "0.0": {
              "lerp_mode": "catmullrom",
              "post": [0, 0, -3]
            },
            "0.0938": [0, -3, -1],
            "0.1875": [0, 0, 2],
            "0.375": {
              "lerp_mode": "catmullrom",
              "post": [0, 0, 4],
              "pre": [0, 0, 4]
            },
            "0.5625": [0, 2, 1],
            "0.6563": [0, 0, -2],
            "0.75": {
              "lerp_mode": "catmullrom",
              "post": [0, 0, -3],
              "pre": [0, 0, -3]
            }
          },
          "rotation": {
            "0.0": {
              "lerp_mode": "catmullrom",
              "post": [0, -27.5, 0]
            },
            "0.0938": [11.26675, -27.03859, -2.76433],
            "0.1875": [32.20584, -5.58936, -6.98235],
            "0.375": {
              "lerp_mode": "catmullrom",
              "post": [4.70584, -5.58936, -6.98235],
              "pre": [4.70584, -5.58936, -6.98235]
            },
            "0.5625": [-35.29416, -5.58936, -6.98235],
            "0.75": {
              "lerp_mode": "catmullrom",
              "post": [0, -27.5, 0],
              "pre": [0, -27.5, 0]
            }
          }
        },
        "bone57": {
          "rotation": {
            "0.0": {
              "lerp_mode": "catmullrom",
              "post": [22.01816, -4.75113, 11.57518]
            },
            "0.0938": [17.01816, -4.75113, 11.57518],
            "0.375": {
              "lerp_mode": "catmullrom",
              "post": [34.51816, -4.75113, 11.57518],
              "pre": [34.51816, -4.75113, 11.57518]
            },
            "0.5625": [42.01816, -4.75113, 11.57518],
            "0.6563": [17.01816, -4.75113, 11.57518],
            "0.75": {
              "lerp_mode": "catmullrom",
              "post": [22.01816, -4.75113, 11.57518],
              "pre": [22.01816, -4.75113, 11.57518]
            }
          }
        },
        "bone58": {
          "rotation": {
            "0.0": {
              "lerp_mode": "catmullrom",
              "post": [-10.03742, -4.92385, 15.87038]
            },
            "0.0938": [-7.53742, -4.92385, 15.87038],
            "0.375": {
              "lerp_mode": "catmullrom",
              "post": [29.96258, -4.92385, 15.87038],
              "pre": [29.96258, -4.92385, 15.87038]
            },
            "0.6563": [17.46258, -4.92385, 15.87038],
            "0.75": {
              "lerp_mode": "catmullrom",
              "post": [-10.03742, -4.92385, 15.87038],
              "pre": [-10.03742, -4.92385, 15.87038]
            }
          }
        },
        "bone6": {
          "rotation": {
            "0.0": {
              "lerp_mode": "catmullrom",
              "post": ["10-math.sin(q.anim_time*90*5.3-30)*-6", 0, 0]
            }
          }
        },
        "bone66": {
          "position": {
            "0.0": {
              "lerp_mode": "catmullrom",
              "post": [0, 0, -0.7]
            },
            "0.1875": [0, 0, 2.3],
            "0.5625": [0, 2, -2.7],
            "0.6563": [0, -1, -2.7],
            "0.75": {
              "lerp_mode": "catmullrom",
              "post": [0, 0, -0.7],
              "pre": [0, 0, -0.7]
            }
          },
          "rotation": {
            "0.0": {
              "lerp_mode": "catmullrom",
              "post": [-3.08619, -17.07228, 3.90399]
            },
            "0.0938": [9.41381, -17.07228, 3.90399],
            "0.1875": [38.48146, -12.48154, -2.23191],
            "0.375": {
              "lerp_mode": "catmullrom",
              "post": [23.48146, -12.48154, -2.23191],
              "pre": [23.48146, -12.48154, -2.23191]
            },
            "0.5625": [-46.51854, -12.48154, -2.23191],
            "0.75": {
              "lerp_mode": "catmullrom",
              "post": [-3.08619, -17.07228, 3.90399],
              "pre": [-3.08619, -17.07228, 3.90399]
            }
          }
        },
        "bone67": {
          "rotation": {
            "0.0": {
              "lerp_mode": "catmullrom",
              "post": [25, 0, 0]
            },
            "0.0938": {
              "lerp_mode": "catmullrom",
              "post": [17.95, 0, 0]
            },
            "0.375": {
              "lerp_mode": "catmullrom",
              "post": [45, 0, 0]
            },
            "0.5625": [55, 0, 0],
            "0.6563": [37.5, 0, 0],
            "0.75": {
              "lerp_mode": "catmullrom",
              "post": [25, 0, 0],
              "pre": [25, 0, 0]
            }
          }
        },
        "bone68": {
          "rotation": {
            "0.0": {
              "lerp_mode": "catmullrom",
              "post": [-12.61435, -9.91358, 23.81845]
            },
            "0.0938": [-18.63911, -6.96415, 30.79055],
            "0.375": {
              "lerp_mode": "catmullrom",
              "post": [15.25467, -14.29703, -1.37011],
              "pre": [15.25467, -14.29703, -1.37011]
            },
            "0.75": {
              "lerp_mode": "catmullrom",
              "post": [-12.61435, -9.91358, 23.81845]
            }
          }
        },
        "bone7": {
          "position": {
            "0.0": {
              "lerp_mode": "catmullrom",
              "post": [0, -0.7, 0]
            },
            "0.375": {
              "lerp_mode": "catmullrom",
              "post": [0, 0.8, 0]
            },
            "0.75": {
              "lerp_mode": "catmullrom",
              "post": [0, -0.7, 0]
            }
          },
          "rotation": {
            "0.0": {
              "lerp_mode": "catmullrom",
              "post": [5, 0, 0]
            },
            "0.375": {
              "lerp_mode": "catmullrom",
              "post": [0, 0, 0]
            },
            "0.75": {
              "lerp_mode": "catmullrom",
              "post": [5, 0, 0]
            }
          }
        },
        "bone76": {
          "position": {
            "0.0": {
              "lerp_mode": "catmullrom",
              "post": [0, 0, 0]
            },
            "0.0938": [0, 0, 1],
            "0.1875": [0, 0, 2],
            "0.5625": [0, 2, -3],
            "0.6563": [0, 0, -3],
            "0.75": {
              "lerp_mode": "catmullrom",
              "post": [0, 0, 0],
              "pre": [0, 0, 0]
            }
          },
          "rotation": {
            "0.0": {
              "lerp_mode": "catmullrom",
              "post": [-5, 20, 0]
            },
            "0.0938": [5, 20, 0],
            "0.1875": [47.70422, 9.11348, 10.68168],
            "0.375": {
              "lerp_mode": "catmullrom",
              "post": [27.70422, 9.11348, 10.68168],
              "pre": [27.70422, 9.11348, 10.68168]
            },
            "0.5625": [-32.29578, 9.11348, 10.68168],
            "0.6563": [-29.79578, 9.11348, 10.68168],
            "0.75": {
              "lerp_mode": "catmullrom",
              "post": [-5, 20, 0],
              "pre": [-5, 20, 0]
            }
          }
        },
        "bone77": {
          "rotation": {
            "0.0": {
              "lerp_mode": "catmullrom",
              "post": [20, 0, 0]
            },
            "0.0938": {
              "lerp_mode": "catmullrom",
              "post": [16.96, 0, 0]
            },
            "0.5625": [52.5, 0, 0],
            "0.6563": [17.5, 0, 0],
            "0.75": {
              "lerp_mode": "catmullrom",
              "post": [20, 0, 0],
              "pre": [20, 0, 0]
            }
          }
        },
        "bone78": {
          "rotation": {
            "0.0": {
              "lerp_mode": "catmullrom",
              "post": [0, 7.5, -22.5]
            },
            "0.0938": [-3.09438, 6.39181, -27.4118],
            "0.375": {
              "lerp_mode": "catmullrom",
              "post": [25.3663, 12.0253, -20.34173],
              "pre": [25.3663, 12.0253, -20.34173]
            },
            "0.75": {
              "lerp_mode": "catmullrom",
              "post": [0, 7.5, -22.5]
            }
          }
        },
        "bone86": {
          "position": {
            "0.0": {
              "lerp_mode": "catmullrom",
              "post": [0, -1.1, -2.25]
            },
            "0.0938": {
              "lerp_mode": "catmullrom",
              "post": [0, -3.54, -0.44]
            },
            "0.1875": [0, -1.1, 1.75],
            "0.375": {
              "lerp_mode": "catmullrom",
              "post": [0, -1.1, 3.75],
              "pre": [0, -1.1, 3.75]
            },
            "0.5625": [0, 0.9, 1.75],
            "0.6563": [0, -2.1, -1.25],
            "0.75": {
              "lerp_mode": "catmullrom",
              "post": [0, -1.1, -2.25],
              "pre": [0, -1.1, -2.25]
            }
          },
          "rotation": {
            "0.0": {
              "lerp_mode": "catmullrom",
              "post": [-12.5, 20, 0]
            },
            "0.1875": [28.76597, -3.22962, 9.40914],
            "0.375": {
              "lerp_mode": "catmullrom",
              "post": [6.26597, -3.22962, 9.40914],
              "pre": [6.26597, -3.22962, 9.40914]
            },
            "0.5625": [-46.23403, -3.22962, 9.40914],
            "0.75": {
              "lerp_mode": "catmullrom",
              "post": [-12.5, 20, 0],
              "pre": [-12.5, 20, 0]
            }
          }
        },
        "bone87": {
          "rotation": {
            "0.0": {
              "lerp_mode": "catmullrom",
              "post": [22.57734, -4.61854, -1.91757]
            },
            "0.375": {
              "lerp_mode": "catmullrom",
              "post": [32.57734, -4.61854, -1.91757]
            },
            "0.5625": [47.57734, -4.61854, -1.91757],
            "0.6563": [25.07734, -4.61854, -1.91757],
            "0.75": {
              "lerp_mode": "catmullrom",
              "post": [22.57734, -4.61854, -1.91757],
              "pre": [22.57734, -4.61854, -1.91757]
            }
          }
        },
        "bone88": {
          "rotation": {
            "0.0": {
              "lerp_mode": "catmullrom",
              "post": [-1.3749, 10.89098, -27.57265]
            },
            "0.375": {
              "lerp_mode": "catmullrom",
              "post": [20.93094, 4.9271, -10.95316]
            },
            "0.6563": [0.93094, 4.9271, -10.95316],
            "0.75": {
              "lerp_mode": "catmullrom",
              "post": [-1.3749, 10.89098, -27.57265],
              "pre": [-1.3749, 10.89098, -27.57265]
            }
          }
        },
        "bone96": {
          "position": {
            "0.0": {
              "lerp_mode": "catmullrom",
              "post": [0, -3.75, -7.75]
            },
            "0.0938": [0, -7.75, 0.25],
            "0.2813": [0, -2.75, -0.75],
            "0.375": {
              "lerp_mode": "catmullrom",
              "post": [0, 1.25, 2.25],
              "pre": [0, 1.25, 2.25]
            },
            "0.4688": [0, 1.25, -0.75],
            "0.5625": [0, 3.25, -2.75],
            "0.6563": [0, 1.25, -3.75],
            "0.75": {
              "lerp_mode": "catmullrom",
              "post": [0, -3.75, -7.75],
              "pre": [0, -3.75, -7.75]
            }
          },
          "rotation": {
            "0.0": {
              "lerp_mode": "catmullrom",
              "post": [-63.4316, 21.21146, -19.31857]
            },
            "0.0938": [-44.23289, 13.97889, -5.51743],
            "0.1875": [-34.61407, 23.11477, -14.52998],
            "0.2813": [15.38593, 23.11477, -14.52998],
            "0.375": {
              "lerp_mode": "catmullrom",
              "post": [15.69838, 7.70902, -10.9099],
              "pre": [15.69838, 7.70902, -10.9099]
            },
            "0.5625": [-51.80162, 7.70902, -10.9099],
            "0.6563": [-50.51, 15.50584, -4.51171],
            "0.75": {
              "lerp_mode": "catmullrom",
              "post": [-63.4316, 21.21146, -19.31857],
              "pre": [-63.4316, 21.21146, -19.31857]
            }
          }
        },
        "bone97": {
          "rotation": {
            "0.0": {
              "lerp_mode": "catmullrom",
              "post": [30, 0, 0]
            },
            "0.0938": [7.5, 0, 0],
            "0.1875": [17.5, 0, 0],
            "0.2813": [2.5, 0, 0],
            "0.4688": [40, 0, 0],
            "0.5625": [60, 0, 0],
            "0.6563": [32.5, 0, 0],
            "0.75": {
              "lerp_mode": "catmullrom",
              "post": [30, 0, 0],
              "pre": [30, 0, 0]
            }
          }
        },
        "bone98": {
          "rotation": {
            "0.0": {
              "lerp_mode": "catmullrom",
              "post": [17.5, 0, 0]
            },
            "0.0938": [38.46185, 9.89672, -22.62671],
            "0.1875": [22.10967, 3.73171, -11.93845],
            "0.2813": [-5.39033, 3.73171, -11.93845],
            "0.375": {
              "lerp_mode": "catmullrom",
              "post": [-10.39033, 3.73171, -11.93845],
              "pre": [-10.39033, 3.73171, -11.93845]
            },
            "0.75": {
              "lerp_mode": "catmullrom",
              "post": [17.5, 0, 0]
            }
          }
        },
        "head": {
          "rotation": ["7.5+math.sin(q.anim_time*90*5.3-30)*-6", 0, 0]
        },
        "neck": {
          "rotation": {
            "0.0": {
              "lerp_mode": "catmullrom",
              "post": ["5-math.sin(q.anim_time*90*5.3-30)*-6", 0, 0]
            }
          }
        },
        "neck2": {
          "rotation": {
            "0.0": {
              "lerp_mode": "catmullrom",
              "post": [0, 0, 0]
            },
            "0.75": {
              "lerp_mode": "catmullrom",
              "post": [0, 0, 0]
            }
          }
        },
        "neck3": {
          "rotation": {
            "0.0": {
              "lerp_mode": "catmullrom",
              "post": [-7.5, 0, 0]
            }
          }
        },
        "torso": {
          "position": {
            "0.0": [0, 0, -1],
            "0.375": [0, 0, 0],
            "0.75": [0, 0, -1]
          },
          "rotation": {
            "0.0": {
              "lerp_mode": "catmullrom",
              "post": [2.5, 0, 0]
            },
            "0.375": {
              "lerp_mode": "catmullrom",
              "post": [-5, 0, 0]
            },
            "0.75": {
              "lerp_mode": "catmullrom",
              "post": [2.5, 0, 0]
            }
          }
        }
      },
      "loop": true
    },
    "animation.giratina.ground_walk": {
      "animation_length": 2,
      "bones": {
        "body": {
          "position": {
            "0.0": [0, 0, 0],
            "0.0417": [0, -2, 0],
            "0.0833": [0, 0, 0],
            "0.9583": [0, 0, 0],
            "1.0": [0, -2, 0],
            "1.0417": [0, 0, 0],
            "1.0833": [0, -2, 0],
            "1.125": [0, 0, 0],
            "1.9583": [0, 0, 0],
            "2.0": [0, -2, 0]
          }
        },
        "bone106": {
          "rotation": [-27.5, "0-math.sin(q.anim_time*90*2)*15", 0]
        },
        "bone107": {
          "rotation": [10, "0-math.sin(q.anim_time*90*2-90)*15", 0]
        },
        "bone108": {
          "rotation": [7.5, "0-math.sin(q.anim_time*90*2-90)*15", 0]
        },
        "bone109": {
          "rotation": [7.5, "0-math.sin(q.anim_time*90*2-90)*15", 0]
        },
        "bone20": {
          "position": {
            "0.0": [0, -4, -4],
            "1.0": {
              "lerp_mode": "catmullrom",
              "post": [0, -3, 1],
              "pre": [0, -3, 1]
            },
            "1.875": {
              "lerp_mode": "catmullrom",
              "post": [0, -1.83, -3.17]
            },
            "2.0": [0, -4, -4]
          },
          "rotation": {
            "0.0": [-24.85007, -5.06271, -0.98002],
            "1.0": {
              "lerp_mode": "catmullrom",
              "post": [17.64993, -5.06271, -0.98002],
              "pre": [17.64993, -5.06271, -0.98002]
            },
            "1.875": {
              "lerp_mode": "catmullrom",
              "post": [-25.26673, -5.06271, -0.98002]
            },
            "2.0": [-25.94845, -5.19195, -3.1261]
          }
        },
        "bone21": {
          "rotation": {
            "0.0": [12.51565, -2.38422, 29.2478],
            "0.5": {
              "lerp_mode": "catmullrom",
              "post": [20.01565, -2.38422, 29.2478],
              "pre": [20.01565, -2.38422, 29.2478]
            },
            "1.0": [12.51565, -2.38422, 29.2478],
            "1.25": {
              "lerp_mode": "catmullrom",
              "post": [24.76565, -2.38422, 29.2478],
              "pre": [24.76565, -2.38422, 29.2478]
            },
            "1.8333": {
              "lerp_mode": "catmullrom",
              "post": [20.01565, -2.38422, 29.2478]
            },
            "2.0": [12.51565, -2.38422, 29.2478]
          }
        },
        "bone22": {
          "rotation": {
            "0.0": [10.08512, -7.81951, 1.15233],
            "0.5": {
              "lerp_mode": "catmullrom",
              "post": [-13.75933, -0.43399, 2.46207],
              "pre": [-13.75933, -0.43399, 2.46207]
            },
            "1.0": [-25.00933, -0.43399, 2.46207],
            "2.0": [10.08512, -7.81951, 1.15233]
          }
        },
        "bone27": {
          "position": ["0+math.cos((q.anim_time)*90*8/4+90)*0.5", 0, 0],
          "rotation": ["0-math.sin(q.anim_time*90*4-90)*0.7", 0, 0]
        },
        "bone28": {
          "rotation": [0, "17.5+math.cos((q.anim_time)*90*8/2-120)*2", 0]
        },
        "bone29": {
          "rotation": [12.5, "17.5+math.cos((q.anim_time)*90*8/2-120)*2", 0]
        },
        "bone30": {
          "rotation": [10, "47.5+math.cos((q.anim_time)*90*8/2-90)*2", 0]
        },
        "bone31": {
          "rotation": [10.19849, "12.3077+math.cos((q.anim_time)*90*8/2-120)*2", 2.19659]
        },
        "bone40": {
          "rotation": [15, "-47.5-math.cos((q.anim_time)*90*8/2-90)*2", 0]
        },
        "bone41": {
          "rotation": [0, "-17.5-math.cos((q.anim_time)*90*8/2-120)*2", 0]
        },
        "bone43": {
          "rotation": [12.5, "-17.5-math.cos((q.anim_time)*90*8/2-120)*2", 0]
        },
        "bone44": {
          "rotation": [10.12011, "-9.8469-math.cos((q.anim_time)*90*8/2-120)*2", -1.74875]
        },
        "bone56": {
          "position": {
            "0.0": [5, -1.25, 1],
            "0.8333": {
              "lerp_mode": "catmullrom",
              "post": [3, -0.75, -2.5],
              "pre": [3, -0.75, -2.5]
            },
            "1.0": {
              "lerp_mode": "catmullrom",
              "post": [3, -5.25, -3]
            },
            "2.0": [5, -1.25, 1]
          },
          "rotation": {
            "0.0": [21.77217, -8.92654, -9.50749],
            "0.8333": {
              "lerp_mode": "catmullrom",
              "post": [-7.12213, -3.53921, -10.54915],
              "pre": [-7.12213, -3.53921, -10.54915]
            },
            "1.0": {
              "lerp_mode": "catmullrom",
              "post": [-9.05597, -4.53554, -13.72189]
            },
            "2.0": [21.77217, -8.92654, -9.50749]
          }
        },
        "bone57": {
          "rotation": {
            "0.0": [0, 0, 22.5],
            "0.2917": {
              "lerp_mode": "catmullrom",
              "post": [18.31289, 0.49822, 16.12921],
              "pre": [18.31289, 0.49822, 16.12921]
            },
            "1.0": [19.9299, 1.70818, 12.80014],
            "2.0": [0, 0, 22.5]
          }
        },
        "bone58": {
          "rotation": {
            "0.0": [-11.85046, -5.32444, 18.98821],
            "0.25": {
              "lerp_mode": "catmullrom",
              "post": [-13.88774, 4.87754, 19.62921],
              "pre": [-13.88774, 4.87754, 19.62921]
            },
            "1.0": [-8.15857, 6.3721, 29.3481],
            "2.0": [-11.85046, -5.32444, 18.98821]
          }
        },
        "bone6": {
          "rotation": ["7.5+math.cos((q.anim_time)*90*8/2-90)*2", 0, 0]
        },
        "bone66": {
          "position": {
            "0.0": [0, -2.875, -4.5],
            "1.0": {
              "lerp_mode": "catmullrom",
              "post": [0, -4.23, 1.67],
              "pre": [0, -4.23, 1.67]
            },
            "1.875": {
              "lerp_mode": "catmullrom",
              "post": [0, -0.5, -4.5]
            },
            "2.0": [0, -2.875, -4.5]
          },
          "rotation": {
            "0.0": [8.04892, -26.84751, -7.0364],
            "1.0": {
              "lerp_mode": "catmullrom",
              "post": [26.27298, -23.71322, -14.57431],
              "pre": [26.27298, -23.71322, -14.57431]
            },
            "1.25": {
              "lerp_mode": "catmullrom",
              "post": [31.71697, -24.49679, -12.68983]
            },
            "1.875": {
              "lerp_mode": "catmullrom",
              "post": [4.62338, -26.19454, -8.6068]
            },
            "2.0": [8.04892, -26.84751, -7.0364]
          }
        },
        "bone67": {
          "rotation": {
            "0.0": [12.5, 0, 30],
            "1.0": [15.13475, -4.43234, 27.68083],
            "1.25": {
              "lerp_mode": "catmullrom",
              "post": [25.20212, -6.64851, 26.52125],
              "pre": [25.20212, -6.64851, 26.52125]
            },
            "1.875": [36.49301, -0.56943, 29.70205],
            "2.0": [12.5, 0, 30]
          }
        },
        "bone68": {
          "rotation": {
            "0.0": [-5.07673, -9.96156, 0.88045],
            "1.0": [-15.27888, 4.48321, 12.5778],
            "1.25": {
              "lerp_mode": "catmullrom",
              "post": [-28.55192, 3.02613, 6.92417],
              "pre": [-28.55192, 3.02613, 6.92417]
            },
            "2.0": [-5.07673, -9.96156, 0.88045]
          }
        },
        "bone7": {
          "position": ["0-math.cos((q.anim_time)*90*8/4)*1.5", "0-math.cos((q.anim_time)*90*8/2)*1", 0],
          "rotation": ["0-math.sin(q.anim_time*90*4)*0.7", 0, 0]
        },
        "bone76": {
          "position": {
            "0.0": [0, -2.2, 2],
            "0.875": {
              "lerp_mode": "catmullrom",
              "post": [0, -3.07, -0.5],
              "pre": [0, -3.07, -0.5]
            },
            "1.0": {
              "lerp_mode": "catmullrom",
              "post": [0, -4.45, -1]
            },
            "2.0": [0, -2.2, 2]
          },
          "rotation": {
            "0.0": [16.2209, 10.97136, 6.23712],
            "0.2917": {
              "lerp_mode": "catmullrom",
              "post": [5.69814, 9.95888, 4.41796],
              "pre": [5.69814, 9.95888, 4.41796]
            },
            "0.875": {
              "lerp_mode": "catmullrom",
              "post": [-28.12985, 8.07856, 1.03952]
            },
            "1.0": {
              "lerp_mode": "catmullrom",
              "post": [-25, 7.5, 0]
            },
            "2.0": [16.2209, 10.97136, 6.23712]
          }
        },
        "bone77": {
          "rotation": {
            "0.0": [9.91615, -1.29876, -22.61267],
            "0.2917": {
              "lerp_mode": "catmullrom",
              "post": [31.94061, -0.91995, -24.76731],
              "pre": [31.94061, -0.91995, -24.76731]
            },
            "0.8333": {
              "lerp_mode": "catmullrom",
              "post": [32.48603, -0.21646, -28.76878]
            },
            "1.0": [25, 0, -30],
            "2.0": [9.91615, -1.29876, -22.61267]
          }
        },
        "bone78": {
          "rotation": {
            "0.0": [-15.33578, 3.34695, -13.87245],
            "0.2917": {
              "lerp_mode": "catmullrom",
              "post": [-17.85954, -2.73071, -9.15062],
              "pre": [-17.85954, -2.73071, -9.15062]
            },
            "1.0": [1.74834, 0.07632, -2.49884],
            "2.0": [-15.33578, 3.34695, -13.87245]
          }
        },
        "bone86": {
          "position": {
            "0.0": [0, -4, -2.75],
            "0.2917": [0, -3.37, -1.99],
            "1.0": {
              "lerp_mode": "catmullrom",
              "post": [0, -3, 0.25],
              "pre": [0, -3, 0.25]
            },
            "1.875": {
              "lerp_mode": "catmullrom",
              "post": [0, -1.62, -2]
            },
            "2.0": [0, -4, -2.75]
          },
          "rotation": {
            "0.0": [-7.85667, 20.20646, 8.75752],
            "1.0": {
              "lerp_mode": "catmullrom",
              "post": [13.05451, 19.98422, 11.40907],
              "pre": [13.05451, 19.98422, 11.40907]
            },
            "1.3333": {
              "lerp_mode": "catmullrom",
              "post": [3.58412, 20.0583, 10.52522]
            },
            "1.875": {
              "lerp_mode": "catmullrom",
              "post": [-8.56637, 20.1509, 9.4204]
            },
            "2.0": [-7.85667, 20.20646, 8.75752]
          }
        },
        "bone87": {
          "rotation": {
            "0.0": [19.69919, -0.24156, -17.25861],
            "1.0": [12.32842, -1.38045, -12.37962],
            "1.3333": {
              "lerp_mode": "catmullrom",
              "post": [27.28534, -1.00082, -14.00595],
              "pre": [27.28534, -1.00082, -14.00595]
            },
            "2.0": [19.69919, -0.24156, -17.25861]
          }
        },
        "bone88": {
          "rotation": {
            "0.0": [-2.40084, 6.74193, -17.79767],
            "0.2917": [-1.30823, -0.84043, -19.67033],
            "1.0": [-7.26603, -1.05627, -24.97911],
            "1.5833": [3.08157, -0.87852, -20.60717],
            "2.0": [-2.40084, 6.74193, -17.79767]
          }
        },
        "bone96": {
          "position": {
            "0.0": [0, -0.675, 0],
            "0.875": [0, -1.24, -3.33],
            "1.0": [0, -3.75, -4],
            "2.0": [0, -0.675, 0]
          },
          "rotation": {
            "0.0": [22.5, 7.5, 0],
            "0.875": [-25.83333, 7.5, 0],
            "1.0": [-17.5, 7.5, 0],
            "2.0": [22.5, 7.5, 0]
          }
        },
        "bone97": {
          "rotation": {
            "0.0": [2.5, 0, -30],
            "0.25": {
              "lerp_mode": "catmullrom",
              "post": [19.1875, 0, -30],
              "pre": [19.1875, 0, -30]
            },
            "0.8333": {
              "lerp_mode": "catmullrom",
              "post": [17.29167, 0, -30]
            },
            "1.0": [17.25, 0, -30],
            "2.0": [2.5, 0, -30]
          }
        },
        "bone98": {
          "rotation": {
            "0.0": [-17.56274, 4.76804, -1.50701],
            "0.25": {
              "lerp_mode": "catmullrom",
              "post": [-15, 0, 0],
              "pre": [-15, 0, 0]
            },
            "1.0": [2.5, 0, 0],
            "2.0": [-17.56274, 4.76804, -1.50701]
          }
        },
        "head": {
          "rotation": ["12.5+math.cos((q.anim_time)*90*8/2-90)*2", 0, 0]
        },
        "neck": {
          "rotation": ["0+math.cos((q.anim_time)*90*8/2-90)*2", 0, 0]
        },
        "neck2": {
          "rotation": ["0+math.cos((q.anim_time)*90*8/2-90)*2", 0, 0]
        }
      },
      "loop": true
    },
    "animation.giratina.ground_walk_test": {
      "animation_length": 14,
      "bones": {
        "body": {
          "position": {
            "0.0": [0, 0, 0],
            "0.0417": [0, -2, 0],
            "0.0833": [0, 0, 0],
            "0.9583": [0, 0, 0],
            "1.0": [0, -2, 0],
            "1.0417": [0, 0, 0],
            "1.0833": [0, -2, 0],
            "1.125": [0, 0, 0],
            "1.9583": [0, 0, 0],
            "10.0": [0, 0, 0],
            "10.0417": [0, -2, 0],
            "10.0833": [0, 0, 0],
            "10.9583": [0, 0, 0],
            "11.0": [0, -2, 0],
            "11.0417": [0, 0, 0],
            "11.0833": [0, -2, 0],
            "11.125": [0, 0, 0],
            "11.9583": [0, 0, 0],
            "12.0": [0, 0, 0],
            "12.0417": [0, -2, 0],
            "12.0833": [0, 0, 0],
            "12.9583": [0, 0, 0],
            "13.0": [0, -2, 0],
            "13.0417": [0, 0, 0],
            "13.0833": [0, -2, 0],
            "13.125": [0, 0, 0],
            "13.9583": [0, 0, 0],
            "14.0": [0, -2, 0],
            "2.0": [0, -2, 0],
            "2.0417": [0, -2, 0],
            "2.0833": [0, 0, 0],
            "2.9583": [0, 0, 0],
            "3.0": [0, -2, 0],
            "3.0417": [0, 0, 0],
            "3.0833": [0, -2, 0],
            "3.125": [0, 0, 0],
            "3.9583": [0, 0, 0],
            "4.0": [0, 0, 0],
            "4.0417": [0, -2, 0],
            "4.0833": [0, 0, 0],
            "4.9583": [0, 0, 0],
            "5.0": [0, -2, 0],
            "5.0417": [0, 0, 0],
            "5.0833": [0, -2, 0],
            "5.125": [0, 0, 0],
            "5.9583": [0, 0, 0],
            "6.0": [0, 0, 0],
            "6.0417": [0, -2, 0],
            "6.0833": [0, 0, 0],
            "6.9583": [0, 0, 0],
            "7.0": [0, -2, 0],
            "7.0417": [0, 0, 0],
            "7.0833": [0, -2, 0],
            "7.125": [0, 0, 0],
            "7.9583": [0, 0, 0],
            "8.0": [0, 0, 0],
            "8.0417": [0, -2, 0],
            "8.0833": [0, 0, 0],
            "8.9583": [0, 0, 0],
            "9.0": [0, -2, 0],
            "9.0417": [0, 0, 0],
            "9.0833": [0, -2, 0],
            "9.125": [0, 0, 0],
            "9.9583": [0, 0, 0]
          }
        },
        "bone106": {
          "rotation": {
            "0.0": [-27.5, "0-math.sin(q.anim_time*90*2)*15", 0],
            "10.0": [-27.5, "0-math.sin(q.anim_time*90*2)*15", 0],
            "12.0": [-27.5, "0-math.sin(q.anim_time*90*2)*15", 0],
            "2.0": [-27.5, "0-math.sin(q.anim_time*90*2)*15", 0],
            "4.0": [-27.5, "0-math.sin(q.anim_time*90*2)*15", 0],
            "6.0": [-27.5, "0-math.sin(q.anim_time*90*2)*15", 0],
            "8.0": [-27.5, "0-math.sin(q.anim_time*90*2)*15", 0]
          }
        },
        "bone107": {
          "rotation": {
            "0.0": [10, "0-math.sin(q.anim_time*90*2-90)*15", 0],
            "10.0": [10, "0-math.sin(q.anim_time*90*2-90)*15", 0],
            "12.0": [10, "0-math.sin(q.anim_time*90*2-90)*15", 0],
            "2.0": [10, "0-math.sin(q.anim_time*90*2-90)*15", 0],
            "4.0": [10, "0-math.sin(q.anim_time*90*2-90)*15", 0],
            "6.0": [10, "0-math.sin(q.anim_time*90*2-90)*15", 0],
            "8.0": [10, "0-math.sin(q.anim_time*90*2-90)*15", 0]
          }
        },
        "bone108": {
          "rotation": {
            "0.0": [7.5, "0-math.sin(q.anim_time*90*2-90)*15", 0],
            "10.0": [7.5, "0-math.sin(q.anim_time*90*2-90)*15", 0],
            "12.0": [7.5, "0-math.sin(q.anim_time*90*2-90)*15", 0],
            "2.0": [7.5, "0-math.sin(q.anim_time*90*2-90)*15", 0],
            "4.0": [7.5, "0-math.sin(q.anim_time*90*2-90)*15", 0],
            "6.0": [7.5, "0-math.sin(q.anim_time*90*2-90)*15", 0],
            "8.0": [7.5, "0-math.sin(q.anim_time*90*2-90)*15", 0]
          }
        },
        "bone109": {
          "rotation": {
            "0.0": [7.5, "0-math.sin(q.anim_time*90*2-90)*15", 0],
            "10.0": [7.5, "0-math.sin(q.anim_time*90*2-90)*15", 0],
            "12.0": [7.5, "0-math.sin(q.anim_time*90*2-90)*15", 0],
            "2.0": [7.5, "0-math.sin(q.anim_time*90*2-90)*15", 0],
            "4.0": [7.5, "0-math.sin(q.anim_time*90*2-90)*15", 0],
            "6.0": [7.5, "0-math.sin(q.anim_time*90*2-90)*15", 0],
            "8.0": [7.5, "0-math.sin(q.anim_time*90*2-90)*15", 0]
          }
        },
        "bone20": {
          "position": {
            "0.0": [0, -4, -4],
            "1.0": [0, -3, 1],
            "1.875": [0, -1.83, -3.17],
            "10.0": [0, -4, -4],
            "11.0": [0, -3, 1],
            "11.875": [0, -1.83, -3.17],
            "12.0": [0, -4, -4],
            "13.0": [0, -3, 1],
            "13.875": [0, -1.83, -3.17],
            "14.0": [0, -4, -4],
            "2.0": [0, -4, -4],
            "3.0": [0, -3, 1],
            "3.875": [0, -1.83, -3.17],
            "4.0": [0, -4, -4],
            "5.0": [0, -3, 1],
            "5.875": [0, -1.83, -3.17],
            "6.0": [0, -4, -4],
            "7.0": [0, -3, 1],
            "7.875": [0, -1.83, -3.17],
            "8.0": [0, -4, -4],
            "9.0": [0, -3, 1],
            "9.875": [0, -1.83, -3.17]
          },
          "rotation": {
            "0.0": [-24.85007, -5.06271, -0.98002],
            "1.0": [17.64993, -5.06271, -0.98002],
            "1.875": [-25.26673, -5.06271, -0.98002],
            "10.0": [-24.85007, -5.06271, -0.98002],
            "11.0": [17.64993, -5.06271, -0.98002],
            "11.875": [-25.26673, -5.06271, -0.98002],
            "12.0": [-24.85007, -5.06271, -0.98002],
            "13.0": [17.64993, -5.06271, -0.98002],
            "13.875": [-25.26673, -5.06271, -0.98002],
            "14.0": [-25.94845, -5.19195, -3.1261],
            "2.0": [-25.94845, -5.19195, -3.1261],
            "3.0": [17.64993, -5.06271, -0.98002],
            "3.875": [-25.26673, -5.06271, -0.98002],
            "4.0": [-24.85007, -5.06271, -0.98002],
            "5.0": [17.64993, -5.06271, -0.98002],
            "5.875": [-25.26673, -5.06271, -0.98002],
            "6.0": [-24.85007, -5.06271, -0.98002],
            "7.0": [17.64993, -5.06271, -0.98002],
            "7.875": [-25.26673, -5.06271, -0.98002],
            "8.0": [-24.85007, -5.06271, -0.98002],
            "9.0": [17.64993, -5.06271, -0.98002],
            "9.875": [-25.26673, -5.06271, -0.98002]
          }
        },
        "bone21": {
          "rotation": {
            "0.0": [12.51565, -2.38422, 29.2478],
            "0.5": [20.01565, -2.38422, 29.2478],
            "1.0": [12.51565, -2.38422, 29.2478],
            "1.25": [24.76565, -2.38422, 29.2478],
            "1.8333": [20.01565, -2.38422, 29.2478],
            "10.0": [12.51565, -2.38422, 29.2478],
            "10.5": [20.01565, -2.38422, 29.2478],
            "11.0": [12.51565, -2.38422, 29.2478],
            "11.25": [24.76565, -2.38422, 29.2478],
            "11.8333": [20.01565, -2.38422, 29.2478],
            "12.0": [12.51565, -2.38422, 29.2478],
            "12.5": [20.01565, -2.38422, 29.2478],
            "13.0": [12.51565, -2.38422, 29.2478],
            "13.25": [24.76565, -2.38422, 29.2478],
            "13.8333": [20.01565, -2.38422, 29.2478],
            "14.0": [12.51565, -2.38422, 29.2478],
            "2.0": [12.51565, -2.38422, 29.2478],
            "2.5": [20.01565, -2.38422, 29.2478],
            "3.0": [12.51565, -2.38422, 29.2478],
            "3.25": [24.76565, -2.38422, 29.2478],
            "3.8333": [20.01565, -2.38422, 29.2478],
            "4.0": [12.51565, -2.38422, 29.2478],
            "4.5": [20.01565, -2.38422, 29.2478],
            "5.0": [12.51565, -2.38422, 29.2478],
            "5.25": [24.76565, -2.38422, 29.2478],
            "5.8333": [20.01565, -2.38422, 29.2478],
            "6.0": [12.51565, -2.38422, 29.2478],
            "6.5": [20.01565, -2.38422, 29.2478],
            "7.0": [12.51565, -2.38422, 29.2478],
            "7.25": [24.76565, -2.38422, 29.2478],
            "7.8333": [20.01565, -2.38422, 29.2478],
            "8.0": [12.51565, -2.38422, 29.2478],
            "8.5": [20.01565, -2.38422, 29.2478],
            "9.0": [12.51565, -2.38422, 29.2478],
            "9.25": [24.76565, -2.38422, 29.2478],
            "9.8333": [20.01565, -2.38422, 29.2478]
          }
        },
        "bone22": {
          "rotation": {
            "0.0": [9.99067, -0.43399, 2.46207],
            "0.5": [-13.75933, -0.43399, 2.46207],
            "1.0": [-25.00933, -0.43399, 2.46207],
            "10.0": [9.99067, -0.43399, 2.46207],
            "10.5": [-13.75933, -0.43399, 2.46207],
            "11.0": [-25.00933, -0.43399, 2.46207],
            "12.0": [9.99067, -0.43399, 2.46207],
            "12.5": [-13.75933, -0.43399, 2.46207],
            "13.0": [-25.00933, -0.43399, 2.46207],
            "14.0": [9.99067, -0.43399, 2.46207],
            "2.0": [9.99067, -0.43399, 2.46207],
            "2.5": [-13.75933, -0.43399, 2.46207],
            "3.0": [-25.00933, -0.43399, 2.46207],
            "4.0": [9.99067, -0.43399, 2.46207],
            "4.5": [-13.75933, -0.43399, 2.46207],
            "5.0": [-25.00933, -0.43399, 2.46207],
            "6.0": [9.99067, -0.43399, 2.46207],
            "6.5": [-13.75933, -0.43399, 2.46207],
            "7.0": [-25.00933, -0.43399, 2.46207],
            "8.0": [9.99067, -0.43399, 2.46207],
            "8.5": [-13.75933, -0.43399, 2.46207],
            "9.0": [-25.00933, -0.43399, 2.46207]
          }
        },
        "bone27": {
          "position": {
            "0.0": ["0+math.cos((q.anim_time)*90*8/4+90)*0.5", 0, 0],
            "10.0": ["0+math.cos((q.anim_time)*90*8/4+90)*0.5", 0, 0],
            "12.0": ["0+math.cos((q.anim_time)*90*8/4+90)*0.5", 0, 0],
            "2.0": ["0+math.cos((q.anim_time)*90*8/4+90)*0.5", 0, 0],
            "4.0": ["0+math.cos((q.anim_time)*90*8/4+90)*0.5", 0, 0],
            "6.0": ["0+math.cos((q.anim_time)*90*8/4+90)*0.5", 0, 0],
            "8.0": ["0+math.cos((q.anim_time)*90*8/4+90)*0.5", 0, 0]
          },
          "rotation": {
            "0.0": ["0-math.sin(q.anim_time*90*4-90)*0.7", 0, 0],
            "10.0": ["0-math.sin(q.anim_time*90*4-90)*0.7", 0, 0],
            "12.0": ["0-math.sin(q.anim_time*90*4-90)*0.7", 0, 0],
            "2.0": ["0-math.sin(q.anim_time*90*4-90)*0.7", 0, 0],
            "4.0": ["0-math.sin(q.anim_time*90*4-90)*0.7", 0, 0],
            "6.0": ["0-math.sin(q.anim_time*90*4-90)*0.7", 0, 0],
            "8.0": ["0-math.sin(q.anim_time*90*4-90)*0.7", 0, 0]
          }
        },
        "bone28": {
          "rotation": {
            "0.0": [0, "17.5+math.cos((q.anim_time)*90*8/2-120)*2", 0],
            "10.0": [0, "17.5+math.cos((q.anim_time)*90*8/2-120)*2", 0],
            "12.0": [0, "17.5+math.cos((q.anim_time)*90*8/2-120)*2", 0],
            "2.0": [0, "17.5+math.cos((q.anim_time)*90*8/2-120)*2", 0],
            "4.0": [0, "17.5+math.cos((q.anim_time)*90*8/2-120)*2", 0],
            "6.0": [0, "17.5+math.cos((q.anim_time)*90*8/2-120)*2", 0],
            "8.0": [0, "17.5+math.cos((q.anim_time)*90*8/2-120)*2", 0]
          }
        },
        "bone29": {
          "rotation": {
            "0.0": [12.5, "17.5+math.cos((q.anim_time)*90*8/2-120)*2", 0],
            "10.0": [12.5, "17.5+math.cos((q.anim_time)*90*8/2-120)*2", 0],
            "12.0": [12.5, "17.5+math.cos((q.anim_time)*90*8/2-120)*2", 0],
            "2.0": [12.5, "17.5+math.cos((q.anim_time)*90*8/2-120)*2", 0],
            "4.0": [12.5, "17.5+math.cos((q.anim_time)*90*8/2-120)*2", 0],
            "6.0": [12.5, "17.5+math.cos((q.anim_time)*90*8/2-120)*2", 0],
            "8.0": [12.5, "17.5+math.cos((q.anim_time)*90*8/2-120)*2", 0]
          }
        },
        "bone30": {
          "rotation": {
            "0.0": [10, "47.5+math.cos((q.anim_time)*90*8/2-90)*2", 0],
            "10.0": [10, "47.5+math.cos((q.anim_time)*90*8/2-90)*2", 0],
            "12.0": [10, "47.5+math.cos((q.anim_time)*90*8/2-90)*2", 0],
            "2.0": [10, "47.5+math.cos((q.anim_time)*90*8/2-90)*2", 0],
            "4.0": [10, "47.5+math.cos((q.anim_time)*90*8/2-90)*2", 0],
            "6.0": [10, "47.5+math.cos((q.anim_time)*90*8/2-90)*2", 0],
            "8.0": [10, "47.5+math.cos((q.anim_time)*90*8/2-90)*2", 0]
          }
        },
        "bone31": {
          "rotation": {
            "0.0": [10.19849, "12.3077+math.cos((q.anim_time)*90*8/2-120)*2", 2.19659],
            "10.0": [10.19849, "12.3077+math.cos((q.anim_time)*90*8/2-120)*2", 2.19659],
            "12.0": [10.19849, "12.3077+math.cos((q.anim_time)*90*8/2-120)*2", 2.19659],
            "2.0": [10.19849, "12.3077+math.cos((q.anim_time)*90*8/2-120)*2", 2.19659],
            "4.0": [10.19849, "12.3077+math.cos((q.anim_time)*90*8/2-120)*2", 2.19659],
            "6.0": [10.19849, "12.3077+math.cos((q.anim_time)*90*8/2-120)*2", 2.19659],
            "8.0": [10.19849, "12.3077+math.cos((q.anim_time)*90*8/2-120)*2", 2.19659]
          }
        },
        "bone40": {
          "rotation": {
            "0.0": [15, "-47.5-math.cos((q.anim_time)*90*8/2-90)*2", 0],
            "10.0": [15, "-47.5-math.cos((q.anim_time)*90*8/2-90)*2", 0],
            "12.0": [15, "-47.5-math.cos((q.anim_time)*90*8/2-90)*2", 0],
            "2.0": [15, "-47.5-math.cos((q.anim_time)*90*8/2-90)*2", 0],
            "4.0": [15, "-47.5-math.cos((q.anim_time)*90*8/2-90)*2", 0],
            "6.0": [15, "-47.5-math.cos((q.anim_time)*90*8/2-90)*2", 0],
            "8.0": [15, "-47.5-math.cos((q.anim_time)*90*8/2-90)*2", 0]
          }
        },
        "bone41": {
          "rotation": {
            "0.0": [0, "-17.5-math.cos((q.anim_time)*90*8/2-120)*2", 0],
            "10.0": [0, "-17.5-math.cos((q.anim_time)*90*8/2-120)*2", 0],
            "12.0": [0, "-17.5-math.cos((q.anim_time)*90*8/2-120)*2", 0],
            "2.0": [0, "-17.5-math.cos((q.anim_time)*90*8/2-120)*2", 0],
            "4.0": [0, "-17.5-math.cos((q.anim_time)*90*8/2-120)*2", 0],
            "6.0": [0, "-17.5-math.cos((q.anim_time)*90*8/2-120)*2", 0],
            "8.0": [0, "-17.5-math.cos((q.anim_time)*90*8/2-120)*2", 0]
          }
        },
        "bone43": {
          "rotation": {
            "0.0": [12.5, "-17.5-math.cos((q.anim_time)*90*8/2-120)*2", 0],
            "10.0": [12.5, "-17.5-math.cos((q.anim_time)*90*8/2-120)*2", 0],
            "12.0": [12.5, "-17.5-math.cos((q.anim_time)*90*8/2-120)*2", 0],
            "2.0": [12.5, "-17.5-math.cos((q.anim_time)*90*8/2-120)*2", 0],
            "4.0": [12.5, "-17.5-math.cos((q.anim_time)*90*8/2-120)*2", 0],
            "6.0": [12.5, "-17.5-math.cos((q.anim_time)*90*8/2-120)*2", 0],
            "8.0": [12.5, "-17.5-math.cos((q.anim_time)*90*8/2-120)*2", 0]
          }
        },
        "bone44": {
          "rotation": {
            "0.0": [10.12011, "-9.8469-math.cos((q.anim_time)*90*8/2-120)*2", -1.74875],
            "10.0": [10.12011, "-9.8469-math.cos((q.anim_time)*90*8/2-120)*2", -1.74875],
            "12.0": [10.12011, "-9.8469-math.cos((q.anim_time)*90*8/2-120)*2", -1.74875],
            "2.0": [10.12011, "-9.8469-math.cos((q.anim_time)*90*8/2-120)*2", -1.74875],
            "4.0": [10.12011, "-9.8469-math.cos((q.anim_time)*90*8/2-120)*2", -1.74875],
            "6.0": [10.12011, "-9.8469-math.cos((q.anim_time)*90*8/2-120)*2", -1.74875],
            "8.0": [10.12011, "-9.8469-math.cos((q.anim_time)*90*8/2-120)*2", -1.74875]
          }
        },
        "bone56": {
          "position": {
            "0.0": [5, -1.25, 1],
            "0.8333": [3, -0.75, -2.5],
            "1.0": [3, -5.25, -3],
            "10.0": [5, -1.25, 1],
            "10.8333": [3, -0.75, -2.5],
            "11.0": [3, -5.25, -3],
            "12.0": [5, -1.25, 1],
            "12.8333": [3, -0.75, -2.5],
            "13.0": [3, -5.25, -3],
            "14.0": [5, -1.25, 1],
            "2.0": [5, -1.25, 1],
            "2.8333": [3, -0.75, -2.5],
            "3.0": [3, -5.25, -3],
            "4.0": [5, -1.25, 1],
            "4.8333": [3, -0.75, -2.5],
            "5.0": [3, -5.25, -3],
            "6.0": [5, -1.25, 1],
            "6.8333": [3, -0.75, -2.5],
            "7.0": [3, -5.25, -3],
            "8.0": [5, -1.25, 1],
            "8.8333": [3, -0.75, -2.5],
            "9.0": [3, -5.25, -3]
          },
          "rotation": {
            "0.0": [21.77217, -8.92654, -9.50749],
            "0.8333": [-7.12213, -3.53921, -10.54915],
            "1.0": [-9.05597, -4.53554, -13.72189],
            "10.0": [21.77217, -8.92654, -9.50749],
            "10.8333": [-7.12213, -3.53921, -10.54915],
            "11.0": [-9.05597, -4.53554, -13.72189],
            "12.0": [21.77217, -8.92654, -9.50749],
            "12.8333": [-7.12213, -3.53921, -10.54915],
            "13.0": [-9.05597, -4.53554, -13.72189],
            "14.0": [21.77217, -8.92654, -9.50749],
            "2.0": [21.77217, -8.92654, -9.50749],
            "2.8333": [-7.12213, -3.53921, -10.54915],
            "3.0": [-9.05597, -4.53554, -13.72189],
            "4.0": [21.77217, -8.92654, -9.50749],
            "4.8333": [-7.12213, -3.53921, -10.54915],
            "5.0": [-9.05597, -4.53554, -13.72189],
            "6.0": [21.77217, -8.92654, -9.50749],
            "6.8333": [-7.12213, -3.53921, -10.54915],
            "7.0": [-9.05597, -4.53554, -13.72189],
            "8.0": [21.77217, -8.92654, -9.50749],
            "8.8333": [-7.12213, -3.53921, -10.54915],
            "9.0": [-9.05597, -4.53554, -13.72189]
          }
        },
        "bone57": {
          "rotation": {
            "0.0": [0, 0, 22.5],
            "0.2917": [18.31289, 0.49822, 16.12921],
            "1.0": [19.9299, 1.70818, 12.80014],
            "10.0": [0, 0, 22.5],
            "10.2917": [18.31289, 0.49822, 16.12921],
            "11.0": [19.9299, 1.70818, 12.80014],
            "12.0": [0, 0, 22.5],
            "12.2917": [18.31289, 0.49822, 16.12921],
            "13.0": [19.9299, 1.70818, 12.80014],
            "14.0": [0, 0, 22.5],
            "2.0": [0, 0, 22.5],
            "2.2917": [18.31289, 0.49822, 16.12921],
            "3.0": [19.9299, 1.70818, 12.80014],
            "4.0": [0, 0, 22.5],
            "4.2917": [18.31289, 0.49822, 16.12921],
            "5.0": [19.9299, 1.70818, 12.80014],
            "6.0": [0, 0, 22.5],
            "6.2917": [18.31289, 0.49822, 16.12921],
            "7.0": [19.9299, 1.70818, 12.80014],
            "8.0": [0, 0, 22.5],
            "8.2917": [18.31289, 0.49822, 16.12921],
            "9.0": [19.9299, 1.70818, 12.80014]
          }
        },
        "bone58": {
          "rotation": {
            "0.0": [-11.83501, 4.46375, 16.93839],
            "0.2917": [-3.26272, 5.02035, 20.55789],
            "1.0": [-8.15857, 6.3721, 29.3481],
            "10.0": [-11.83501, 4.46375, 16.93839],
            "10.2917": [-3.26272, 5.02035, 20.55789],
            "11.0": [-8.15857, 6.3721, 29.3481],
            "12.0": [-11.83501, 4.46375, 16.93839],
            "12.2917": [-3.26272, 5.02035, 20.55789],
            "13.0": [-8.15857, 6.3721, 29.3481],
            "14.0": [-12.0149, 3.9471, 14.48575],
            "2.0": [-12.0149, 3.9471, 14.48575],
            "2.2917": [-3.26272, 5.02035, 20.55789],
            "3.0": [-8.15857, 6.3721, 29.3481],
            "4.0": [-11.83501, 4.46375, 16.93839],
            "4.2917": [-3.26272, 5.02035, 20.55789],
            "5.0": [-8.15857, 6.3721, 29.3481],
            "6.0": [-11.83501, 4.46375, 16.93839],
            "6.2917": [-3.26272, 5.02035, 20.55789],
            "7.0": [-8.15857, 6.3721, 29.3481],
            "8.0": [-11.83501, 4.46375, 16.93839],
            "8.2917": [-3.26272, 5.02035, 20.55789],
            "9.0": [-8.15857, 6.3721, 29.3481]
          }
        },
        "bone6": {
          "rotation": {
            "0.0": ["7.5+math.cos((q.anim_time)*90*8/2-90)*2", 0, 0],
            "10.0": ["7.5+math.cos((q.anim_time)*90*8/2-90)*2", 0, 0],
            "12.0": ["7.5+math.cos((q.anim_time)*90*8/2-90)*2", 0, 0],
            "2.0": ["7.5+math.cos((q.anim_time)*90*8/2-90)*2", 0, 0],
            "4.0": ["7.5+math.cos((q.anim_time)*90*8/2-90)*2", 0, 0],
            "6.0": ["7.5+math.cos((q.anim_time)*90*8/2-90)*2", 0, 0],
            "8.0": ["7.5+math.cos((q.anim_time)*90*8/2-90)*2", 0, 0]
          }
        },
        "bone66": {
          "position": {
            "0.0": [0, -2.875, -4.5],
            "1.0": [0, -4.23, 1.67],
            "1.875": [0, -0.5, -4.5],
            "10.0": [0, -2.875, -4.5],
            "11.0": [0, -4.23, 1.67],
            "11.875": [0, -0.5, -4.5],
            "12.0": [0, -2.875, -4.5],
            "13.0": [0, -4.23, 1.67],
            "13.875": [0, -0.5, -4.5],
            "14.0": [0, -2.875, -4.5],
            "2.0": [0, -2.875, -4.5],
            "3.0": [0, -4.23, 1.67],
            "3.875": [0, -0.5, -4.5],
            "4.0": [0, -2.875, -4.5],
            "5.0": [0, -4.23, 1.67],
            "5.875": [0, -0.5, -4.5],
            "6.0": [0, -2.875, -4.5],
            "7.0": [0, -4.23, 1.67],
            "7.875": [0, -0.5, -4.5],
            "8.0": [0, -2.875, -4.5],
            "9.0": [0, -4.23, 1.67],
            "9.875": [0, -0.5, -4.5]
          },
          "rotation": {
            "0.0": [8.04892, -26.84751, -7.0364],
            "1.0": [26.27298, -23.71322, -14.57431],
            "1.25": [31.71697, -24.49679, -12.68983],
            "1.875": [4.62338, -26.19454, -8.6068],
            "10.0": [8.04892, -26.84751, -7.0364],
            "11.0": [26.27298, -23.71322, -14.57431],
            "11.25": [31.71697, -24.49679, -12.68983],
            "11.875": [4.62338, -26.19454, -8.6068],
            "12.0": [8.04892, -26.84751, -7.0364],
            "13.0": [26.27298, -23.71322, -14.57431],
            "13.25": [31.71697, -24.49679, -12.68983],
            "13.875": [4.62338, -26.19454, -8.6068],
            "14.0": [8.04892, -26.84751, -7.0364],
            "2.0": [8.04892, -26.84751, -7.0364],
            "3.0": [26.27298, -23.71322, -14.57431],
            "3.25": [31.71697, -24.49679, -12.68983],
            "3.875": [4.62338, -26.19454, -8.6068],
            "4.0": [8.04892, -26.84751, -7.0364],
            "5.0": [26.27298, -23.71322, -14.57431],
            "5.25": [31.71697, -24.49679, -12.68983],
            "5.875": [4.62338, -26.19454, -8.6068],
            "6.0": [8.04892, -26.84751, -7.0364],
            "7.0": [26.27298, -23.71322, -14.57431],
            "7.25": [31.71697, -24.49679, -12.68983],
            "7.875": [4.62338, -26.19454, -8.6068],
            "8.0": [8.04892, -26.84751, -7.0364],
            "9.0": [26.27298, -23.71322, -14.57431],
            "9.25": [31.71697, -24.49679, -12.68983],
            "9.875": [4.62338, -26.19454, -8.6068]
          }
        },
        "bone67": {
          "rotation": {
            "0.0": [12.5, 0, 30],
            "1.0": [15.13475, -4.43234, 27.68083],
            "1.25": [25.20212, -6.64851, 26.52125],
            "10.0": [12.5, 0, 30],
            "11.0": [15.13475, -4.43234, 27.68083],
            "11.25": [25.20212, -6.64851, 26.52125],
            "12.0": [12.5, 0, 30],
            "13.0": [15.13475, -4.43234, 27.68083],
            "13.25": [25.20212, -6.64851, 26.52125],
            "14.0": [12.5, 0, 30],
            "2.0": [12.5, 0, 30],
            "3.0": [15.13475, -4.43234, 27.68083],
            "3.25": [25.20212, -6.64851, 26.52125],
            "4.0": [12.5, 0, 30],
            "5.0": [15.13475, -4.43234, 27.68083],
            "5.25": [25.20212, -6.64851, 26.52125],
            "6.0": [12.5, 0, 30],
            "7.0": [15.13475, -4.43234, 27.68083],
            "7.25": [25.20212, -6.64851, 26.52125],
            "8.0": [12.5, 0, 30],
            "9.0": [15.13475, -4.43234, 27.68083],
            "9.25": [25.20212, -6.64851, 26.52125]
          }
        },
        "bone68": {
          "rotation": {
            "0.0": [-5, 0, 0],
            "1.0": [-15.27888, 4.48321, 12.5778],
            "1.25": [-28.55192, 3.02613, 6.92417],
            "10.0": [-5, 0, 0],
            "11.0": [-15.27888, 4.48321, 12.5778],
            "11.25": [-28.55192, 3.02613, 6.92417],
            "12.0": [-5, 0, 0],
            "13.0": [-15.27888, 4.48321, 12.5778],
            "13.25": [-28.55192, 3.02613, 6.92417],
            "14.0": [-5, 0, 0],
            "2.0": [-5, 0, 0],
            "3.0": [-15.27888, 4.48321, 12.5778],
            "3.25": [-28.55192, 3.02613, 6.92417],
            "4.0": [-5, 0, 0],
            "5.0": [-15.27888, 4.48321, 12.5778],
            "5.25": [-28.55192, 3.02613, 6.92417],
            "6.0": [-5, 0, 0],
            "7.0": [-15.27888, 4.48321, 12.5778],
            "7.25": [-28.55192, 3.02613, 6.92417],
            "8.0": [-5, 0, 0],
            "9.0": [-15.27888, 4.48321, 12.5778],
            "9.25": [-28.55192, 3.02613, 6.92417]
          }
        },
        "bone7": {
          "position": {
            "0.0": ["0-math.cos((q.anim_time)*90*8/4)*1.5", "0-math.cos((q.anim_time)*90*8/2)*1", 0],
            "10.0": ["0-math.cos((q.anim_time)*90*8/4)*1.5", "0-math.cos((q.anim_time)*90*8/2)*1", 0],
            "12.0": ["0-math.cos((q.anim_time)*90*8/4)*1.5", "0-math.cos((q.anim_time)*90*8/2)*1", 0],
            "2.0": ["0-math.cos((q.anim_time)*90*8/4)*1.5", "0-math.cos((q.anim_time)*90*8/2)*1", 0],
            "4.0": ["0-math.cos((q.anim_time)*90*8/4)*1.5", "0-math.cos((q.anim_time)*90*8/2)*1", 0],
            "6.0": ["0-math.cos((q.anim_time)*90*8/4)*1.5", "0-math.cos((q.anim_time)*90*8/2)*1", 0],
            "8.0": ["0-math.cos((q.anim_time)*90*8/4)*1.5", "0-math.cos((q.anim_time)*90*8/2)*1", 0]
          },
          "rotation": {
            "0.0": ["0-math.sin(q.anim_time*90*4)*0.7", 0, 0],
            "10.0": ["0-math.sin(q.anim_time*90*4)*0.7", 0, 0],
            "12.0": ["0-math.sin(q.anim_time*90*4)*0.7", 0, 0],
            "2.0": ["0-math.sin(q.anim_time*90*4)*0.7", 0, 0],
            "4.0": ["0-math.sin(q.anim_time*90*4)*0.7", 0, 0],
            "6.0": ["0-math.sin(q.anim_time*90*4)*0.7", 0, 0],
            "8.0": ["0-math.sin(q.anim_time*90*4)*0.7", 0, 0]
          }
        },
        "bone76": {
          "position": {
            "0.0": [0, -2.2, 2],
            "0.875": [0, -3.07, -0.5],
            "1.0": [0, -4.45, -1],
            "10.0": [0, -2.2, 2],
            "10.875": [0, -3.07, -0.5],
            "11.0": [0, -4.45, -1],
            "12.0": [0, -2.2, 2],
            "12.875": [0, -3.07, -0.5],
            "13.0": [0, -4.45, -1],
            "14.0": [0, -2.2, 2],
            "2.0": [0, -2.2, 2],
            "2.875": [0, -3.07, -0.5],
            "3.0": [0, -4.45, -1],
            "4.0": [0, -2.2, 2],
            "4.875": [0, -3.07, -0.5],
            "5.0": [0, -4.45, -1],
            "6.0": [0, -2.2, 2],
            "6.875": [0, -3.07, -0.5],
            "7.0": [0, -4.45, -1],
            "8.0": [0, -2.2, 2],
            "8.875": [0, -3.07, -0.5],
            "9.0": [0, -4.45, -1]
          },
          "rotation": {
            "0.0": [16.2209, 10.97136, 6.23712],
            "0.2917": [5.69814, 9.95888, 4.41796],
            "0.875": [-28.12985, 8.07856, 1.03952],
            "1.0": [-25, 7.5, 0],
            "10.0": [16.2209, 10.97136, 6.23712],
            "10.2917": [5.69814, 9.95888, 4.41796],
            "10.875": [-28.12985, 8.07856, 1.03952],
            "11.0": [-25, 7.5, 0],
            "12.0": [16.2209, 10.97136, 6.23712],
            "12.2917": [5.69814, 9.95888, 4.41796],
            "12.875": [-28.12985, 8.07856, 1.03952],
            "13.0": [-25, 7.5, 0],
            "14.0": [16.2209, 10.97136, 6.23712],
            "2.0": [16.2209, 10.97136, 6.23712],
            "2.2917": [5.69814, 9.95888, 4.41796],
            "2.875": [-28.12985, 8.07856, 1.03952],
            "3.0": [-25, 7.5, 0],
            "4.0": [16.2209, 10.97136, 6.23712],
            "4.2917": [5.69814, 9.95888, 4.41796],
            "4.875": [-28.12985, 8.07856, 1.03952],
            "5.0": [-25, 7.5, 0],
            "6.0": [16.2209, 10.97136, 6.23712],
            "6.2917": [5.69814, 9.95888, 4.41796],
            "6.875": [-28.12985, 8.07856, 1.03952],
            "7.0": [-25, 7.5, 0],
            "8.0": [16.2209, 10.97136, 6.23712],
            "8.2917": [5.69814, 9.95888, 4.41796],
            "8.875": [-28.12985, 8.07856, 1.03952],
            "9.0": [-25, 7.5, 0]
          }
        },
        "bone77": {
          "rotation": {
            "0.0": [9.91615, -1.29876, -22.61267],
            "0.2917": [31.94061, -0.91995, -24.76731],
            "0.8333": [29.98603, -0.21646, -28.76878],
            "1.0": [25, 0, -30],
            "10.0": [9.91615, -1.29876, -22.61267],
            "10.2917": [31.94061, -0.91995, -24.76731],
            "10.8333": [29.98603, -0.21646, -28.76878],
            "11.0": [25, 0, -30],
            "12.0": [9.91615, -1.29876, -22.61267],
            "12.2917": [31.94061, -0.91995, -24.76731],
            "12.8333": [29.98603, -0.21646, -28.76878],
            "13.0": [25, 0, -30],
            "14.0": [9.91615, -1.29876, -22.61267],
            "2.0": [9.91615, -1.29876, -22.61267],
            "2.2917": [31.94061, -0.91995, -24.76731],
            "2.8333": [29.98603, -0.21646, -28.76878],
            "3.0": [25, 0, -30],
            "4.0": [9.91615, -1.29876, -22.61267],
            "4.2917": [31.94061, -0.91995, -24.76731],
            "4.8333": [29.98603, -0.21646, -28.76878],
            "5.0": [25, 0, -30],
            "6.0": [9.91615, -1.29876, -22.61267],
            "6.2917": [31.94061, -0.91995, -24.76731],
            "6.8333": [29.98603, -0.21646, -28.76878],
            "7.0": [25, 0, -30],
            "8.0": [9.91615, -1.29876, -22.61267],
            "8.2917": [31.94061, -0.91995, -24.76731],
            "8.8333": [29.98603, -0.21646, -28.76878],
            "9.0": [25, 0, -30]
          }
        },
        "bone78": {
          "rotation": {
            "0.0": [-15.34514, -3.88655, -11.88959],
            "0.2917": [-17.85954, -2.73071, -9.15062],
            "1.0": [1.74834, 0.07632, -2.49884],
            "10.0": [-15.34514, -3.88655, -11.88959],
            "10.2917": [-17.85954, -2.73071, -9.15062],
            "11.0": [1.74834, 0.07632, -2.49884],
            "12.0": [-15.34514, -3.88655, -11.88959],
            "12.2917": [-17.85954, -2.73071, -9.15062],
            "13.0": [1.74834, 0.07632, -2.49884],
            "14.0": [-15.34514, -3.88655, -11.88959],
            "2.0": [-15.34514, -3.88655, -11.88959],
            "2.2917": [-17.85954, -2.73071, -9.15062],
            "3.0": [1.74834, 0.07632, -2.49884],
            "4.0": [-15.34514, -3.88655, -11.88959],
            "4.2917": [-17.85954, -2.73071, -9.15062],
            "5.0": [1.74834, 0.07632, -2.49884],
            "6.0": [-15.34514, -3.88655, -11.88959],
            "6.2917": [-17.85954, -2.73071, -9.15062],
            "7.0": [1.74834, 0.07632, -2.49884],
            "8.0": [-15.34514, -3.88655, -11.88959],
            "8.2917": [-17.85954, -2.73071, -9.15062],
            "9.0": [1.74834, 0.07632, -2.49884]
          }
        },
        "bone86": {
          "position": {
            "0.0": [0, -4, -2.75],
            "1.0": [0, -3, 0.25],
            "1.875": [0, -1.62, -2],
            "10.0": [0, -4, -2.75],
            "11.0": [0, -3, 0.25],
            "11.875": [0, -1.62, -2],
            "12.0": [0, -4, -2.75],
            "13.0": [0, -3, 0.25],
            "13.875": [0, -1.62, -2],
            "14.0": [0, -4, -2.75],
            "2.0": [0, -4, -2.75],
            "3.0": [0, -3, 0.25],
            "3.875": [0, -1.62, -2],
            "4.0": [0, -4, -2.75],
            "5.0": [0, -3, 0.25],
            "5.875": [0, -1.62, -2],
            "6.0": [0, -4, -2.75],
            "7.0": [0, -3, 0.25],
            "7.875": [0, -1.62, -2],
            "8.0": [0, -4, -2.75],
            "9.0": [0, -3, 0.25],
            "9.875": [0, -1.62, -2]
          },
          "rotation": {
            "0.0": [-7.85667, 20.20646, 8.75752],
            "1.0": [13.05451, 19.98422, 11.40907],
            "1.3333": [3.58412, 20.0583, 10.52522],
            "1.875": [-8.56637, 20.1509, 9.4204],
            "10.0": [-7.85667, 20.20646, 8.75752],
            "11.0": [13.05451, 19.98422, 11.40907],
            "11.3333": [3.58412, 20.0583, 10.52522],
            "11.875": [-8.56637, 20.1509, 9.4204],
            "12.0": [-7.85667, 20.20646, 8.75752],
            "13.0": [13.05451, 19.98422, 11.40907],
            "13.3333": [3.58412, 20.0583, 10.52522],
            "13.875": [-8.56637, 20.1509, 9.4204],
            "14.0": [-7.85667, 20.20646, 8.75752],
            "2.0": [-7.85667, 20.20646, 8.75752],
            "3.0": [13.05451, 19.98422, 11.40907],
            "3.3333": [3.58412, 20.0583, 10.52522],
            "3.875": [-8.56637, 20.1509, 9.4204],
            "4.0": [-7.85667, 20.20646, 8.75752],
            "5.0": [13.05451, 19.98422, 11.40907],
            "5.3333": [3.58412, 20.0583, 10.52522],
            "5.875": [-8.56637, 20.1509, 9.4204],
            "6.0": [-7.85667, 20.20646, 8.75752],
            "7.0": [13.05451, 19.98422, 11.40907],
            "7.3333": [3.58412, 20.0583, 10.52522],
            "7.875": [-8.56637, 20.1509, 9.4204],
            "8.0": [-7.85667, 20.20646, 8.75752],
            "9.0": [13.05451, 19.98422, 11.40907],
            "9.3333": [3.58412, 20.0583, 10.52522],
            "9.875": [-8.56637, 20.1509, 9.4204]
          }
        },
        "bone87": {
          "rotation": {
            "0.0": [19.69919, -0.24156, -17.25861],
            "1.0": [12.32842, -1.38045, -12.37962],
            "1.3333": [27.28534, -1.00082, -14.00595],
            "10.0": [19.69919, -0.24156, -17.25861],
            "11.0": [12.32842, -1.38045, -12.37962],
            "11.3333": [27.28534, -1.00082, -14.00595],
            "12.0": [19.69919, -0.24156, -17.25861],
            "13.0": [12.32842, -1.38045, -12.37962],
            "13.3333": [27.28534, -1.00082, -14.00595],
            "14.0": [19.69919, -0.24156, -17.25861],
            "2.0": [19.69919, -0.24156, -17.25861],
            "3.0": [12.32842, -1.38045, -12.37962],
            "3.3333": [27.28534, -1.00082, -14.00595],
            "4.0": [19.69919, -0.24156, -17.25861],
            "5.0": [12.32842, -1.38045, -12.37962],
            "5.3333": [27.28534, -1.00082, -14.00595],
            "6.0": [19.69919, -0.24156, -17.25861],
            "7.0": [12.32842, -1.38045, -12.37962],
            "7.3333": [27.28534, -1.00082, -14.00595],
            "8.0": [19.69919, -0.24156, -17.25861],
            "9.0": [12.32842, -1.38045, -12.37962],
            "9.3333": [27.28534, -1.00082, -14.00595]
          }
        },
        "bone88": {
          "rotation": {
            "0.0": [-2.38443, -0.75155, -17.48436],
            "1.0": [-7.26603, -1.05627, -24.97911],
            "10.0": [-2.38443, -0.75155, -17.48436],
            "11.0": [-7.26603, -1.05627, -24.97911],
            "12.0": [-2.38443, -0.75155, -17.48436],
            "13.0": [-7.26603, -1.05627, -24.97911],
            "14.0": [-2.38443, -0.75155, -17.48436],
            "2.0": [-2.38443, -0.75155, -17.48436],
            "3.0": [-7.26603, -1.05627, -24.97911],
            "4.0": [-2.38443, -0.75155, -17.48436],
            "5.0": [-7.26603, -1.05627, -24.97911],
            "6.0": [-2.38443, -0.75155, -17.48436],
            "7.0": [-7.26603, -1.05627, -24.97911],
            "8.0": [-2.38443, -0.75155, -17.48436],
            "9.0": [-7.26603, -1.05627, -24.97911]
          }
        },
        "bone96": {
          "position": {
            "0.0": [0, -0.675, 0],
            "0.875": [0, -1.24, -3.33],
            "1.0": [0, -3.75, -4],
            "10.0": [0, -0.675, 0],
            "10.875": [0, -1.24, -3.33],
            "11.0": [0, -3.75, -4],
            "12.0": [0, -0.675, 0],
            "12.875": [0, -1.24, -3.33],
            "13.0": [0, -3.75, -4],
            "14.0": [0, -0.675, 0],
            "2.0": [0, -0.675, 0],
            "2.875": [0, -1.24, -3.33],
            "3.0": [0, -3.75, -4],
            "4.0": [0, -0.675, 0],
            "4.875": [0, -1.24, -3.33],
            "5.0": [0, -3.75, -4],
            "6.0": [0, -0.675, 0],
            "6.875": [0, -1.24, -3.33],
            "7.0": [0, -3.75, -4],
            "8.0": [0, -0.675, 0],
            "8.875": [0, -1.24, -3.33],
            "9.0": [0, -3.75, -4]
          },
          "rotation": {
            "0.0": [22.5, 7.5, 0],
            "0.875": [-25.83333, 7.5, 0],
            "1.0": [-17.5, 7.5, 0],
            "10.0": [22.5, 7.5, 0],
            "10.875": [-25.83333, 7.5, 0],
            "11.0": [-17.5, 7.5, 0],
            "12.0": [22.5, 7.5, 0],
            "12.875": [-25.83333, 7.5, 0],
            "13.0": [-17.5, 7.5, 0],
            "14.0": [22.5, 7.5, 0],
            "2.0": [22.5, 7.5, 0],
            "2.875": [-25.83333, 7.5, 0],
            "3.0": [-17.5, 7.5, 0],
            "4.0": [22.5, 7.5, 0],
            "4.875": [-25.83333, 7.5, 0],
            "5.0": [-17.5, 7.5, 0],
            "6.0": [22.5, 7.5, 0],
            "6.875": [-25.83333, 7.5, 0],
            "7.0": [-17.5, 7.5, 0],
            "8.0": [22.5, 7.5, 0],
            "8.875": [-25.83333, 7.5, 0],
            "9.0": [-17.5, 7.5, 0]
          }
        },
        "bone97": {
          "rotation": {
            "0.0": [2.5, 0, -30],
            "0.25": [19.1875, 0, -30],
            "0.8333": [17.29167, 0, -30],
            "1.0": [17.25, 0, -30],
            "10.0": [2.5, 0, -30],
            "10.25": [19.1875, 0, -30],
            "10.8333": [17.29167, 0, -30],
            "11.0": [17.25, 0, -30],
            "12.0": [2.5, 0, -30],
            "12.25": [19.1875, 0, -30],
            "12.8333": [17.29167, 0, -30],
            "13.0": [17.25, 0, -30],
            "14.0": [2.5, 0, -30],
            "2.0": [2.5, 0, -30],
            "2.25": [19.1875, 0, -30],
            "2.8333": [17.29167, 0, -30],
            "3.0": [17.25, 0, -30],
            "4.0": [2.5, 0, -30],
            "4.25": [19.1875, 0, -30],
            "4.8333": [17.29167, 0, -30],
            "5.0": [17.25, 0, -30],
            "6.0": [2.5, 0, -30],
            "6.25": [19.1875, 0, -30],
            "6.8333": [17.29167, 0, -30],
            "7.0": [17.25, 0, -30],
            "8.0": [2.5, 0, -30],
            "8.25": [19.1875, 0, -30],
            "8.8333": [17.29167, 0, -30],
            "9.0": [17.25, 0, -30]
          }
        },
        "bone98": {
          "rotation": {
            "0.0": [-17.5, 0, 0],
            "0.25": [-15, 0, 0],
            "1.0": [2.5, 0, 0],
            "10.0": [-17.5, 0, 0],
            "10.25": [-15, 0, 0],
            "11.0": [2.5, 0, 0],
            "12.0": [-17.5, 0, 0],
            "12.25": [-15, 0, 0],
            "13.0": [2.5, 0, 0],
            "14.0": [-17.5, 0, 0],
            "2.0": [-17.5, 0, 0],
            "2.25": [-15, 0, 0],
            "3.0": [2.5, 0, 0],
            "4.0": [-17.5, 0, 0],
            "4.25": [-15, 0, 0],
            "5.0": [2.5, 0, 0],
            "6.0": [-17.5, 0, 0],
            "6.25": [-15, 0, 0],
            "7.0": [2.5, 0, 0],
            "8.0": [-17.5, 0, 0],
            "8.25": [-15, 0, 0],
            "9.0": [2.5, 0, 0]
          }
        },
        "giratina": {
          "position": [0, 0, "0-query.anim_time *90 *0.17"]
        },
        "head": {
          "rotation": {
            "0.0": ["12.5+math.cos((q.anim_time)*90*8/2-90)*2", 0, 0],
            "10.0": ["12.5+math.cos((q.anim_time)*90*8/2-90)*2", 0, 0],
            "12.0": ["12.5+math.cos((q.anim_time)*90*8/2-90)*2", 0, 0],
            "2.0": ["12.5+math.cos((q.anim_time)*90*8/2-90)*2", 0, 0],
            "4.0": ["12.5+math.cos((q.anim_time)*90*8/2-90)*2", 0, 0],
            "6.0": ["12.5+math.cos((q.anim_time)*90*8/2-90)*2", 0, 0],
            "8.0": ["12.5+math.cos((q.anim_time)*90*8/2-90)*2", 0, 0]
          }
        },
        "neck": {
          "rotation": {
            "0.0": ["0+math.cos((q.anim_time)*90*8/2-90)*2", 0, 0],
            "10.0": ["0+math.cos((q.anim_time)*90*8/2-90)*2", 0, 0],
            "12.0": ["0+math.cos((q.anim_time)*90*8/2-90)*2", 0, 0],
            "2.0": ["0+math.cos((q.anim_time)*90*8/2-90)*2", 0, 0],
            "4.0": ["0+math.cos((q.anim_time)*90*8/2-90)*2", 0, 0],
            "6.0": ["0+math.cos((q.anim_time)*90*8/2-90)*2", 0, 0],
            "8.0": ["0+math.cos((q.anim_time)*90*8/2-90)*2", 0, 0]
          }
        },
        "neck2": {
          "rotation": {
            "0.0": ["0+math.cos((q.anim_time)*90*8/2-90)*2", 0, 0],
            "10.0": ["0+math.cos((q.anim_time)*90*8/2-90)*2", 0, 0],
            "12.0": ["0+math.cos((q.anim_time)*90*8/2-90)*2", 0, 0],
            "2.0": ["0+math.cos((q.anim_time)*90*8/2-90)*2", 0, 0],
            "4.0": ["0+math.cos((q.anim_time)*90*8/2-90)*2", 0, 0],
            "6.0": ["0+math.cos((q.anim_time)*90*8/2-90)*2", 0, 0],
            "8.0": ["0+math.cos((q.anim_time)*90*8/2-90)*2", 0, 0]
          }
        }
      },
      "loop": true
    },
    "animation.giratina.pose": {
      "bones": {
        "bone106": {
          "rotation": [-37.15846, 18.26883, -13.36473]
        },
        "bone107": {
          "rotation": [22.79588, 28.02432, 11.17023]
        },
        "bone108": {
          "rotation": [15.91527, 19.291, 5.38152]
        },
        "bone109": {
          "rotation": [2.81797, 27.47162, 1.30078]
        },
        "bone20": {
          "position": [0, 0, 0],
          "rotation": [7.5, -12.5, 0]
        },
        "bone21": {
          "rotation": [0, 0, 30]
        },
        "bone28": {
          "rotation": [0, 17.5, 0]
        },
        "bone29": {
          "rotation": [12.5, 17.5, 0]
        },
        "bone30": {
          "rotation": [22.5, 47.5, 0]
        },
        "bone31": {
          "rotation": [25, 0, 0]
        },
        "bone40": {
          "rotation": [30, -47.5, 0]
        },
        "bone41": {
          "rotation": [0, -17.5, 0]
        },
        "bone43": {
          "rotation": [10, -17.5, 0]
        },
        "bone44": {
          "rotation": [20, -17.5, 0]
        },
        "bone56": {
          "rotation": [7.5, -12.5, 0]
        },
        "bone57": {
          "rotation": [0, 0, 30]
        },
        "bone6": {
          "rotation": [7.5, 0, 0]
        },
        "bone66": {
          "rotation": [7.5, -12.5, 0]
        },
        "bone67": {
          "rotation": [0, 0, 30]
        },
        "bone76": {
          "rotation": [2.5, 7.5, 0]
        },
        "bone77": {
          "rotation": [0, 0, -30]
        },
        "bone86": {
          "rotation": [2.5, 7.5, 0]
        },
        "bone87": {
          "rotation": [0, 0, -30]
        },
        "bone96": {
          "rotation": [2.5, 7.5, 0]
        },
        "bone97": {
          "rotation": [0, 0, -30]
        },
        "head": {
          "rotation": [26.17354, -21.69365, -6.1191]
        },
        "neck": {
          "rotation": [0, -7.5, 0]
        },
        "neck2": {
          "rotation": [0, -12.5, 0]
        }
      },
      "loop": true
    },
    "animation.giratina.pose2": {
      "bones": {
        "bone106": {
          "rotation": [-37.15846, -18.26883, 13.36473]
        },
        "bone107": {
          "rotation": [23.34288, -30.32448, -12.2921]
        },
        "bone108": {
          "rotation": [16.17354, -21.69365, -6.1191]
        },
        "bone109": {
          "rotation": [2.75806, -24.97457, -1.16524]
        },
        "bone20": {
          "position": [0, 4, -1],
          "rotation": [-46.02664, -28.74139, 17.34125]
        },
        "bone21": {
          "rotation": [46.46476, 2.57565, 2.39589]
        },
        "bone22": {
          "rotation": [17.5, 0, 1.25]
        },
        "bone27": {
          "rotation": [-14.39966, 4.79513, -1.25865]
        },
        "bone28": {
          "rotation": [0, 17.5, 0]
        },
        "bone29": {
          "rotation": [12.5, 17.5, 0]
        },
        "bone30": {
          "rotation": [22.5, 47.5, 0]
        },
        "bone31": {
          "rotation": [25, 0, 0]
        },
        "bone40": {
          "rotation": [21.86334, -24.89366, 13.47097]
        },
        "bone41": {
          "rotation": [0, -17.5, 0]
        },
        "bone43": {
          "rotation": [10, -17.5, 0]
        },
        "bone44": {
          "rotation": [20, -17.5, 0]
        },
        "bone56": {
          "rotation": [9.07423, -11.41738, -7.58646]
        },
        "bone57": {
          "rotation": [0, 0, 17.5]
        },
        "bone58": {
          "rotation": [0, 0, 20]
        },
        "bone6": {
          "rotation": [7.49482, 4.91477, -2.66394]
        },
        "bone66": {
          "rotation": [8.56664, -11.80079, -5.06443]
        },
        "bone67": {
          "rotation": [0, 0, 17.5]
        },
        "bone68": {
          "rotation": [0, 0, 17.5]
        },
        "bone7": {
          "rotation": [0, 0, 0]
        },
        "bone76": {
          "rotation": [3.14695, 7.25354, 5.03563]
        },
        "bone77": {
          "rotation": [0, 0, -15]
        },
        "bone78": {
          "rotation": [0, 0, -20]
        },
        "bone86": {
          "rotation": [3.14695, 7.25354, 5.03563]
        },
        "bone87": {
          "rotation": [0, 0, -15]
        },
        "bone88": {
          "rotation": [0, 0, -20]
        },
        "bone96": {
          "position": [-2, -1, 2],
          "rotation": [-9.70918, 14.50408, 3.2271]
        },
        "bone97": {
          "rotation": [-0.04032, -1.83883, -20.18787]
        },
        "bone98": {
          "rotation": [14.94548, 1.29256, -14.83045]
        },
        "head": {
          "rotation": [11.32787, 17.95693, 6.90378]
        },
        "mouth": {
          "rotation": [57.5, 0, 0]
        },
        "neck": {
          "rotation": [4.91847, 7.35944, -11.41576]
        },
        "neck2": {
          "rotation": [5.98334, 7.75745, -7.76672]
        },
        "torso": {
          "rotation": [5.00021, 2.60664, -2.3886]
        }
      },
      "loop": true
    },
    "animation.giratina.recoil": {
      "animation_length": 0.5833,
      "bones": {
        "bone111": {
          "position": {
            "0.0": [0, 0, 0],
            "0.125": {
              "post": [0, -0.5, -1.725],
              "pre": [0, 0, 0]
            },
            "0.375": {
              "post": [0, 0, 0],
              "pre": [0, -0.5, -1.725]
            }
          }
        },
        "bone47": {
          "position": {
            "0.0": [0, 0, 0],
            "0.125": {
              "post": [0, -0.75, -1.75],
              "pre": [0, 0, 0]
            },
            "0.375": {
              "post": [0, 0, 0],
              "pre": [0, -0.75, -1.75]
            }
          }
        },
        "bone48": {
          "position": {
            "0.0": [0, 0, 0],
            "0.125": {
              "post": [0, 0, 1],
              "pre": [0, 0, 0]
            },
            "0.375": {
              "post": [0, 0, 0],
              "pre": [0, 0, 1]
            }
          }
        },
        "bone49": {
          "position": {
            "0.0": [0, 0, 0],
            "0.125": {
              "post": [0, 0, 1],
              "pre": [0, 0, 0]
            },
            "0.375": {
              "post": [0, 0, 0],
              "pre": [0, 0, 1]
            }
          }
        },
        "bone6": {
          "rotation": {
            "0.0": {
              "lerp_mode": "catmullrom",
              "post": [5, 0, 0]
            },
            "0.125": {
              "lerp_mode": "catmullrom",
              "post": [-12.5, 0, 0]
            },
            "0.4167": {
              "lerp_mode": "catmullrom",
              "post": [0, 0, 0]
            }
          }
        },
        "head": {
          "rotation": {
            "0.0": {
              "lerp_mode": "catmullrom",
              "post": [15.34721, -12.06754, -3.28396]
            },
            "0.125": {
              "lerp_mode": "catmullrom",
              "post": [-9.72008, 1.47643, -13.17424]
            },
            "0.4167": {
              "lerp_mode": "catmullrom",
              "post": [0, 0, 0]
            }
          }
        },
        "mouth": {
          "rotation": {
            "0.0": {
              "lerp_mode": "catmullrom",
              "post": [0, 0, 0]
            },
            "0.125": {
              "lerp_mode": "catmullrom",
              "post": [25, 0, 0]
            },
            "0.4167": {
              "lerp_mode": "catmullrom",
              "post": [0, 0, 0]
            }
          }
        },
        "neck": {
          "rotation": {
            "0.0": {
              "lerp_mode": "catmullrom",
              "post": [10, 0, 0]
            },
            "0.125": {
              "lerp_mode": "catmullrom",
              "post": [5, 0, 0]
            },
            "0.4167": {
              "lerp_mode": "catmullrom",
              "post": [0, 0, 0]
            }
          }
        }
      }
    },
    "animation.giratina.ride_ground_run": {
      "loop": true
    }
  },
  "format_version": "1.8.0"
}