{
  "animations": {
    "animation.castform.attack": {
      "animation_length": 1.5,
      "bones": {
        "body": {
          "position": {
            "0.0": {
              "lerp_mode": "catmullrom",
              "post": [0, 0, 0]
            },
            "0.1667": {
              "lerp_mode": "catmullrom",
              "post": [1, 0, 2.5]
            },
            "0.2917": {
              "lerp_mode": "catmullrom",
              "post": [-4, 0, -2]
            },
            "0.4167": {
              "lerp_mode": "catmullrom",
              "post": [0, 0, -8]
            },
            "0.5417": {
              "lerp_mode": "catmullrom",
              "post": [4, 0, -2]
            },
            "0.7083": {
              "lerp_mode": "catmullrom",
              "post": [0, 0, 4]
            },
            "1.0417": {
              "lerp_mode": "catmullrom",
              "post": [0, 0, 0]
            },
            "1.5": {
              "lerp_mode": "catmullrom",
              "post": [0, 0, 0]
            }
          },
          "rotation": {
            "0.0": {
              "lerp_mode": "catmullrom",
              "post": [0, 0, 0]
            },
            "0.25": {
              "lerp_mode": "catmullrom",
              "post": [15, 60, 15]
            },
            "0.5": {
              "lerp_mode": "catmullrom",
              "post": [15, -150, -15]
            },
            "0.5417": {
              "post": [14.65, 180, -14.27],
              "pre": [14.65, -180, -14.27]
            },
            "0.5833": {
              "lerp_mode": "catmullrom",
              "post": [14.65, 166, -14.27],
              "pre": [14.65, 166, -14.27]
            },
            "0.8333": {
              "lerp_mode": "catmullrom",
              "post": [10, 60, 10]
            },
            "1.25": {
              "lerp_mode": "catmullrom",
              "post": [0, 0, 0]
            },
            "1.5": {
              "lerp_mode": "catmullrom",
              "post": [0, 0, 0]
            }
          }
        },
        "eyebrowleft": {
          "position": {
            "0.0": [0, 0, 0],
            "0.1667": {
              "post": [0, 0, -1],
              "pre": [0, 0, 0]
            },
            "1.3333": {
              "post": [0, 0, 0],
              "pre": [0, 0, -1]
            }
          },
          "rotation": {
            "0.1667": [0, 0, 0],
            "0.3333": [0, 0, -15],
            "1.0833": [0, 0, -10],
            "1.25": [0, 0, 0]
          }
        },
        "eyebrowright": {
          "position": {
            "0.0": [0, 0, 0],
            "0.1667": {
              "post": [0, 0, -1],
              "pre": [0, 0, 0]
            },
            "1.3333": {
              "post": [0, 0, 0],
              "pre": [0, 0, -1]
            }
          },
          "rotation": {
            "0.1667": [0, 0, 0],
            "0.3333": [0, 0, 15],
            "1.0833": [0, 0, 10],
            "1.25": [0, 0, 0]
          }
        },
        "mouth": {
          "position": {
            "0.0": [0, 0, 0],
            "0.2083": {
              "post": [0, 0, 1],
              "pre": [0, 0, 0]
            },
            "1.25": {
              "post": [0, 0, 0],
              "pre": [0, 0, 1]
            }
          }
        },
        "mouthopen": {
          "position": {
            "0.0": [0, 0, 0],
            "0.2083": {
              "post": [0, 0, -1],
              "pre": [0, 0, 0]
            },
            "1.25": {
              "post": [0, 0, 0],
              "pre": [0, 0, -1]
            }
          }
        }
      }
    },
    "animation.castform.blink": {
      "animation_length": 0.3333,
      "bones": {
        "eyes": {
          "position": {
            "0.0": [0, 0, 0],
            "0.0417": {
              "post": [0, 0, 1],
              "pre": [0, 0, 0]
            },
            "0.1667": {
              "post": [0, 0, 0],
              "pre": [0, 0, 1]
            }
          },
          "scale": {
            "0.0": [1, 1, 1],
            "0.0417": [1, 0.3, 1],
            "0.1667": [1, 0.3, 1],
            "0.3333": [1, 1, 1]
          }
        },
        "eyesclosed": {
          "position": {
            "0.0": [0, 0, 0],
            "0.0417": {
              "post": [0, 0, -1],
              "pre": [0, 0, 0]
            },
            "0.1667": {
              "post": [0, 0, 0],
              "pre": [0, 0, -1]
            }
          }
        }
      }
    },
    "animation.castform.cry": {
      "animation_length": 1,
      "bones": {
        "body": {
          "rotation": {
            "0.0": {
              "lerp_mode": "catmullrom",
              "post": [0, 0, 0]
            },
            "0.0833": {
              "lerp_mode": "catmullrom",
              "post": [7.5, 0, 0]
            },
            "0.1667": {
              "lerp_mode": "catmullrom",
              "post": [0, 0, 0]
            },
            "0.2917": {
              "lerp_mode": "catmullrom",
              "post": [-2.5, 0, 0]
            },
            "0.4167": {
              "lerp_mode": "catmullrom",
              "post": [-4, 0, 0]
            },
            "0.5417": {
              "lerp_mode": "catmullrom",
              "post": [-3.5, 0, 0]
            },
            "0.6667": {
              "lerp_mode": "catmullrom",
              "post": [-1.5, 0, 0]
            },
            "0.7917": {
              "lerp_mode": "catmullrom",
              "post": [0, 0, 0]
            }
          }
        },
        "mouth": {
          "position": {
            "0.0": [0, 0, 0],
            "0.125": {
              "post": [0, 0, 1],
              "pre": [0, 0, 0]
            },
            "0.75": {
              "post": [0, 0, 0],
              "pre": [0, 0, 1]
            }
          }
        },
        "mouthopen": {
          "position": {
            "0.0": [0, 0, 0],
            "0.125": {
              "post": [0, 0, -1],
              "pre": [0, 0, 0]
            },
            "0.75": {
              "post": [0, 0, 0],
              "pre": [0, 0, -1]
            }
          }
        }
      },
      "sound_effects": {
        "0.125": {
          "effect": "pokemon.castform.cry"
        }
      }
    },
    "animation.castform.faint": {
      "animation_length": 1.9167,
      "bones": {
        "body": {
          "rotation": {
            "0.0": {
              "lerp_mode": "catmullrom",
              "post": [-2.5, 0, 0]
            },
            "0.3333": {
              "lerp_mode": "catmullrom",
              "post": [-2.50238, 2, -0.10912]
            },
            "0.5": {
              "lerp_mode": "catmullrom",
              "post": [-3, -2, 0.10912]
            },
            "0.6667": {
              "lerp_mode": "catmullrom",
              "post": [-5, 1.5, 0]
            },
            "0.9167": {
              "lerp_mode": "catmullrom",
              "post": [-10.75, -1, 0]
            },
            "1.25": {
              "lerp_mode": "catmullrom",
              "post": [-21, 0.5, 0]
            },
            "1.5": {
              "lerp_mode": "catmullrom",
              "post": [-30, 0, 0]
            },
            "1.9167": {
              "lerp_mode": "catmullrom",
              "post": [-45, 0, 0]
            }
          }
        },
        "eyes": {
          "position": {
            "0.0833": [0, 0, 0],
            "0.2917": {
              "post": [0, 0, 1],
              "pre": [0, 0, 0]
            }
          },
          "scale": {
            "0.0833": [1, 1, 1],
            "0.2917": [1, 0.3, 1]
          }
        },
        "eyesclosed": {
          "position": {
            "0.0833": [0, 0, 0],
            "0.2917": {
              "post": [0, 0, -1],
              "pre": [0, 0, 0]
            }
          }
        },
        "head": {
          "rotation": {
            "0.0": {
              "lerp_mode": "catmullrom",
              "post": [0, 0, 0]
            },
            "0.375": {
              "lerp_mode": "catmullrom",
              "post": [-3, 0, 0]
            },
            "0.8333": {
              "lerp_mode": "catmullrom",
              "post": [-9.5, 0, 0]
            },
            "1.375": [-15.5, 0, 0]
          }
        },
        "mouth": {
          "position": {
            "0.0": [0, 0, 0],
            "0.1667": {
              "post": [0, 0, 1],
              "pre": [0, 0, 0]
            }
          }
        },
        "mouthopen": {
          "position": {
            "0.0": [0, 0, 0],
            "0.1667": {
              "post": [0, 0, -1],
              "pre": [0, 0, 0]
            }
          }
        }
      }
    },
    "animation.castform.ground_idle": {
      "bones": {
        "backleftgust": {
          "rotation": ["-5*math.sin((q.anim_time-0.55)*90*1.5)", 0, 0]
        },
        "backrightgust": {
          "rotation": ["-5*math.sin((q.anim_time-0.55)*90*1.5)", 0, 0]
        },
        "body": {
          "position": [0, "0.5-math.cos(q.anim_time*90*1.5)/2", 0],
          "rotation": ["-math.sin(q.anim_time*90*1.5)", 0, 0]
        },
        "frontgust": {
          "rotation": ["5*math.sin((q.anim_time-0.25)*90*1.5)", 0, 0]
        },
        "frontleftgust": {
          "rotation": [0, 0, "5*math.sin((q.anim_time-0.4)*90*1.5)"]
        },
        "frontrightgust": {
          "rotation": [0, 0, "-5*math.sin((q.anim_time-0.4)*90*1.5)"]
        },
        "head": {
          "rotation": ["-0.5-1.5*math.sin(q.anim_time*90*1.5)", 0, 0]
        },
        "middrop": {
          "rotation": ["1-1*math.sin(q.anim_time*90*1.5)", 0, "2*math.sin(q.anim_time*90*1.5)"]
        },
        "ring": {
          "rotation": ["-math.sin((q.anim_time-0.4)*90*1.5)", 0, 0]
        },
        "ring2": {
          "rotation": [0, 0, "math.sin((q.anim_time-0.4)*90*1.5)"]
        },
        "ring3": {
          "rotation": ["math.sin((q.anim_time-0.4)*90*1.5)", 0, 0]
        },
        "ring4": {
          "rotation": [0, 0, "-math.sin((q.anim_time-0.4)*90*1.5)"]
        },
        "ring5": {
          "rotation": ["-math.sin((q.anim_time-0.4)*90*1.5)", 0, "math.sin((q.anim_time-0.4)*90*1.5)"]
        },
        "tipdrop": {
          "rotation": ["1-1*math.sin(q.anim_time*90*1.5)", 0, "2*math.sin(q.anim_time*90*1.5)"]
        }
      },
      "loop": true
    },
    "animation.castform.ground_walk": {
      "bones": {
        "backleftgust": {
          "rotation": ["-5*math.sin((q.anim_time-0.55)*90*1.5)", 0, 0]
        },
        "backrightgust": {
          "rotation": ["-5*math.sin((q.anim_time-0.55)*90*1.5)", 0, 0]
        },
        "body": {
          "position": [0, "0.5-math.cos(q.anim_time*90*1.5)/2", 0],
          "rotation": ["4-math.sin(q.anim_time*90*1.5)", 0, 0]
        },
        "frontgust": {
          "rotation": ["5*math.sin((q.anim_time-0.25)*90*1.5)", 0, 0]
        },
        "frontleftgust": {
          "rotation": [0, 0, "5*math.sin((q.anim_time-0.4)*90*1.5)"]
        },
        "frontrightgust": {
          "rotation": [0, 0, "-5*math.sin((q.anim_time-0.4)*90*1.5)"]
        },
        "head": {
          "rotation": ["2-2*math.sin(q.anim_time*90*1.5)", 0, 0]
        },
        "middrop": {
          "rotation": ["1-1*math.sin(q.anim_time*90*1.5)", 0, "2*math.sin(q.anim_time*90*1.5)"]
        },
        "ring": {
          "rotation": ["-math.sin((q.anim_time-0.4)*90*1.5)", 0, 0]
        },
        "ring2": {
          "rotation": [0, 0, "math.sin((q.anim_time-0.4)*90*1.5)"]
        },
        "ring3": {
          "rotation": ["math.sin((q.anim_time-0.4)*90*1.5)", 0, 0]
        },
        "ring4": {
          "rotation": [0, 0, "-math.sin((q.anim_time-0.4)*90*1.5)"]
        },
        "ring5": {
          "rotation": ["-math.sin((q.anim_time-0.4)*90*1.5)", 0, "math.sin((q.anim_time-0.4)*90*1.5)"]
        },
        "tipdrop": {
          "rotation": ["1-1*math.sin(q.anim_time*90*1.5)", 0, "2*math.sin(q.anim_time*90*1.5)"]
        }
      },
      "loop": true
    },
    "animation.castform.recoil": {
      "animation_length": 1,
      "bones": {
        "body": {
          "position": {
            "0.0": {
              "lerp_mode": "catmullrom",
              "post": [0, 0, 0]
            },
            "0.125": {
              "lerp_mode": "catmullrom",
              "post": [0, 0.5, 3]
            },
            "0.75": [0, 0, 0],
            "1.0": [0, 0, 0]
          },
          "rotation": {
            "0.0": {
              "lerp_mode": "catmullrom",
              "post": [0, 0, 0]
            },
            "0.125": {
              "lerp_mode": "catmullrom",
              "post": [-20, 0, 0]
            },
            "0.75": [0, 0, 0],
            "1.0": [0, 0, 0]
          }
        },
        "eyes": {
          "position": {
            "0.0": [0, 0, 0],
            "0.0417": {
              "post": [0, 0, 1],
              "pre": [0, 0, 0]
            },
            "0.6667": {
              "post": [0, 0, 0],
              "pre": [0, 0, 1]
            }
          },
          "scale": {
            "0.0": [1, 1, 1],
            "0.0417": [1, 0.3, 1],
            "0.6667": [1, 0.3, 1],
            "0.7917": [1, 1, 1]
          }
        },
        "eyesclosed": {
          "position": {
            "0.0": [0, 0, 0],
            "0.0417": {
              "post": [0, 0, -1],
              "pre": [0, 0, 0]
            },
            "0.6667": {
              "post": [0, 0, 0],
              "pre": [0, 0, -1]
            }
          }
        },
        "mouth": {
          "position": {
            "0.0": [0, 0, 0],
            "0.0833": {
              "post": [0, 0, 1],
              "pre": [0, 0, 0]
            },
            "0.75": {
              "post": [0, 0, 0],
              "pre": [0, 0, 1]
            }
          }
        },
        "mouthopen": {
          "position": {
            "0.0": [0, 0, 0],
            "0.0833": {
              "post": [0, 0, -1],
              "pre": [0, 0, 0]
            },
            "0.75": {
              "post": [0, 0, 0],
              "pre": [0, 0, -1]
            }
          }
        }
      }
    }
  },
  "format_version": "1.8.0"
}