{
  "format_version": "1.12.0",
  "minecraft:geometry": [
    {
      "bones": [
        {
          "name": "seviper",
          "pivot": [0, 0.5, -5]
        }, {
          "cubes": [
            {
              "origin": [-4.01, -1.5, -6],
              "size": [8, 6, 12],
              "uv": [0, 0]
            }
          ],
          "name": "body",
          "parent": "seviper",
          "pivot": [0, 1.5, -6],
          "rotation": [60, 0, 0]
        }, {
          "cubes": [
            {
              "origin": [1.8, 2.9, -5.5],
              "size": [2, 2, 2],
              "uv": [70, 38]
            }, {
              "origin": [-3.8, 2.9, -5.5],
              "size": [2, 2, 2],
              "uv": [70, 34]
            }, {
              "origin": [-3.5, -1.5, -6],
              "size": [7, 6, 8],
              "uv": [40, 18]
            }, {
              "origin": [-2.5, -1, 1],
              "pivot": [-0.49, 0.5, 3],
              "rotation": [-10, 0, 0],
              "size": [5, 5, 6],
              "uv": [0, 54]
            }
          ],
          "name": "neck",
          "parent": "body",
          "pivot": [0, 1, -6],
          "rotation": [50, 0, 0]
        }, {
          "cubes": [
            {
              "origin": [-3.5, 3.71593, 9.22484],
              "pivot": [0, 4.36593, 10.12484],
              "rotation": [10, 0, 0],
              "size": [7, 4, 3],
              "uv": [64, 53]
            }, {
              "origin": [-3.5, -1.9, 9],
              "size": [7, 6, 4],
              "uv": [44, 63]
            }, {
              "origin": [-3.51, -0.9, 8.9],
              "size": [0, 7, 3],
              "uv": [4, 76]
            }, {
              "origin": [3.51, -0.9, 8.9],
              "size": [0, 7, 3],
              "uv": [0, 69]
            }, {
              "origin": [3.505, 1.1, 8.4],
              "size": [0, 3, 2],
              "uv": [0, 77]
            }, {
              "mirror": true,
              "origin": [-3.505, 1.1, 8.4],
              "size": [0, 3, 2],
              "uv": [0, 80]
            }, {
              "origin": [-3, -3.4, 7.5],
              "pivot": [0, -2.3, 11],
              "rotation": [-17.5, 0, 0],
              "size": [6, 2, 5],
              "uv": [64, 46]
            }, {
              "origin": [-3.5, -1.9, 7],
              "size": [7, 2, 2],
              "uv": [0, 65]
            }
          ],
          "name": "head",
          "parent": "neck",
          "pivot": [0, 0.46593, 8.12484],
          "rotation": [-15, 0, 0]
        }, {
          "cubes": [
            {
              "origin": [-2.52, 1.55262, 9.58525],
              "size": [0, 3, 2],
              "uv": [76, 60]
            }, {
              "origin": [-2.525, 3.05262, 10.08525],
              "size": [0, 1, 1],
              "uv": [74, 65]
            }
          ],
          "name": "reyelid",
          "parent": "head",
          "pivot": [-1.5, 1.91854, 10.71009],
          "rotation": [5, 0, 0]
        }, {
          "cubes": [
            {
              "mirror": true,
              "origin": [2.52, 1.55262, 9.58525],
              "size": [0, 3, 2],
              "uv": [76, 63]
            }, {
              "mirror": true,
              "origin": [2.525, 3.05262, 10.08525],
              "size": [0, 1, 1],
              "uv": [74, 65]
            }
          ],
          "name": "leyelid",
          "parent": "head",
          "pivot": [1.5, 1.91854, 10.71009],
          "rotation": [5, 0, 0]
        }, {
          "cubes": [
            {
              "origin": [-3.52, 1.55262, 9.58525],
              "size": [0, 3, 2],
              "uv": [72, 60]
            }, {
              "origin": [-3.525, 3.05262, 10.08525],
              "size": [0, 1, 1],
              "uv": [72, 65]
            }
          ],
          "name": "reye",
          "parent": "head",
          "pivot": [-2.5, 1.91854, 10.71009],
          "rotation": [5, 0, 0]
        }, {
          "cubes": [
            {
              "origin": [3.52, 1.55262, 9.58525],
              "size": [0, 3, 2],
              "uv": [72, 60]
            }, {
              "mirror": true,
              "origin": [3.525, 3.05262, 10.08525],
              "size": [0, 1, 1],
              "uv": [72, 65]
            }
          ],
          "name": "leye",
          "parent": "head",
          "pivot": [2.5, 1.91854, 10.71009],
          "rotation": [5, 0, 0]
        }, {
          "cubes": [
            {
              "origin": [-0.5, 0.1, 9],
              "size": [1, 3, 0],
              "uv": [0, 88]
            }
          ],
          "name": "tounge",
          "parent": "head",
          "pivot": [0, 0.5, 9]
        }, {
          "cubes": [
            {
              "origin": [-0.5, 3.1, 9],
              "size": [1, 2, 0],
              "uv": [0, 88]
            }, {
              "origin": [-1, 4.1, 9.01],
              "pivot": [0, 5.1, 9],
              "rotation": [0, 0, 45],
              "size": [2, 2, 0],
              "uv": [0, 85]
            }
          ],
          "name": "tounge2",
          "parent": "tounge",
          "pivot": [0, 3.1, 9]
        }, {
          "cubes": [
            {
              "origin": [-3, 0.1, 7],
              "size": [6, 6, 2],
              "uv": [22, 54]
            }
          ],
          "name": "jaw",
          "parent": "head",
          "pivot": [0, 0.5, 9]
        }, {
          "cubes": [
            {
              "origin": [2, 6.36098, 7.23814],
              "size": [1, 1, 2],
              "uv": [70, 42]
            }, {
              "origin": [2.5, 6.36098, 3.33814],
              "pivot": [2.5, 7.26098, 7.23814],
              "rotation": [5, 0, 0],
              "size": [0, 1, 4],
              "uv": [6, 69]
            }
          ],
          "name": "lfang",
          "parent": "head",
          "pivot": [3, 6.76098, 9.23814]
        }, {
          "cubes": [
            {
              "origin": [-3, 6.36098, 7.23814],
              "size": [1, 1, 2],
              "uv": [66, 70]
            }, {
              "origin": [-2.5, 6.36098, 3.33814],
              "pivot": [-2.5, 7.26098, 7.23814],
              "rotation": [5, 0, 0],
              "size": [0, 1, 4],
              "uv": [14, 69]
            }
          ],
          "name": "lfang2",
          "parent": "head",
          "pivot": [-3, 6.76098, 9.23814]
        }, {
          "cubes": [
            {
              "origin": [-3.99, -1.5, 6],
              "size": [8, 6, 12],
              "uv": [0, 18]
            }, {
              "origin": [-4.2, -1.8, 15.5],
              "size": [2, 2, 2],
              "uv": [70, 22]
            }, {
              "origin": [2.2, -1.8, 15.5],
              "size": [2, 2, 2],
              "uv": [70, 18]
            }
          ],
          "name": "body2",
          "parent": "body",
          "pivot": [0, 1.5, 6],
          "rotation": [-120, 0, 0]
        }, {
          "cubes": [
            {
              "origin": [-4.01, -1.5, 18],
              "size": [8, 6, 12],
              "uv": [0, 36]
            }
          ],
          "name": "body3",
          "parent": "body2",
          "pivot": [0, 1.5, 18],
          "rotation": [120, 0, 0]
        }, {
          "cubes": [
            {
              "origin": [-3.99, -1.5, 30],
              "size": [8, 6, 12],
              "uv": [40, 0]
            }, {
              "origin": [2.2, -1.8, 39.5],
              "size": [2, 2, 2],
              "uv": [70, 30]
            }, {
              "origin": [-4.2, -1.8, 39.5],
              "size": [2, 2, 2],
              "uv": [70, 26]
            }
          ],
          "name": "body4",
          "parent": "body3",
          "pivot": [0, 1.5, 30],
          "rotation": [-120, 0, 0]
        }, {
          "cubes": [
            {
              "origin": [-3, -1.5, 42],
              "size": [6, 5, 9],
              "uv": [40, 32]
            }
          ],
          "name": "tail1",
          "parent": "body4",
          "pivot": [0, 1.25, 42],
          "rotation": [120, 0, 0]
        }, {
          "cubes": [
            {
              "origin": [-1.5, -0.5, 50],
              "size": [3, 3, 8],
              "uv": [22, 63]
            }, {
              "origin": [0, 1.5, 55.5],
              "pivot": [0, 2.5, 56.5],
              "rotation": [-45, 0, 0],
              "size": [0, 2, 2],
              "uv": [50, 53]
            }
          ],
          "name": "tail2",
          "parent": "tail1",
          "pivot": [0, 1, 51],
          "rotation": [10, 0, 0]
        }, {
          "cubes": [
            {
              "origin": [0, -2.3, 58],
              "size": [0, 6, 12],
              "uv": [40, 45]
            }
          ],
          "name": "tail3",
          "parent": "tail2",
          "pivot": [0, 0.7, 58],
          "rotation": [7.5, 0, 0]
        }
      ],
      "description": {
        "identifier": "geometry.seviper",
        "texture_height": 128,
        "texture_width": 128,
        "visible_bounds_height": 8,
        "visible_bounds_offset": [0, 1, 0],
        "visible_bounds_width": 7
      }
    }
  ]
}