{
  "animations": {
    "animation.zangoose.battle_idle": {
      "bones": {
        "body": {
          "rotation": ["10-math.sin(q.anim_time*45*4)*0.5", 0, 0]
        },
        "bone": {
          "position": [0, -0.2, 0],
          "rotation": [0, 10, 0]
        },
        "fluff1": {
          "rotation": [0, 0, "22.5+math.cos(q.anim_time*45*4)*1"]
        },
        "fluff6": {
          "rotation": [0, 0, "-22.5+math.cos(q.anim_time*45*4)*1"]
        },
        "head": {
          "rotation": ["-12.5+math.sin(q.anim_time*45*4)*1", -5, 0]
        },
        "left_arm": {
          "rotation": [0, 40, "40+math.sin(q.anim_time*45*4)*1"]
        },
        "left_arm2": {
          "rotation": [2.5, "80-math.cos(q.anim_time*45*4)*1", 0]
        },
        "left_ear": {
          "rotation": ["math.cos(q.anim_time*45*4-60)*1", 0, 0]
        },
        "left_fluff": {
          "rotation": [0, 0, "25+math.cos(q.anim_time*45*4)*1"]
        },
        "left_foot": {
          "rotation": [-5, 0, 0]
        },
        "left_thigh": {
          "rotation": [5, -20, 0]
        },
        "right_arm": {
          "rotation": [0, 20, "-45-math.sin(q.anim_time*45*4)*1"]
        },
        "right_arm2": {
          "rotation": [2.5, "-45+math.cos(q.anim_time*45*4)*1", 0]
        },
        "right_ear": {
          "rotation": ["math.cos(q.anim_time*45*4+60)*1", 0, 0]
        },
        "right_fluff": {
          "rotation": [0, 0, "-25-math.cos(q.anim_time*45*4)*1"]
        },
        "right_foot": {
          "rotation": [-5, 0, 0]
        },
        "right_thigh": {
          "rotation": [5, 7.5, 0]
        },
        "tail": {
          "rotation": ["25+math.cos(q.anim_time*45*2)*1", "math.cos(q.anim_time*45*4)*1", 0]
        },
        "tail1": {
          "rotation": [0, "math.cos(q.anim_time*45*4)*5", 0]
        },
        "tail2": {
          "rotation": [0, "math.sin(q.anim_time*45*4)*5.5", 0]
        },
        "tail3": {
          "rotation": [0, "math.cos(q.anim_time*45*4-30)*5", 0]
        },
        "tail4": {
          "rotation": [0, "math.sin(q.anim_time*45*4-30)*5.5", 0]
        },
        "tail5": {
          "rotation": [0, "math.cos(q.anim_time*45*4-60)*5", 0]
        },
        "tail6": {
          "rotation": [0, "math.sin(q.anim_time*45*4-60)*5.5", 0]
        },
        "upperbody": {
          "rotation": ["10+math.cos(q.anim_time*45*4)*1", -5, 0]
        }
      },
      "loop": true
    },
    "animation.zangoose.blink": {
      "animation_length": 0.2917,
      "bones": {
        "left_eye": {
          "position": {
            "0.0": [0, 0, 1],
            "0.25": [0, 0, 1],
            "0.2917": [0, 0, 0]
          }
        },
        "left_eyeblink": {
          "position": {
            "0.0": [0, 0, -1],
            "0.25": [0, 0, -1],
            "0.2917": [0, 0, 0]
          }
        },
        "right_eye": {
          "position": {
            "0.0": [0, 0, 1],
            "0.25": [0, 0, 1],
            "0.2917": [0, 0, 0]
          }
        },
        "right_eyeblink": {
          "position": {
            "0.0": [0, 0, -1],
            "0.25": [0, 0, -1],
            "0.2917": [0, 0, 0]
          }
        }
      }
    },
    "animation.zangoose.cry": {
      "animation_length": 0.75,
      "bones": {
        "head": {
          "rotation": {
            "0.0": [0, 0, 0],
            "0.0833": {
              "lerp_mode": "catmullrom",
              "post": [-2.5, 0, 0],
              "pre": [-2.5, 0, 0]
            },
            "0.5": {
              "lerp_mode": "catmullrom",
              "post": [-2.5, 0, 0]
            },
            "0.75": [0, 0, 0]
          }
        },
        "mouth1": {
          "position": {
            "0.0": [0, 0, 0],
            "0.0417": [0, 0, 1],
            "0.6667": [0, 0, 1],
            "0.7083": [0, 0, 0]
          }
        },
        "mouth2": {
          "position": {
            "0.0": [0, 0, 0],
            "0.0417": [0, 0, -1],
            "0.6667": [0, 0, -1],
            "0.7083": [0, 0, 0]
          }
        }
      },
      "sound_effects": {
        "0.0833": {
          "effect": "pokemon.zangoose.cry"
        }
      }
    },
    "animation.zangoose.ground_idle": {
      "bones": {
        "body": {
          "rotation": ["-math.sin(q.anim_time*45*4)*0.5", 0, 0]
        },
        "bone": {
          "position": [0, -0.2, 0]
        },
        "fluff1": {
          "rotation": [0, 0, "22.5+math.cos(q.anim_time*45*4)*1"]
        },
        "fluff6": {
          "rotation": [0, 0, "-22.5+math.cos(q.anim_time*45*4)*1"]
        },
        "head": {
          "rotation": ["math.sin(q.anim_time*45*4)*1", 0, 0]
        },
        "left_arm": {
          "rotation": [0, 0, "60+math.sin(q.anim_time*45*4)*1"]
        },
        "left_arm2": {
          "rotation": [2.5, "7.5-math.cos(q.anim_time*45*4)*1", 0]
        },
        "left_ear": {
          "rotation": ["math.cos(q.anim_time*45*4-60)*1", 0, 0]
        },
        "left_fluff": {
          "rotation": [0, 0, "25+math.cos(q.anim_time*45*4)*1"]
        },
        "left_foot": {
          "rotation": [-5, 0, 0]
        },
        "left_thigh": {
          "rotation": [5, 0, 0]
        },
        "right_arm": {
          "rotation": [0, 0, "-60-math.sin(q.anim_time*45*4)*1"]
        },
        "right_arm2": {
          "rotation": [2.5, "-7.5+math.cos(q.anim_time*45*4)*1", 0]
        },
        "right_ear": {
          "rotation": ["math.cos(q.anim_time*45*4+60)*1", 0, 0]
        },
        "right_fluff": {
          "rotation": [0, 0, "-25-math.cos(q.anim_time*45*4)*1"]
        },
        "right_foot": {
          "rotation": [-5, 0, 0]
        },
        "right_thigh": {
          "rotation": [5, 0, 0]
        },
        "tail": {
          "rotation": ["30+math.cos(q.anim_time*45*2)*1", "math.cos(q.anim_time*45*4)*1", 0]
        },
        "tail1": {
          "rotation": [0, "math.cos(q.anim_time*45*4)*5", 0]
        },
        "tail2": {
          "rotation": [0, "math.sin(q.anim_time*45*4)*5.5", 0]
        },
        "tail3": {
          "rotation": [0, "math.cos(q.anim_time*45*4-30)*5", 0]
        },
        "tail4": {
          "rotation": [0, "math.sin(q.anim_time*45*4-30)*5.5", 0]
        },
        "tail5": {
          "rotation": [0, "math.cos(q.anim_time*45*4-60)*5", 0]
        },
        "tail6": {
          "rotation": [0, "math.sin(q.anim_time*45*4-60)*5.5", 0]
        },
        "upperbody": {
          "rotation": ["math.cos(q.anim_time*45*4)*1", 0, 0]
        }
      },
      "loop": true
    },
    "animation.zangoose.ground_walk": {
      "bones": {
        "body": {
          "rotation": ["70-math.cos(q.anim_time*120*4)*1.5", 0, 0]
        },
        "bone": {
          "position": [0, "1.75+math.sin(q.anim_time*120*4-30)*1.5", 6],
          "rotation": ["-math.cos(q.anim_time*120*4)*7.5", 0, 0]
        },
        "head": {
          "rotation": ["-67.5+math.cos(q.anim_time*120*4)*10 ", 0, 0]
        },
        "left_arm": {
          "rotation": [-90, "90-math.sin(q.anim_time*120*4-15)*50", "-80-math.cos(q.anim_time*120*4)*5"]
        },
        "left_arm2": {
          "rotation": ["2.5+math.sin(q.anim_time*120*4)*2.5", 10, "-35+math.cos(q.anim_time*120*4)*35"]
        },
        "left_ear": {
          "rotation": ["-15+math.sin(q.anim_time*120*4)*5", 0, 0]
        },
        "left_foot": {
          "rotation": ["7.5+math.sin(q.anim_time*120*4)*7.5", 0, 0]
        },
        "left_leg": {
          "rotation": ["-math.cos(q.anim_time*120*4)*10", 0, 0]
        },
        "left_thigh": {
          "position": [0, "-math.cos(q.anim_time*120*4)*0.5", "math.sin(q.anim_time*120*4)*1.25"],
          "rotation": ["15+math.sin(q.anim_time*120*4-15)*45", "-10+math.sin(q.anim_time*120*4)*5", 0]
        },
        "right_arm": {
          "rotation": [-90, "-90+math.sin(q.anim_time*120*4+15)*50", "80+math.cos(q.anim_time*120*4)*5"]
        },
        "right_arm2": {
          "rotation": ["2.5-math.sin(q.anim_time*120*4)*2.5", -10, "35-math.cos(q.anim_time*120*4)*35"]
        },
        "right_ear": {
          "rotation": ["-15+math.sin(q.anim_time*120*4)*5", 0, 0]
        },
        "right_foot": {
          "rotation": ["-math.cos(q.anim_time*120*4)*10", 0, 0]
        },
        "right_leg": {
          "rotation": ["-math.cos(q.anim_time*120*4)*10", 0, 0]
        },
        "right_thigh": {
          "position": [0, "-math.cos(q.anim_time*120*4)*0.5", "math.sin(q.anim_time*120*4)*1.25"],
          "rotation": ["15+math.sin(q.anim_time*120*4+15)*45", "10+math.sin(q.anim_time*120*4)*5", 0]
        },
        "tail": {
          "rotation": ["-60-math.sin(q.anim_time*120*4)*7.5", 0, 0]
        },
        "tail1": {
          "rotation": ["2.5+math.cos(q.anim_time*120*4)*7.5", 0, 0]
        },
        "tail2": {
          "rotation": ["math.cos(q.anim_time*120*4)*2.5", 0, 0]
        },
        "tail3": {
          "rotation": ["math.cos(q.anim_time*120*4)*7.5", "math.cos(q.anim_time*180*4)*1", 0]
        },
        "tail4": {
          "rotation": ["math.cos(q.anim_time*120*4)*2.5", "-math.cos(q.anim_time*180*4)*1", 0]
        },
        "tail5": {
          "rotation": ["-2.5+math.cos(q.anim_time*120*4)*7.5", "-math.cos(q.anim_time*180*4)*1", 0]
        },
        "tail6": {
          "rotation": ["math.cos(q.anim_time*120*4)*2.5", "-math.cos(q.anim_time*180*4)*1", 0]
        },
        "upperbody": {
          "rotation": ["2.5-math.sin(q.anim_time*120*4)*10", 0, 0]
        }
      },
      "loop": true
    },
    "animation.zangoose.physical": {
      "animation_length": 2,
      "bones": {
        "body": {
          "position": {
            "0.0": [0, 0, 0],
            "0.2083": {
              "lerp_mode": "catmullrom",
              "post": [0, 1, 0],
              "pre": [0, 1, 0]
            },
            "0.375": {
              "lerp_mode": "catmullrom",
              "post": [0, 0, 0]
            },
            "0.6667": {
              "lerp_mode": "catmullrom",
              "post": [0, 0.2, 0]
            },
            "0.9167": {
              "lerp_mode": "catmullrom",
              "post": [0, 0, 0]
            },
            "1.2083": {
              "lerp_mode": "catmullrom",
              "post": [0, 0, 0]
            },
            "1.5": {
              "lerp_mode": "catmullrom",
              "post": [0, 0, 0]
            },
            "1.7083": {
              "lerp_mode": "catmullrom",
              "post": [0, 1, 0]
            },
            "1.9167": [0, 0, 0]
          },
          "rotation": {
            "0.0": [10, 0, 0],
            "0.375": [15, 0, 0],
            "0.9167": {
              "lerp_mode": "catmullrom",
              "post": [15, 5, 0],
              "pre": [15, 5, 0]
            },
            "1.2083": {
              "lerp_mode": "catmullrom",
              "post": [15, -7.5, 0]
            },
            "1.5": {
              "lerp_mode": "catmullrom",
              "post": [15, -2.5, 0]
            },
            "1.9167": [10, 0, 0]
          }
        },
        "bone": {
          "position": {
            "0.0": [0, -0.2, 0],
            "0.3333": [0.5, -0.2, 2],
            "0.5": [0.5, -0.2, 2],
            "0.9167": {
              "lerp_mode": "catmullrom",
              "post": [0.5, -0.2, 2],
              "pre": [0.5, -0.2, 2]
            },
            "1.2083": {
              "lerp_mode": "catmullrom",
              "post": [0.5, -0.2, -2]
            },
            "1.5": [0.5, -0.2, -2],
            "1.9167": [0, -0.2, 0]
          },
          "rotation": {
            "0.0": [0, 10, 0],
            "0.3333": [0, 30, 0],
            "0.5": [0, 30, 0],
            "0.9167": {
              "lerp_mode": "catmullrom",
              "post": [0, 27.5, 0],
              "pre": [0, 27.5, 0]
            },
            "1.2083": {
              "lerp_mode": "catmullrom",
              "post": [0, -15, 0]
            },
            "1.5": [0, -12.5, 0],
            "1.9167": [0, 10, 0]
          }
        },
        "fluff1": {
          "rotation": [0, 0, 22.5]
        },
        "fluff6": {
          "rotation": [0, 0, -22.5]
        },
        "head": {
          "rotation": {
            "0.0": [-12.5, -5, 0],
            "0.3333": {
              "lerp_mode": "catmullrom",
              "post": [-12.5, -15, 0],
              "pre": [-12.5, -15, 0]
            },
            "0.9167": {
              "lerp_mode": "catmullrom",
              "post": [-12.5, -20, 0]
            },
            "1.1667": {
              "lerp_mode": "catmullrom",
              "post": [-12.5, 15, 0]
            },
            "1.5": {
              "lerp_mode": "catmullrom",
              "post": [-12.5, 15, 0]
            },
            "1.9167": [-12.5, -5, 0]
          }
        },
        "left_arm": {
          "rotation": {
            "0.0": [0, 40, 40],
            "0.3333": [-12.5, 45, 17.5],
            "0.875": [-12.5, 45, 17.5],
            "1.0417": {
              "lerp_mode": "catmullrom",
              "post": [-12.5, 12.5, 30],
              "pre": [-12.5, 12.5, 30]
            },
            "1.5": {
              "lerp_mode": "catmullrom",
              "post": [-12.5, 12.5, 30]
            },
            "1.9167": [0, 40, 40]
          }
        },
        "left_arm2": {
          "rotation": {
            "0.0": [2.5, 80, 0],
            "0.3333": {
              "lerp_mode": "catmullrom",
              "post": [2.5, 60, 0],
              "pre": [2.5, 60, 0]
            },
            "0.9167": {
              "lerp_mode": "catmullrom",
              "post": [2.5, 55, 0]
            },
            "1.1667": {
              "lerp_mode": "catmullrom",
              "post": [2.5, 35, 0]
            },
            "1.5": {
              "lerp_mode": "catmullrom",
              "post": [2.5, 35, 0]
            },
            "1.9167": [2.5, 80, 0]
          }
        },
        "left_ear": {
          "rotation": [0, 0, 0]
        },
        "left_fluff": {
          "rotation": [0, 0, 25]
        },
        "left_foot": {
          "rotation": {
            "0.0": [-5, 0, 0],
            "0.375": [0, 0, 0],
            "0.9167": {
              "lerp_mode": "catmullrom",
              "post": [0, 0, 0],
              "pre": [0, 0, 0]
            },
            "1.2083": {
              "lerp_mode": "catmullrom",
              "post": [-7.5, 0, 0]
            },
            "1.5": {
              "lerp_mode": "catmullrom",
              "post": [-7.5, 0, 0]
            },
            "2.0": [-5, 0, 0]
          }
        },
        "left_leg": {
          "rotation": {
            "0.9167": [0, 0, 0],
            "1.2083": [-12.5, 0, 0],
            "1.5": [-12.5, 0, 0],
            "2.0": [0, 0, 0]
          }
        },
        "left_thigh": {
          "rotation": {
            "0.0": [5, -20, 0],
            "0.3333": [0, -35, 0],
            "0.9167": {
              "lerp_mode": "catmullrom",
              "post": [0, -35, 0],
              "pre": [0, -35, 0]
            },
            "1.2083": {
              "lerp_mode": "catmullrom",
              "post": [20, -20, 0]
            },
            "1.5": {
              "lerp_mode": "catmullrom",
              "post": [20, -17.5, 0]
            },
            "2.0": [5, -20, 0]
          }
        },
        "right_arm": {
          "rotation": {
            "0.0": [0, 20, -45],
            "0.2083": [-20, 23.75, -45],
            "0.4167": {
              "lerp_mode": "catmullrom",
              "post": [-20, 27.5, -45],
              "pre": [-20, 27.5, -45]
            },
            "1.0": {
              "lerp_mode": "catmullrom",
              "post": [-20, 30, -45]
            },
            "1.0833": {
              "lerp_mode": "catmullrom",
              "post": [-40, -5, -22.5]
            },
            "1.1667": {
              "lerp_mode": "catmullrom",
              "post": [-35, -70, -15]
            },
            "1.5": {
              "lerp_mode": "catmullrom",
              "post": [-30, -77.5, -15]
            },
            "1.9167": [0, 20, -45]
          }
        },
        "right_arm2": {
          "rotation": {
            "0.0": {
              "lerp_mode": "catmullrom",
              "post": [2.5, -45, 0]
            },
            "0.9583": {
              "lerp_mode": "catmullrom",
              "post": [-10, -45, 0]
            },
            "1.125": {
              "lerp_mode": "catmullrom",
              "post": [-30, -5, 0]
            },
            "1.2083": {
              "lerp_mode": "catmullrom",
              "post": [-35, -70, 0]
            },
            "1.5": {
              "lerp_mode": "catmullrom",
              "post": [-30, -70, 0]
            },
            "1.9167": [2.5, -45, 0]
          }
        },
        "right_ear": {
          "rotation": [0, 0, 0]
        },
        "right_fluff": {
          "rotation": [0, 0, -25]
        },
        "right_foot": {
          "rotation": {
            "0.0": [-5, 0, 0],
            "0.125": {
              "lerp_mode": "catmullrom",
              "post": [5, 0, 0],
              "pre": [5, 0, 0]
            },
            "0.25": {
              "lerp_mode": "catmullrom",
              "post": [-2.5, 0, 0]
            },
            "0.375": [-5, 0, 0],
            "2.0": [-5, 0, 0]
          }
        },
        "right_thigh": {
          "position": {
            "0.0": [0, 0, 0],
            "0.1667": {
              "lerp_mode": "catmullrom",
              "post": [0, 1, 0],
              "pre": [0, 1, 0]
            },
            "0.3333": {
              "lerp_mode": "catmullrom",
              "post": [0, 0, 0]
            },
            "0.5": [0, 0, 0],
            "1.5": [0, 0, 0],
            "1.7083": {
              "lerp_mode": "catmullrom",
              "post": [0, 1, 0],
              "pre": [0, 1, 0]
            },
            "1.8333": {
              "lerp_mode": "catmullrom",
              "post": [0, 0, 0]
            },
            "1.9583": [0, 0, 0]
          },
          "rotation": {
            "0.0": [5, 7.5, 0],
            "0.5": [5, 15, 0],
            "0.9167": [2.5, 15, 0],
            "1.1667": [32.5, 12.5, 0],
            "1.5": [32.5, 12.5, 0],
            "1.9167": [5, 7.5, 0]
          }
        },
        "tail": {
          "rotation": {
            "0.0": [26, 1, 0],
            "0.2917": {
              "lerp_mode": "catmullrom",
              "post": [26, -5, 0],
              "pre": [26, -5, 0]
            },
            "0.5417": {
              "lerp_mode": "catmullrom",
              "post": [20, 2.5, 0]
            },
            "0.75": {
              "lerp_mode": "catmullrom",
              "post": [25, 2.5, 0]
            },
            "1.0": {
              "lerp_mode": "catmullrom",
              "post": [26, 10, 0]
            },
            "1.2083": {
              "lerp_mode": "catmullrom",
              "post": [26, -5, 0]
            },
            "1.5": {
              "lerp_mode": "catmullrom",
              "post": [26, -5, 0]
            },
            "1.75": {
              "lerp_mode": "catmullrom",
              "post": [26, -5, 0]
            },
            "2.0": [26, 1, 0]
          }
        },
        "tail1": {
          "rotation": {
            "0.0": [0, 0, 0],
            "0.1667": {
              "lerp_mode": "catmullrom",
              "post": [0, -2.5, 0],
              "pre": [0, -2.5, 0]
            },
            "0.4583": {
              "lerp_mode": "catmullrom",
              "post": [5, 0, 0]
            },
            "0.75": {
              "lerp_mode": "catmullrom",
              "post": [0, 2.5, 0]
            },
            "0.9583": {
              "lerp_mode": "catmullrom",
              "post": [0, 0, 0]
            },
            "1.125": {
              "lerp_mode": "catmullrom",
              "post": [0, 12.5, 0]
            },
            "1.4167": {
              "lerp_mode": "catmullrom",
              "post": [0, -5, 0]
            },
            "1.625": {
              "lerp_mode": "catmullrom",
              "post": [0, -5, 0]
            },
            "2.0": [0, 0, 0]
          }
        },
        "tail2": {
          "rotation": {
            "0.0": [0, 0, 0],
            "0.5": {
              "lerp_mode": "catmullrom",
              "post": [0, -5, 0],
              "pre": [0, -5, 0]
            },
            "0.8333": {
              "lerp_mode": "catmullrom",
              "post": [0, 0, 0]
            },
            "1.2083": {
              "lerp_mode": "catmullrom",
              "post": [0, 7.5, 0]
            },
            "1.5": {
              "lerp_mode": "catmullrom",
              "post": [0, -2.5, 0]
            },
            "1.6667": {
              "lerp_mode": "catmullrom",
              "post": [0, -2.5, 0]
            },
            "2.0": [0, 0, 0]
          }
        },
        "tail3": {
          "rotation": {
            "0.0": [0, 0, 0],
            "0.1667": {
              "lerp_mode": "catmullrom",
              "post": [0, -2.5, 0],
              "pre": [0, -2.5, 0]
            },
            "0.4583": {
              "lerp_mode": "catmullrom",
              "post": [5, 0, 0]
            },
            "0.75": {
              "lerp_mode": "catmullrom",
              "post": [0, 2.5, 0]
            },
            "0.9583": {
              "lerp_mode": "catmullrom",
              "post": [0, 0, 0]
            },
            "1.125": {
              "lerp_mode": "catmullrom",
              "post": [0, 12.5, 0]
            },
            "1.4167": {
              "lerp_mode": "catmullrom",
              "post": [0, -5, 0]
            },
            "1.625": {
              "lerp_mode": "catmullrom",
              "post": [0, -5, 0]
            },
            "2.0": [0, 0, 0]
          }
        },
        "tail4": {
          "rotation": {
            "0.0": [0, 0, 0],
            "0.5": {
              "lerp_mode": "catmullrom",
              "post": [0, -5, 0],
              "pre": [0, -5, 0]
            },
            "0.8333": {
              "lerp_mode": "catmullrom",
              "post": [0, 0, 0]
            },
            "1.2083": {
              "lerp_mode": "catmullrom",
              "post": [0, 7.5, 0]
            },
            "1.5": {
              "lerp_mode": "catmullrom",
              "post": [0, -2, 0]
            },
            "1.6667": {
              "lerp_mode": "catmullrom",
              "post": [0, -2, 0]
            },
            "2.0": [0, 0, 0]
          }
        },
        "tail5": {
          "rotation": {
            "0.0": [0, 0, 0],
            "0.1667": {
              "lerp_mode": "catmullrom",
              "post": [0, -2.5, 0],
              "pre": [0, -2.5, 0]
            },
            "0.4583": {
              "lerp_mode": "catmullrom",
              "post": [5, 0, 0]
            },
            "0.75": {
              "lerp_mode": "catmullrom",
              "post": [0, 2.5, 0]
            },
            "0.9583": {
              "lerp_mode": "catmullrom",
              "post": [0, 0, 0]
            },
            "1.125": {
              "lerp_mode": "catmullrom",
              "post": [0, 12.5, 0]
            },
            "1.4167": {
              "lerp_mode": "catmullrom",
              "post": [0, -5, 0]
            },
            "1.625": {
              "lerp_mode": "catmullrom",
              "post": [0, -5, 0]
            },
            "2.0": [0, 0, 0]
          }
        },
        "tail6": {
          "rotation": {
            "0.0": [0, 0, 0],
            "0.5": {
              "lerp_mode": "catmullrom",
              "post": [0, -5, 0],
              "pre": [0, -5, 0]
            },
            "0.8333": {
              "lerp_mode": "catmullrom",
              "post": [0, 0, 0]
            },
            "1.2083": {
              "lerp_mode": "catmullrom",
              "post": [0, 7.5, 0]
            },
            "1.5": {
              "lerp_mode": "catmullrom",
              "post": [0, -1.5, 0]
            },
            "1.6667": {
              "lerp_mode": "catmullrom",
              "post": [0, -1.5, 0]
            },
            "2.0": [0, 0, 0]
          }
        },
        "upperbody": {
          "rotation": {
            "0.0": [11, -5, 0],
            "0.3333": {
              "lerp_mode": "catmullrom",
              "post": [11, -7.5, 0],
              "pre": [11, -7.5, 0]
            },
            "0.5": {
              "lerp_mode": "catmullrom",
              "post": [13.5, -7.5, 0]
            },
            "0.75": {
              "lerp_mode": "catmullrom",
              "post": [11, -5, 0]
            },
            "0.9583": [13.5, 5, 0],
            "1.1667": {
              "lerp_mode": "catmullrom",
              "post": [8.5, -10, 0],
              "pre": [8.5, -10, 0]
            },
            "1.5": {
              "lerp_mode": "catmullrom",
              "post": [8.5, -10, 0]
            },
            "1.9167": [11, -5, 0]
          }
        }
      }
    },
    "animation.zangoose.recoil": {
      "animation_length": 0.75,
      "bones": {
        "body": {
          "rotation": {
            "0.0": [0, 0, 0],
            "0.0833": {
              "lerp_mode": "catmullrom",
              "post": [-2.5, 0, 0],
              "pre": [-2.5, 0, 0]
            },
            "0.2083": {
              "lerp_mode": "catmullrom",
              "post": [-3.5, 0, 0]
            },
            "0.5": [0, 0, 0]
          }
        },
        "head": {
          "rotation": {
            "0.0": [0, 0, 0],
            "0.0417": {
              "lerp_mode": "catmullrom",
              "post": [7.5, 0, 0],
              "pre": [7.5, 0, 0]
            },
            "0.125": {
              "lerp_mode": "catmullrom",
              "post": [-5, 0, 0]
            },
            "0.5": {
              "lerp_mode": "catmullrom",
              "post": [-7.5, 0, 0]
            },
            "0.625": {
              "lerp_mode": "catmullrom",
              "post": [2.5, 0, 0]
            },
            "0.75": [0, 0, 0]
          }
        },
        "left_arm2": {
          "rotation": {
            "0.0": [0, 0, 0],
            "0.0417": {
              "lerp_mode": "catmullrom",
              "post": [0, 10, 0],
              "pre": [0, 10, 0]
            },
            "0.25": {
              "lerp_mode": "catmullrom",
              "post": [0, 10, 0]
            },
            "0.5": [0, 0, 0]
          }
        },
        "left_eye": {
          "position": {
            "0.0": [0, 0, 0],
            "0.0417": [0, 0, 1],
            "0.375": [0, 0, 1],
            "0.4167": [0, 0, 0]
          }
        },
        "left_eyeblink": {
          "position": {
            "0.0": [0, 0, 0],
            "0.0417": [0, 0, -1],
            "0.375": [0, 0, -1],
            "0.4167": [0, 0, 0]
          }
        },
        "right_arm2": {
          "rotation": {
            "0.0": [0, 0, 0],
            "0.0417": {
              "lerp_mode": "catmullrom",
              "post": [0, -10, 0],
              "pre": [0, -10, 0]
            },
            "0.25": {
              "lerp_mode": "catmullrom",
              "post": [0, -10, 0]
            },
            "0.5": [0, 0, 0]
          }
        },
        "right_eye": {
          "position": {
            "0.0": [0, 0, 0],
            "0.0417": [0, 0, 1],
            "0.375": [0, 0, 1],
            "0.4167": [0, 0, 0]
          }
        },
        "right_eyeblink": {
          "position": {
            "0.0": [0, 0, 0],
            "0.0417": [0, 0, -1],
            "0.375": [0, 0, -1],
            "0.4167": [0, 0, 0]
          }
        },
        "tail": {
          "rotation": {
            "0.0": [0, 0, 0],
            "0.0417": {
              "lerp_mode": "catmullrom",
              "post": [5, 0, 0],
              "pre": [5, 0, 0]
            },
            "0.4167": {
              "lerp_mode": "catmullrom",
              "post": [-2.5, 0, 0]
            },
            "0.6667": [0, 0, 0]
          }
        },
        "upperbody": {
          "rotation": {
            "0.0": [0, 0, 0],
            "0.0833": [-5, 0, 0],
            "0.4167": [-7.5, 0, 0],
            "0.625": [0, 0, 0]
          }
        }
      }
    },
    "animation.zangoose.sleep": {
      "bones": {
        "bone": {
          "position": [0, -4, 0]
        },
        "head": {
          "rotation": ["10+math.sin(q.anim_time*45*3)*1", 0, 0]
        },
        "left_arm": {
          "rotation": [0, 5, 55]
        },
        "left_arm2": {
          "rotation": [-5, 15, 0]
        },
        "left_ear": {
          "rotation": ["-10-math.cos(q.anim_time*45*3)*1", 5, 0]
        },
        "left_eye": {
          "position": [0, 0, 1]
        },
        "left_eyeblink": {
          "position": [0, 0, -1]
        },
        "left_thigh": {
          "position": [0, 1, -1],
          "rotation": [-75, 0, 0]
        },
        "right_arm": {
          "rotation": [0, -5, -55]
        },
        "right_arm2": {
          "rotation": [-5, -15, 0]
        },
        "right_ear": {
          "rotation": ["-10-math.cos(q.anim_time*45*3)*1", -5, 0]
        },
        "right_eye": {
          "position": [0, 0, 1]
        },
        "right_eyeblink": {
          "position": [0, 0, -1]
        },
        "right_thigh": {
          "position": [0, 1, -1],
          "rotation": [-75, 0, 0]
        },
        "tail": {
          "rotation": [40, 0, 0]
        },
        "tail1": {
          "rotation": [0, "math.cos(q.anim_time*45*1.5)*5", 0]
        },
        "tail2": {
          "rotation": [0, "math.sin(q.anim_time*45*1.5)*5.5", 0]
        },
        "tail3": {
          "rotation": [0, "math.cos(q.anim_time*45*1.5-30)*5", 0]
        },
        "tail4": {
          "rotation": [0, "math.sin(q.anim_time*45*1.5-30)*5.5", 0]
        },
        "tail5": {
          "rotation": [0, "math.cos(q.anim_time*45*1.5-60)*5", 0]
        },
        "tail6": {
          "rotation": [0, "math.sin(q.anim_time*45*1.5-60)*5.5", 0]
        },
        "upperbody": {
          "rotation": ["10+math.cos(q.anim_time*45*3)*0.75", 0, 0]
        }
      },
      "loop": true
    },
    "animation.zangoose.special": {
      "animation_length": 1.75,
      "bones": {
        "body": {
          "rotation": {
            "0.0": [10, 0, 0],
            "0.2917": {
              "lerp_mode": "catmullrom",
              "post": [5, 0, 0],
              "pre": [5, 0, 0]
            },
            "0.75": {
              "lerp_mode": "catmullrom",
              "post": [15, 0, 0]
            },
            "1.25": {
              "lerp_mode": "catmullrom",
              "post": [15, 0, 0]
            },
            "1.75": [10, 0, 0]
          }
        },
        "bone": {
          "position": [0, -0.2, 0],
          "rotation": [0, 10, 0]
        },
        "fluff1": {
          "rotation": [0, 0, 22.5]
        },
        "fluff6": {
          "rotation": [0, 0, -22.5]
        },
        "head": {
          "rotation": {
            "0.0": [-12.5, -5, 0],
            "0.5417": {
              "lerp_mode": "catmullrom",
              "post": [-17.5, -5, 0],
              "pre": [-17.5, -5, 0]
            },
            "0.8333": {
              "lerp_mode": "catmullrom",
              "post": [-12.5, -5, 0]
            },
            "1.25": {
              "lerp_mode": "catmullrom",
              "post": [-13.5, -5, 0]
            },
            "1.75": [-12.5, -5, 0]
          }
        },
        "left_arm": {
          "rotation": {
            "0.0": [0, 40, 40],
            "0.5": {
              "lerp_mode": "catmullrom",
              "post": [0, 47.5, 40],
              "pre": [0, 47.5, 40]
            },
            "0.75": {
              "lerp_mode": "catmullrom",
              "post": [0, 0, 40]
            },
            "1.4167": {
              "lerp_mode": "catmullrom",
              "post": [0, 0, 40]
            },
            "1.75": [0, 40, 40]
          }
        },
        "left_arm2": {
          "rotation": {
            "0.0": [2.5, 80, 0],
            "0.5": {
              "lerp_mode": "catmullrom",
              "post": [2.5, 85, 0],
              "pre": [2.5, 85, 0]
            },
            "0.75": {
              "lerp_mode": "catmullrom",
              "post": [2.5, 75, 0]
            },
            "1.5": {
              "lerp_mode": "catmullrom",
              "post": [2.5, 75, 0]
            },
            "1.75": [2.5, 80, 0]
          }
        },
        "left_ear": {
          "rotation": [0, 0, 0]
        },
        "left_fluff": {
          "rotation": [0, 0, 25]
        },
        "left_foot": {
          "rotation": [-5, 0, 0]
        },
        "left_thigh": {
          "rotation": [5, -20, 0]
        },
        "mouth1": {
          "position": {
            "0.5833": [0, 0, 0],
            "0.625": [0, 0, 1],
            "1.25": [0, 0, 1],
            "1.2917": [0, 0, 0]
          }
        },
        "mouth2": {
          "position": {
            "0.5833": [0, 0, 0],
            "0.625": [0, 0, -1],
            "1.25": [0, 0, -1],
            "1.2917": [0, 0, 0]
          }
        },
        "right_arm": {
          "rotation": {
            "0.0": [0, 20, -45],
            "0.5": {
              "lerp_mode": "catmullrom",
              "post": [0, -40, -45],
              "pre": [0, -40, -45]
            },
            "0.75": {
              "lerp_mode": "catmullrom",
              "post": [0, 25, -45]
            },
            "1.5": {
              "lerp_mode": "catmullrom",
              "post": [0, 25, -45]
            },
            "1.75": [0, 20, -45]
          }
        },
        "right_arm2": {
          "rotation": {
            "0.0": [2.5, -45, 0],
            "0.5": {
              "lerp_mode": "catmullrom",
              "post": [2.5, -75, 0],
              "pre": [2.5, -75, 0]
            },
            "0.75": {
              "lerp_mode": "catmullrom",
              "post": [2.5, -70, 0]
            },
            "1.25": {
              "lerp_mode": "catmullrom",
              "post": [2.5, -70, 0]
            },
            "1.75": [2.5, -45, 0]
          }
        },
        "right_ear": {
          "rotation": [0, 0, 0]
        },
        "right_fluff": {
          "rotation": [0, 0, -25]
        },
        "right_foot": {
          "rotation": [-5, 0, 0]
        },
        "right_thigh": {
          "rotation": [5, 7.5, 0]
        },
        "tail": {
          "rotation": {
            "0.0": [26, 1, 0],
            "0.4583": {
              "lerp_mode": "catmullrom",
              "post": [26, 1, 0],
              "pre": [26, 1, 0]
            },
            "0.75": {
              "lerp_mode": "catmullrom",
              "post": [28.5, 1, 0]
            },
            "1.5": {
              "lerp_mode": "catmullrom",
              "post": [28.5, 1, 0]
            },
            "1.75": [26, 1, 0]
          }
        },
        "tail1": {
          "rotation": [0, 0, 0]
        },
        "tail2": {
          "rotation": [0, 0, 0]
        },
        "tail3": {
          "rotation": [0, 0, 0]
        },
        "tail4": {
          "rotation": [0, 0, 0]
        },
        "tail5": {
          "rotation": [0, 0, 0]
        },
        "tail6": {
          "rotation": [0, 0, 0]
        },
        "upperbody": {
          "rotation": {
            "0.0": [11, -5, 0],
            "0.5": {
              "lerp_mode": "catmullrom",
              "post": [5, -5, 0],
              "pre": [5, -5, 0]
            },
            "0.7083": {
              "lerp_mode": "catmullrom",
              "post": [12.5, -5, 0]
            },
            "1.5": {
              "lerp_mode": "catmullrom",
              "post": [12.5, -5, 0]
            },
            "1.75": [11, -5, 0]
          }
        }
      },
      "sound_effects": {
        "0.625": {
          "effect": "pokemon.zangoose.cry"
        }
      }
    }
  },
  "format_version": "1.8.0"
}