{
  "animations": {
    "animation.pokemans_enamorus_therian.battle_idle": {
      "bones": {
        "body": {
          "position": [0, "0+math.sin(q.anim_time*120*1-40)*1.5", 0],
          "rotation": ["0+math.sin(q.anim_time*120*1-160)*4", "0+math.sin(q.anim_time*120*1-240)*4", "0+math.sin(q.anim_time*120*1-280)*2"]
        },
        "bone": {
          "rotation": [0, 35, 0]
        },
        "bone10": {
          "rotation": [0, -42.5, 0]
        },
        "bone11": {
          "rotation": [0, -42.5, 0]
        },
        "bone12": {
          "rotation": ["35+math.cos(q.anim_time*120*1-120)*4", 0, 0]
        },
        "bone13": {
          "rotation": ["-67.5703189596+math.cos(q.anim_time*120*1-160)*6", 17.89094, -7.86428]
        },
        "bone14": {
          "rotation": [0, 35, 0]
        },
        "bone15": {
          "rotation": [7.1938, -42.52051, 0.4426]
        },
        "bone16": {
          "rotation": [0, -12.5, 0]
        },
        "bone17": {
          "rotation": [0, 32.5, 0]
        },
        "bone18": {
          "rotation": [0, 30, 0]
        },
        "bone19": {
          "rotation": [0, 30, 0]
        },
        "bone2": {
          "rotation": [0, 32.5, 0]
        },
        "bone20": {
          "rotation": [15, -32.5, 0]
        },
        "bone21": {
          "rotation": [6.45834, -45.05511, 1.38195]
        },
        "bone22": {
          "rotation": [10.51352, -32.42025, -1.0273]
        },
        "bone23": {
          "rotation": [17.5, -52.5, 0]
        },
        "bone24": {
          "rotation": [0, -45, 0]
        },
        "bone25": {
          "rotation": [17.5, -35, 0]
        },
        "bone3": {
          "rotation": [0, 37.5, 0]
        },
        "bone4": {
          "rotation": [0, 22.5, 0]
        },
        "bone5": {
          "rotation": [2.5, 27.5, 0]
        },
        "bone6": {
          "rotation": [2.5, 17.5, 0]
        },
        "bone7": {
          "rotation": [0, -30, 0]
        },
        "bone8": {
          "rotation": [0, -37.5, 0]
        },
        "bone9": {
          "rotation": [0, -50, 0]
        },
        "cloud_tail": {
          "rotation": ["5+math.cos(q.anim_time*120*1-160)*8", "math.sin(q.anim_time*120*1-80)*4", 0]
        },
        "cloud_tail2": {
          "rotation": ["20+math.cos(q.anim_time*120*1-200)*10", "math.sin(q.anim_time*120*1-120)*6", 0]
        },
        "cloud_tail3": {
          "rotation": ["-32.5+math.cos(q.anim_time*120*1-240)*12", "math.sin(q.anim_time*120*1-160)*8", 0]
        },
        "cloud_tail4": {
          "rotation": ["35+math.cos(q.anim_time*120*1-280)*14", "math.sin(q.anim_time*120*1-200)*10", 0]
        },
        "head": {
          "rotation": ["32.5+math.cos(q.anim_time*120*1-160)*2", 0, 0]
        },
        "head2": {
          "rotation": [7.5, 0, 0]
        },
        "leg_back_left": {
          "rotation": [18.16713, "2.4976+math.cos(q.anim_time*120*1-120)*-8", "29.9055+math.cos(q.anim_time*120*1-160)*-6"]
        },
        "leg_back_left2": {
          "rotation": ["62.5+math.cos(q.anim_time*120*1-160)*8", 0, 0]
        },
        "leg_back_left3": {
          "rotation": [-75, 0, 0]
        },
        "leg_back_left4": {
          "rotation": [7.5, 0, 0]
        },
        "leg_back_right": {
          "rotation": [18.16713, "-2.4976+math.cos(q.anim_time*120*1-120)*8", "-29.9055+math.cos(q.anim_time*120*1-160)*6"]
        },
        "leg_back_right2": {
          "rotation": ["62.5+math.cos(q.anim_time*120*1-160)*8", 0, 0]
        },
        "leg_back_right3": {
          "rotation": [-75, 0, 0]
        },
        "leg_back_right4": {
          "rotation": [7.5, 0, 0]
        },
        "leg_front_left2": {
          "rotation": [48.87641, "-11.4221407428+math.cos(q.anim_time*120*1-120)*-8", "27.3177219671+math.cos(q.anim_time*120*1-160)*-6"]
        },
        "leg_front_left3": {
          "rotation": [4.60659, -14.2906, 14.42221]
        },
        "leg_front_left4": {
          "rotation": [0, 0, "22.5+math.cos(q.anim_time*120*1-160)*8"]
        },
        "leg_front_left5": {
          "rotation": [0, 0, -7.5]
        },
        "leg_front_right2": {
          "rotation": [48.87641, "11.4221407428+math.cos(q.anim_time*120*1-120)*8", "-27.3177219671+math.cos(q.anim_time*120*1-160)*6"]
        },
        "leg_front_right3": {
          "rotation": [4.60659, 14.2906, -14.42221]
        },
        "leg_front_right4": {
          "rotation": [0, 0, "-22.5+math.cos(q.anim_time*120*1-160)*8"]
        },
        "leg_front_right5": {
          "rotation": [0, 0, 7.5]
        },
        "neck": {
          "rotation": [-7.5, 0, 0]
        },
        "neck2": {
          "rotation": ["-25+math.cos(q.anim_time*120*1-160)*6", 0, 0]
        },
        "sneak": {
          "position": [10, 2, -93],
          "rotation": [0, -55, 0]
        },
        "sneak2": {
          "position": [0.2, 0, -0.56],
          "rotation": [-1, 0, 0]
        }
      },
      "loop": true
    },
    "animation.pokemans_enamorus_therian.blink": {
      "animation_length": 0.1667,
      "bones": {
        "eye_left_lid": {
          "position": {
            "0.0": [-0.11, 0, -0.23],
            "0.1667": [0, 0, 0]
          }
        },
        "eye_right_lid": {
          "position": {
            "0.0": [0.11, 0, -0.23],
            "0.1667": [0, 0, 0]
          }
        }
      }
    },
    "animation.pokemans_enamorus_therian.cry": {
      "animation_length": 1.5,
      "bones": {
        "body": {
          "position": {
            "0.0": {
              "lerp_mode": "catmullrom",
              "post": [0, 0, 0]
            },
            "0.25": {
              "lerp_mode": "catmullrom",
              "post": [0, -3, 0]
            },
            "0.625": {
              "lerp_mode": "catmullrom",
              "post": [0, 3, 0]
            },
            "0.7083": {
              "lerp_mode": "catmullrom",
              "post": [0, 2, 0]
            },
            "0.7917": {
              "lerp_mode": "catmullrom",
              "post": [0, 3, 0]
            },
            "0.875": {
              "lerp_mode": "catmullrom",
              "post": [0, 2, 0]
            },
            "0.9583": {
              "lerp_mode": "catmullrom",
              "post": [0, 3, 0]
            },
            "1.0417": {
              "lerp_mode": "catmullrom",
              "post": [0, 2, 0]
            },
            "1.125": {
              "lerp_mode": "catmullrom",
              "post": [0, 3, 0]
            },
            "1.5": {
              "lerp_mode": "catmullrom",
              "post": [0, 0, 0]
            }
          },
          "rotation": {
            "0.0": {
              "lerp_mode": "catmullrom",
              "post": [0, 0, 0]
            },
            "0.25": {
              "lerp_mode": "catmullrom",
              "post": [0, -2.5, 0]
            },
            "0.625": {
              "lerp_mode": "catmullrom",
              "post": [-2.5, 0, 0]
            },
            "1.5": {
              "lerp_mode": "catmullrom",
              "post": [0, 0, 0]
            }
          }
        },
        "bone11": {
          "rotation": {
            "0.0": {
              "lerp_mode": "catmullrom",
              "post": [0, 0, 0]
            },
            "0.625": {
              "lerp_mode": "catmullrom",
              "post": [35, 0, 0]
            },
            "0.75": {
              "lerp_mode": "catmullrom",
              "post": [35, 0, 0]
            },
            "0.875": {
              "lerp_mode": "catmullrom",
              "post": [35, 0, 0]
            },
            "1.0": {
              "lerp_mode": "catmullrom",
              "post": [35, 0, 0]
            },
            "1.5": {
              "lerp_mode": "catmullrom",
              "post": [0, 0, 0]
            }
          }
        },
        "bone12": {
          "rotation": {
            "0.0": {
              "lerp_mode": "catmullrom",
              "post": [0, 0, 0]
            },
            "0.25": {
              "lerp_mode": "catmullrom",
              "post": [-32.5, 0, 0]
            },
            "0.625": {
              "lerp_mode": "catmullrom",
              "post": [0, 12.5, 0]
            },
            "0.75": {
              "lerp_mode": "catmullrom",
              "post": [0, 12.5, 0]
            },
            "0.875": {
              "lerp_mode": "catmullrom",
              "post": [0, 12.5, 0]
            },
            "1.0": {
              "lerp_mode": "catmullrom",
              "post": [0, 12.5, 0]
            },
            "1.5": {
              "lerp_mode": "catmullrom",
              "post": [0, 0, 0]
            }
          }
        },
        "bone13": {
          "rotation": {
            "0.0": {
              "lerp_mode": "catmullrom",
              "post": [0, 0, 0]
            },
            "0.25": {
              "lerp_mode": "catmullrom",
              "post": [-2.5, 0, 0]
            },
            "0.625": {
              "lerp_mode": "catmullrom",
              "post": [34.28183, 13.47457, 104.9617]
            },
            "0.75": {
              "lerp_mode": "catmullrom",
              "post": [37.37357, 30.37331, 111.47262]
            },
            "0.875": {
              "lerp_mode": "catmullrom",
              "post": [41.60094, 19.89486, 100.24682]
            },
            "1.0": {
              "lerp_mode": "catmullrom",
              "post": [57.91317, 28.3026, 115.63394]
            },
            "1.5": {
              "lerp_mode": "catmullrom",
              "post": [0, 0, 0]
            }
          }
        },
        "bone21": {
          "rotation": {
            "0.0": {
              "lerp_mode": "catmullrom",
              "post": [0, 0, 0]
            },
            "0.625": {
              "lerp_mode": "catmullrom",
              "post": [10, 20, 0]
            },
            "0.75": {
              "lerp_mode": "catmullrom",
              "post": [10, 20, 0]
            },
            "0.875": {
              "lerp_mode": "catmullrom",
              "post": [10, 20, 0]
            },
            "1.0": {
              "lerp_mode": "catmullrom",
              "post": [10, 20, 0]
            },
            "1.5": {
              "lerp_mode": "catmullrom",
              "post": [0, 0, 0]
            }
          }
        },
        "bone22": {
          "rotation": {
            "0.0": {
              "lerp_mode": "catmullrom",
              "post": [0, 0, 0]
            },
            "0.625": {
              "lerp_mode": "catmullrom",
              "post": [15, 0, 0]
            },
            "0.75": {
              "lerp_mode": "catmullrom",
              "post": [13.77623, 4.53593, 2.43416]
            },
            "0.875": {
              "lerp_mode": "catmullrom",
              "post": [15, 0, 0]
            },
            "1.0": {
              "lerp_mode": "catmullrom",
              "post": [13.77623, 4.53593, 2.43416]
            },
            "1.5": {
              "lerp_mode": "catmullrom",
              "post": [0, 0, 0]
            }
          }
        },
        "bone23": {
          "rotation": {
            "0.0": {
              "lerp_mode": "catmullrom",
              "post": [0, 0, 0]
            },
            "0.625": {
              "lerp_mode": "catmullrom",
              "post": [15, 52.5, 0]
            },
            "0.75": {
              "lerp_mode": "catmullrom",
              "post": [15, 52.5, 0]
            },
            "0.875": {
              "lerp_mode": "catmullrom",
              "post": [15, 52.5, 0]
            },
            "1.0": {
              "lerp_mode": "catmullrom",
              "post": [15, 52.5, 0]
            },
            "1.5": {
              "lerp_mode": "catmullrom",
              "post": [0, 0, 0]
            }
          }
        },
        "bone24": {
          "rotation": {
            "0.0": {
              "lerp_mode": "catmullrom",
              "post": [0, 0, 0]
            },
            "0.625": {
              "lerp_mode": "catmullrom",
              "post": [17.5, 22.5, 0]
            },
            "0.75": {
              "lerp_mode": "catmullrom",
              "post": [16.29861, 36.85995, 4.50928]
            },
            "0.875": {
              "lerp_mode": "catmullrom",
              "post": [17.5, 22.5, 0]
            },
            "1.0": {
              "lerp_mode": "catmullrom",
              "post": [16.29861, 36.85995, 4.50928]
            },
            "1.5": {
              "lerp_mode": "catmullrom",
              "post": [0, 0, 0]
            }
          }
        },
        "bone25": {
          "rotation": {
            "0.0": {
              "lerp_mode": "catmullrom",
              "post": [0, 0, 0]
            },
            "0.625": {
              "lerp_mode": "catmullrom",
              "post": [11.0032, 37.91467, 17.97377]
            },
            "0.75": {
              "lerp_mode": "catmullrom",
              "post": [10.9654, 35.71722, 16.78095]
            },
            "0.875": {
              "lerp_mode": "catmullrom",
              "post": [11.0032, 37.91467, 17.97377]
            },
            "1.0": {
              "lerp_mode": "catmullrom",
              "post": [11.127, 29.12683, 13.19529]
            },
            "1.5": {
              "lerp_mode": "catmullrom",
              "post": [0, 0, 0]
            }
          }
        },
        "head": {
          "rotation": {
            "0.0": {
              "lerp_mode": "catmullrom",
              "post": [0, 0, 0]
            },
            "0.25": {
              "lerp_mode": "catmullrom",
              "post": [-2.5, 0, 0]
            },
            "0.625": {
              "lerp_mode": "catmullrom",
              "post": [-10, 0, 0]
            },
            "1.5": {
              "lerp_mode": "catmullrom",
              "post": [0, 0, 0]
            }
          }
        },
        "head2": {
          "rotation": {
            "0.0": {
              "lerp_mode": "catmullrom",
              "post": [0, 0, 0]
            }
          }
        },
        "leg_back_left": {
          "rotation": {
            "0.0": {
              "lerp_mode": "catmullrom",
              "post": [0, 0, 0]
            },
            "0.25": {
              "lerp_mode": "catmullrom",
              "post": [0, 0, 0]
            },
            "0.625": {
              "lerp_mode": "catmullrom",
              "post": [0, 0, 22.5]
            },
            "1.5": {
              "lerp_mode": "catmullrom",
              "post": [0, 0, 0]
            }
          }
        },
        "leg_back_left3": {
          "rotation": {
            "0.0": {
              "lerp_mode": "catmullrom",
              "post": [0, 0, 0]
            },
            "0.25": {
              "lerp_mode": "catmullrom",
              "post": [0, 0, 0]
            },
            "0.625": {
              "lerp_mode": "catmullrom",
              "post": [27.5, 0, 0]
            },
            "1.5": {
              "lerp_mode": "catmullrom",
              "post": [0, 0, 0]
            }
          }
        },
        "leg_back_right": {
          "rotation": {
            "0.0": {
              "lerp_mode": "catmullrom",
              "post": [0, 0, 0]
            },
            "0.25": {
              "lerp_mode": "catmullrom",
              "post": [0, 0, 0]
            },
            "0.625": {
              "lerp_mode": "catmullrom",
              "post": [0, 0, -22.5]
            },
            "1.5": {
              "lerp_mode": "catmullrom",
              "post": [0, 0, 0]
            }
          }
        },
        "leg_back_right3": {
          "rotation": {
            "0.0": {
              "lerp_mode": "catmullrom",
              "post": [0, 0, 0]
            },
            "0.25": {
              "lerp_mode": "catmullrom",
              "post": [0, 0, 0]
            },
            "0.625": {
              "lerp_mode": "catmullrom",
              "post": [25, 0, 0]
            },
            "1.5": {
              "lerp_mode": "catmullrom",
              "post": [0, 0, 0]
            }
          }
        },
        "leg_front_left2": {
          "rotation": {
            "0.0": {
              "lerp_mode": "catmullrom",
              "post": [0, 0, 0]
            },
            "0.25": {
              "lerp_mode": "catmullrom",
              "post": [0, 0, -40]
            },
            "0.625": {
              "lerp_mode": "catmullrom",
              "post": [0, 0, 22.5]
            },
            "1.5": {
              "lerp_mode": "catmullrom",
              "post": [0, 0, 0]
            }
          }
        },
        "leg_front_left4": {
          "rotation": {
            "0.0": {
              "lerp_mode": "catmullrom",
              "post": [0, 0, 0]
            },
            "0.25": {
              "lerp_mode": "catmullrom",
              "post": [0, 0, -37.5]
            },
            "0.625": {
              "lerp_mode": "catmullrom",
              "post": [0, 0, -15]
            },
            "1.5": {
              "lerp_mode": "catmullrom",
              "post": [0, 0, 0]
            }
          }
        },
        "leg_front_right2": {
          "rotation": {
            "0.0": {
              "lerp_mode": "catmullrom",
              "post": [0, 0, 0]
            },
            "0.25": {
              "lerp_mode": "catmullrom",
              "post": [0, 0, 40]
            },
            "0.625": {
              "lerp_mode": "catmullrom",
              "post": [0, 0, -22.5]
            },
            "1.5": {
              "lerp_mode": "catmullrom",
              "post": [0, 0, 0]
            }
          }
        },
        "leg_front_right4": {
          "rotation": {
            "0.0": {
              "lerp_mode": "catmullrom",
              "post": [0, 0, 0]
            },
            "0.25": {
              "lerp_mode": "catmullrom",
              "post": [0, 0, 42.5]
            },
            "0.625": {
              "lerp_mode": "catmullrom",
              "post": [0, 0, 15]
            },
            "1.5": {
              "lerp_mode": "catmullrom",
              "post": [0, 0, 0]
            }
          }
        },
        "neck2": {
          "rotation": {
            "0.0": {
              "lerp_mode": "catmullrom",
              "post": [0, 0, 0]
            },
            "0.25": {
              "lerp_mode": "catmullrom",
              "post": [30, 0, 0]
            },
            "0.625": {
              "lerp_mode": "catmullrom",
              "post": [-10, 0, 0]
            },
            "1.5": {
              "lerp_mode": "catmullrom",
              "post": [0, 0, 0]
            }
          }
        },
        "sneak2": {
          "position": {
            "0.75": {
              "lerp_mode": "catmullrom",
              "post": [0, 0, 0],
              "pre": [0, 0, 0]
            },
            "0.7917": {
              "lerp_mode": "catmullrom",
              "post": [0, 0.52, 0]
            },
            "0.8333": {
              "lerp_mode": "catmullrom",
              "post": [0, 0, 0]
            },
            "0.875": {
              "lerp_mode": "catmullrom",
              "post": [0, 0.52, 0]
            },
            "0.9167": {
              "lerp_mode": "catmullrom",
              "post": [0, 0, 0]
            },
            "0.9583": {
              "lerp_mode": "catmullrom",
              "post": [0, 0.52, 0]
            },
            "1.0": {
              "lerp_mode": "catmullrom",
              "post": [0, 0, 0]
            },
            "1.0417": {
              "lerp_mode": "catmullrom",
              "post": [0, 0.52, 0]
            }
          }
        }
      },
      "sound_effects": {
        "0.1": {
          "effect": "pokemon.enamorustherian.cry"
        }
      }
    },
    "animation.pokemans_enamorus_therian.ground_idle": {
      "bones": {
        "body": {
          "position": [0, "0+math.sin(q.anim_time*120*1-40)*1.5", 0],
          "rotation": ["0+math.sin(q.anim_time*120*1-160)*4", "0+math.sin(q.anim_time*120*1-240)*4", "0+math.sin(q.anim_time*120*1-280)*2"]
        },
        "bone": {
          "rotation": [0, 35, 0]
        },
        "bone10": {
          "rotation": [0, -42.5, 0]
        },
        "bone11": {
          "rotation": [0, -42.5, 0]
        },
        "bone12": {
          "rotation": ["35+math.cos(q.anim_time*120*1-120)*4", 0, 0]
        },
        "bone13": {
          "rotation": ["-67.5703189596+math.cos(q.anim_time*120*1-160)*6", 17.89094, -7.86428]
        },
        "bone14": {
          "rotation": [0, 35, 0]
        },
        "bone15": {
          "rotation": [7.1938, -42.52051, 0.4426]
        },
        "bone16": {
          "rotation": [0, -12.5, 0]
        },
        "bone17": {
          "rotation": [0, 32.5, 0]
        },
        "bone18": {
          "rotation": [0, 30, 0]
        },
        "bone19": {
          "rotation": [0, 30, 0]
        },
        "bone2": {
          "rotation": [0, 32.5, 0]
        },
        "bone20": {
          "rotation": [15, -32.5, 0]
        },
        "bone21": {
          "rotation": [6.45834, -45.05511, 1.38195]
        },
        "bone22": {
          "rotation": [10.51352, -32.42025, -1.0273]
        },
        "bone23": {
          "rotation": [17.5, -52.5, 0]
        },
        "bone24": {
          "rotation": [0, -45, 0]
        },
        "bone25": {
          "rotation": [17.5, -35, 0]
        },
        "bone3": {
          "rotation": [0, 37.5, 0]
        },
        "bone4": {
          "rotation": [0, 22.5, 0]
        },
        "bone5": {
          "rotation": [2.5, 27.5, 0]
        },
        "bone6": {
          "rotation": [2.5, 17.5, 0]
        },
        "bone7": {
          "rotation": [0, -30, 0]
        },
        "bone8": {
          "rotation": [0, -37.5, 0]
        },
        "bone9": {
          "rotation": [0, -50, 0]
        },
        "cloud_tail": {
          "rotation": ["5+math.cos(q.anim_time*120*1-160)*8", "math.sin(q.anim_time*120*1-80)*4", 0]
        },
        "cloud_tail2": {
          "rotation": ["20+math.cos(q.anim_time*120*1-200)*10", "math.sin(q.anim_time*120*1-120)*6", 0]
        },
        "cloud_tail3": {
          "rotation": ["-32.5+math.cos(q.anim_time*120*1-240)*12", "math.sin(q.anim_time*120*1-160)*8", 0]
        },
        "cloud_tail4": {
          "rotation": ["35+math.cos(q.anim_time*120*1-280)*14", "math.sin(q.anim_time*120*1-200)*10", 0]
        },
        "head": {
          "rotation": ["32.5+math.cos(q.anim_time*120*1-160)*2", 0, 0]
        },
        "head2": {
          "rotation": [7.5, 0, 0]
        },
        "leg_back_left": {
          "rotation": [-4.33287, "2.4976190449+math.cos(q.anim_time*120*1-120)*-8", "29.9055014063+math.cos(q.anim_time*120*1-160)*-6"]
        },
        "leg_back_left2": {
          "rotation": ["62.5+math.cos(q.anim_time*120*1-160)*8", 0, 0]
        },
        "leg_back_left3": {
          "rotation": [-75, 0, 0]
        },
        "leg_back_left4": {
          "rotation": [7.5, 0, 0]
        },
        "leg_back_right": {
          "rotation": [-4.33287, "-2.4976190449+math.cos(q.anim_time*120*1-120)*8", "-29.9055014063+math.cos(q.anim_time*120*1-160)*6"]
        },
        "leg_back_right2": {
          "rotation": ["62.5+math.cos(q.anim_time*120*1-160)*8", 0, 0]
        },
        "leg_back_right3": {
          "rotation": [-75, 0, 0]
        },
        "leg_back_right4": {
          "rotation": [7.5, 0, 0]
        },
        "leg_front_left2": {
          "rotation": [48.87641, "-11.4221407428+math.cos(q.anim_time*120*1-120)*-8", "27.3177219671+math.cos(q.anim_time*120*1-160)*-6"]
        },
        "leg_front_left3": {
          "rotation": [4.60659, -14.2906, 14.42221]
        },
        "leg_front_left4": {
          "rotation": [0, 0, "22.5+math.cos(q.anim_time*120*1-160)*8"]
        },
        "leg_front_left5": {
          "rotation": [0, 0, -7.5]
        },
        "leg_front_right2": {
          "rotation": [48.87641, "11.4221407428+math.cos(q.anim_time*120*1-120)*8", "-27.3177219671+math.cos(q.anim_time*120*1-160)*6"]
        },
        "leg_front_right3": {
          "rotation": [4.60659, 14.2906, -14.42221]
        },
        "leg_front_right4": {
          "rotation": [0, 0, "-22.5+math.cos(q.anim_time*120*1-160)*8"]
        },
        "leg_front_right5": {
          "rotation": [0, 0, 7.5]
        },
        "neck": {
          "rotation": [-7.5, 0, 0]
        },
        "neck2": {
          "rotation": ["-25+math.cos(q.anim_time*120*1-160)*6", 0, 0]
        },
        "sneak": {
          "position": [10, 2, -93],
          "rotation": [0, -55, 0]
        },
        "sneak2": {
          "position": [0.2, 0, -0.56],
          "rotation": [-1, 0, 0]
        }
      },
      "loop": true
    },
    "animation.pokemans_enamorus_therian.ground_walk": {
      "bones": {
        "body": {
          "position": [0, "0+math.sin(q.anim_time*120*1-40)*2.5", 0],
          "rotation": ["0+math.sin(q.anim_time*120*2-160)*2", "0+math.sin(q.anim_time*120*2-240)*2", "0+math.sin(q.anim_time*120*2-280)*1"]
        },
        "bone": {
          "rotation": [0, 35, 0]
        },
        "bone10": {
          "rotation": [0, -42.5, 0]
        },
        "bone11": {
          "rotation": [0, -42.5, 0]
        },
        "bone12": {
          "rotation": ["35+math.cos(q.anim_time*120*1-120)*4", 0, 0]
        },
        "bone13": {
          "rotation": ["-67.5703189596+math.cos(q.anim_time*120*1-160)*6", 17.89094, -7.86428]
        },
        "bone14": {
          "rotation": [0, 35, 0]
        },
        "bone15": {
          "rotation": [7.1938, -42.52051, 0.4426]
        },
        "bone16": {
          "rotation": [0, -12.5, 0]
        },
        "bone17": {
          "rotation": [0, 32.5, 0]
        },
        "bone18": {
          "rotation": [0, 30, 0]
        },
        "bone19": {
          "rotation": [0, 30, 0]
        },
        "bone2": {
          "rotation": [0, 32.5, 0]
        },
        "bone20": {
          "rotation": [15, -32.5, 0]
        },
        "bone21": {
          "rotation": [6.45834, -45.05511, 1.38195]
        },
        "bone22": {
          "rotation": [10.51352, -32.42025, -1.0273]
        },
        "bone23": {
          "rotation": [17.5, -52.5, 0]
        },
        "bone24": {
          "rotation": [0, -45, 0]
        },
        "bone25": {
          "rotation": [17.5, -35, 0]
        },
        "bone3": {
          "rotation": [0, 37.5, 0]
        },
        "bone4": {
          "rotation": [0, 22.5, 0]
        },
        "bone5": {
          "rotation": [2.5, 27.5, 0]
        },
        "bone6": {
          "rotation": [2.5, 17.5, 0]
        },
        "bone7": {
          "rotation": [0, -30, 0]
        },
        "bone8": {
          "rotation": [0, -37.5, 0]
        },
        "bone9": {
          "rotation": [0, -50, 0]
        },
        "cloud_tail": {
          "rotation": ["5+math.cos(q.anim_time*120*1-160)*8", "math.sin(q.anim_time*120*1-80)*4", 0]
        },
        "cloud_tail2": {
          "rotation": ["20+math.cos(q.anim_time*120*1-200)*10", "math.sin(q.anim_time*120*1-120)*6", 0]
        },
        "cloud_tail3": {
          "rotation": ["-32.5+math.cos(q.anim_time*120*1-240)*12", "math.sin(q.anim_time*120*1-160)*8", 0]
        },
        "cloud_tail4": {
          "rotation": ["35+math.cos(q.anim_time*120*1-280)*14", "math.sin(q.anim_time*120*1-200)*10", 0]
        },
        "head": {
          "rotation": ["32.5+math.cos(q.anim_time*120*1-160)*2", 0, 0]
        },
        "head2": {
          "rotation": [7.5, 0, 0]
        },
        "leg_back_left": {
          "rotation": [35.66713, "2.4976+math.cos(q.anim_time*120*1-120)*-8", "29.9055+math.cos(q.anim_time*120*1-160)*-6"]
        },
        "leg_back_left2": {
          "rotation": ["50+math.cos(q.anim_time*120*1-160)*8", 0, 0]
        },
        "leg_back_left3": {
          "rotation": [-75, 0, 0]
        },
        "leg_back_left4": {
          "rotation": [7.5, 0, 0]
        },
        "leg_back_right": {
          "rotation": [35.66713, "-2.4976+math.cos(q.anim_time*120*1-120)*8", "-29.9055+math.cos(q.anim_time*120*1-160)*6"]
        },
        "leg_back_right2": {
          "rotation": ["50+math.cos(q.anim_time*120*1-160)*8", 0, 0]
        },
        "leg_back_right3": {
          "rotation": [-75, 0, 0]
        },
        "leg_back_right4": {
          "rotation": [7.5, 0, 0]
        },
        "leg_front_left2": {
          "rotation": [52.97801, "16.9704+math.cos(q.anim_time*120*1-120)*-8", "22.8607+math.cos(q.anim_time*120*1-160)*-6"]
        },
        "leg_front_left3": {
          "rotation": [8.29301, 14.57293, -6.71469]
        },
        "leg_front_left4": {
          "rotation": [0, 0, -6.71469]
        },
        "leg_front_left5": {
          "rotation": [0, 0, -7.5]
        },
        "leg_front_right2": {
          "rotation": [52.97801, "-16.9704+math.cos(q.anim_time*120*1-120)*8", "-22.8607+math.cos(q.anim_time*120*1-160)*6"]
        },
        "leg_front_right3": {
          "rotation": [8.29301, -14.57293, 6.71469]
        },
        "leg_front_right4": {
          "rotation": [0, 0, "20+math.cos(q.anim_time*120*1-160)*8"]
        },
        "leg_front_right5": {
          "rotation": [0, 0, 7.5]
        },
        "neck": {
          "rotation": [-7.5, 0, 0]
        },
        "neck2": {
          "rotation": ["-25+math.cos(q.anim_time*120*1-160)*6", 0, 0]
        },
        "sneak": {
          "position": [10, 2, -93],
          "rotation": [0, -55, 0]
        },
        "sneak2": {
          "position": [0.2, 0, -0.56],
          "rotation": [-1, 0, 0]
        }
      },
      "loop": true
    },
    "animation.pokemans_enamorus_therian.physical_attack": {
      "animation_length": 1.2917,
      "bones": {
        "body": {
          "position": {
            "0.0": {
              "lerp_mode": "catmullrom",
              "post": [0, 0, 0]
            },
            "0.4583": {
              "lerp_mode": "catmullrom",
              "post": [0, 0, 8]
            },
            "0.6667": {
              "lerp_mode": "catmullrom",
              "post": [0, 0, -18]
            },
            "0.9167": {
              "lerp_mode": "catmullrom",
              "post": [0, 0, -20]
            },
            "1.2917": {
              "lerp_mode": "catmullrom",
              "post": [0, 0, 0]
            }
          },
          "rotation": {
            "0.0": {
              "lerp_mode": "catmullrom",
              "post": [0, 0, 0]
            },
            "0.4583": {
              "lerp_mode": "catmullrom",
              "post": [0, 0, 0]
            },
            "0.6667": {
              "lerp_mode": "catmullrom",
              "post": [7.5, 0, 0]
            },
            "0.9167": {
              "lerp_mode": "catmullrom",
              "post": [7.5, 0, 0]
            },
            "1.2917": {
              "lerp_mode": "catmullrom",
              "post": [0, 0, 0]
            }
          }
        },
        "bone12": {
          "position": {
            "0.5": {
              "lerp_mode": "catmullrom",
              "post": [0, 0, 0],
              "pre": [0, 0, 0]
            },
            "1.2917": {
              "lerp_mode": "catmullrom",
              "post": [0, 0, 0]
            }
          },
          "rotation": {
            "0.0": {
              "lerp_mode": "catmullrom",
              "post": [0, 0, 0]
            },
            "0.6667": {
              "lerp_mode": "catmullrom",
              "post": [-2.5, 0, 0]
            },
            "0.8333": {
              "lerp_mode": "catmullrom",
              "post": [-15, 0, 0]
            },
            "1.2917": {
              "lerp_mode": "catmullrom",
              "post": [0, 0, 0]
            }
          }
        },
        "bone13": {
          "position": {
            "0.5": {
              "lerp_mode": "catmullrom",
              "post": [0, 0, 0],
              "pre": [0, 0, 0]
            },
            "1.2917": {
              "lerp_mode": "catmullrom",
              "post": [0, 0, 0]
            }
          },
          "rotation": {
            "0.0": {
              "lerp_mode": "catmullrom",
              "post": [0, 0, 0]
            },
            "0.6667": {
              "lerp_mode": "catmullrom",
              "post": [5, 0, 0]
            },
            "0.8333": {
              "lerp_mode": "catmullrom",
              "post": [-10, 0, 0]
            },
            "1.2917": {
              "lerp_mode": "catmullrom",
              "post": [0, 0, 0]
            }
          }
        },
        "bone25": {
          "rotation": {
            "0.5": {
              "lerp_mode": "catmullrom",
              "post": [0, 0, 0],
              "pre": [0, 0, 0]
            },
            "0.6667": {
              "lerp_mode": "catmullrom",
              "post": [10, 0, 0]
            },
            "0.8333": {
              "lerp_mode": "catmullrom",
              "post": [17.5, 0, 0]
            },
            "1.2917": {
              "lerp_mode": "catmullrom",
              "post": [0, 0, 0]
            }
          }
        },
        "leg_back_left": {
          "rotation": {
            "0.0": {
              "lerp_mode": "catmullrom",
              "post": [0, 0, 0]
            },
            "0.2917": {
              "lerp_mode": "catmullrom",
              "post": [0, 0, 0]
            },
            "0.6667": {
              "lerp_mode": "catmullrom",
              "post": [25, 0, 0]
            },
            "0.9167": {
              "lerp_mode": "catmullrom",
              "post": [25, 0, 0]
            },
            "1.2917": {
              "lerp_mode": "catmullrom",
              "post": [0, 0, 0]
            }
          }
        },
        "leg_back_left3": {
          "rotation": {
            "0.0": {
              "lerp_mode": "catmullrom",
              "post": [0, 0, 0]
            },
            "0.2917": {
              "lerp_mode": "catmullrom",
              "post": [0, 0, 0]
            },
            "0.6667": {
              "lerp_mode": "catmullrom",
              "post": [20, 0, 0]
            },
            "0.9167": {
              "lerp_mode": "catmullrom",
              "post": [20, 0, 0]
            },
            "1.2917": {
              "lerp_mode": "catmullrom",
              "post": [0, 0, 0]
            }
          }
        },
        "leg_back_right": {
          "rotation": {
            "0.0": {
              "lerp_mode": "catmullrom",
              "post": [0, 0, 0]
            },
            "0.4583": {
              "lerp_mode": "catmullrom",
              "post": [-35, 0, 0]
            },
            "0.6667": {
              "lerp_mode": "catmullrom",
              "post": [25, 0, 0]
            },
            "0.9167": {
              "lerp_mode": "catmullrom",
              "post": [25, 0, 0]
            },
            "1.2917": {
              "lerp_mode": "catmullrom",
              "post": [0, 0, 0]
            }
          }
        },
        "leg_back_right2": {
          "rotation": {
            "0.0": {
              "lerp_mode": "catmullrom",
              "post": [0, 0, 0]
            },
            "0.4583": {
              "lerp_mode": "catmullrom",
              "post": [-17.5, 0, 0]
            },
            "0.6667": {
              "lerp_mode": "catmullrom",
              "post": [0, 0, 0]
            },
            "0.9167": {
              "lerp_mode": "catmullrom",
              "post": [0, 0, 0]
            },
            "1.2917": {
              "lerp_mode": "catmullrom",
              "post": [0, 0, 0]
            }
          }
        },
        "leg_back_right3": {
          "rotation": {
            "0.0": {
              "lerp_mode": "catmullrom",
              "post": [0, 0, 0]
            },
            "0.2917": {
              "lerp_mode": "catmullrom",
              "post": [0, 0, 0]
            },
            "0.6667": {
              "lerp_mode": "catmullrom",
              "post": [20, 0, 0]
            },
            "0.9167": {
              "lerp_mode": "catmullrom",
              "post": [20, 0, 0]
            },
            "1.2917": {
              "lerp_mode": "catmullrom",
              "post": [0, 0, 0]
            }
          }
        },
        "leg_front_left2": {
          "rotation": {
            "0.0": {
              "lerp_mode": "catmullrom",
              "post": [0, 0, 0]
            },
            "0.4583": {
              "lerp_mode": "catmullrom",
              "post": [0, -25, 0]
            },
            "0.6667": {
              "lerp_mode": "catmullrom",
              "post": [0, 55, 0]
            },
            "0.9167": {
              "lerp_mode": "catmullrom",
              "post": [0, 55, 0]
            },
            "1.2917": {
              "lerp_mode": "catmullrom",
              "post": [0, 0, 0]
            }
          }
        },
        "leg_front_left3": {
          "rotation": {
            "0.0": {
              "lerp_mode": "catmullrom",
              "post": [0, 0, 0]
            },
            "0.2917": {
              "lerp_mode": "catmullrom",
              "post": [0, 0, 0]
            },
            "0.6667": {
              "lerp_mode": "catmullrom",
              "post": [0, 0, -12.5]
            },
            "0.9167": {
              "lerp_mode": "catmullrom",
              "post": [0, 0, -12.5]
            },
            "1.2917": {
              "lerp_mode": "catmullrom",
              "post": [0, 0, 0]
            }
          }
        },
        "leg_front_left4": {
          "rotation": {
            "0.0": {
              "lerp_mode": "catmullrom",
              "post": [0, 0, 0]
            },
            "0.2917": {
              "lerp_mode": "catmullrom",
              "post": [0, 0, 0]
            },
            "0.6667": {
              "lerp_mode": "catmullrom",
              "post": [0, 0, -57.5]
            },
            "0.9167": {
              "lerp_mode": "catmullrom",
              "post": [0, 0, -57.5]
            },
            "1.2917": {
              "lerp_mode": "catmullrom",
              "post": [0, 0, 0]
            }
          }
        },
        "leg_front_right2": {
          "rotation": {
            "0.0": {
              "lerp_mode": "catmullrom",
              "post": [0, 0, 0]
            },
            "0.4583": {
              "lerp_mode": "catmullrom",
              "post": [0, 25, 0]
            },
            "0.6667": {
              "lerp_mode": "catmullrom",
              "post": [0, -55, 0]
            },
            "0.9167": {
              "lerp_mode": "catmullrom",
              "post": [0, -55, 0]
            },
            "1.2917": {
              "lerp_mode": "catmullrom",
              "post": [0, 0, 0]
            }
          }
        },
        "leg_front_right3": {
          "rotation": {
            "0.0": {
              "lerp_mode": "catmullrom",
              "post": [0, 0, 0]
            },
            "0.2917": {
              "lerp_mode": "catmullrom",
              "post": [0, 0, 0]
            },
            "0.6667": {
              "lerp_mode": "catmullrom",
              "post": [0, 0, 12.5]
            },
            "0.9167": {
              "lerp_mode": "catmullrom",
              "post": [0, 0, 12.5]
            },
            "1.2917": {
              "lerp_mode": "catmullrom",
              "post": [0, 0, 0]
            }
          }
        },
        "leg_front_right4": {
          "rotation": {
            "0.0": {
              "lerp_mode": "catmullrom",
              "post": [0, 0, 0]
            },
            "0.2917": {
              "lerp_mode": "catmullrom",
              "post": [0, 0, 0]
            },
            "0.6667": {
              "lerp_mode": "catmullrom",
              "post": [0, 0, 57.5]
            },
            "0.9167": {
              "lerp_mode": "catmullrom",
              "post": [0, 0, 57.5]
            },
            "1.2917": {
              "lerp_mode": "catmullrom",
              "post": [0, 0, 0]
            }
          }
        }
      }
    },
    "animation.pokemans_enamorus_therian.pose": {
      "bones": {
        "bone": {
          "rotation": [0, 35, 0]
        },
        "bone10": {
          "rotation": [0, -42.5, 0]
        },
        "bone11": {
          "rotation": [0, -42.5, 0]
        },
        "bone12": {
          "rotation": [35, 0, 0]
        },
        "bone13": {
          "rotation": [-67.57032, 17.89094, -7.86428]
        },
        "bone14": {
          "rotation": [0, 35, 0]
        },
        "bone15": {
          "rotation": [7.1938, -42.52051, 0.4426]
        },
        "bone16": {
          "rotation": [0, -12.5, 0]
        },
        "bone17": {
          "rotation": [0, 32.5, 0]
        },
        "bone18": {
          "rotation": [0, 30, 0]
        },
        "bone19": {
          "rotation": [0, 30, 0]
        },
        "bone2": {
          "rotation": [0, 32.5, 0]
        },
        "bone20": {
          "rotation": [15, -32.5, 0]
        },
        "bone21": {
          "rotation": [6.45834, -45.05511, 1.38195]
        },
        "bone22": {
          "rotation": [10.51352, -32.42025, -1.0273]
        },
        "bone23": {
          "rotation": [17.5, -52.5, 0]
        },
        "bone24": {
          "rotation": [0, -45, 0]
        },
        "bone25": {
          "rotation": [17.5, -35, 0]
        },
        "bone3": {
          "rotation": [0, 37.5, 0]
        },
        "bone4": {
          "rotation": [0, 22.5, 0]
        },
        "bone5": {
          "rotation": [2.5, 27.5, 0]
        },
        "bone6": {
          "rotation": [2.5, 17.5, 0]
        },
        "bone7": {
          "rotation": [0, -30, 0]
        },
        "bone8": {
          "rotation": [0, -37.5, 0]
        },
        "bone9": {
          "rotation": [0, -50, 0]
        },
        "cloud_tail": {
          "rotation": [-7.5, 0, 0]
        },
        "cloud_tail2": {
          "rotation": [25, 0, 0]
        },
        "cloud_tail3": {
          "rotation": [-32.5, 0, 0]
        },
        "cloud_tail4": {
          "rotation": [32.5, 0, 0]
        },
        "head": {
          "rotation": [27.5, 0, 0]
        },
        "head2": {
          "rotation": [20, 0, 0]
        },
        "leg_back_left": {
          "rotation": [-4.33287, 2.49762, 29.9055]
        },
        "leg_back_left2": {
          "rotation": [75, 0, 0]
        },
        "leg_back_left3": {
          "rotation": [-75, 0, 0]
        },
        "leg_back_left4": {
          "rotation": [7.5, 0, 0]
        },
        "leg_back_right": {
          "rotation": [-4.33287, -2.49762, -29.9055]
        },
        "leg_back_right2": {
          "rotation": [75, 0, 0]
        },
        "leg_back_right3": {
          "rotation": [-75, 0, 0]
        },
        "leg_back_right4": {
          "rotation": [7.5, 0, 0]
        },
        "leg_front_left2": {
          "rotation": [50.38126, -8.64917, 14.96163]
        },
        "leg_front_left3": {
          "rotation": [0, 0, 32.5]
        },
        "leg_front_left4": {
          "rotation": [0, 0, 22.5]
        },
        "leg_front_left5": {
          "rotation": [0, 0, -7.5]
        },
        "leg_front_right2_r": {
          "rotation": [50.38126, 8.64917, -14.96163]
        },
        "leg_front_right3_r": {
          "rotation": [0, 0, -32.5]
        },
        "leg_front_right4_r": {
          "rotation": [0, 0, -22.5]
        },
        "leg_front_right5_r": {
          "rotation": [0, 0, 7.5]
        },
        "neck": {
          "rotation": [-7.5, 0, 0]
        },
        "neck2": {
          "rotation": [-35, "math.sin((query.anim_time) * 90 * 4-120)*5.5", 0]
        },
        "sneak": {
          "position": [10, 2, -93],
          "rotation": [0, -55, 0]
        },
        "sneak2": {
          "position": [0.2, 0, -0.56],
          "rotation": [-1, 0, 0]
        }
      },
      "loop": true
    }
  },
  "format_version": "1.8.0"
}