{
	"format_version": "1.12.0",
	"minecraft:geometry": [
		{
			"description": {
				"identifier": "geometry.banette",
				"texture_width": 128,
				"texture_height": 128,
				"visible_bounds_width": 5,
				"visible_bounds_height": 4.5,
				"visible_bounds_offset": [0, 1.75, 0]
			},
			"bones": [
				{
					"name": "banette",
					"pivot": [0, 0, 0]
				},
				{
					"name": "locator_root",
					"parent": "banette",
					"pivot": [0, 0, 0],
					"locators": {
						"root": [0, 0, 0]
					}
				},
				{
					"name": "locator_top",
					"parent": "banette",
					"pivot": [0, 25, 0],
					"locators": {
						"top": [0, 25, 0]
					}
				},
				{
					"name": "body",
					"parent": "banette",
					"pivot": [0, 17.5, 0]
				},
				{
					"name": "locator_target",
					"parent": "body",
					"pivot": [0, 9, -7],
					"locators": {
						"target": [0, 9, -7]
					}
				},
				{
					"name": "locator_middle",
					"parent": "body",
					"pivot": [0, 10, 0],
					"locators": {
						"middle": [0, 10, 0]
					}
				},
				{
					"name": "torso",
					"parent": "body",
					"pivot": [0, 17.5, 0],
					"cubes": [
						{"origin": [-4.5, 4.5, -3], "size": [9, 7, 6], "uv": [94, 25]}
					]
				},
				{
					"name": "torsomouth_left",
					"parent": "torso",
					"pivot": [0, 11.75, 0],
					"cubes": [
						{"origin": [-6, 2.75, -6], "size": [0, 10, 12], "uv": [104, 27]},
						{"origin": [-6, 2.75, -6], "size": [6, 10, 0], "uv": [69, 52]},
						{"origin": [-6, 11.75, -6], "size": [6, 1, 12], "inflate": -0.01, "uv": [85, 52]},
						{"origin": [-6, 2.75, 6], "size": [6, 10, 0], "uv": [82, 52]},
						{"origin": [-6, 2.75, -6], "size": [6, 0, 12], "uv": [27, 64]}
					]
				},
				{
					"name": "horn_right2",
					"parent": "torsomouth_left",
					"pivot": [-6, 6.5, 0.5],
					"rotation": [0, 0, -90],
					"cubes": [
						{"origin": [-7, 6.501, -1.5], "size": [4, 2, 4], "uv": [44, 26], "mirror": true},
						{"origin": [-6.5, 8.45, -1.6], "size": [3, 3, 3], "inflate": -0.1, "pivot": [-6, 8.5, -1.55], "rotation": [-45, 0, 0], "uv": [84, 66]}
					]
				},
				{
					"name": "torsomouth_right",
					"parent": "torso",
					"pivot": [0, 11.75, 0],
					"cubes": [
						{"origin": [6, 2.75, -6], "size": [0, 10, 12], "uv": [104, 27], "mirror": true},
						{"origin": [0, 2.75, -6], "size": [6, 10, 0], "uv": [69, 41], "mirror": true},
						{"origin": [0, 11.75, -6], "size": [6, 1, 12], "inflate": -0.01, "uv": [85, 66], "mirror": true},
						{"origin": [0, 2.75, 6], "size": [6, 10, 0], "uv": [82, 41], "mirror": true},
						{"origin": [0, 2.75, -6], "size": [6, 0, 12], "uv": [14, 64], "mirror": true}
					]
				},
				{
					"name": "horn_left2",
					"parent": "torsomouth_right",
					"pivot": [6, 6.5, 0.5],
					"rotation": [0, 0, 90],
					"cubes": [
						{"origin": [3, 6.501, -1.5], "size": [4, 2, 4], "uv": [44, 26]},
						{"origin": [3.5, 8.45, -1.6], "size": [3, 3, 3], "inflate": -0.1, "pivot": [6, 8.5, -1.55], "rotation": [-45, 0, 0], "uv": [71, 66]}
					]
				},
				{
					"name": "torso_zipper",
					"parent": "torso",
					"pivot": [0, 12.75, -6],
					"cubes": [
						{"origin": [-0.5, 10.75, -6.01], "size": [1, 2, 0], "uv": [43, 61]}
					]
				},
				{
					"name": "torso_zipper2",
					"parent": "torso",
					"pivot": [0, 12.75, 6],
					"cubes": [
						{"origin": [-0.5, 10.75, 6.01], "size": [1, 2, 0], "uv": [46, 61]}
					]
				},
				{
					"name": "chest",
					"parent": "torso",
					"pivot": [0, 12.5, 0],
					"cubes": [
						{"origin": [-2, 15.5, -2], "size": [4, 3, 4], "uv": [26, 19]},
						{"origin": [-1, 17.5, -1], "size": [2, 3, 2], "uv": [14, 39]},
						{"origin": [-3.5, 12.5, -3], "size": [7, 4, 6], "uv": [39, 44]}
					]
				},
				{
					"name": "arms",
					"parent": "chest",
					"pivot": [0, 17.5, 0]
				},
				{
					"name": "arm_right",
					"parent": "arms",
					"pivot": [-2.25, 17.5, 0],
					"cubes": [
						{"origin": [-5, 17, -1], "size": [3, 1, 2], "inflate": 0.01, "uv": [0, 46]},
						{"origin": [-7, 16.5, -1], "size": [2, 2, 2], "inflate": 0.01, "uv": [0, 52], "mirror": true}
					]
				},
				{
					"name": "arm_right1",
					"parent": "arm_right",
					"pivot": [-7, 18, 0],
					"cubes": [
						{"origin": [-11, 15.75, -1.5], "size": [4, 4, 4], "uv": [52, 57]}
					]
				},
				{
					"name": "arm_right2",
					"parent": "arm_right1",
					"pivot": [-10, 18.5, 0.5],
					"cubes": [
						{"origin": [-14, 13.5, -4.5], "size": [4, 8, 10], "inflate": -0.01, "uv": [76, 110], "mirror": true}
					]
				},
				{
					"name": "handmouthbottom_right",
					"parent": "arm_right2",
					"pivot": [-14, 17.5, 0.5],
					"cubes": [
						{"origin": [-20, 13.5, 5.5], "size": [6, 4, 0], "uv": [104, 120], "mirror": true},
						{"origin": [-20, 13.5, -4.5], "size": [0, 4, 10], "uv": [108, 106], "mirror": true},
						{"origin": [-20, 13.5, -4.5], "size": [6, 4, 0], "uv": [116, 120], "mirror": true},
						{"origin": [-20, 13.5, -4.5], "size": [6, 1, 10], "inflate": -0.01, "uv": [87, 80], "mirror": true}
					]
				},
				{
					"name": "horn_right3",
					"parent": "handmouthbottom_right",
					"pivot": [-14, 13.5, 0.5],
					"rotation": [0, 0, 180],
					"cubes": [
						{"origin": [-15, 13.501, -1.5], "size": [4, 2, 4], "uv": [44, 26], "mirror": true},
						{"origin": [-14.5, 15.45, -1.6], "size": [3, 3, 3], "inflate": -0.1, "pivot": [-14, 15.5, -1.55], "rotation": [-45, 0, 0], "uv": [84, 66]}
					]
				},
				{
					"name": "handmouthtop_right",
					"parent": "arm_right2",
					"pivot": [-14, 17.5, 0.5],
					"cubes": [
						{"origin": [-20, 17.5, -4.5], "size": [6, 4, 0], "uv": [116, 124], "mirror": true},
						{"origin": [-20, 17.5, 5.5], "size": [6, 4, 0], "uv": [104, 124], "mirror": true},
						{"origin": [-20, 20.5, -4.5], "size": [6, 1, 10], "inflate": -0.01, "uv": [87, 92], "mirror": true},
						{"origin": [-20, 17.5, -4.5], "size": [0, 4, 10], "uv": [108, 102], "mirror": true}
					]
				},
				{
					"name": "horn_right4",
					"parent": "handmouthtop_right",
					"pivot": [-16, 21.5, 0.5],
					"mirror": true,
					"cubes": [
						{"origin": [-17, 21.501, -1.5], "size": [4, 2, 4], "uv": [44, 26]},
						{"origin": [-16.5, 23.45, -1.6], "size": [3, 3, 3], "inflate": -0.1, "pivot": [-16, 23.5, -1.55], "rotation": [-45, 0, 0], "uv": [84, 66]}
					]
				},
				{
					"name": "handzipperfront_right",
					"parent": "arm_right2",
					"pivot": [-13, 18, -4.5],
					"cubes": [
						{"origin": [-13.5, 16, -4.51], "size": [1, 2, 0], "uv": [98, 22], "mirror": true}
					]
				},
				{
					"name": "handzipperback_right",
					"parent": "arm_right2",
					"pivot": [-13, 18, 5.5],
					"cubes": [
						{"origin": [-13.5, 16, 5.51], "size": [1, 2, 0], "uv": [104, 22], "mirror": true}
					]
				},
				{
					"name": "locator_item",
					"parent": "arm_right2",
					"pivot": [-12.9, 16.7, 0],
					"locators": {
						"item": [-12.9, 16.7, 0]
					}
				},
				{
					"name": "locator_hand_primary",
					"parent": "arm_right2",
					"pivot": [-12.7, 17.5, 0],
					"rotation": [0, 90, 0],
					"locators": {
						"hand_primary": [-12.7, 17.5, 0],
						"physical": [-12.7, 17.5, 0]
					}
				},
				{
					"name": "fingers_right",
					"parent": "arm_right2",
					"pivot": [-14, 17.5, 0.5]
				},
				{
					"name": "finger_right_middle",
					"parent": "fingers_right",
					"pivot": [-14, 17.5, 0.5],
					"cubes": [
						{"origin": [-18, 16, -1], "size": [4, 3, 3], "uv": [0, 85], "mirror": true}
					]
				},
				{
					"name": "finger_right_middle2",
					"parent": "finger_right_middle",
					"pivot": [-18, 18.5, 0.5],
					"cubes": [
						{"origin": [-22, 16.5, -0.5], "size": [4, 2, 2], "uv": [15, 97], "mirror": true}
					]
				},
				{
					"name": "finger_right_middle3",
					"parent": "finger_right_middle2",
					"pivot": [-22, 17.75, 0.5],
					"cubes": [
						{"origin": [-24.1, 16.75, 0], "size": [2, 1, 1], "inflate": 0.1, "uv": [28, 89], "mirror": true}
					]
				},
				{
					"name": "finger_right_front",
					"parent": "fingers_right",
					"pivot": [-14, 17.5, -1.75],
					"cubes": [
						{"origin": [-18, 16, -4], "size": [4, 3, 3], "uv": [0, 92], "mirror": true}
					]
				},
				{
					"name": "finger_right_front2",
					"parent": "finger_right_front",
					"pivot": [-18, 18.5, -2.5],
					"cubes": [
						{"origin": [-22, 16.5, -3.5], "size": [4, 2, 2], "uv": [15, 102], "mirror": true}
					]
				},
				{
					"name": "finger_right_front3",
					"parent": "finger_right_front2",
					"pivot": [-22, 17.75, -2.5],
					"cubes": [
						{"origin": [-24.1, 16.75, -3], "size": [2, 1, 1], "inflate": 0.1, "uv": [28, 92], "mirror": true}
					]
				},
				{
					"name": "finger_right_back",
					"parent": "fingers_right",
					"pivot": [-14, 17.5, 2.75],
					"cubes": [
						{"origin": [-18, 16, 2], "size": [4, 3, 3], "uv": [0, 64], "mirror": true}
					]
				},
				{
					"name": "finger_right_back2",
					"parent": "finger_right_back",
					"pivot": [-18, 18.5, 3.5],
					"cubes": [
						{"origin": [-22, 16.5, 2.5], "size": [4, 2, 2], "uv": [15, 92], "mirror": true}
					]
				},
				{
					"name": "finger_right_back3",
					"parent": "finger_right_back2",
					"pivot": [-22, 17.75, 3.5],
					"cubes": [
						{"origin": [-24.1, 16.75, 3], "size": [2, 1, 1], "inflate": 0.1, "uv": [28, 86], "mirror": true}
					]
				},
				{
					"name": "arm_left",
					"parent": "arms",
					"pivot": [2.25, 17.5, 0],
					"cubes": [
						{"origin": [2, 17, -1], "size": [3, 1, 2], "inflate": 0.01, "uv": [0, 49]},
						{"origin": [5, 16.5, -1], "size": [2, 2, 2], "inflate": 0.01, "uv": [0, 52]}
					]
				},
				{
					"name": "arm_left1",
					"parent": "arm_left",
					"pivot": [7, 18, 0],
					"cubes": [
						{"origin": [7, 15.75, -1.5], "size": [4, 4, 4], "uv": [52, 65]}
					]
				},
				{
					"name": "arm_left2",
					"parent": "arm_left1",
					"pivot": [10, 18.5, 0.5],
					"cubes": [
						{"origin": [10, 13.5, -4.5], "size": [4, 8, 10], "inflate": -0.01, "uv": [76, 110]}
					]
				},
				{
					"name": "handmouthtop_left",
					"parent": "arm_left2",
					"pivot": [14, 17.5, 0.5],
					"cubes": [
						{"origin": [14, 20.5, -4.5], "size": [6, 1, 10], "inflate": -0.01, "uv": [87, 92]},
						{"origin": [20, 17.5, -4.5], "size": [0, 4, 10], "uv": [108, 102]},
						{"origin": [14, 17.5, -4.5], "size": [6, 4, 0], "uv": [116, 124]},
						{"origin": [14, 17.5, 5.5], "size": [6, 4, 0], "uv": [104, 124]}
					]
				},
				{
					"name": "horn_left4",
					"parent": "handmouthtop_left",
					"pivot": [16, 21.5, 0.5],
					"mirror": true,
					"cubes": [
						{"origin": [13, 21.501, -1.5], "size": [4, 2, 4], "uv": [44, 26]},
						{"origin": [13.5, 23.45, -1.6], "size": [3, 3, 3], "inflate": -0.1, "pivot": [16, 23.5, -1.55], "rotation": [-45, 0, 0], "uv": [71, 66]}
					]
				},
				{
					"name": "handmouthbottom_left",
					"parent": "arm_left2",
					"pivot": [14, 17.5, 0.5],
					"cubes": [
						{"origin": [14, 13.5, -4.5], "size": [6, 1, 10], "inflate": -0.01, "uv": [87, 80]},
						{"origin": [20, 13.5, -4.5], "size": [0, 4, 10], "uv": [108, 106]},
						{"origin": [14, 13.5, -4.5], "size": [6, 4, 0], "uv": [116, 120]},
						{"origin": [14, 13.5, 5.5], "size": [6, 4, 0], "uv": [104, 120]}
					]
				},
				{
					"name": "horn_left3",
					"parent": "handmouthbottom_left",
					"pivot": [14, 13.5, 0.5],
					"rotation": [0, 0, -180],
					"cubes": [
						{"origin": [11, 13.501, -1.5], "size": [4, 2, 4], "uv": [44, 26]},
						{"origin": [11.5, 15.45, -1.6], "size": [3, 3, 3], "inflate": -0.1, "pivot": [14, 15.5, -1.55], "rotation": [-45, 0, 0], "uv": [71, 66]}
					]
				},
				{
					"name": "handzipperfront_left",
					"parent": "arm_left2",
					"pivot": [13, 18, -4.5],
					"cubes": [
						{"origin": [12.5, 16, -4.51], "size": [1, 2, 0], "uv": [101, 22]}
					]
				},
				{
					"name": "handzipperback_left",
					"parent": "arm_left2",
					"pivot": [13, 18, 5.5],
					"cubes": [
						{"origin": [12.5, 16, 5.51], "size": [1, 2, 0], "uv": [107, 22]}
					]
				},
				{
					"name": "locator_hand_secondary",
					"parent": "arm_left2",
					"pivot": [11.7, 17.5, 0],
					"rotation": [0, -90, 0],
					"locators": {
						"hand_secondary": [11.7, 17.5, 0]
					}
				},
				{
					"name": "fingers_left",
					"parent": "arm_left2",
					"pivot": [14, 17.5, 0.5]
				},
				{
					"name": "finger_left_middle",
					"parent": "fingers_left",
					"pivot": [14, 17.5, 0.5],
					"cubes": [
						{"origin": [14, 16, -1], "size": [4, 3, 3], "uv": [0, 78]}
					]
				},
				{
					"name": "finger_left_middle2",
					"parent": "finger_left_middle",
					"pivot": [18, 18.5, 0.5],
					"cubes": [
						{"origin": [18, 16.5, -0.5], "size": [4, 2, 2], "uv": [15, 82]}
					]
				},
				{
					"name": "finger_left_middle3",
					"parent": "finger_left_middle2",
					"pivot": [22, 17.75, 0.5],
					"cubes": [
						{"origin": [22.1, 16.75, 0], "size": [2, 1, 1], "inflate": 0.1, "uv": [28, 80]}
					]
				},
				{
					"name": "finger_left_front",
					"parent": "fingers_left",
					"pivot": [14, 17.5, -1.75],
					"cubes": [
						{"origin": [14, 16, -4], "size": [4, 3, 3], "uv": [0, 99]}
					]
				},
				{
					"name": "finger_left_front2",
					"parent": "finger_left_front",
					"pivot": [18, 18.5, -2.5],
					"cubes": [
						{"origin": [18, 16.5, -3.5], "size": [4, 2, 2], "uv": [15, 87]}
					]
				},
				{
					"name": "finger_left_front3",
					"parent": "finger_left_front2",
					"pivot": [22, 17.75, -2.5],
					"cubes": [
						{"origin": [22.1, 16.75, -3], "size": [2, 1, 1], "inflate": 0.1, "uv": [28, 83]}
					]
				},
				{
					"name": "finger_left_back",
					"parent": "fingers_left",
					"pivot": [14, 17.5, 2.75],
					"cubes": [
						{"origin": [14, 16, 2], "size": [4, 3, 3], "uv": [0, 71]}
					]
				},
				{
					"name": "finger_left_back2",
					"parent": "finger_left_back",
					"pivot": [18, 18.5, 3.5],
					"cubes": [
						{"origin": [18, 16.5, 2.5], "size": [4, 2, 2], "uv": [15, 77]}
					]
				},
				{
					"name": "finger_left_back3",
					"parent": "finger_left_back2",
					"pivot": [22, 17.75, 3.5],
					"cubes": [
						{"origin": [22.1, 16.75, 3], "size": [2, 1, 1], "inflate": 0.1, "uv": [28, 77]}
					]
				},
				{
					"name": "head",
					"parent": "chest",
					"pivot": [0, 19.25, 0]
				},
				{
					"name": "head_ai",
					"parent": "head",
					"pivot": [0, 19.25, 0]
				},
				{
					"name": "head_angle",
					"parent": "head_ai",
					"pivot": [0, 19.25, 0],
					"cubes": [
						{"origin": [-6, 19.25, -5], "size": [12, 9, 10], "uv": [0, 0]}
					]
				},
				{
					"name": "locator_item_hat",
					"parent": "head_angle",
					"pivot": [0, 29.25, 0],
					"locators": {
						"item_hat": [0, 29.25, 0]
					}
				},
				{
					"name": "locator_head",
					"parent": "head_angle",
					"pivot": [0, 28.25, -4],
					"locators": {
						"head": [0, 28.25, -4]
					}
				},
				{
					"name": "locator_mouth",
					"parent": "head_angle",
					"pivot": [0, 20.9, -5],
					"locators": {
						"mouth": [0, 20.9, -5],
						"special": [0, 20.9, -5]
					}
				},
				{
					"name": "locator_item_face",
					"parent": "head_angle",
					"pivot": [0, 24, -5],
					"locators": {
						"item_face": [0, 24, -5]
					}
				},
				{
					"name": "locator_face",
					"parent": "head_angle",
					"pivot": [0, 23.25, -5],
					"locators": {
						"face": [0, 23.25, -5]
					}
				},
				{
					"name": "face_ditto",
					"parent": "head_angle",
					"pivot": [0, 22.8, -4.9]
				},
				{
					"name": "eyes_ditto",
					"parent": "face_ditto",
					"pivot": [0, 23.75, -4.92],
					"cubes": [
						{"origin": [-4, 23.25, -4.92], "size": [8, 1, 0], "uv": [111, 1]}
					]
				},
				{
					"name": "eyes_blink_ditto",
					"parent": "face_ditto",
					"pivot": [0, 23.75, -4.82],
					"cubes": [
						{"origin": [-4.5, 23.25, -4.82], "size": [9, 1, 0], "uv": [110, 3]},
						{"origin": [-4, 23.75, -4.83], "size": [8, 1, 0], "uv": [111, 5]}
					]
				},
				{
					"name": "mouth_ditto",
					"parent": "face_ditto",
					"pivot": [0, 21.5, -4.9],
					"cubes": [
						{"origin": [-3.5, 20.75, -4.91], "size": [7, 1, 0], "uv": [112, 9]},
						{"origin": [-4.5, 21.25, -4.91], "size": [9, 1, 0], "uv": [110, 7]}
					]
				},
				{
					"name": "mouth_open_ditto",
					"parent": "face_ditto",
					"pivot": [0, 21.25, -4.81],
					"cubes": [
						{"origin": [-4, 20.25, -4.81], "size": [8, 2, 0], "uv": [111, 11]}
					]
				},
				{
					"name": "face",
					"parent": "head_angle",
					"pivot": [0, 23.25, -5]
				},
				{
					"name": "eyes",
					"parent": "face",
					"pivot": [0, 24, -4.5]
				},
				{
					"name": "eye_left",
					"parent": "eyes",
					"pivot": [3.45, 24, -4.5],
					"rotation": [0, 0, -32.5],
					"cubes": [
						{"origin": [1.55, 23.5, -5], "size": [4, 1, 1], "inflate": 0.01, "uv": [69, 20]}
					]
				},
				{
					"name": "eye_left_open",
					"parent": "eye_left",
					"pivot": [3.45, 24, -4.375],
					"cubes": [
						{"origin": [1.95, 22.5, -5], "size": [3, 2, 1], "inflate": 0.02, "uv": [69, 23]},
						{"origin": [2.95, 24, -4.75], "size": [1, 1, 1], "inflate": 0.26, "pivot": [3.45, 24.5, -4.25], "rotation": [0, 0, 45], "uv": [78, 24]}
					]
				},
				{
					"name": "iris_left",
					"parent": "eye_left_open",
					"pivot": [3.35, 23.75, -4.5],
					"rotation": [0, 0, 12.5],
					"cubes": [
						{"origin": [2.35, 23.25, -5], "size": [2, 1, 1], "inflate": 0.03, "uv": [80, 13]}
					]
				},
				{
					"name": "pupil_left",
					"parent": "iris_left",
					"pivot": [3.25, 23.75, -4.5],
					"cubes": [
						{"origin": [2.85, 22.75, -5], "size": [1, 2, 1], "inflate": 0.04, "uv": [83, 23]}
					]
				},
				{
					"name": "locator_eye_left",
					"parent": "pupil_left",
					"pivot": [3.4, 23.7, -5],
					"locators": {
						"eye2": [3.4, 23.7, -5]
					}
				},
				{
					"name": "pupil_left_happy",
					"parent": "eye_left_open",
					"pivot": [3.25, 23.5, -4.4],
					"cubes": [
						{"origin": [2.75, 22.75, -4.9], "size": [1, 1, 1], "inflate": 0.04, "uv": [94, 17]},
						{"origin": [2.25, 23.25, -4.9], "size": [2, 1, 1], "inflate": 0.03, "uv": [88, 17]}
					]
				},
				{
					"name": "pupil_left_hit",
					"parent": "eye_left_open",
					"pivot": [3.25, 23.75, -4.4],
					"cubes": [
						{"origin": [2.25, 23, -4.9], "size": [1, 1, 1], "inflate": 0.03, "uv": [92, 23]},
						{"origin": [3.25, 23.5, -4.9], "size": [1, 1, 1], "inflate": 0.03, "uv": [88, 23]}
					]
				},
				{
					"name": "eyelid_left",
					"parent": "eye_left",
					"pivot": [3.45, 24, -4.275],
					"cubes": [
						{"origin": [1.95, 22.5, -4.9], "size": [3, 2, 1], "inflate": 0.02, "uv": [69, 31]},
						{"origin": [2.95, 24, -4.65], "size": [1, 1, 1], "inflate": 0.26, "pivot": [3.45, 24.5, -4.15], "rotation": [0, 0, 45], "uv": [77, 32]}
					]
				},
				{
					"name": "eyelid_left_angry",
					"parent": "eye_left",
					"pivot": [3.45, 24.3, -4.275],
					"cubes": [
						{"origin": [1.95, 23.5, -4.9], "size": [3, 1, 1], "inflate": 0.06, "uv": [69, 38]},
						{"origin": [2.95, 24.1, -4.65], "size": [1, 1, 1], "inflate": 0.3, "pivot": [3.45, 24.6, -4.15], "rotation": [0, 0, 45], "uv": [77, 38]}
					]
				},
				{
					"name": "eyelid_left_annoyed",
					"parent": "eye_left",
					"pivot": [3.45, 24.3, -4.275],
					"cubes": [
						{"origin": [1.95, 23.5, -4.9], "size": [3, 1, 1], "inflate": 0.06, "uv": [81, 31]},
						{"origin": [2.95, 24.1, -4.65], "size": [1, 1, 1], "inflate": 0.3, "pivot": [3.45, 24.6, -4.15], "rotation": [0, 0, 45], "uv": [89, 31]}
					]
				},
				{
					"name": "eyelid_left_sad",
					"parent": "eye_left",
					"pivot": [3.45, 24.3, -4.275],
					"cubes": [
						{"origin": [1.95, 23.5, -4.9], "size": [3, 1, 1], "inflate": 0.06, "uv": [81, 38]},
						{"origin": [2.95, 24.1, -4.65], "size": [1, 1, 1], "inflate": 0.3, "pivot": [3.45, 24.6, -4.15], "rotation": [0, 0, 45], "uv": [89, 38]}
					]
				},
				{
					"name": "eye_right",
					"parent": "eyes",
					"pivot": [-3.45, 24, -4.5],
					"rotation": [0, 0, 32.5],
					"cubes": [
						{"origin": [-5.55, 23.5, -5], "size": [4, 1, 1], "inflate": 0.01, "uv": [69, 13]}
					]
				},
				{
					"name": "eye_right_open",
					"parent": "eye_right",
					"pivot": [-3.45, 24, -4.375],
					"cubes": [
						{"origin": [-4.95, 22.5, -5], "size": [3, 2, 1], "inflate": 0.02, "uv": [69, 16]},
						{"origin": [-3.95, 24, -4.75], "size": [1, 1, 1], "inflate": 0.26, "pivot": [-3.45, 24.5, -4.25], "rotation": [0, 0, -45], "uv": [78, 17]}
					]
				},
				{
					"name": "iris_right",
					"parent": "eye_right_open",
					"pivot": [-3.35, 23.75, -4.5],
					"rotation": [0, 0, -12.5],
					"cubes": [
						{"origin": [-4.35, 23.25, -5], "size": [2, 1, 1], "inflate": 0.03, "uv": [80, 20]}
					]
				},
				{
					"name": "pupil_right",
					"parent": "iris_right",
					"pivot": [-3.25, 23.75, -4.5],
					"cubes": [
						{"origin": [-3.85, 22.75, -5], "size": [1, 2, 1], "inflate": 0.04, "uv": [83, 16]}
					]
				},
				{
					"name": "locator_eye_right",
					"parent": "pupil_right",
					"pivot": [-3.4, 23.7, -5],
					"locators": {
						"eye1": [-3.4, 23.7, -5]
					}
				},
				{
					"name": "pupil_right_happy",
					"parent": "eye_right_open",
					"pivot": [-3.25, 23.5, -4.4],
					"cubes": [
						{"origin": [-3.75, 22.75, -4.9], "size": [1, 1, 1], "inflate": 0.04, "uv": [94, 14]},
						{"origin": [-4.25, 23.25, -4.9], "size": [2, 1, 1], "inflate": 0.03, "uv": [88, 14]}
					]
				},
				{
					"name": "pupil_right_hit",
					"parent": "eye_right_open",
					"pivot": [-3.25, 23.75, -4.4],
					"cubes": [
						{"origin": [-3.25, 23, -4.9], "size": [1, 1, 1], "inflate": 0.03, "uv": [92, 20]},
						{"origin": [-4.25, 23.5, -4.9], "size": [1, 1, 1], "inflate": 0.03, "uv": [88, 20]}
					]
				},
				{
					"name": "eyelid_right",
					"parent": "eye_right",
					"pivot": [-3.45, 24, -4.275],
					"cubes": [
						{"origin": [-4.95, 22.5, -4.9], "size": [3, 2, 1], "inflate": 0.02, "uv": [69, 27]},
						{"origin": [-3.95, 24, -4.65], "size": [1, 1, 1], "inflate": 0.26, "pivot": [-3.45, 24.5, -4.15], "rotation": [0, 0, -45], "uv": [77, 28]}
					]
				},
				{
					"name": "eyelid_right_angry",
					"parent": "eye_right",
					"pivot": [-3.45, 24.3, -4.275],
					"cubes": [
						{"origin": [-4.95, 23.5, -4.9], "size": [3, 1, 1], "inflate": 0.06, "uv": [69, 35]},
						{"origin": [-3.95, 24.1, -4.65], "size": [1, 1, 1], "inflate": 0.3, "pivot": [-3.45, 24.6, -4.15], "rotation": [0, 0, -45], "uv": [77, 35]}
					]
				},
				{
					"name": "eyelid_right_annoyed",
					"parent": "eye_right",
					"pivot": [-3.45, 24.3, -4.275],
					"cubes": [
						{"origin": [-4.95, 23.5, -4.9], "size": [3, 1, 1], "inflate": 0.06, "uv": [81, 28]},
						{"origin": [-3.95, 24.1, -4.65], "size": [1, 1, 1], "inflate": 0.3, "pivot": [-3.45, 24.6, -4.15], "rotation": [0, 0, -45], "uv": [89, 28]}
					]
				},
				{
					"name": "eyelid_right_sad",
					"parent": "eye_right",
					"pivot": [-3.45, 24.3, -4.275],
					"cubes": [
						{"origin": [-4.95, 23.5, -4.9], "size": [3, 1, 1], "inflate": 0.06, "uv": [81, 35]},
						{"origin": [-3.95, 24.1, -4.65], "size": [1, 1, 1], "inflate": 0.3, "pivot": [-3.45, 24.6, -4.15], "rotation": [0, 0, -45], "uv": [89, 35]}
					]
				},
				{
					"name": "mouths",
					"parent": "face",
					"pivot": [0, 21, -4.5]
				},
				{
					"name": "mouth_zipper",
					"parent": "mouths",
					"pivot": [-6, 21.25, -5],
					"rotation": [-20, 0, 0],
					"cubes": [
						{"origin": [-6.5, 19.25, -5], "size": [1, 2, 0], "uv": [104, 2]}
					]
				},
				{
					"name": "mouth_closed",
					"parent": "mouths",
					"pivot": [0, 21, -4.5]
				},
				{
					"name": "tooth_left_outer",
					"parent": "mouth_closed",
					"pivot": [-5.01, 21.25, -4.51],
					"cubes": [
						{"origin": [-6.01, 20.25, -5.01], "size": [2, 2, 1], "uv": [63, 1]}
					]
				},
				{
					"name": "tooth_left2",
					"parent": "mouth_closed",
					"pivot": [-3.5, 20.75, -4.52],
					"cubes": [
						{"origin": [-4.5, 19.75, -5.02], "size": [2, 2, 1], "uv": [69, 1]}
					]
				},
				{
					"name": "tooth_left",
					"parent": "mouth_closed",
					"pivot": [-1.5, 20.75, -4.52],
					"cubes": [
						{"origin": [-2.5, 19.75, -5.02], "size": [2, 2, 1], "uv": [75, 1]}
					]
				},
				{
					"name": "tooth_mid",
					"parent": "mouth_closed",
					"pivot": [0, 20.75, -4.52],
					"cubes": [
						{"origin": [-0.5, 19.75, -5.02], "size": [1, 2, 1], "uv": [81, 1]}
					]
				},
				{
					"name": "tooth_right",
					"parent": "mouth_closed",
					"pivot": [1.5, 20.75, -4.52],
					"cubes": [
						{"origin": [0.5, 19.75, -5.02], "size": [2, 2, 1], "uv": [85, 1]}
					]
				},
				{
					"name": "tooth_right2",
					"parent": "mouth_closed",
					"pivot": [3.5, 20.75, -4.52],
					"cubes": [
						{"origin": [2.5, 19.75, -5.02], "size": [2, 2, 1], "uv": [91, 1]}
					]
				},
				{
					"name": "tooth_right_outer",
					"parent": "mouth_closed",
					"pivot": [5.01, 21.25, -4.51],
					"cubes": [
						{"origin": [4.01, 20.25, -5.01], "size": [2, 2, 1], "uv": [97, 1]}
					]
				},
				{
					"name": "mouth_open",
					"parent": "mouths",
					"pivot": [0, 21, -4.4]
				},
				{
					"name": "mouth_left_outer",
					"parent": "mouth_open",
					"pivot": [-4.91, 21.25, -4.41],
					"cubes": [
						{"origin": [-5.91, 20.25, -4.91], "size": [2, 3, 1], "uv": [63, 5]},
						{"origin": [-5.91, 19.75, -4.93], "size": [2, 1, 1], "uv": [63, 10]}
					]
				},
				{
					"name": "mouth_left2",
					"parent": "mouth_open",
					"pivot": [-3.5, 20.75, -4.42],
					"cubes": [
						{"origin": [-4.5, 19.75, -4.92], "size": [2, 2, 1], "uv": [69, 6]},
						{"origin": [-4.5, 19.25, -4.94], "size": [2, 1, 1], "uv": [69, 10]}
					]
				},
				{
					"name": "mouth_left",
					"parent": "mouth_open",
					"pivot": [-1.5, 20.75, -4.42],
					"cubes": [
						{"origin": [-2.5, 19.75, -4.92], "size": [2, 2, 1], "uv": [75, 6]},
						{"origin": [-2.5, 19.25, -4.94], "size": [2, 1, 1], "uv": [75, 10]}
					]
				},
				{
					"name": "mouth_mid",
					"parent": "mouth_open",
					"pivot": [0, 20.75, -4.42],
					"cubes": [
						{"origin": [-0.5, 19.75, -4.92], "size": [1, 2, 1], "uv": [81, 6]},
						{"origin": [-0.5, 19.25, -4.94], "size": [1, 1, 1], "uv": [81, 10]}
					]
				},
				{
					"name": "mouth_right",
					"parent": "mouth_open",
					"pivot": [1.5, 20.75, -4.42],
					"cubes": [
						{"origin": [0.5, 19.75, -4.92], "size": [2, 2, 1], "uv": [85, 6]},
						{"origin": [0.5, 19.25, -4.94], "size": [2, 1, 1], "uv": [85, 10]}
					]
				},
				{
					"name": "mouth_right2",
					"parent": "mouth_open",
					"pivot": [3.5, 20.75, -4.42],
					"cubes": [
						{"origin": [2.5, 19.75, -4.92], "size": [2, 2, 1], "uv": [91, 6]},
						{"origin": [2.5, 19.25, -4.94], "size": [2, 1, 1], "uv": [91, 10]}
					]
				},
				{
					"name": "mouth_right_outer",
					"parent": "mouth_open",
					"pivot": [4.91, 21.25, -4.41],
					"cubes": [
						{"origin": [3.91, 20.25, -4.91], "size": [2, 3, 1], "uv": [97, 5]},
						{"origin": [3.91, 19.75, -4.93], "size": [2, 1, 1], "uv": [97, 10]}
					]
				},
				{
					"name": "locator_jaw_upper",
					"parent": "mouths",
					"pivot": [0, 21.75, -5],
					"locators": {
						"jaw1": [0, 21.75, -5]
					}
				},
				{
					"name": "locator_jaw_lower",
					"parent": "mouths",
					"pivot": [0, 19.25, -5],
					"locators": {
						"jaw2": [0, 19.25, -5]
					}
				},
				{
					"name": "head_spikes",
					"parent": "head_angle",
					"pivot": [0.5, 30.25, -2.5]
				},
				{
					"name": "horn_left",
					"parent": "head_spikes",
					"pivot": [4, 26, 0.5],
					"rotation": [0, 0, 37.5],
					"cubes": [
						{"origin": [2, 26, -1.5], "size": [4, 3, 4], "uv": [44, 26]},
						{"origin": [2.5, 29, -1.5], "size": [3, 3, 2], "pivot": [4, 29, -1.5], "rotation": [-56.5, 0, 0], "uv": [42, 38]}
					]
				},
				{
					"name": "horn_right",
					"parent": "head_spikes",
					"pivot": [-4, 26, 0.5],
					"rotation": [0, 0, -37.5],
					"cubes": [
						{"origin": [-6, 26, -1.5], "size": [4, 3, 4], "uv": [44, 19]},
						{"origin": [-5.5, 29, -1.5], "size": [3, 3, 2], "pivot": [-4, 29, -1.5], "rotation": [-56.5, 0, 0], "uv": [42, 33]}
					]
				},
				{
					"name": "head_spike_mid",
					"parent": "head_spikes",
					"pivot": [1, 28.25, -3.5],
					"rotation": [59, 0, 0],
					"cubes": [
						{"origin": [-2, 23.25, -3.5], "size": [4, 5, 3], "uv": [28, 34]},
						{"origin": [-1.5, 23.25, -0.5], "size": [3, 5, 4], "pivot": [1, 28.25, -0.5], "rotation": [-32.5, 0, 0], "uv": [24, 42]},
						{"origin": [-1, 28.26, -0.5], "size": [2, 0, 4], "pivot": [0.5, 28.25, -0.5], "rotation": [-32.5, 0, 0], "uv": [100, 17]}
					]
				},
				{
					"name": "tendril2",
					"parent": "head_angle",
					"pivot": [0, 24.25, 5],
					"rotation": [55, 0, 0],
					"cubes": [
						{"origin": [-4, 24.25, 5], "size": [8, 4, 6], "uv": [34, 0]}
					]
				},
				{
					"name": "tendril3",
					"parent": "tendril2",
					"pivot": [0, 26.25, 11],
					"cubes": [
						{"origin": [-3, 24.75, 10], "size": [6, 3, 6], "uv": [44, 10]},
						{"origin": [-3, 24.75, 12], "size": [6, 3, 2], "inflate": 0.01, "uv": [110, 15]}
					]
				},
				{
					"name": "tendril4",
					"parent": "tendril3",
					"pivot": [0, 24.75, 16],
					"cubes": [
						{"origin": [-2, 24.75, 16], "size": [4, 2, 6], "uv": [24, 26]},
						{"origin": [-2, 24.75, 20.5], "size": [4, 2, 1], "inflate": 0.01, "uv": [110, 21]}
					]
				},
				{
					"name": "tendril5",
					"parent": "tendril4",
					"pivot": [0, 25.75, 22],
					"cubes": [
						{"origin": [-1.5, 25.75, 22], "size": [3, 0, 4], "uv": [-3, 59]}
					]
				},
				{
					"name": "tendril6",
					"parent": "tendril5",
					"pivot": [0, 25.75, 26],
					"cubes": [
						{"origin": [-1.5, 25.75, 26], "size": [3, 0, 3], "uv": [5, 60]}
					]
				},
				{
					"name": "tendril7",
					"parent": "tendril6",
					"pivot": [0, 25.75, 29],
					"cubes": [
						{"origin": [-1, 25.75, 29], "size": [2, 0, 3], "uv": [12, 60]},
						{"origin": [-0.5, 25.775, 30], "size": [1, 0, 2], "uv": [107, 14]}
					]
				},
				{
					"name": "tendril8",
					"parent": "tendril7",
					"pivot": [0, 25.75, 32],
					"rotation": [-75, 0, 0],
					"cubes": [
						{"origin": [-0.5, 25.75, 32], "size": [1, 0, 2], "uv": [18, 61]}
					]
				},
				{
					"name": "head_zipper",
					"parent": "head_angle",
					"pivot": [-2.25, 24.85, -5],
					"rotation": [0, 0, 42.5],
					"cubes": [
						{"origin": [-3.475, 22.85, -5.0015], "size": [2, 6, 0], "uv": [99, 15]}
					]
				},
				{
					"name": "legs",
					"parent": "body",
					"pivot": [0, 5.5, 0]
				},
				{
					"name": "leg_left",
					"parent": "legs",
					"pivot": [2.5, 5.5, 0],
					"cubes": [
						{"origin": [1.25, 1.6, -2], "size": [3, 4, 4], "inflate": 0.1, "uv": [14, 31]}
					]
				},
				{
					"name": "foot_left",
					"parent": "leg_left",
					"pivot": [2.5, 3, 0.5],
					"cubes": [
						{"origin": [1.5, 0, -0.5], "size": [2, 2, 2], "uv": [38, 26]}
					]
				},
				{
					"name": "locator_foot_secondary",
					"parent": "foot_left",
					"pivot": [2.5, 1.5, 0.5],
					"rotation": [90, 0, 0],
					"locators": {
						"foot_secondary": [2.5, 1.5, -0.5]
					}
				},
				{
					"name": "leg_right",
					"parent": "legs",
					"pivot": [-2.5, 5.5, 0],
					"cubes": [
						{"origin": [-4.25, 1.6, -2], "size": [3, 4, 4], "inflate": 0.1, "uv": [0, 31]}
					]
				},
				{
					"name": "foot_right",
					"parent": "leg_right",
					"pivot": [-2.5, 3, 0.5],
					"cubes": [
						{"origin": [-3.5, 0, -0.5], "size": [2, 2, 2], "uv": [40, 19]}
					]
				},
				{
					"name": "locator_foot_primary",
					"parent": "foot_right",
					"pivot": [-2.5, 1.5, 0.5],
					"rotation": [90, 0, 0],
					"locators": {
						"foot_primary": [-2.5, 1.5, 0.5]
					}
				}
			]
		}
	]
}