{
  "animations": {
    "animation.necrozma.air_fly": {
      "bones": {
        "body": {
          "position": ["0-math.cos((q.anim_time)*90*1-60)*2", "11+math.cos((q.anim_time)*90*1)*2", 0],
          "rotation": ["20-math.cos((q.anim_time)*90*1-90)*2", 0, 0]
        },
        "bone100": {
          "rotation": [0, -35.10518, "math.cos((q.anim_time)*90*1-90)*2"]
        },
        "bone116": {
          "rotation": [0, 0, "0+math.cos((q.anim_time)*90*1-90)*3"]
        },
        "bone118": {
          "rotation": ["17.5-math.cos((q.anim_time)*90*1-90)*2", 0, 0]
        },
        "bone119": {
          "rotation": [0, 0, "0+math.cos((q.anim_time)*90*1-90)*3"]
        },
        "bone122": {
          "rotation": ["0-math.cos((q.anim_time)*90*1-90)*5", 0, 0]
        },
        "bone135": {
          "rotation": ["17.5-math.cos((q.anim_time)*90*1-90)*2", 0, 0]
        },
        "bone138": {
          "rotation": ["0-math.cos((q.anim_time)*90*1-90)*5", 0, 0]
        },
        "bone166": {
          "rotation": [0, 0, "0+math.cos((q.anim_time)*90*1-90)*3"]
        },
        "bone168": {
          "rotation": [0, 0, "0+math.cos((q.anim_time)*90*1-90)*3"]
        },
        "bone170": {
          "rotation": [0, 0, "0+math.cos((q.anim_time)*90*1-90)*3"]
        },
        "bone172": {
          "rotation": [0, 0, "0+math.cos((q.anim_time)*90*1-90)*3"]
        },
        "bone174": {
          "rotation": [0, 0, "0+math.cos((q.anim_time)*90*1-90)*3"]
        },
        "bone176": {
          "rotation": [0, 0, "0+math.cos((q.anim_time)*90*1-90)*3"]
        },
        "bone178": {
          "rotation": [0, 0, "0+math.cos((q.anim_time)*90*1-90)*3"]
        },
        "bone47": {
          "rotation": [71.40953, -8.60282, "-4.6801-math.cos((q.anim_time)*90*1)*2"]
        },
        "bone48": {
          "rotation": [0, 0, "15-math.cos((q.anim_time)*90*1-90)*2"]
        },
        "bone52": {
          "rotation": [0, 27.73737, "-math.cos((q.anim_time)*90*1-90)*2"]
        },
        "bone60": {
          "rotation": [0, 0, "0-math.cos((q.anim_time)*90*1-90)*3"]
        },
        "bone62": {
          "rotation": [0, 0, "0-math.cos((q.anim_time)*90*1-90)*3"]
        },
        "bone66": {
          "rotation": [0, 0, "0-math.cos((q.anim_time)*90*1-90)*3"]
        },
        "bone68": {
          "rotation": [0, 0, "0-math.cos((q.anim_time)*90*1-90)*3"]
        },
        "bone72": {
          "rotation": [0, 0, "0-math.cos((q.anim_time)*90*1-90)*3"]
        },
        "bone74": {
          "rotation": [0, 0, "0-math.cos((q.anim_time)*90*1-90)*3"]
        },
        "bone91": {
          "rotation": [78.41777, 11.06605, "-0.3256+math.cos((q.anim_time)*90*1)*2"]
        },
        "bone93": {
          "rotation": [0, 0, "-15+math.cos((q.anim_time)*90*1-90)*2"]
        },
        "finger_left": {
          "rotation": [0, 0, "0-math.cos((q.anim_time)*90*1-90)*3"]
        },
        "finger_left2": {
          "rotation": [0, 0, "0-math.cos((q.anim_time)*90*1-90)*3"]
        },
        "finger_left3": {
          "rotation": [0, 0, "0-math.cos((q.anim_time)*90*1-90)*3"]
        }
      },
      "loop": true
    },
    "animation.necrozma.ground_idle": {
      "bones": {
        "body": {
          "position": [0, "11+math.cos((q.anim_time)*90*1)*2", 0],
          "rotation": ["0-math.cos((q.anim_time)*90*1-90)*2", 0, 0]
        },
        "bone100": {
          "rotation": [0, 0, "0+math.cos((q.anim_time)*90*1-90)*2"]
        },
        "bone116": {
          "rotation": [0, 0, "0+math.cos((q.anim_time)*90*1-90)*3"]
        },
        "bone118": {
          "rotation": ["0-math.cos((q.anim_time)*90*1-90)*2", 0, 0]
        },
        "bone119": {
          "rotation": [0, 0, "0+math.cos((q.anim_time)*90*1-90)*3"]
        },
        "bone122": {
          "rotation": ["0-math.cos((q.anim_time)*90*1-90)*5", 0, 0]
        },
        "bone135": {
          "rotation": ["0-math.cos((q.anim_time)*90*1-90)*2", 0, 0]
        },
        "bone138": {
          "rotation": ["0-math.cos((q.anim_time)*90*1-90)*5", 0, 0]
        },
        "bone166": {
          "rotation": [0, 0, "0+math.cos((q.anim_time)*90*1-90)*3"]
        },
        "bone168": {
          "rotation": [0, 0, "0+math.cos((q.anim_time)*90*1-90)*3"]
        },
        "bone170": {
          "rotation": [0, 0, "0+math.cos((q.anim_time)*90*1-90)*3"]
        },
        "bone172": {
          "rotation": [0, 0, "0+math.cos((q.anim_time)*90*1-90)*3"]
        },
        "bone174": {
          "rotation": [0, 0, "0+math.cos((q.anim_time)*90*1-90)*3"]
        },
        "bone176": {
          "rotation": [0, 0, "0+math.cos((q.anim_time)*90*1-90)*3"]
        },
        "bone178": {
          "rotation": [0, 0, "0+math.cos((q.anim_time)*90*1-90)*3"]
        },
        "bone47": {
          "rotation": [0, 0, "0-math.cos((q.anim_time)*90*1)*2"]
        },
        "bone48": {
          "rotation": [0, 0, "15-math.cos((q.anim_time)*90*1-90)*2"]
        },
        "bone52": {
          "rotation": [0, 0, "0-math.cos((q.anim_time)*90*1-90)*2"]
        },
        "bone60": {
          "rotation": [0, 0, "0-math.cos((q.anim_time)*90*1-90)*3"]
        },
        "bone62": {
          "rotation": [0, 0, "0-math.cos((q.anim_time)*90*1-90)*3"]
        },
        "bone66": {
          "rotation": [0, 0, "0-math.cos((q.anim_time)*90*1-90)*3"]
        },
        "bone68": {
          "rotation": [0, 0, "0-math.cos((q.anim_time)*90*1-90)*3"]
        },
        "bone72": {
          "rotation": [0, 0, "0-math.cos((q.anim_time)*90*1-90)*3"]
        },
        "bone74": {
          "rotation": [0, 0, "0-math.cos((q.anim_time)*90*1-90)*3"]
        },
        "bone91": {
          "rotation": [0, 0, "0+math.cos((q.anim_time)*90*1)*2"]
        },
        "bone93": {
          "rotation": [0, 0, "-15+math.cos((q.anim_time)*90*1-90)*2"]
        },
        "finger_left": {
          "rotation": [0, 0, "0-math.cos((q.anim_time)*90*1-90)*3"]
        },
        "finger_left2": {
          "rotation": [0, 0, "0-math.cos((q.anim_time)*90*1-90)*3"]
        },
        "finger_left3": {
          "rotation": [0, 0, "0-math.cos((q.anim_time)*90*1-90)*3"]
        }
      },
      "loop": true
    },
    "animation.necrozma.ground_walk": {
      "bones": {
        "body": {
          "position": ["0-math.cos((q.anim_time)*90*1-60)*2", "11+math.cos((q.anim_time)*90*1)*2", 0],
          "rotation": ["20-math.cos((q.anim_time)*90*1-90)*2", 0, 0]
        },
        "bone100": {
          "rotation": [0, 0, "0+math.cos((q.anim_time)*90*1-90)*2"]
        },
        "bone116": {
          "rotation": [0, 0, "0+math.cos((q.anim_time)*90*1-90)*3"]
        },
        "bone118": {
          "rotation": ["17.5-math.cos((q.anim_time)*90*1-90)*2", 0, 0]
        },
        "bone119": {
          "rotation": [0, 0, "0+math.cos((q.anim_time)*90*1-90)*3"]
        },
        "bone122": {
          "rotation": ["0-math.cos((q.anim_time)*90*1-90)*5", 0, 0]
        },
        "bone135": {
          "rotation": ["17.5-math.cos((q.anim_time)*90*1-90)*2", 0, 0]
        },
        "bone138": {
          "rotation": ["0-math.cos((q.anim_time)*90*1-90)*5", 0, 0]
        },
        "bone166": {
          "rotation": [0, 0, "0+math.cos((q.anim_time)*90*1-90)*3"]
        },
        "bone168": {
          "rotation": [0, 0, "0+math.cos((q.anim_time)*90*1-90)*3"]
        },
        "bone170": {
          "rotation": [0, 0, "0+math.cos((q.anim_time)*90*1-90)*3"]
        },
        "bone172": {
          "rotation": [0, 0, "0+math.cos((q.anim_time)*90*1-90)*3"]
        },
        "bone174": {
          "rotation": [0, 0, "0+math.cos((q.anim_time)*90*1-90)*3"]
        },
        "bone176": {
          "rotation": [0, 0, "0+math.cos((q.anim_time)*90*1-90)*3"]
        },
        "bone178": {
          "rotation": [0, 0, "0+math.cos((q.anim_time)*90*1-90)*3"]
        },
        "bone47": {
          "rotation": [41.85079, -25.60458, "10.1384-math.cos((q.anim_time)*90*1)*2"]
        },
        "bone48": {
          "rotation": [0, 0, "15-math.cos((q.anim_time)*90*1-90)*2"]
        },
        "bone52": {
          "rotation": [0, 0, "0-math.cos((q.anim_time)*90*1-90)*2"]
        },
        "bone60": {
          "rotation": [0, 0, "0-math.cos((q.anim_time)*90*1-90)*3"]
        },
        "bone62": {
          "rotation": [0, 0, "0-math.cos((q.anim_time)*90*1-90)*3"]
        },
        "bone66": {
          "rotation": [0, 0, "0-math.cos((q.anim_time)*90*1-90)*3"]
        },
        "bone68": {
          "rotation": [0, 0, "0-math.cos((q.anim_time)*90*1-90)*3"]
        },
        "bone72": {
          "rotation": [0, 0, "0-math.cos((q.anim_time)*90*1-90)*3"]
        },
        "bone74": {
          "rotation": [0, 0, "0-math.cos((q.anim_time)*90*1-90)*3"]
        },
        "bone91": {
          "rotation": [39.35079, 25.60458, "-10.1384+math.cos((q.anim_time)*90*1)*2"]
        },
        "bone93": {
          "rotation": [0, 0, "-15+math.cos((q.anim_time)*90*1-90)*2"]
        },
        "finger_left": {
          "rotation": [0, 0, "0-math.cos((q.anim_time)*90*1-90)*3"]
        },
        "finger_left2": {
          "rotation": [0, 0, "0-math.cos((q.anim_time)*90*1-90)*3"]
        },
        "finger_left3": {
          "rotation": [0, 0, "0-math.cos((q.anim_time)*90*1-90)*3"]
        }
      },
      "loop": true
    },
    "animation.necrozma.pose": {
      "bones": {
        "bone100": {
          "rotation": [0, -52.5, -22.5]
        },
        "bone116": {
          "rotation": [0, 0, -20]
        },
        "bone118": {
          "rotation": [-10, 0, 0]
        },
        "bone122": {
          "rotation": [35, 0, 0]
        },
        "bone135": {
          "rotation": [-25, 0, 0]
        },
        "bone138": {
          "rotation": [30, 0, 0]
        },
        "bone168": {
          "rotation": [0, 0, 15]
        },
        "bone174": {
          "rotation": [0, 0, -30]
        },
        "bone47": {
          "rotation": [25.97451, 18.58912, 22.10978]
        },
        "bone52": {
          "rotation": [128.87347, 51.84677, 203.49543]
        },
        "bone60": {
          "rotation": [0, 0, -35]
        },
        "bone62": {
          "rotation": [0, 0, -45]
        },
        "bone66": {
          "rotation": [0, 0, 37.5]
        },
        "bone72": {
          "rotation": [0, 0, 30]
        },
        "bone91": {
          "rotation": [47.5, 0, 17.5]
        },
        "finger_left": {
          "rotation": [0, 0, 85]
        },
        "finger_left2": {
          "rotation": [0, 0, 82.5]
        },
        "finger_left3": {
          "rotation": [0, 0, 37.5]
        }
      },
      "loop": true
    },
    "animation.necrozma.you_are_mine": {
      "bones": {
        "body": {
          "rotation": [0, 22.5, 0]
        },
        "bone100": {
          "rotation": [0, -80, 0]
        },
        "bone47": {
          "rotation": [-47.5, 0, 0]
        },
        "bone52": {
          "rotation": [37.92445, 7.9185, 6.12673]
        },
        "bone60": {
          "rotation": [0, 0, 22.5]
        },
        "bone66": {
          "rotation": [0, 0, -35]
        },
        "bone68": {
          "rotation": [0, 0, -55]
        },
        "bone72": {
          "rotation": [0, 0, 25]
        },
        "bone91": {
          "rotation": [0, 22.5, 0]
        },
        "finger_left": {
          "rotation": [0, -15, 0]
        },
        "finger_left2": {
          "rotation": [0, 0, 87.5]
        },
        "finger_left3": {
          "rotation": [0, 0, 70]
        }
      },
      "loop": true
    }
  },
  "format_version": "1.8.0"
}