{
  "format_version": "1.12.0",
  "minecraft:geometry": [
    {
      "bones": [
        {
          "name": "darmanitan",
          "pivot": [0, 0, 0]
        }, {
          "locators": {
            "root": [0, 0, 0]
          },
          "name": "locator_root",
          "parent": "darmanitan",
          "pivot": [0, 0, 0]
        }, {
          "locators": {
            "top": [0, 25, 0]
          },
          "name": "locator_top",
          "parent": "darmanitan",
          "pivot": [0, 25, 0]
        }, {
          "name": "body",
          "parent": "darmanitan",
          "pivot": [0, 0, 0],
          "rotation": [12.5, 0, 0]
        }, {
          "locators": {
            "target": [0, 13, -13.5]
          },
          "name": "locator_target",
          "parent": "body",
          "pivot": [0, 13, -13.5]
        }, {
          "locators": {
            "middle": [0, 11, 0]
          },
          "name": "locator_middle",
          "parent": "body",
          "pivot": [0, 11, 0]
        }, {
          "cubes": [
            {
              "origin": [-8.5, 1.31134, -3.17255],
              "pivot": [1, 7.56134, 6.57745],
              "rotation": [-62.5, 0, 0],
              "size": [17, 12, 15],
              "uv": [1, 39]
            }
          ],
          "name": "torso",
          "parent": "body",
          "pivot": [0, 6, 6]
        }, {
          "locators": {
            "seat_1": [0, 15.08052, 13.027]
          },
          "name": "locator_seat_1",
          "parent": "torso",
          "pivot": [0, 15.08052, 13.027],
          "rotation": [2.5, 0, 0]
        }, {
          "cubes": [
            {
              "origin": [-10, 1, -12],
              "pivot": [0, 12, 0],
              "rotation": [-12.5, 0, 0],
              "size": [20, 20, 18],
              "uv": [0, 0]
            }, {
              "inflate": 0.01,
              "origin": [-1.25, 2.27582, -9.96491],
              "pivot": [0.5, 2.27582, -6.96491],
              "rotation": [-90, 77.5, -90],
              "size": [3, 0, 6],
              "uv": [30, 96]
            }, {
              "inflate": 0.01,
              "mirror": true,
              "origin": [-0.75, 3.12582, -13.96491],
              "pivot": [0.5, 3.12582, -10.96491],
              "rotation": [-90, -77.5, 90],
              "size": [3, 0, 6],
              "uv": [36, 98]
            }
          ],
          "name": "upper_torso",
          "parent": "torso",
          "pivot": [0, 18, 7.5]
        }, {
          "name": "torso_rotation",
          "parent": "upper_torso",
          "pivot": [0, 12, 0],
          "rotation": [-12.5, 0, 0]
        }, {
          "locators": {
            "face": [0, 15, -12],
            "item_face": [0, 15, -12]
          },
          "name": "locator_face",
          "parent": "torso_rotation",
          "pivot": [0, 15, -12]
        }, {
          "locators": {
            "mouth": [0, 5, -12],
            "special": [0, 5, -12]
          },
          "name": "locator_mouth",
          "parent": "torso_rotation",
          "pivot": [0, 5, -12]
        }, {
          "locators": {
            "head": [0, 21, -5]
          },
          "name": "locator_head",
          "parent": "torso_rotation",
          "pivot": [0, 21, -5]
        }, {
          "locators": {
            "item_hat": [0, 25.375, -3]
          },
          "name": "item_hat",
          "parent": "torso_rotation",
          "pivot": [0, 21, -5]
        }, {
          "name": "eyes",
          "parent": "torso_rotation",
          "pivot": [0, 10.5, 0]
        }, {
          "cubes": [
            {
              "inflate": 0.01,
              "origin": [3, 13, -12.01],
              "size": [4, 4, 0],
              "uv": [58, 4]
            }, {
              "inflate": 0.01,
              "origin": [2.5, 12.5, -12],
              "size": [5, 5, 0],
              "uv": [91, 72]
            }
          ],
          "name": "left_eye",
          "parent": "eyes",
          "pivot": [0.5, -7.5, 0.25]
        }, {
          "name": "left_pupil",
          "parent": "left_eye",
          "pivot": [5, 15, -12.02]
        }, {
          "locators": {
            "eye2": [5, 15, -12]
          },
          "name": "locator_eye_left",
          "parent": "left_pupil",
          "pivot": [5, 15, -12]
        }, {
          "cubes": [
            {
              "inflate": 0.01,
              "origin": [4, 15.5, -11.92],
              "size": [2, 1, 0],
              "uv": [109, 0]
            }, {
              "inflate": 0.01,
              "origin": [3, 16, -11.92],
              "size": [1, 1, 0],
              "uv": [111, 5]
            }, {
              "inflate": 0.01,
              "origin": [6, 15, -11.92],
              "size": [1, 1, 0],
              "uv": [111, 2]
            }, {
              "inflate": 0.01,
              "origin": [6, 15.5, -11.93],
              "size": [1, 2, 0],
              "uv": [115, 0]
            }, {
              "inflate": 0.01,
              "origin": [6.5, 15.5, -11.92],
              "size": [1, 2, 0],
              "uv": [115, 2]
            }, {
              "inflate": 0.01,
              "origin": [4, 16, -11.93],
              "size": [2, 2, 0],
              "uv": [117, 0]
            }, {
              "inflate": 0.01,
              "origin": [2, 16.5, -11.93],
              "size": [2, 1, 0],
              "uv": [111, 4]
            }
          ],
          "name": "left_eyelid_sad",
          "parent": "left_eye",
          "pivot": [5, 17, -11.92]
        }, {
          "cubes": [
            {
              "inflate": 0.02,
              "origin": [3.5, 14.5, -11.91],
              "size": [3, 1, 0],
              "uv": [0, 76]
            }
          ],
          "name": "left_eye_closed",
          "parent": "left_eye",
          "pivot": [0.5, -7.5, 0.35]
        }, {
          "cubes": [
            {
              "inflate": 0.02,
              "origin": [3.5, 14, -11.91],
              "size": [3, 2, 0],
              "uv": [38, 109]
            }
          ],
          "name": "left_eye_happy",
          "parent": "left_eye",
          "pivot": [0.5, -8, -0.65]
        }, {
          "cubes": [
            {
              "inflate": 0.02,
              "origin": [3.5, 13.5, -11.91],
              "size": [3, 3, 0],
              "uv": [38, 105]
            }
          ],
          "name": "left_eye_closed_pain",
          "parent": "left_eye",
          "pivot": [0.5, -7.5, 0.35]
        }, {
          "cubes": [
            {
              "inflate": 0.01,
              "origin": [-7, 13, -12.01],
              "size": [4, 4, 0],
              "uv": [58, 0]
            }, {
              "inflate": 0.01,
              "origin": [-7.5, 12.5, -12],
              "size": [5, 5, 0],
              "uv": [97, 29]
            }
          ],
          "name": "right_eye",
          "parent": "eyes",
          "pivot": [-0.5, -7.5, 0.25]
        }, {
          "name": "right_pupil",
          "parent": "right_eye",
          "pivot": [-5, 15, -12.02]
        }, {
          "locators": {
            "eye1": [-5, 15, -12]
          },
          "name": "locator_eye_right",
          "parent": "right_pupil",
          "pivot": [-5, 15, -12]
        }, {
          "cubes": [
            {
              "inflate": 0.01,
              "mirror": true,
              "origin": [-6, 15.5, -11.92],
              "size": [2, 1, 0],
              "uv": [109, 0]
            }, {
              "inflate": 0.01,
              "mirror": true,
              "origin": [-4, 16, -11.92],
              "size": [1, 1, 0],
              "uv": [111, 5]
            }, {
              "inflate": 0.01,
              "mirror": true,
              "origin": [-7, 15, -11.92],
              "size": [1, 1, 0],
              "uv": [111, 2]
            }, {
              "inflate": 0.01,
              "mirror": true,
              "origin": [-7, 15.5, -11.93],
              "size": [1, 2, 0],
              "uv": [115, 0]
            }, {
              "inflate": 0.01,
              "mirror": true,
              "origin": [-7.5, 15.5, -11.92],
              "size": [1, 2, 0],
              "uv": [115, 2]
            }, {
              "inflate": 0.01,
              "mirror": true,
              "origin": [-6, 16, -11.93],
              "size": [2, 2, 0],
              "uv": [117, 0]
            }, {
              "inflate": 0.01,
              "mirror": true,
              "origin": [-4, 16.5, -11.93],
              "size": [2, 1, 0],
              "uv": [111, 4]
            }
          ],
          "name": "right_eyelid_sad",
          "parent": "right_eye",
          "pivot": [-5, 17, -11.92]
        }, {
          "cubes": [
            {
              "inflate": 0.02,
              "mirror": true,
              "origin": [-6.5, 14.5, -11.91],
              "size": [3, 1, 0],
              "uv": [0, 77]
            }
          ],
          "name": "right_eye_closed",
          "parent": "right_eye",
          "pivot": [-0.5, -7.5, 0.35]
        }, {
          "cubes": [
            {
              "inflate": 0.02,
              "mirror": true,
              "origin": [-6.5, 14, -11.91],
              "size": [3, 2, 0],
              "uv": [38, 109]
            }
          ],
          "name": "right_eye_happy",
          "parent": "right_eye",
          "pivot": [-0.5, -8, -0.65]
        }, {
          "cubes": [
            {
              "inflate": 0.02,
              "mirror": true,
              "origin": [-6.5, 13.5, -11.91],
              "size": [3, 3, 0],
              "uv": [38, 105]
            }
          ],
          "name": "right_eye_closed_pain",
          "parent": "right_eye",
          "pivot": [-0.5, -7.5, 0.35]
        }, {
          "name": "mouths",
          "parent": "torso_rotation",
          "pivot": [0, 7, -12]
        }, {
          "cubes": [
            {
              "origin": [-10, 2, -11.91],
              "size": [20, 11, 0],
              "uv": [0, 123]
            }
          ],
          "name": "mouth_open",
          "parent": "mouths",
          "pivot": [0, 10.75, 0.1]
        }, {
          "cubes": [
            {
              "origin": [-9, 1, -12.085],
              "size": [18, 12, 0],
              "uv": [0, 102]
            }
          ],
          "name": "mouth_closed",
          "parent": "mouths",
          "pivot": [0, 10.75, 0.1]
        }, {
          "cubes": [
            {
              "origin": [-9, 3, -11.91],
              "size": [18, 8, 0],
              "uv": [0, 111]
            }
          ],
          "name": "mouth_grimace",
          "parent": "mouths",
          "pivot": [0, 10.75, 0.2]
        }, {
          "cubes": [
            {
              "origin": [-9, 2, -11.91],
              "size": [18, 9, 0],
              "uv": [49, 101]
            }
          ],
          "name": "mouth_open_grimace",
          "parent": "mouths",
          "pivot": [0, 10.75, 0.2]
        }, {
          "name": "nostrils",
          "parent": "torso_rotation",
          "pivot": [0, 12.6, -12]
        }, {
          "cubes": [
            {
              "origin": [-8.5, 19.55, -10.5],
              "size": [17, 17, 17],
              "uv": [182, 218]
            }
          ],
          "name": "bone",
          "parent": "upper_torso",
          "pivot": [0, 16.25, 7],
          "rotation": [-12.5, 0, 0]
        }, {
          "cubes": [
            {
              "origin": [1.5, 27.8, -18.5],
              "size": [0, 3, 9],
              "uv": [0, 142]
            }, {
              "origin": [-1.5, 27.8, -18.5],
              "size": [0, 3, 9],
              "uv": [0, 142]
            }, {
              "origin": [-1.5, 27.8, -18.5],
              "size": [3, 0, 9],
              "uv": [-9, 158]
            }, {
              "origin": [-1.5, 30.8, -18.5],
              "size": [3, 0, 9],
              "uv": [-9, 167]
            }, {
              "origin": [-1, 28.3, -26.5],
              "size": [2, 2, 17],
              "uv": [0, 171]
            }, {
              "origin": [0, 29.05, -30.5],
              "size": [0, 1, 8],
              "uv": [48, 180]
            }
          ],
          "name": "bone3",
          "parent": "bone",
          "pivot": [0, 29.55, -9.5],
          "rotation": [-7.5, 0, 0]
        }, {
          "cubes": [
            {
              "origin": [3.5, 27.3, -10.525],
              "size": [4, 4, 0],
              "uv": [159, 1]
            }, {
              "inflate": 0.01,
              "origin": [4, 27.8, -10.525],
              "size": [3, 3, 0],
              "uv": [170, 1]
            }, {
              "inflate": 0.01,
              "origin": [-7, 27.8, -10.525],
              "size": [3, 3, 0],
              "uv": [170, 1]
            }, {
              "origin": [-7.55, 27.3, -10.525],
              "size": [4, 4, 0],
              "uv": [159, 1]
            }
          ],
          "name": "bone2",
          "parent": "bone",
          "pivot": [-0.5, 19.55, -1.5]
        }, {
          "cubes": [
            {
              "origin": [-3, 4.64496, 10.88946],
              "size": [6, 5, 6],
              "uv": [50, 70]
            }
          ],
          "name": "tail",
          "parent": "torso",
          "pivot": [0, 4.75, 11.75],
          "rotation": [10, 0, 0]
        }, {
          "locators": {
            "tail": [0, 7.5, 14.5]
          },
          "name": "locator_tail",
          "parent": "tail",
          "pivot": [0, 7.5, 14.5],
          "rotation": [-180, 0, 180]
        }, {
          "locators": {
            "tail_tip": [0, 8, 17]
          },
          "name": "locator_tail_tip",
          "parent": "tail",
          "pivot": [0, 8, 17],
          "rotation": [-180, 0, 180]
        }, {
          "name": "arms_torso",
          "parent": "body",
          "pivot": [0, 6, 6]
        }, {
          "name": "arms_upper_torso",
          "parent": "arms_torso",
          "pivot": [0, 18, 7.5]
        }, {
          "name": "shoulder_left",
          "parent": "arms_upper_torso",
          "pivot": [10, 11.5, -5]
        }, {
          "cubes": [
            {
              "origin": [10, 13.5, -4.5],
              "size": [5, 4, 9],
              "uv": [31, 75]
            }
          ],
          "name": "hand_left",
          "parent": "arms_upper_torso",
          "pivot": [10, 15.5, -0.5],
          "rotation": [-120.80084, 32.25982, -33.75293]
        }, {
          "locators": {
            "hand_secondary": [14, 15.5, 0]
          },
          "name": "locator_hand_secondary",
          "parent": "hand_left",
          "pivot": [14, 15.5, 0],
          "rotation": [0, -90, 0]
        }, {
          "name": "fingers_left",
          "parent": "hand_left",
          "pivot": [15, 17.5, 0]
        }, {
          "cubes": [
            {
              "inflate": 0.01,
              "origin": [15, 15.5, -4],
              "size": [4, 2, 2],
              "uv": [79, 81]
            }
          ],
          "name": "left_index_finger",
          "parent": "fingers_left",
          "pivot": [15, 17.5, -3]
        }, {
          "cubes": [
            {
              "origin": [19, 15.5, -4],
              "size": [4, 2, 2],
              "uv": [78, 92]
            }
          ],
          "name": "left_index_finger2",
          "parent": "left_index_finger",
          "pivot": [19, 17.5, -3]
        }, {
          "cubes": [
            {
              "inflate": 0.01,
              "origin": [15, 15.5, -2],
              "size": [4, 2, 2],
              "uv": [96, 68]
            }
          ],
          "name": "left_middle_finger",
          "parent": "fingers_left",
          "pivot": [15, 17.5, -1]
        }, {
          "cubes": [
            {
              "origin": [19, 15.5, -2],
              "size": [4, 2, 2],
              "uv": [96, 64]
            }
          ],
          "name": "left_middle_finger2",
          "parent": "left_middle_finger",
          "pivot": [19, 17.5, -1]
        }, {
          "cubes": [
            {
              "inflate": 0.01,
              "origin": [15, 15.5, 0],
              "size": [4, 2, 2],
              "uv": [64, 96]
            }
          ],
          "name": "left_ring_finger",
          "parent": "fingers_left",
          "pivot": [15, 17.5, 1]
        }, {
          "cubes": [
            {
              "origin": [19, 15.5, 0],
              "size": [4, 2, 2],
              "uv": [52, 96]
            }
          ],
          "name": "left_ring_finger2",
          "parent": "left_ring_finger",
          "pivot": [19, 17.5, 1]
        }, {
          "cubes": [
            {
              "inflate": 0.01,
              "origin": [15, 15.5, 2],
              "size": [3, 2, 2],
              "uv": [24, 96]
            }
          ],
          "name": "left_pinky_finger",
          "parent": "fingers_left",
          "pivot": [15, 17.5, 3]
        }, {
          "cubes": [
            {
              "origin": [18, 15.5, 2],
              "size": [4, 2, 2],
              "uv": [98, 10]
            }
          ],
          "name": "left_pinky_finger2",
          "parent": "left_pinky_finger",
          "pivot": [18, 17.5, 3]
        }, {
          "cubes": [
            {
              "inflate": 0.01,
              "origin": [11, 14.5, -5.5],
              "size": [4, 2, 2],
              "uv": [12, 96]
            }
          ],
          "name": "left_thumb",
          "parent": "hand_left",
          "pivot": [12, 15.5, -4.5],
          "rotation": [0, 35, 0]
        }, {
          "cubes": [
            {
              "origin": [15, 14.5, -5.5],
              "size": [3, 2, 2],
              "uv": [98, 6]
            }
          ],
          "name": "left_thumb2",
          "parent": "left_thumb",
          "pivot": [15, 15.5, -5.5]
        }, {
          "cubes": [
            {
              "origin": [-15, 13.5, -4.5],
              "size": [5, 4, 9],
              "uv": [66, 53]
            }
          ],
          "name": "hand_right",
          "parent": "arms_upper_torso",
          "pivot": [-10, 15.5, -0.5],
          "rotation": [-120.80084, -32.25982, 33.75293]
        }, {
          "locators": {
            "hand_primary": [-14, 15.5, 0],
            "physical": [-14, 15.5, 0]
          },
          "name": "locator_hand_primary",
          "parent": "hand_right",
          "pivot": [-14, 15.5, 0],
          "rotation": [0, 90, 0]
        }, {
          "locators": {
            "item": [-14.5, 13.5, -1.25]
          },
          "name": "locator_item",
          "parent": "hand_right",
          "pivot": [-14.5, 13.5, -1.25]
        }, {
          "name": "fingers_right",
          "parent": "hand_right",
          "pivot": [-15, 17.5, 0]
        }, {
          "cubes": [
            {
              "inflate": 0.01,
              "origin": [-19, 15.5, -4],
              "size": [4, 2, 2],
              "uv": [0, 96]
            }
          ],
          "name": "right_index_finger",
          "parent": "fingers_right",
          "pivot": [-15, 17.5, -3]
        }, {
          "cubes": [
            {
              "origin": [-23, 15.5, -4],
              "size": [4, 2, 2],
              "uv": [94, 60]
            }
          ],
          "name": "right_index_finger2",
          "parent": "right_index_finger",
          "pivot": [-19, 17.5, -3]
        }, {
          "cubes": [
            {
              "inflate": 0.01,
              "origin": [-19, 15.5, -2],
              "size": [4, 2, 2],
              "uv": [42, 94]
            }
          ],
          "name": "right_middle_finger",
          "parent": "fingers_right",
          "pivot": [-15, 17.5, -1]
        }, {
          "cubes": [
            {
              "origin": [-23, 15.5, -2],
              "size": [4, 2, 2],
              "uv": [66, 92]
            }
          ],
          "name": "right_middle_finger2",
          "parent": "right_middle_finger",
          "pivot": [-19, 17.5, -1]
        }, {
          "cubes": [
            {
              "inflate": 0.01,
              "origin": [-19, 15.5, 0],
              "size": [4, 2, 2],
              "uv": [54, 92]
            }
          ],
          "name": "right_ring_finger",
          "parent": "fingers_right",
          "pivot": [-15, 17.5, 1]
        }, {
          "cubes": [
            {
              "origin": [-23, 15.5, 0],
              "size": [4, 2, 2],
              "uv": [92, 43]
            }
          ],
          "name": "right_ring_finger2",
          "parent": "right_ring_finger",
          "pivot": [-19, 17.5, 1]
        }, {
          "cubes": [
            {
              "inflate": 0.01,
              "origin": [-18, 15.5, 2],
              "size": [3, 2, 2],
              "uv": [82, 41]
            }
          ],
          "name": "right_pinky_finger",
          "parent": "fingers_right",
          "pivot": [-15, 17.5, 3]
        }, {
          "cubes": [
            {
              "origin": [-22, 15.5, 2],
              "size": [4, 2, 2],
              "uv": [98, 0]
            }
          ],
          "name": "right_pinky_finger2",
          "parent": "right_pinky_finger",
          "pivot": [-18, 17.5, 3]
        }, {
          "cubes": [
            {
              "inflate": 0.01,
              "origin": [-15, 14.5, -5.5],
              "size": [4, 2, 2],
              "uv": [40, 70]
            }
          ],
          "name": "right_thumb",
          "parent": "hand_right",
          "pivot": [-12, 15.5, -4.5],
          "rotation": [0, -35, 0]
        }, {
          "cubes": [
            {
              "origin": [-18, 14.5, -5.5],
              "size": [3, 2, 2],
              "uv": [56, 66]
            }
          ],
          "name": "right_thumb2",
          "parent": "right_thumb",
          "pivot": [-15, 15.5, -5.5]
        }, {
          "name": "shoulder_right",
          "parent": "arms_upper_torso",
          "pivot": [-10, 11.5, -5]
        }
      ],
      "description": {
        "identifier": "geometry.darmanitan_galar_zen",
        "texture_height": 256,
        "texture_width": 256,
        "visible_bounds_height": 4,
        "visible_bounds_offset": [0, 1, 0],
        "visible_bounds_width": 4
      }
    }
  ]
}