{
  "animations": {
    "animation.moltres.air_fly": {
      "bones": {
        "body": {
          "rotation": [50, 0, 0]
        },
        "chest": {
          "rotation": [5, 0, 0]
        },
        "feathers_left": {
          "rotation": [0, 0, -12.5]
        },
        "feathers_right": {
          "rotation": [0, 0, 12.5]
        },
        "feathers_right2": {
          "rotation": [0, 0, 5]
        },
        "foot_left": {
          "rotation": [20, 0, 0]
        },
        "foot_right": {
          "rotation": [20, 0, 0]
        },
        "head": {
          "rotation": [-45, 0, 0]
        },
        "head_fire2": {
          "rotation": [-17.5, 0, 0]
        },
        "head_fire3": {
          "rotation": [25, 0, 0]
        },
        "knee_left": {
          "rotation": [10, 0, 0]
        },
        "knee_right": {
          "rotation": [10, 0, 0]
        },
        "leg_left": {
          "rotation": [30, -5, -10]
        },
        "leg_right": {
          "rotation": [30, 5, 10]
        },
        "locator_seat_1": {
          "rotation": [-10, 0, 0]
        },
        "neck": {
          "rotation": [-10, 0, 0]
        },
        "neck2": {
          "rotation": [5, 0, 0]
        },
        "tail": {
          "rotation": [5, 5, 0]
        },
        "tail2": {
          "rotation": [-12.5, -5, 0]
        },
        "tail3": {
          "rotation": [5, -5, 0]
        },
        "tail4": {
          "rotation": [-5, 5, 0]
        },
        "tail5": {
          "rotation": [-7.5, 0, 0]
        },
        "tail6": {
          "rotation": [5, 0, 0]
        },
        "tail7": {
          "rotation": [0, 0, 0]
        },
        "tail_fire_puff2": {
          "rotation": [-5, 0, 0]
        },
        "toe_back_left": {
          "rotation": [-30, 0, 0]
        },
        "toe_back_left2": {
          "rotation": [-55, 0, 0]
        },
        "toe_back_right": {
          "rotation": [-30, 0, 0]
        },
        "toe_back_right2": {
          "rotation": [-55, 0, 0]
        },
        "toe_inner_left": {
          "rotation": [30, 10, 0]
        },
        "toe_inner_left2": {
          "rotation": [35, 0, 0]
        },
        "toe_inner_right": {
          "rotation": [30, -10, 0]
        },
        "toe_inner_right2": {
          "rotation": [35, 0, 0]
        },
        "toe_middle_left": {
          "rotation": [30, 0, 0]
        },
        "toe_middle_left2": {
          "rotation": [35, 0, 0]
        },
        "toe_middle_right": {
          "rotation": [30, 0, 0]
        },
        "toe_middle_right2": {
          "rotation": [35, 0, 0]
        },
        "toe_outer_left": {
          "rotation": [30, -7.5, 0]
        },
        "toe_outer_left2": {
          "rotation": [35, 0, 0]
        },
        "toe_outer_right": {
          "rotation": [30, 7.5, 0]
        },
        "toe_outer_right2": {
          "rotation": [35, 0, 0]
        },
        "wing_open_left": {
          "rotation": [-10, 10, -5]
        },
        "wing_open_left2": {
          "rotation": [0, 0, -10]
        },
        "wing_open_left4": {
          "rotation": [0, 7.5, 0]
        },
        "wing_open_left5": {
          "rotation": [0, 0, 15]
        },
        "wing_open_left6": {
          "rotation": [0, 0, 20]
        },
        "wing_open_left7": {
          "rotation": [0, 0, -17.5]
        },
        "wing_open_right": {
          "rotation": [-10, -10, 5]
        },
        "wing_open_right2": {
          "rotation": [0, 0, 10]
        },
        "wing_open_right4": {
          "rotation": [0, -7.5, 0]
        },
        "wing_open_right5": {
          "rotation": [0, 0, -15]
        },
        "wing_open_right6": {
          "rotation": [0, 0, -20]
        },
        "wing_open_right7": {
          "rotation": [0, 0, 17.5]
        },
        "wings_closed": {
          "scale": 0
        },
        "wings_open": {
          "rotation": [30, 0, 0]
        }
      },
      "loop": true
    },
    "animation.moltres.air_idle": {
      "bones": {
        "chest": {
          "rotation": [2.5, 0, 0]
        },
        "feathers_left": {
          "rotation": [0, 0, -12.5]
        },
        "feathers_right": {
          "rotation": [0, 0, 12.5]
        },
        "feathers_right2": {
          "rotation": [0, 0, 5]
        },
        "foot_left": {
          "rotation": [20, 0, 0]
        },
        "foot_right": {
          "rotation": [20, 0, 0]
        },
        "head": {
          "rotation": [-5, 0, 0]
        },
        "head_fire2": {
          "rotation": [-17.5, 0, 0]
        },
        "head_fire3": {
          "rotation": [25, 0, 0]
        },
        "knee_left": {
          "rotation": [-15, 0, 0]
        },
        "knee_right": {
          "rotation": [-15, 0, 0]
        },
        "leg_left": {
          "rotation": [15, -5, -10]
        },
        "leg_right": {
          "rotation": [15, 5, 10]
        },
        "neck": {
          "rotation": [-2.5, 0, 0]
        },
        "neck2": {
          "rotation": [10, 0, 0]
        },
        "tail": {
          "rotation": [5, 5, 0]
        },
        "tail2": {
          "rotation": [-12.5, -5, 0]
        },
        "tail3": {
          "rotation": [12.5, -5, 0]
        },
        "tail4": {
          "rotation": [20, 5, 0]
        },
        "tail5": {
          "rotation": [0, 0, 0]
        },
        "tail7": {
          "rotation": [0, 0, 0]
        },
        "tail_fire_puff2": {
          "rotation": [-5, 0, 0]
        },
        "toe_back_left": {
          "rotation": [-25, 0, 0]
        },
        "toe_back_left2": {
          "rotation": [-37.5, 0, 0]
        },
        "toe_back_right": {
          "rotation": [-15, 0, 0]
        },
        "toe_back_right2": {
          "rotation": [-35, 0, 0]
        },
        "toe_inner_left": {
          "rotation": [20, 0, 0]
        },
        "toe_inner_left2": {
          "rotation": [42.5, 0, 0]
        },
        "toe_inner_right": {
          "rotation": [20, -10, 0]
        },
        "toe_inner_right2": {
          "rotation": [12.5, 0, 0]
        },
        "toe_middle_left": {
          "rotation": [20, 0, 0]
        },
        "toe_middle_left2": {
          "rotation": [42.5, 0, 0]
        },
        "toe_middle_right": {
          "rotation": [20, 0, 0]
        },
        "toe_middle_right2": {
          "rotation": [12.5, 0, 0]
        },
        "toe_outer_left": {
          "rotation": [20, 0, 0]
        },
        "toe_outer_left2": {
          "rotation": [42.5, 0, 0]
        },
        "toe_outer_right": {
          "rotation": [20, 7.5, 0]
        },
        "toe_outer_right2": {
          "rotation": [12.5, 0, 0]
        },
        "torso": {
          "rotation": [-2.5, 0, 0]
        },
        "wing_open_left": {
          "rotation": [-15, 10, -7.5]
        },
        "wing_open_left2": {
          "rotation": [0, 0, -15]
        },
        "wing_open_left4": {
          "rotation": [0, 7.5, 0]
        },
        "wing_open_left5": {
          "rotation": [0, 0, 15]
        },
        "wing_open_left6": {
          "rotation": [0, 0, 35]
        },
        "wing_open_left7": {
          "rotation": [0, 0, -20]
        },
        "wing_open_right": {
          "rotation": [-15, -10, 7.5]
        },
        "wing_open_right2": {
          "rotation": [0, 0, 15]
        },
        "wing_open_right4": {
          "rotation": [0, -7.5, 0]
        },
        "wing_open_right5": {
          "rotation": [0, 0, -15]
        },
        "wing_open_right6": {
          "rotation": [0, 0, -35]
        },
        "wing_open_right7": {
          "rotation": [0, 0, 20]
        },
        "wings_closed": {
          "scale": 0
        },
        "wings_open": {
          "rotation": [30, 0, 0]
        }
      },
      "loop": true
    },
    "animation.moltres.blink": {
      "animation_length": 0.1667,
      "bones": {
        "eye_left": {
          "position": {
            "0.0": [-0.1, 0, 0.1],
            "0.1667": {
              "post": [0, 0, 0],
              "pre": [-0.1, 0, 0.1]
            }
          }
        },
        "eye_right": {
          "position": {
            "0.0": [0.1, 0, 0.1],
            "0.1667": {
              "post": [0, 0, 0],
              "pre": [0.1, 0, 0.1]
            }
          }
        },
        "eyelid_left": {
          "position": {
            "0.0": [0.1, 0, -0.1],
            "0.1667": {
              "post": [0, 0, 0],
              "pre": [0.1, 0, -0.1]
            }
          }
        },
        "eyelid_right": {
          "position": {
            "0.0": [-0.1, 0, -0.1],
            "0.1667": {
              "post": [0, 0, 0],
              "pre": [-0.1, 0, -0.1]
            }
          }
        }
      }
    },
    "animation.moltres.cry": {
      "animation_length": 1.5,
      "bones": {
        "jaw": {
          "rotation": [7.5, 0, 0]
        }
      },
      "sound_effects": {
        "0.0417": {
          "effect": "pokemon.moltres.cry"
        }
      }
    },
    "animation.moltres.ground_idle": {
      "bones": {
        "head_fire2": {
          "rotation": [-17.5, 0, 0]
        },
        "head_fire3": {
          "rotation": [25, 0, 0]
        },
        "tail": {
          "rotation": [10, 0, 0]
        },
        "tail2": {
          "rotation": [15, 0, 0]
        },
        "tail3": {
          "rotation": [15, 0, 0]
        },
        "tail4": {
          "rotation": [-15, 0, 0]
        },
        "tail5": {
          "rotation": [15, 0, 0]
        },
        "tail6": {
          "rotation": [-5, 0, 0]
        },
        "wing_closed_left": {
          "rotation": [0, 10, 0]
        },
        "wing_closed_left2": {
          "rotation": [5, 0, 0]
        },
        "wing_closed_left3": {
          "rotation": [7.5, 0, 0]
        },
        "wing_closed_right": {
          "rotation": [0, -10, 0]
        },
        "wing_closed_right2": {
          "rotation": [5, 0, 0]
        },
        "wings_closed": {
          "rotation": [27.5, 0, 0]
        },
        "wings_open": {
          "scale": 0
        }
      },
      "loop": true
    },
    "animation.moltres.hold_item": {
      "bones": {
        "jaw": {
          "rotation": [7.5, 0, 0]
        }
      },
      "loop": true
    },
    "animation.moltres.hurt": {
      "bones": {
        "eye_left": {
          "position": [-0.1, 0, 0.1]
        },
        "eye_right": {
          "position": [0.1, 0, 0.1]
        },
        "eyelid_hurt_left": {
          "position": [0.1, 0, -0.1]
        },
        "eyelid_hurt_right": {
          "position": [-0.1, 0, -0.1]
        }
      },
      "loop": true
    },
    "animation.moltres.pose": {
      "bones": {
        "body": {
          "rotation": [35, -40, -15]
        },
        "feathers_left": {
          "rotation": [0, 0, -12.5]
        },
        "feathers_right": {
          "rotation": [0, 0, 17.5]
        },
        "feathers_right2": {
          "rotation": [0, 0, 5]
        },
        "foot_left": {
          "rotation": [25, -27.5, 20]
        },
        "foot_right": {
          "rotation": [25, 0, 0]
        },
        "head": {
          "rotation": [-35, 5, 15]
        },
        "head_fire2": {
          "rotation": [-17.5, -22.5, 0]
        },
        "head_fire3": {
          "rotation": [47.5, -30, 0]
        },
        "jaw": {
          "rotation": [32.5, 0, 0]
        },
        "knee_left": {
          "rotation": [-50, 0, 0]
        },
        "leg_left": {
          "rotation": [-7.5, -10, -10]
        },
        "leg_left3": {
          "rotation": [-10, 0, 0]
        },
        "leg_right": {
          "rotation": [2.5, 25, 25]
        },
        "leg_right3": {
          "rotation": [0, 15, -5]
        },
        "neck": {
          "rotation": [10, 0, 0]
        },
        "neck2": {
          "rotation": [22.5, 0, 0]
        },
        "tail": {
          "rotation": [7.5, -10, -30]
        },
        "tail2": {
          "rotation": [-12.5, -10, 0]
        },
        "tail3": {
          "rotation": [7.5, -17.5, 0]
        },
        "tail4": {
          "rotation": [15, -7.5, 0]
        },
        "tail5": {
          "rotation": [-10, 12.5, 0]
        },
        "tail7": {
          "rotation": [0, -30, 0]
        },
        "tail_fire_puff2": {
          "rotation": [-5, 0, 0]
        },
        "toe_back_left": {
          "rotation": [-25, 0, 0]
        },
        "toe_back_left2": {
          "rotation": [-37.5, 0, 0]
        },
        "toe_back_right": {
          "rotation": [-15, 0, 0]
        },
        "toe_back_right2": {
          "rotation": [-35, 0, 0]
        },
        "toe_inner_left": {
          "rotation": [20, 0, 0]
        },
        "toe_inner_left2": {
          "rotation": [42.5, 0, 0]
        },
        "toe_inner_right": {
          "rotation": [20, -10, 0]
        },
        "toe_inner_right2": {
          "rotation": [12.5, 0, 0]
        },
        "toe_middle_left": {
          "rotation": [20, 0, 0]
        },
        "toe_middle_left2": {
          "rotation": [42.5, 0, 0]
        },
        "toe_middle_right": {
          "rotation": [20, 0, 0]
        },
        "toe_middle_right2": {
          "rotation": [12.5, 0, 0]
        },
        "toe_outer_left": {
          "rotation": [20, 0, 0]
        },
        "toe_outer_left2": {
          "rotation": [42.5, 0, 0]
        },
        "toe_outer_right": {
          "rotation": [20, 7.5, 0]
        },
        "toe_outer_right2": {
          "rotation": [12.5, 0, 0]
        },
        "wing_open_left": {
          "rotation": [-15, 10, -7.5]
        },
        "wing_open_left2": {
          "rotation": [0, 0, -15]
        },
        "wing_open_left4": {
          "rotation": [0, 7.5, 0]
        },
        "wing_open_left5": {
          "rotation": [0, 0, 15]
        },
        "wing_open_left6": {
          "rotation": [0, 0, 45]
        },
        "wing_open_left7": {
          "rotation": [0, 0, -22.5]
        },
        "wing_open_right": {
          "rotation": [7.5, -15, 10]
        },
        "wing_open_right2": {
          "rotation": [0, 0, 22.5]
        },
        "wing_open_right4": {
          "rotation": [2.5, 0, 7.5]
        },
        "wing_open_right5": {
          "rotation": [0, 0, -12.5]
        },
        "wing_open_right6": {
          "rotation": [0, 0, -50]
        },
        "wing_open_right7": {
          "rotation": [0, 0, 22.5]
        },
        "wings_closed": {
          "scale": 0
        },
        "wings_open": {
          "rotation": [30, 0, 0]
        }
      },
      "loop": true
    }
  },
  "format_version": "1.8.0"
}