{
	"format_version": "1.12.0",
	"minecraft:geometry": [
		{
			"description": {
				"identifier": "geometry.venusaur_gigantamax",
				"texture_width": 256,
				"texture_height": 256,
				"visible_bounds_width": 11,
				"visible_bounds_height": 4.5,
				"visible_bounds_offset": [0, 1.75, 0]
			},
			"bones": [
				{
					"name": "venusaur",
					"pivot": [0, 0, 0]
				},
				{
					"name": "locator_root",
					"parent": "venusaur",
					"pivot": [0, 0, 0],
					"locators": {
						"root": [0, 0, 0]
					}
				},
				{
					"name": "locator_top",
					"parent": "venusaur",
					"pivot": [0, 38.75, 3],
					"locators": {
						"top": [0, 38.75, 3]
					}
				},
				{
					"name": "body",
					"parent": "venusaur",
					"pivot": [0, 14, 7.5]
				},
				{
					"name": "locator_target",
					"parent": "body",
					"pivot": [0, 13, -25.75],
					"locators": {
						"target": [0, 13, -25.75]
					}
				},
				{
					"name": "locator_middle",
					"parent": "body",
					"pivot": [0, 13, 6.25],
					"locators": {
						"middle": [0, 13, 6.25]
					}
				},
				{
					"name": "waist",
					"parent": "body",
					"pivot": [0, 13, 17.5]
				},
				{
					"name": "torso",
					"parent": "waist",
					"pivot": [0, 12, 18.5],
					"cubes": [
						{"origin": [-15, 4, 4.5], "size": [30, 17, 15], "inflate": 0.02, "uv": [0, 0]},
						{"origin": [-12, 5.5, 19.5], "size": [24, 14, 4], "inflate": 0.01, "uv": [0, 86]},
						{"origin": [-12, 5.5, 19.5], "size": [24, 14, 4], "inflate": 0.25, "uv": [90, 0]}
					]
				},
				{
					"name": "torso2",
					"parent": "torso",
					"pivot": [-2, 21, 5.5],
					"cubes": [
						{"origin": [-14, 4, -6.5], "size": [28, 17, 12], "inflate": 0.01, "uv": [0, 32]}
					]
				},
				{
					"name": "locator_seat_1",
					"parent": "torso2",
					"pivot": [0, 21, -4],
					"locators": {
						"seat_1": [0, 21, -4]
					}
				},
				{
					"name": "neck_flap",
					"parent": "torso2",
					"pivot": [0, 4, -6.5],
					"rotation": [-52.5, 0, 0],
					"cubes": [
						{"origin": [-8.5, 4, -12.5], "size": [17, 10, 6], "inflate": 0.01, "uv": [46, 131]}
					]
				},
				{
					"name": "head",
					"parent": "torso2",
					"pivot": [0, 16, -5.5],
					"rotation": [10, 0, 0],
					"cubes": [
						{"origin": [-12, 13, -11], "size": [24, 7, 6], "inflate": 0.01, "uv": [90, 18]},
						{"origin": [-13.5, 9, -12], "size": [27, 8, 7], "uv": [68, 78]}
					]
				},
				{
					"name": "eyes",
					"parent": "head",
					"pivot": [0, 15, -17]
				},
				{
					"name": "eye_left",
					"parent": "eyes",
					"pivot": [5.8, 15.5, -16.55],
					"rotation": [-10, 45, 0],
					"cubes": [
						{"origin": [6.3, 14, -19.05], "size": [0, 4, 5], "inflate": 0.005, "uv": [126, 50]}
					]
				},
				{
					"name": "pupil_left",
					"parent": "eye_left",
					"pivot": [5.8, 16.25, -17.05],
					"cubes": [
						{"origin": [5.3, 14.75, -17.55], "size": [1, 2, 2], "inflate": 0.01, "uv": [36, 159]},
						{"origin": [5.3, 15, -17.05], "size": [1, 1, 1], "inflate": 0.015, "uv": [64, 91]}
					]
				},
				{
					"name": "locator_eye_left",
					"parent": "pupil_left",
					"pivot": [6.25, 16.25, -16.75],
					"rotation": [0, -45, 0],
					"locators": {
						"eye1": [6.25, 16.25, -16.75]
					}
				},
				{
					"name": "eyelid_left",
					"parent": "eye_left",
					"pivot": [5.3, 14, -18.05],
					"cubes": [
						{"origin": [6.2, 14, -19.05], "size": [0, 4, 5], "inflate": 0.02, "uv": [82, 147]}
					]
				},
				{
					"name": "eyelid_happy_left",
					"parent": "eye_left",
					"pivot": [5.4, 14, -18.05],
					"cubes": [
						{"origin": [6.2, 14, -19.05], "size": [0, 4, 5], "inflate": 0.02, "uv": [196, 22]}
					]
				},
				{
					"name": "eyelid_recoil_left",
					"parent": "eye_left",
					"pivot": [5.4, 14, -18.05],
					"cubes": [
						{"origin": [6.2, 14, -19.05], "size": [0, 4, 5], "inflate": 0.02, "uv": [70, 196]}
					]
				},
				{
					"name": "eye_red_left",
					"parent": "eye_left",
					"pivot": [5.3, 14, -18.05],
					"cubes": [
						{"origin": [6.2, 14, -19.05], "size": [0, 4, 5], "inflate": 0.01, "uv": [80, 196]}
					]
				},
				{
					"name": "pupil_blue_left",
					"parent": "eye_red_left",
					"pivot": [5.2, 15.25, -17.05],
					"cubes": [
						{"origin": [5.2, 15.25, -18.05], "size": [1, 2, 2], "inflate": 0.015, "uv": [36, 163]},
						{"origin": [5.2, 15.75, -17.55], "size": [1, 1, 1], "inflate": 0.02, "uv": [64, 91]}
					]
				},
				{
					"name": "eyebrow_left",
					"parent": "eye_left",
					"pivot": [6.3, 17.5, -16.55],
					"cubes": [
						{"origin": [5.55, 14.5, -19.25], "size": [1, 2, 6], "inflate": 0.05, "pivot": [5.55, 14.5, -18.25], "rotation": [27.5, 0, 0], "uv": [194, 14]}
					]
				},
				{
					"name": "eye_right",
					"parent": "eyes",
					"pivot": [-5.8, 15.5, -16.55],
					"rotation": [-10, -45, 0],
					"cubes": [
						{"origin": [-6.3, 14, -19.05], "size": [0, 4, 5], "inflate": 0.005, "uv": [126, 50], "mirror": true}
					]
				},
				{
					"name": "pupil_right",
					"parent": "eye_right",
					"pivot": [-5.8, 16.25, -17.05],
					"cubes": [
						{"origin": [-6.3, 14.75, -17.55], "size": [1, 2, 2], "inflate": 0.01, "uv": [36, 159], "mirror": true},
						{"origin": [-6.3, 15, -17.05], "size": [1, 1, 1], "inflate": 0.015, "uv": [64, 91], "mirror": true}
					]
				},
				{
					"name": "locator_eye_right",
					"parent": "pupil_right",
					"pivot": [-6.25, 16.25, -16.75],
					"rotation": [0, 45, 0],
					"locators": {
						"eye2": [-6.25, 16.25, -16.75]
					}
				},
				{
					"name": "eyelid_right",
					"parent": "eye_right",
					"pivot": [-5.3, 14, -18.05],
					"cubes": [
						{"origin": [-6.2, 14, -19.05], "size": [0, 4, 5], "inflate": 0.02, "uv": [82, 147], "mirror": true}
					]
				},
				{
					"name": "eyelid_happy_right",
					"parent": "eye_right",
					"pivot": [-5.4, 14, -18.05],
					"cubes": [
						{"origin": [-6.2, 14, -19.05], "size": [0, 4, 5], "inflate": 0.02, "uv": [196, 22], "mirror": true}
					]
				},
				{
					"name": "eyelid_recoil_right",
					"parent": "eye_right",
					"pivot": [-5.4, 14, -18.05],
					"cubes": [
						{"origin": [-6.2, 14, -19.05], "size": [0, 4, 5], "inflate": 0.02, "uv": [70, 196], "mirror": true}
					]
				},
				{
					"name": "eye_red_right",
					"parent": "eye_right",
					"pivot": [-5.3, 14, -18.05],
					"cubes": [
						{"origin": [-6.2, 14, -19.05], "size": [0, 4, 5], "inflate": 0.01, "uv": [80, 196], "mirror": true}
					]
				},
				{
					"name": "pupil_blue_right",
					"parent": "eye_red_right",
					"pivot": [-5.2, 15.25, -17.05],
					"cubes": [
						{"origin": [-6.2, 15.25, -18.05], "size": [1, 2, 2], "inflate": 0.015, "uv": [36, 163], "mirror": true},
						{"origin": [-6.2, 15.75, -17.55], "size": [1, 1, 1], "inflate": 0.02, "uv": [64, 91], "mirror": true}
					]
				},
				{
					"name": "eyebrow_right",
					"parent": "eye_right",
					"pivot": [-6.3, 17.5, -16.55],
					"cubes": [
						{"origin": [-6.55, 14.5, -19.25], "size": [1, 2, 6], "inflate": 0.05, "pivot": [-5.55, 14.5, -18.25], "rotation": [27.5, 0, 0], "uv": [194, 14], "mirror": true}
					]
				},
				{
					"name": "ears",
					"parent": "head",
					"pivot": [0, 20, -8.75]
				},
				{
					"name": "ear_left",
					"parent": "ears",
					"pivot": [6, 20, -11.75],
					"rotation": [20, -40, 12.5],
					"cubes": [
						{"origin": [6, 19.5, -11.75], "size": [5, 5, 0], "uv": [56, 86]}
					]
				},
				{
					"name": "ear_right",
					"parent": "ears",
					"pivot": [-6, 20, -11.75],
					"rotation": [20, 40, -12.5],
					"cubes": [
						{"origin": [-11, 19.5, -11.75], "size": [5, 5, 0], "uv": [184, 42]}
					]
				},
				{
					"name": "head_rotation",
					"parent": "head",
					"pivot": [0, 16, -11],
					"rotation": [0, 45, 0],
					"cubes": [
						{"origin": [-8.5, 12, -19.5], "size": [17, 8, 17], "uv": [0, 61]},
						{"origin": [8.4, 11, -9.9], "size": [0, 2, 2], "pivot": [8.4, 12, -8.9], "rotation": [45, 0, 0], "uv": [92, 131]},
						{"origin": [-3.1, 11, -19.4], "size": [2, 2, 0], "pivot": [-2.1, 12, -19.4], "rotation": [0, 0, 45], "uv": [92, 135]},
						{"origin": [-8.5, 11, -19.5], "size": [17, 1, 0], "uv": [90, 31]},
						{"origin": [8.5, 11, -19.5], "size": [0, 1, 17], "uv": [78, 178]}
					]
				},
				{
					"name": "locator_jaw_upper",
					"parent": "head_rotation",
					"pivot": [5.24913, 12.03063, -15.57413],
					"rotation": [0, -45, 0],
					"locators": {
						"jaw1": [5.24913, 12.03063, -15.57413]
					}
				},
				{
					"name": "locator_item_hat",
					"parent": "head_rotation",
					"pivot": [1.52196, 20.00276, -12.51747],
					"locators": {
						"item_hat": [1.52196, 20.00276, -12.51747]
					}
				},
				{
					"name": "locator_head",
					"parent": "head_rotation",
					"pivot": [2.76822, 20.08506, -13.76374],
					"locators": {
						"head": [2.76822, 20.08506, -13.76374]
					}
				},
				{
					"name": "locator_face",
					"parent": "head_rotation",
					"pivot": [8.43998, 15.65974, -19.43998],
					"rotation": [0, -45, 0],
					"locators": {
						"face": [8.43998, 15.65974, -19.43998]
					}
				},
				{
					"name": "locator_item_face",
					"parent": "head_rotation",
					"pivot": [8.43998, 15.65974, -19.43998],
					"rotation": [0, -45, 0],
					"locators": {
						"item_face": [8.43998, 15.65974, -19.43998]
					}
				},
				{
					"name": "jaw",
					"parent": "head",
					"pivot": [0, 16, -9],
					"cubes": [
						{"origin": [-11, 13, -12], "size": [22, 3, 3], "inflate": 0.01, "uv": [136, 83]}
					]
				},
				{
					"name": "jaw_rotation",
					"parent": "jaw",
					"pivot": [0, 12, -10.65],
					"rotation": [0, 45, 0],
					"cubes": [
						{"origin": [-6.55, 9, -19.1], "size": [15, 3, 15], "uv": [80, 32]},
						{"origin": [3, 11.5, -18.4], "size": [1, 1, 0], "pivot": [3.5, 12, -18.4], "rotation": [0, 0, -45], "uv": [66, 90]},
						{"origin": [1.5, 11.5, -18.4], "size": [1, 1, 0], "pivot": [2, 12, -18.4], "rotation": [0, 0, -45], "uv": [46, 127]},
						{"origin": [7.75, 11.5, -14.65], "size": [0, 1, 1], "pivot": [7.75, 12, -14.15], "rotation": [-47.5, 0, 0], "uv": [66, 86]},
						{"origin": [7.75, 11.5, -13.15], "size": [0, 1, 1], "pivot": [7.75, 12, -12.65], "rotation": [-45, 0, 0], "uv": [66, 88]}
					]
				},
				{
					"name": "locator_item",
					"parent": "jaw_rotation",
					"pivot": [7.42462, 12, -18.17462],
					"rotation": [0, -45, 0],
					"locators": {
						"item": [7.42462, 12, -18.17462]
					}
				},
				{
					"name": "locator_mouth",
					"parent": "jaw_rotation",
					"pivot": [-9.98788, 12, -11.4021],
					"rotation": [0, -45, 0],
					"locators": {
						"mouth": [-2.38649, 12, -29.39994],
						"physical": [-2.38649, 12, -29.39994]
					}
				},
				{
					"name": "locator_jaw_lower",
					"parent": "jaw_rotation",
					"pivot": [5.48008, 12, -15.80508],
					"rotation": [0, -45, 0],
					"locators": {
						"jaw2": [5.48008, 11.9, -15.80508]
					}
				},
				{
					"name": "locator_seat_2",
					"parent": "torso2",
					"pivot": [0, 21, -4],
					"locators": {
						"seat_2": [0, 21, -4]
					}
				},
				{
					"name": "foliage",
					"parent": "torso",
					"pivot": [0, 20.5, 3]
				},
				{
					"name": "vines",
					"parent": "foliage",
					"pivot": [0, 18.5, 30]
				},
				{
					"name": "vine_left",
					"parent": "vines",
					"pivot": [11.5, 19.5, 26.5],
					"rotation": [0, 45, 0],
					"cubes": [
						{"origin": [11.5, 19, 26.5], "size": [4, 1, 0], "uv": [56, 91]}
					]
				},
				{
					"name": "vine_left2",
					"parent": "vine_left",
					"pivot": [15.5, 19.5, 26.5],
					"cubes": [
						{"origin": [15.5, 19, 26.5], "size": [4, 1, 0], "uv": [56, 92]}
					]
				},
				{
					"name": "vine_left3",
					"parent": "vine_left2",
					"pivot": [19.5, 19.5, 26.5],
					"cubes": [
						{"origin": [19.5, 19, 26.5], "size": [4, 1, 0], "uv": [126, 59]}
					]
				},
				{
					"name": "vine_left4",
					"parent": "vine_left3",
					"pivot": [23.5, 19.5, 26.5],
					"cubes": [
						{"origin": [23.5, 19, 26.5], "size": [4, 1, 0], "uv": [126, 60]}
					]
				},
				{
					"name": "vine_left5",
					"parent": "vine_left4",
					"pivot": [27.5, 19.5, 26.5],
					"cubes": [
						{"origin": [27.5, 19, 26.5], "size": [4, 1, 0], "uv": [148, 123]}
					]
				},
				{
					"name": "vine_left6",
					"parent": "vine_left5",
					"pivot": [31.5, 19.5, 26.5],
					"cubes": [
						{"origin": [31.5, 19, 26.5], "size": [4, 1, 0], "uv": [148, 124]}
					]
				},
				{
					"name": "vine_left7",
					"parent": "vine_left6",
					"pivot": [35.5, 19.5, 26.5],
					"cubes": [
						{"origin": [35.5, 19, 26.5], "size": [4, 1, 0], "uv": [150, 92]}
					]
				},
				{
					"name": "vine_left8",
					"parent": "vine_left7",
					"pivot": [39.5, 19.5, 26.5],
					"cubes": [
						{"origin": [39.5, 19, 26.5], "size": [4, 1, 0], "uv": [82, 156]}
					]
				},
				{
					"name": "vine_left9",
					"parent": "vine_left8",
					"pivot": [43.5, 19.5, 26.5],
					"cubes": [
						{"origin": [43.5, 19, 26.5], "size": [4, 1, 0], "uv": [156, 123]}
					]
				},
				{
					"name": "vine_left10",
					"parent": "vine_left9",
					"pivot": [47.5, 19.5, 26.5],
					"cubes": [
						{"origin": [47.5, 19, 26.5], "size": [4, 1, 0], "uv": [156, 124]}
					]
				},
				{
					"name": "vine_left11",
					"parent": "vine_left10",
					"pivot": [51.5, 19.5, 26.5],
					"cubes": [
						{"origin": [51.5, 19, 26.5], "size": [4, 1, 0], "uv": [82, 157]}
					]
				},
				{
					"name": "vine_left12",
					"parent": "vine_left11",
					"pivot": [55.5, 19.5, 26.5],
					"cubes": [
						{"origin": [55.5, 19, 26.5], "size": [4, 1, 0], "uv": [158, 92]}
					]
				},
				{
					"name": "vine_left13",
					"parent": "vine_left12",
					"pivot": [59.5, 19.5, 26.5],
					"cubes": [
						{"origin": [59.5, 19, 26.5], "size": [12, 1, 0], "uv": [136, 91]}
					]
				},
				{
					"name": "vine_left14",
					"parent": "vine_left13",
					"pivot": [71.5, 19.5, 26.5],
					"cubes": [
						{"origin": [71.5, 19, 26.5], "size": [15, 1, 0], "uv": [136, 89]}
					]
				},
				{
					"name": "vine_left15",
					"parent": "vine_left14",
					"pivot": [86.5, 19.5, 26.5],
					"cubes": [
						{"origin": [86.5, 19, 26.5], "size": [13, 1, 0], "uv": [136, 90]}
					]
				},
				{
					"name": "vine_left_end",
					"parent": "vine_left15",
					"pivot": [99.5, 19.5, 26.5],
					"cubes": [
						{"origin": [99.5, 18.5, 26.5], "size": [3, 2, 0], "uv": [160, 140]}
					]
				},
				{
					"name": "vine_right",
					"parent": "vines",
					"pivot": [-11.5, 19.5, 26.5],
					"rotation": [0, -45, 0],
					"cubes": [
						{"origin": [-15.5, 19, 26.5], "size": [4, 1, 0], "uv": [56, 91], "mirror": true}
					]
				},
				{
					"name": "vine_right2",
					"parent": "vine_right",
					"pivot": [-15.5, 19.5, 26.5],
					"cubes": [
						{"origin": [-19.5, 19, 26.5], "size": [4, 1, 0], "uv": [56, 92], "mirror": true}
					]
				},
				{
					"name": "vine_right3",
					"parent": "vine_right2",
					"pivot": [-19.5, 19.5, 26.5],
					"cubes": [
						{"origin": [-23.5, 19, 26.5], "size": [4, 1, 0], "uv": [126, 59], "mirror": true}
					]
				},
				{
					"name": "vine_right4",
					"parent": "vine_right3",
					"pivot": [-23.5, 19.5, 26.5],
					"cubes": [
						{"origin": [-27.5, 19, 26.5], "size": [4, 1, 0], "uv": [126, 60], "mirror": true}
					]
				},
				{
					"name": "vine_right5",
					"parent": "vine_right4",
					"pivot": [-27.5, 19.5, 26.5],
					"cubes": [
						{"origin": [-31.5, 19, 26.5], "size": [4, 1, 0], "uv": [148, 123], "mirror": true}
					]
				},
				{
					"name": "vine_right6",
					"parent": "vine_right5",
					"pivot": [-31.5, 19.5, 26.5],
					"cubes": [
						{"origin": [-35.5, 19, 26.5], "size": [4, 1, 0], "uv": [148, 124], "mirror": true}
					]
				},
				{
					"name": "vine_right7",
					"parent": "vine_right6",
					"pivot": [-35.5, 19.5, 26.5],
					"cubes": [
						{"origin": [-39.5, 19, 26.5], "size": [4, 1, 0], "uv": [150, 92], "mirror": true}
					]
				},
				{
					"name": "vine_right8",
					"parent": "vine_right7",
					"pivot": [-39.5, 19.5, 26.5],
					"cubes": [
						{"origin": [-43.5, 19, 26.5], "size": [4, 1, 0], "uv": [82, 156], "mirror": true}
					]
				},
				{
					"name": "vine_right9",
					"parent": "vine_right8",
					"pivot": [-43.5, 19.5, 26.5],
					"cubes": [
						{"origin": [-47.5, 19, 26.5], "size": [4, 1, 0], "uv": [156, 123], "mirror": true}
					]
				},
				{
					"name": "vine_right10",
					"parent": "vine_right9",
					"pivot": [-47.5, 19.5, 26.5],
					"cubes": [
						{"origin": [-51.5, 19, 26.5], "size": [4, 1, 0], "uv": [156, 124], "mirror": true}
					]
				},
				{
					"name": "vine_right11",
					"parent": "vine_right10",
					"pivot": [-51.5, 19.5, 26.5],
					"cubes": [
						{"origin": [-55.5, 19, 26.5], "size": [4, 1, 0], "uv": [82, 157], "mirror": true}
					]
				},
				{
					"name": "vine_right12",
					"parent": "vine_right11",
					"pivot": [-55.5, 19.5, 26.5],
					"cubes": [
						{"origin": [-59.5, 19, 26.5], "size": [4, 1, 0], "uv": [158, 92], "mirror": true}
					]
				},
				{
					"name": "vine_right13",
					"parent": "vine_right12",
					"pivot": [-59.5, 19.5, 26.5],
					"cubes": [
						{"origin": [-71.5, 19, 26.5], "size": [12, 1, 0], "uv": [136, 91], "mirror": true}
					]
				},
				{
					"name": "vine_right14",
					"parent": "vine_right13",
					"pivot": [-71.5, 19.5, 26.5],
					"cubes": [
						{"origin": [-86.5, 19, 26.5], "size": [15, 1, 0], "uv": [136, 89], "mirror": true}
					]
				},
				{
					"name": "vine_right15",
					"parent": "vine_right14",
					"pivot": [-86.5, 19.5, 26.5],
					"cubes": [
						{"origin": [-99.5, 19, 26.5], "size": [13, 1, 0], "uv": [136, 90], "mirror": true}
					]
				},
				{
					"name": "vine_right_end",
					"parent": "vine_right15",
					"pivot": [-99.5, 19.5, 26.5],
					"cubes": [
						{"origin": [-102.5, 18.5, 26.5], "size": [3, 2, 0], "uv": [160, 140], "mirror": true}
					]
				},
				{
					"name": "leaves",
					"parent": "foliage",
					"pivot": [0, 20.5, 3]
				},
				{
					"name": "leaf_front",
					"parent": "leaves",
					"pivot": [0, 21.75, -0.5],
					"cubes": [
						{"origin": [-7.5, 21.75, -8.5], "size": [15, 0, 8], "uv": [150, 23]}
					]
				},
				{
					"name": "leaf_front2",
					"parent": "leaf_front",
					"pivot": [0, 21.75, -8.5],
					"cubes": [
						{"origin": [-8, 21.75, -15.5], "size": [16, 0, 7], "uv": [166, 97]},
						{"origin": [-0.5, 21.75, -15.5], "size": [1, 0, 7], "inflate": 0.01, "uv": [46, 179]}
					]
				},
				{
					"name": "leaf_front3",
					"parent": "leaf_front2",
					"pivot": [0, 21.75, -15.5],
					"cubes": [
						{"origin": [-8, 21.75, -22.5], "size": [16, 0, 7], "uv": [0, 179]},
						{"origin": [-0.5, 21.75, -22.5], "size": [1, 0, 7], "inflate": 0.01, "uv": [62, 179]}
					]
				},
				{
					"name": "leaf_front4",
					"parent": "leaf_front3",
					"pivot": [0, 21.75, -22.5],
					"cubes": [
						{"origin": [-7.5, 21.75, -25.5], "size": [15, 0, 3], "uv": [140, 47]}
					]
				},
				{
					"name": "leaf_front5",
					"parent": "leaf_front4",
					"pivot": [0, 21.75, -25.5],
					"cubes": [
						{"origin": [-7.5, 21.75, -28.5], "size": [15, 0, 3], "uv": [148, 120]}
					]
				},
				{
					"name": "leaf_back",
					"parent": "leaves",
					"pivot": [0, 21.75, 6.5],
					"cubes": [
						{"origin": [-7.5, 21.75, 6.5], "size": [15, 0, 8], "uv": [166, 89]}
					]
				},
				{
					"name": "leaf_back2",
					"parent": "leaf_back",
					"pivot": [0, 21.75, 14.5],
					"cubes": [
						{"origin": [-8, 21.75, 14.5], "size": [16, 0, 6], "uv": [180, 71]},
						{"origin": [-0.5, 21.75, 14.5], "size": [1, 0, 6], "inflate": 0.01, "uv": [134, 194]}
					]
				},
				{
					"name": "leaf_back3",
					"parent": "leaf_back2",
					"pivot": [0, 21.75, 20.5],
					"cubes": [
						{"origin": [-8, 21.75, 20.5], "size": [16, 0, 6], "uv": [180, 77]},
						{"origin": [-0.5, 21.75, 20.5], "size": [1, 0, 6], "inflate": 0.01, "uv": [190, 133]}
					]
				},
				{
					"name": "leaf_back4",
					"parent": "leaf_back3",
					"pivot": [0, 21.75, 26.5],
					"cubes": [
						{"origin": [-7.5, 21.75, 26.5], "size": [15, 0, 6], "uv": [186, 83]}
					]
				},
				{
					"name": "leaf_right",
					"parent": "leaves",
					"pivot": [-3.5, 21.25, -1],
					"rotation": [0, -40, 0],
					"cubes": [
						{"origin": [-10.5, 21.25, -8.5], "size": [7, 0, 15], "uv": [0, 144]}
					]
				},
				{
					"name": "leaf_right2",
					"parent": "leaf_right",
					"pivot": [-10.5, 21.25, -1],
					"cubes": [
						{"origin": [-16.5, 21.25, -9], "size": [6, 0, 16], "uv": [136, 67]},
						{"origin": [-16.5, 21.25, -1.5], "size": [6, 0, 1], "inflate": 0.01, "uv": [146, 140]}
					]
				},
				{
					"name": "leaf_right3",
					"parent": "leaf_right2",
					"pivot": [-16.5, 21.25, -1],
					"cubes": [
						{"origin": [-22.5, 21.25, -9], "size": [6, 0, 16], "uv": [140, 31]},
						{"origin": [-22.5, 21.25, -1.5], "size": [6, 0, 1], "inflate": 0.01, "uv": [146, 141]}
					]
				},
				{
					"name": "leaf_right4",
					"parent": "leaf_right3",
					"pivot": [-22.5, 21.25, -1],
					"cubes": [
						{"origin": [-36.5, 21.25, -8.5], "size": [14, 0, 15], "uv": [56, 93], "mirror": true}
					]
				},
				{
					"name": "leaf_right5",
					"parent": "leaves",
					"pivot": [-3.5, 21.25, 7],
					"rotation": [0, -7.5, 0],
					"cubes": [
						{"origin": [-10.5, 21.25, -0.5], "size": [7, 0, 15], "uv": [0, 144]}
					]
				},
				{
					"name": "leaf_right6",
					"parent": "leaf_right5",
					"pivot": [-10.5, 21.25, 7],
					"cubes": [
						{"origin": [-16.5, 21.25, -1], "size": [6, 0, 16], "uv": [136, 67]},
						{"origin": [-16.5, 21.25, 6.5], "size": [6, 0, 1], "inflate": 0.01, "uv": [146, 140]}
					]
				},
				{
					"name": "leaf_right7",
					"parent": "leaf_right6",
					"pivot": [-16.5, 21.25, 7],
					"cubes": [
						{"origin": [-22.5, 21.25, -1], "size": [6, 0, 16], "uv": [140, 31]},
						{"origin": [-22.5, 21.25, 6.5], "size": [6, 0, 1], "inflate": 0.01, "uv": [146, 141]}
					]
				},
				{
					"name": "leaf_right8",
					"parent": "leaf_right7",
					"pivot": [-22.5, 21.25, 7],
					"cubes": [
						{"origin": [-36.5, 21.25, -0.5], "size": [14, 0, 15], "uv": [56, 93], "mirror": true}
					]
				},
				{
					"name": "leaf_right9",
					"parent": "leaves",
					"pivot": [-3.5, 21.25, 7],
					"rotation": [0, 40, 0],
					"cubes": [
						{"origin": [-10.5, 21.25, -0.5], "size": [7, 0, 15], "uv": [0, 144]}
					]
				},
				{
					"name": "leaf_right10",
					"parent": "leaf_right9",
					"pivot": [-10.5, 21.25, 7],
					"cubes": [
						{"origin": [-16.5, 21.25, -1], "size": [6, 0, 16], "uv": [136, 67]},
						{"origin": [-16.5, 21.25, 6.5], "size": [6, 0, 1], "inflate": 0.01, "uv": [146, 140]}
					]
				},
				{
					"name": "leaf_right11",
					"parent": "leaf_right10",
					"pivot": [-16.5, 21.25, 7],
					"cubes": [
						{"origin": [-22.5, 21.25, -1], "size": [6, 0, 16], "uv": [140, 31]},
						{"origin": [-22.5, 21.25, 6.5], "size": [6, 0, 1], "inflate": 0.01, "uv": [146, 141]}
					]
				},
				{
					"name": "leaf_right12",
					"parent": "leaf_right11",
					"pivot": [-22.5, 21.25, 7],
					"cubes": [
						{"origin": [-33.5, 21.25, -0.5], "size": [11, 0, 15], "uv": [114, 93], "mirror": true}
					]
				},
				{
					"name": "leaf_right13",
					"parent": "leaf_right12",
					"pivot": [-33.5, 21.25, 7],
					"cubes": [
						{"origin": [-44.5, 21.25, 2.5], "size": [11, 0, 9], "uv": [188, 155], "mirror": true}
					]
				},
				{
					"name": "leaf_left",
					"parent": "leaves",
					"pivot": [3.5, 21.25, -1],
					"rotation": [0, 40, 0],
					"cubes": [
						{"origin": [3.5, 21.25, -8.5], "size": [7, 0, 15], "uv": [146, 125]}
					]
				},
				{
					"name": "leaf_left2",
					"parent": "leaf_left",
					"pivot": [10.5, 21.25, -1],
					"cubes": [
						{"origin": [10.5, 21.25, -9], "size": [6, 0, 16], "uv": [92, 142]},
						{"origin": [10.5, 21.25, -1.5], "size": [6, 0, 1], "inflate": 0.01, "uv": [136, 92]}
					]
				},
				{
					"name": "leaf_left3",
					"parent": "leaf_left2",
					"pivot": [16.5, 21.25, -1],
					"cubes": [
						{"origin": [16.5, 21.25, -9], "size": [6, 0, 16], "uv": [136, 142]},
						{"origin": [16.5, 21.25, -1.5], "size": [6, 0, 1], "inflate": 0.01, "uv": [124, 31]}
					]
				},
				{
					"name": "leaf_left4",
					"parent": "leaf_left3",
					"pivot": [22.5, 21.25, -1],
					"cubes": [
						{"origin": [22.5, 21.25, -8.5], "size": [14, 0, 15], "uv": [56, 93]}
					]
				},
				{
					"name": "leaf_left5",
					"parent": "leaves",
					"pivot": [3.5, 21.25, 7],
					"rotation": [0, 7.5, 0],
					"cubes": [
						{"origin": [3.5, 21.25, -0.5], "size": [7, 0, 15], "uv": [146, 125]}
					]
				},
				{
					"name": "leaf_left6",
					"parent": "leaf_left5",
					"pivot": [10.5, 21.25, 7],
					"cubes": [
						{"origin": [10.5, 21.25, -1], "size": [6, 0, 16], "uv": [92, 142]},
						{"origin": [10.5, 21.25, 6.5], "size": [6, 0, 1], "inflate": 0.01, "uv": [136, 92]}
					]
				},
				{
					"name": "leaf_left7",
					"parent": "leaf_left6",
					"pivot": [16.5, 21.25, 7],
					"cubes": [
						{"origin": [16.5, 21.25, -1], "size": [6, 0, 16], "uv": [136, 142]},
						{"origin": [16.5, 21.25, 6.5], "size": [6, 0, 1], "inflate": 0.01, "uv": [124, 31]}
					]
				},
				{
					"name": "leaf_left8",
					"parent": "leaf_left7",
					"pivot": [22.5, 21.25, 7],
					"cubes": [
						{"origin": [22.5, 21.25, -0.5], "size": [14, 0, 15], "uv": [56, 93]}
					]
				},
				{
					"name": "leaf_left9",
					"parent": "leaves",
					"pivot": [3.5, 21.25, 7],
					"rotation": [0, -40, 0],
					"cubes": [
						{"origin": [3.5, 21.25, -0.5], "size": [7, 0, 15], "uv": [146, 125]}
					]
				},
				{
					"name": "leaf_left10",
					"parent": "leaf_left9",
					"pivot": [10.5, 21.25, 7],
					"cubes": [
						{"origin": [10.5, 21.25, -1], "size": [6, 0, 16], "uv": [92, 142]},
						{"origin": [10.5, 21.25, 6.5], "size": [6, 0, 1], "inflate": 0.01, "uv": [136, 92]}
					]
				},
				{
					"name": "leaf_left11",
					"parent": "leaf_left10",
					"pivot": [16.5, 21.25, 7],
					"cubes": [
						{"origin": [16.5, 21.25, -1], "size": [6, 0, 16], "uv": [136, 142]},
						{"origin": [16.5, 21.25, 6.5], "size": [6, 0, 1], "inflate": 0.01, "uv": [124, 31]}
					]
				},
				{
					"name": "leaf_left12",
					"parent": "leaf_left11",
					"pivot": [22.5, 21.25, 7],
					"cubes": [
						{"origin": [22.5, 21.25, -0.5], "size": [11, 0, 15], "uv": [114, 93]}
					]
				},
				{
					"name": "leaf_left13",
					"parent": "leaf_left12",
					"pivot": [33.5, 21.25, 7],
					"cubes": [
						{"origin": [33.5, 21.25, 2.5], "size": [11, 0, 9], "uv": [188, 155]}
					]
				},
				{
					"name": "tree",
					"parent": "foliage",
					"pivot": [0, 24, 3],
					"cubes": [
						{"origin": [-3.5, 19.5, -0.5], "size": [7, 7, 7], "uv": [194, 104]}
					]
				},
				{
					"name": "tree2",
					"parent": "tree",
					"pivot": [0, 25, 3],
					"cubes": [
						{"origin": [-4.5, 25, -1.5], "size": [9, 9, 9], "uv": [0, 159]}
					]
				},
				{
					"name": "tree3",
					"parent": "tree2",
					"pivot": [0, 34, 3],
					"cubes": [
						{"origin": [-3.5, 33.5, -0.5], "size": [7, 4, 7], "uv": [194, 177]}
					]
				},
				{
					"name": "flower",
					"parent": "tree3",
					"pivot": [0, 37.5, 3]
				},
				{
					"name": "flower_top",
					"parent": "flower",
					"pivot": [0, 37.51, 3],
					"cubes": [
						{"origin": [-8.5, 37.51, -5.5], "size": [17, 0, 17], "inflate": 0.03, "uv": [68, 61]}
					]
				},
				{
					"name": "tree_crown",
					"parent": "flower_top",
					"pivot": [0, 37.5, 3],
					"cubes": [
						{"origin": [8.5, 37.5, -5.5], "size": [0, 4, 17], "uv": [154, 158]},
						{"origin": [-8.5, 37.5, -5.5], "size": [0, 4, 17], "uv": [154, 158], "mirror": true},
						{"origin": [-8, 37.5, -7.001], "size": [0, 4, 17], "pivot": [1, 32, 2.499], "rotation": [0, 90, 0], "uv": [154, 158]},
						{"origin": [9, 37.5, -7.001], "size": [0, 4, 17], "pivot": [1, 31.5, 2.499], "rotation": [0, 90, 0], "uv": [154, 158]},
						{"origin": [5.5, 36, -2.5], "size": [0, 11, 11], "uv": [112, 194]},
						{"origin": [-5.5, 36, -2.5], "size": [0, 11, 11], "uv": [112, 194], "mirror": true},
						{"origin": [0, 36, 2.999], "size": [0, 11, 11], "pivot": [0, 43.5, 8.499], "rotation": [0, 90, 0], "uv": [112, 194]},
						{"origin": [11, 36, 2.999], "size": [0, 11, 11], "pivot": [0, 43.5, 8.499], "rotation": [0, 90, 0], "uv": [112, 194]}
					]
				},
				{
					"name": "gmax_swirlie",
					"parent": "tree_crown",
					"pivot": [-0.0003, 51, 3.77165],
					"cubes": [
						{"origin": [-8.5, 47.5, 6.999], "size": [0, 7, 18], "pivot": [0.5, 42, 16.499], "rotation": [0, 90, 0], "uv": [0, 196]},
						{"origin": [5.5, 47.5, -22.45684], "size": [0, 7, 18], "pivot": [0.5, 42, -12.95684], "rotation": [0, 90, 0], "uv": [56, 206]},
						{"origin": [15.36325, 47.5, 10.13533], "size": [0, 7, 18], "pivot": [15.36325, 51, 19.13533], "rotation": [0, 135, 0], "uv": [0, 187]},
						{"origin": [15.36396, 47.5, -20.59188], "size": [0, 7, 18], "pivot": [15.36396, 51, -11.59188], "rotation": [0, -135, 0], "uv": [56, 188]},
						{"origin": [-15.36467, 47.5, -20.59259], "size": [0, 7, 18], "pivot": [-15.36467, 51, -11.59259], "rotation": [0, 135, 0], "uv": [113, 199], "mirror": true},
						{"origin": [-15.36396, 47.5, 10.13604], "size": [0, 7, 18], "pivot": [-15.36396, 51, 19.13604], "rotation": [0, -135, 0], "uv": [0, 204], "mirror": true},
						{"origin": [21.72792, 47.5, -5.22792], "size": [0, 7, 18], "pivot": [21.72792, 51, 3.77208], "rotation": [0, 180, 0], "uv": [56, 197]},
						{"origin": [-21.72892, 47.5, -5.22792], "size": [0, 7, 18], "pivot": [-21.72892, 51, 3.77208], "rotation": [0, -180, 0], "uv": [112, 207], "mirror": true}
					]
				},
				{
					"name": "egg",
					"parent": "tree_crown",
					"pivot": [0, 37.5, 3]
				},
				{
					"name": "petals",
					"parent": "flower",
					"pivot": [0, 37.5, 3]
				},
				{
					"name": "petals_left",
					"parent": "petals",
					"pivot": [0, 37.5, 3]
				},
				{
					"name": "petals_left1",
					"parent": "petals_left",
					"pivot": [0, 37.5, 3],
					"rotation": [0, 30, 0]
				},
				{
					"name": "petal_left_front",
					"parent": "petals_left1",
					"pivot": [-0.76604, 37.5, 2.35721],
					"rotation": [0, -40, 0],
					"cubes": [
						{"origin": [-0.76604, 35.5, -8.64279], "size": [5, 2, 11], "inflate": 0.01, "uv": [190, 120]}
					]
				},
				{
					"name": "petal_left_front2",
					"parent": "petal_left_front",
					"pivot": [-0.76604, 37.5, -8.64279],
					"cubes": [
						{"origin": [-1.76604, 35.5, -23.64279], "size": [7, 2, 15], "uv": [136, 50]}
					]
				},
				{
					"name": "petal_left_front3",
					"parent": "petal_left_front2",
					"pivot": [-0.26604, 37.5, -23.64279],
					"cubes": [
						{"origin": [-3.26604, 35.5, -32.64279], "size": [10, 2, 9], "uv": [184, 31]}
					]
				},
				{
					"name": "petal_left_front4",
					"parent": "petal_left_front3",
					"pivot": [-0.26604, 37.5, -32.64279],
					"cubes": [
						{"origin": [-3.26604, 35.5, -42.64279], "size": [10, 2, 10], "uv": [154, 179]}
					]
				},
				{
					"name": "petals_left2",
					"parent": "petals_left",
					"pivot": [0, 37.5, 3],
					"rotation": [0, 2.5, 0]
				},
				{
					"name": "petal_left_front5",
					"parent": "petals_left2",
					"pivot": [-0.76604, 37.5, 2.35721],
					"rotation": [0, -40, 0],
					"cubes": [
						{"origin": [-3.76604, 35.5, -8.64279], "size": [8, 2, 11], "inflate": 0.01, "uv": [180, 47]}
					]
				},
				{
					"name": "petal_left_front6",
					"parent": "petal_left_front5",
					"pivot": [-0.76604, 37.5, -8.64279],
					"cubes": [
						{"origin": [-4.76604, 35.5, -23.64279], "size": [10, 2, 15], "uv": [96, 125]}
					]
				},
				{
					"name": "petal_left_front7",
					"parent": "petal_left_front6",
					"pivot": [-0.26604, 37.5, -23.64279],
					"cubes": [
						{"origin": [-6.26604, 35.5, -32.64279], "size": [13, 2, 9], "uv": [150, 12]}
					]
				},
				{
					"name": "petal_left_front8",
					"parent": "petal_left_front7",
					"pivot": [-0.26604, 37.5, -32.64279],
					"cubes": [
						{"origin": [-6.26604, 35.5, -42.64279], "size": [13, 2, 10], "uv": [148, 108]}
					]
				},
				{
					"name": "petals_left3",
					"parent": "petals_left",
					"pivot": [0, 37.5, 3],
					"rotation": [0, -25, 0]
				},
				{
					"name": "petal_left_front9",
					"parent": "petals_left3",
					"pivot": [-0.76604, 37.5, 2.35721],
					"rotation": [0, -40, 0],
					"cubes": [
						{"origin": [-3.76604, 35.5, -8.64279], "size": [8, 2, 11], "inflate": 0.01, "uv": [180, 47]}
					]
				},
				{
					"name": "petal_left_front10",
					"parent": "petal_left_front9",
					"pivot": [-0.76604, 37.5, -8.64279],
					"cubes": [
						{"origin": [-4.76604, 35.5, -23.64279], "size": [10, 2, 15], "uv": [96, 125]}
					]
				},
				{
					"name": "petal_left_front11",
					"parent": "petal_left_front10",
					"pivot": [-0.26604, 37.5, -23.64279],
					"cubes": [
						{"origin": [-6.26604, 35.5, -32.64279], "size": [13, 2, 9], "uv": [150, 12]}
					]
				},
				{
					"name": "petal_left_front12",
					"parent": "petal_left_front11",
					"pivot": [-0.26604, 37.5, -32.64279],
					"cubes": [
						{"origin": [-6.26604, 35.5, -42.64279], "size": [13, 2, 10], "uv": [148, 108]}
					]
				},
				{
					"name": "petals_left4",
					"parent": "petals_left",
					"pivot": [0, 37.5, 3],
					"rotation": [0, -52.5, 0]
				},
				{
					"name": "petal_left_front13",
					"parent": "petals_left4",
					"pivot": [-0.76604, 37.5, 2.35721],
					"rotation": [0, -40, 0],
					"cubes": [
						{"origin": [-3.76604, 35.5, -8.64279], "size": [8, 2, 11], "inflate": 0.01, "uv": [180, 47]}
					]
				},
				{
					"name": "petal_left_front14",
					"parent": "petal_left_front13",
					"pivot": [-0.76604, 37.5, -8.64279],
					"cubes": [
						{"origin": [-4.76604, 35.5, -23.64279], "size": [10, 2, 15], "uv": [96, 125]}
					]
				},
				{
					"name": "petal_left_front15",
					"parent": "petal_left_front14",
					"pivot": [-0.26604, 37.5, -23.64279],
					"cubes": [
						{"origin": [-6.26604, 35.5, -32.64279], "size": [13, 2, 9], "uv": [150, 12]}
					]
				},
				{
					"name": "petal_left_front16",
					"parent": "petal_left_front15",
					"pivot": [-0.26604, 37.5, -32.64279],
					"cubes": [
						{"origin": [-6.26604, 35.5, -42.64279], "size": [13, 2, 10], "uv": [148, 108]}
					]
				},
				{
					"name": "petals_left5",
					"parent": "petals_left",
					"pivot": [0, 37.5, 3],
					"rotation": [0, -80, 0]
				},
				{
					"name": "petal_left_front17",
					"parent": "petals_left5",
					"pivot": [-0.76604, 37.5, 2.35721],
					"rotation": [0, -40, 0],
					"cubes": [
						{"origin": [-3.76604, 35.5, -8.64279], "size": [8, 2, 11], "inflate": 0.01, "uv": [180, 47]}
					]
				},
				{
					"name": "petal_left_front18",
					"parent": "petal_left_front17",
					"pivot": [-0.76604, 37.5, -8.64279],
					"cubes": [
						{"origin": [-4.76604, 35.5, -23.64279], "size": [10, 2, 15], "uv": [96, 125]}
					]
				},
				{
					"name": "petal_left_front19",
					"parent": "petal_left_front18",
					"pivot": [-0.26604, 37.5, -23.64279],
					"cubes": [
						{"origin": [-6.26604, 35.5, -32.64279], "size": [13, 2, 9], "uv": [150, 12]}
					]
				},
				{
					"name": "petal_left_front20",
					"parent": "petal_left_front19",
					"pivot": [-0.26604, 37.5, -32.64279],
					"cubes": [
						{"origin": [-6.26604, 35.5, -42.64279], "size": [13, 2, 10], "uv": [148, 108]}
					]
				},
				{
					"name": "petals_left6",
					"parent": "petals_left",
					"pivot": [0, 37.5, 3],
					"rotation": [0, -107.5, 0]
				},
				{
					"name": "petal_left_front21",
					"parent": "petals_left6",
					"pivot": [-0.76604, 37.5, 2.35721],
					"rotation": [0, -40, 0],
					"cubes": [
						{"origin": [-3.76604, 35.5, -8.64279], "size": [8, 2, 11], "inflate": 0.01, "uv": [180, 47]}
					]
				},
				{
					"name": "petal_left_front22",
					"parent": "petal_left_front21",
					"pivot": [-0.76604, 37.5, -8.64279],
					"cubes": [
						{"origin": [-4.76604, 35.5, -23.64279], "size": [10, 2, 15], "uv": [96, 125]}
					]
				},
				{
					"name": "petal_left_front23",
					"parent": "petal_left_front22",
					"pivot": [-0.26604, 37.5, -23.64279],
					"cubes": [
						{"origin": [-6.26604, 35.5, -32.64279], "size": [13, 2, 9], "uv": [150, 12]}
					]
				},
				{
					"name": "petal_left_front24",
					"parent": "petal_left_front23",
					"pivot": [-0.26604, 37.5, -32.64279],
					"cubes": [
						{"origin": [-6.26604, 35.5, -42.64279], "size": [13, 2, 10], "uv": [148, 108]}
					]
				},
				{
					"name": "petals_left7",
					"parent": "petals_left",
					"pivot": [0, 37.5, 3],
					"rotation": [0, -141, 0]
				},
				{
					"name": "petal_left_front25",
					"parent": "petals_left7",
					"pivot": [-0.76604, 37.5, 2.35721],
					"rotation": [0, -40, 0],
					"cubes": [
						{"origin": [-3.76604, 35.5, -8.64279], "size": [7, 2, 11], "inflate": 0.01, "uv": [34, 186]}
					]
				},
				{
					"name": "petal_left_front26",
					"parent": "petal_left_front25",
					"pivot": [-0.76604, 37.5, -8.64279],
					"cubes": [
						{"origin": [-5.76604, 35.5, -23.64279], "size": [11, 2, 15], "uv": [96, 108]}
					]
				},
				{
					"name": "petal_left_front27",
					"parent": "petal_left_front26",
					"pivot": [-0.26604, 37.5, -23.64279],
					"cubes": [
						{"origin": [-7.26604, 35.5, -32.64279], "size": [14, 2, 9], "uv": [80, 50]}
					]
				},
				{
					"name": "petal_left_front28",
					"parent": "petal_left_front27",
					"pivot": [-0.26604, 37.5, -32.64279],
					"cubes": [
						{"origin": [-7.26604, 35.5, -42.64279], "size": [14, 2, 10], "uv": [146, 0]}
					]
				},
				{
					"name": "petals_right",
					"parent": "petals",
					"pivot": [0, 37.5, 3]
				},
				{
					"name": "petals_right1",
					"parent": "petals_right",
					"pivot": [0, 37.5, 3],
					"rotation": [0, -30, 0]
				},
				{
					"name": "petal_right_front",
					"parent": "petals_right1",
					"pivot": [0.76604, 37.5, 2.35721],
					"rotation": [0, 40, 0],
					"cubes": [
						{"origin": [-3.23396, 35.5, -8.64279], "size": [6, 2, 11], "inflate": 0.01, "uv": [188, 164]}
					]
				},
				{
					"name": "petal_right_front2",
					"parent": "petal_right_front",
					"pivot": [0.76604, 37.5, -8.64279],
					"cubes": [
						{"origin": [-4.23396, 35.5, -23.64279], "size": [8, 2, 15], "uv": [0, 127]}
					]
				},
				{
					"name": "petal_right_front3",
					"parent": "petal_right_front2",
					"pivot": [0.26604, 37.5, -23.64279],
					"cubes": [
						{"origin": [-5.73396, 35.5, -32.64279], "size": [11, 2, 9], "uv": [180, 60]}
					]
				},
				{
					"name": "petal_right_front4",
					"parent": "petal_right_front3",
					"pivot": [0.26604, 37.5, -32.64279],
					"cubes": [
						{"origin": [-5.73396, 35.5, -42.64279], "size": [11, 2, 10], "uv": [36, 167]}
					]
				},
				{
					"name": "petals_right2",
					"parent": "petals_right",
					"pivot": [0, 37.5, 3],
					"rotation": [0, -2.5, 0]
				},
				{
					"name": "petal_right_front5",
					"parent": "petals_right2",
					"pivot": [0.76604, 37.5, 2.35721],
					"rotation": [0, 40, 0],
					"cubes": [
						{"origin": [-4.23396, 35.5, -8.64279], "size": [8, 2, 11], "inflate": 0.01, "uv": [180, 47], "mirror": true}
					]
				},
				{
					"name": "petal_right_front6",
					"parent": "petal_right_front5",
					"pivot": [0.76604, 37.5, -8.64279],
					"cubes": [
						{"origin": [-5.23396, 35.5, -23.64279], "size": [10, 2, 15], "uv": [96, 125], "mirror": true}
					]
				},
				{
					"name": "petal_right_front7",
					"parent": "petal_right_front6",
					"pivot": [0.26604, 37.5, -23.64279],
					"cubes": [
						{"origin": [-6.73396, 35.5, -32.64279], "size": [13, 2, 9], "uv": [150, 12], "mirror": true}
					]
				},
				{
					"name": "petal_right_front8",
					"parent": "petal_right_front7",
					"pivot": [0.26604, 37.5, -32.64279],
					"cubes": [
						{"origin": [-6.73396, 35.5, -42.64279], "size": [13, 2, 10], "uv": [148, 108], "mirror": true}
					]
				},
				{
					"name": "petals_right3",
					"parent": "petals_right",
					"pivot": [0, 37.5, 3],
					"rotation": [0, 25, 0]
				},
				{
					"name": "petal_right_front9",
					"parent": "petals_right3",
					"pivot": [0.76604, 37.5, 2.35721],
					"rotation": [0, 40, 0],
					"cubes": [
						{"origin": [-4.23396, 35.5, -8.64279], "size": [8, 2, 11], "inflate": 0.01, "uv": [180, 47], "mirror": true}
					]
				},
				{
					"name": "petal_right_front10",
					"parent": "petal_right_front9",
					"pivot": [0.76604, 37.5, -8.64279],
					"cubes": [
						{"origin": [-5.23396, 35.5, -23.64279], "size": [10, 2, 15], "uv": [96, 125], "mirror": true}
					]
				},
				{
					"name": "petal_right_front11",
					"parent": "petal_right_front10",
					"pivot": [0.26604, 37.5, -23.64279],
					"cubes": [
						{"origin": [-6.73396, 35.5, -32.64279], "size": [13, 2, 9], "uv": [150, 12], "mirror": true}
					]
				},
				{
					"name": "petal_right_front12",
					"parent": "petal_right_front11",
					"pivot": [0.26604, 37.5, -32.64279],
					"cubes": [
						{"origin": [-6.73396, 35.5, -42.64279], "size": [13, 2, 10], "uv": [148, 108], "mirror": true}
					]
				},
				{
					"name": "petals_right4",
					"parent": "petals_right",
					"pivot": [0, 37.5, 3],
					"rotation": [0, 52.5, 0]
				},
				{
					"name": "petal_right_front13",
					"parent": "petals_right4",
					"pivot": [0.76604, 37.5, 2.35721],
					"rotation": [0, 40, 0],
					"cubes": [
						{"origin": [-4.23396, 35.5, -8.64279], "size": [8, 2, 11], "inflate": 0.01, "uv": [180, 47], "mirror": true}
					]
				},
				{
					"name": "petal_right_front14",
					"parent": "petal_right_front13",
					"pivot": [0.76604, 37.5, -8.64279],
					"cubes": [
						{"origin": [-5.23396, 35.5, -23.64279], "size": [10, 2, 15], "uv": [96, 125], "mirror": true}
					]
				},
				{
					"name": "petal_right_front15",
					"parent": "petal_right_front14",
					"pivot": [0.26604, 37.5, -23.64279],
					"cubes": [
						{"origin": [-6.73396, 35.5, -32.64279], "size": [13, 2, 9], "uv": [150, 12], "mirror": true}
					]
				},
				{
					"name": "petal_right_front16",
					"parent": "petal_right_front15",
					"pivot": [0.26604, 37.5, -32.64279],
					"cubes": [
						{"origin": [-6.73396, 35.5, -42.64279], "size": [13, 2, 10], "uv": [148, 108], "mirror": true}
					]
				},
				{
					"name": "petals_right5",
					"parent": "petals_right",
					"pivot": [0, 37.5, 3],
					"rotation": [0, 80, 0]
				},
				{
					"name": "petal_right_front17",
					"parent": "petals_right5",
					"pivot": [0.76604, 37.5, 2.35721],
					"rotation": [0, 40, 0],
					"cubes": [
						{"origin": [-4.23396, 35.5, -8.64279], "size": [8, 2, 11], "inflate": 0.01, "uv": [180, 47], "mirror": true}
					]
				},
				{
					"name": "petal_right_front18",
					"parent": "petal_right_front17",
					"pivot": [0.76604, 37.5, -8.64279],
					"cubes": [
						{"origin": [-5.23396, 35.5, -23.64279], "size": [10, 2, 15], "uv": [96, 125], "mirror": true}
					]
				},
				{
					"name": "petal_right_front19",
					"parent": "petal_right_front18",
					"pivot": [0.26604, 37.5, -23.64279],
					"cubes": [
						{"origin": [-6.73396, 35.5, -32.64279], "size": [13, 2, 9], "uv": [150, 12], "mirror": true}
					]
				},
				{
					"name": "petal_right_front20",
					"parent": "petal_right_front19",
					"pivot": [0.26604, 37.5, -32.64279],
					"cubes": [
						{"origin": [-6.73396, 35.5, -42.64279], "size": [13, 2, 10], "uv": [148, 108], "mirror": true}
					]
				},
				{
					"name": "petals_right6",
					"parent": "petals_right",
					"pivot": [0, 37.5, 3],
					"rotation": [0, 107.5, 0]
				},
				{
					"name": "petal_right_front21",
					"parent": "petals_right6",
					"pivot": [0.76604, 37.5, 2.35721],
					"rotation": [0, 40, 0],
					"cubes": [
						{"origin": [-4.23396, 35.5, -8.64279], "size": [8, 2, 11], "inflate": 0.01, "uv": [180, 47], "mirror": true}
					]
				},
				{
					"name": "petal_right_front22",
					"parent": "petal_right_front21",
					"pivot": [0.76604, 37.5, -8.64279],
					"cubes": [
						{"origin": [-5.23396, 35.5, -23.64279], "size": [10, 2, 15], "uv": [96, 125], "mirror": true}
					]
				},
				{
					"name": "petal_right_front23",
					"parent": "petal_right_front22",
					"pivot": [0.26604, 37.5, -23.64279],
					"cubes": [
						{"origin": [-6.73396, 35.5, -32.64279], "size": [13, 2, 9], "uv": [150, 12], "mirror": true}
					]
				},
				{
					"name": "petal_right_front24",
					"parent": "petal_right_front23",
					"pivot": [0.26604, 37.5, -32.64279],
					"cubes": [
						{"origin": [-6.73396, 35.5, -42.64279], "size": [13, 2, 10], "uv": [148, 108], "mirror": true}
					]
				},
				{
					"name": "front_legs",
					"parent": "waist",
					"pivot": [0, 14, 0.5]
				},
				{
					"name": "leg_front_left",
					"parent": "front_legs",
					"pivot": [14, 14, 0.5],
					"cubes": [
						{"origin": [10.5, 8, -4.5], "size": [9, 10, 10], "uv": [44, 147]},
						{"origin": [10.5, 8, -4.5], "size": [9, 10, 10], "inflate": 0.25, "uv": [82, 158]}
					]
				},
				{
					"name": "leg_front_left2",
					"parent": "leg_front_left",
					"pivot": [15, 8, 5.5],
					"cubes": [
						{"origin": [11.5, 2, -2.5], "size": [7, 6, 8], "uv": [148, 191]},
						{"origin": [11.5, 2, -2.5], "size": [7, 6, 8], "inflate": 0.25, "uv": [194, 0]}
					]
				},
				{
					"name": "foot_front_left",
					"parent": "leg_front_left2",
					"pivot": [13, 2, 3],
					"cubes": [
						{"origin": [11.5, 0, -3.5], "size": [7, 3, 9], "inflate": 0.01, "uv": [178, 191]}
					]
				},
				{
					"name": "locator_foot_secondary1",
					"parent": "foot_front_left",
					"pivot": [15.25, 1.8, 1],
					"rotation": [90, 0, 0],
					"locators": {
						"foot_secondary1": [15.25, 1.8, 1]
					}
				},
				{
					"name": "left_toes",
					"parent": "foot_front_left",
					"pivot": [15, 2, -3.5]
				},
				{
					"name": "left_toe_out",
					"parent": "left_toes",
					"pivot": [17.5, 0, -3.5],
					"rotation": [0, -27.5, 0],
					"cubes": [
						{"origin": [16.5, 0, -4.5], "size": [2, 2, 2], "uv": [48, 104]}
					]
				},
				{
					"name": "left_toe_in",
					"parent": "left_toes",
					"pivot": [12.5, 0, -3.5],
					"rotation": [0, 27.5, 0],
					"cubes": [
						{"origin": [11.5, 0, -4.5], "size": [2, 2, 2], "uv": [48, 104]}
					]
				},
				{
					"name": "left_toe_front",
					"parent": "left_toes",
					"pivot": [15, 0, -3.5],
					"cubes": [
						{"origin": [14, 0, -5], "size": [2, 2, 2], "uv": [48, 104]}
					]
				},
				{
					"name": "leg_front_right",
					"parent": "front_legs",
					"pivot": [-14, 14, 0.5],
					"cubes": [
						{"origin": [-19.5, 8, -4.5], "size": [9, 10, 10], "uv": [44, 147], "mirror": true},
						{"origin": [-19.5, 8, -4.5], "size": [9, 10, 10], "inflate": 0.25, "uv": [82, 158], "mirror": true}
					]
				},
				{
					"name": "leg_front_right2",
					"parent": "leg_front_right",
					"pivot": [-15, 8, 5.5],
					"cubes": [
						{"origin": [-18.5, 2, -2.5], "size": [7, 6, 8], "uv": [148, 191], "mirror": true},
						{"origin": [-18.5, 2, -2.5], "size": [7, 6, 8], "inflate": 0.25, "uv": [194, 0], "mirror": true}
					]
				},
				{
					"name": "foot_front_right",
					"parent": "leg_front_right2",
					"pivot": [-13, 2, 3],
					"cubes": [
						{"origin": [-18.5, 0, -3.5], "size": [7, 3, 9], "inflate": 0.01, "uv": [178, 191], "mirror": true}
					]
				},
				{
					"name": "locator_foot_secondary2",
					"parent": "foot_front_right",
					"pivot": [-15.25, 1.8, 1],
					"rotation": [90, 0, 0],
					"locators": {
						"foot_secondary2": [-15.25, 1.8, 1]
					}
				},
				{
					"name": "right_toes",
					"parent": "foot_front_right",
					"pivot": [-15, 2, -3.5]
				},
				{
					"name": "right_toe_out",
					"parent": "right_toes",
					"pivot": [-17.5, 0, -3.5],
					"rotation": [0, 27.5, 0],
					"cubes": [
						{"origin": [-18.5, 0, -4.5], "size": [2, 2, 2], "uv": [48, 104], "mirror": true}
					]
				},
				{
					"name": "right_toe_in",
					"parent": "right_toes",
					"pivot": [-12.5, 0, -3.5],
					"rotation": [0, -27.5, 0],
					"cubes": [
						{"origin": [-13.5, 0, -4.5], "size": [2, 2, 2], "uv": [48, 104], "mirror": true}
					]
				},
				{
					"name": "right_toe_front",
					"parent": "right_toes",
					"pivot": [-15, 0, -3.5],
					"cubes": [
						{"origin": [-16, 0, -5], "size": [2, 2, 2], "uv": [48, 104], "mirror": true}
					]
				},
				{
					"name": "back_legs",
					"parent": "body",
					"pivot": [0, 12.5, 18.5]
				},
				{
					"name": "leg_left",
					"parent": "back_legs",
					"pivot": [11, 12.5, 18.5],
					"cubes": [
						{"origin": [7, 8, 7.5], "size": [10, 9, 14], "uv": [0, 104]},
						{"origin": [7, 8, 7.5], "size": [10, 9, 14], "inflate": 0.25, "uv": [48, 108]}
					]
				},
				{
					"name": "knee_left",
					"parent": "leg_left",
					"pivot": [12, 8, 7.5],
					"cubes": [
						{"origin": [8, 2, 7.5], "size": [8, 6, 9], "uv": [180, 140]},
						{"origin": [8, 2, 7.5], "size": [8, 6, 9], "inflate": 0.25, "uv": [0, 186]}
					]
				},
				{
					"name": "foot_back_left",
					"parent": "knee_left",
					"pivot": [10, 2, 13],
					"cubes": [
						{"origin": [8, 0, 6.5], "size": [8, 3, 10], "inflate": 0.01, "uv": [112, 181]}
					]
				},
				{
					"name": "locator_foot_secondary3",
					"parent": "foot_back_left",
					"pivot": [11.75, 1.75, 11.5],
					"rotation": [90, 0, 0],
					"locators": {
						"foot_secondary3": [11.75, 1.75, 11.5]
					}
				},
				{
					"name": "left_toes_back",
					"parent": "foot_back_left",
					"pivot": [12, 2, 6.5]
				},
				{
					"name": "left_toe_out_back",
					"parent": "left_toes_back",
					"pivot": [14.5, 0, 6.5],
					"rotation": [0, -27.5, 0],
					"cubes": [
						{"origin": [14, 0, 5.4], "size": [2, 2, 2], "uv": [48, 104]}
					]
				},
				{
					"name": "left_toe_in_back",
					"parent": "left_toes_back",
					"pivot": [9.5, 0, 6.5],
					"rotation": [0, 27.5, 0],
					"cubes": [
						{"origin": [8, 0, 5.4], "size": [2, 2, 2], "uv": [48, 104]}
					]
				},
				{
					"name": "left_toe_front_back",
					"parent": "left_toes_back",
					"pivot": [12, 0, 6.5],
					"cubes": [
						{"origin": [11, 0, 5.25], "size": [2, 2, 2], "uv": [48, 104]}
					]
				},
				{
					"name": "leg_right",
					"parent": "back_legs",
					"pivot": [-11, 12.5, 18.5],
					"cubes": [
						{"origin": [-17, 8, 7.5], "size": [10, 9, 14], "uv": [0, 104], "mirror": true},
						{"origin": [-17, 8, 7.5], "size": [10, 9, 14], "inflate": 0.25, "uv": [48, 108], "mirror": true}
					]
				},
				{
					"name": "knee_right",
					"parent": "leg_right",
					"pivot": [-12, 8, 7.5],
					"cubes": [
						{"origin": [-16, 2, 7.5], "size": [8, 6, 9], "uv": [180, 140], "mirror": true},
						{"origin": [-16, 2, 7.5], "size": [8, 6, 9], "inflate": 0.25, "uv": [0, 186], "mirror": true}
					]
				},
				{
					"name": "foot_back_right",
					"parent": "knee_right",
					"pivot": [-10, 2, 13],
					"cubes": [
						{"origin": [-16, 0, 6.5], "size": [8, 3, 10], "inflate": 0.01, "uv": [112, 181], "mirror": true}
					]
				},
				{
					"name": "locator_foot_secondary4",
					"parent": "foot_back_right",
					"pivot": [-11.75, 1.75, 11.5],
					"rotation": [90, 0, 0],
					"locators": {
						"foot_secondary4": [-11.75, 1.75, 11.5]
					}
				},
				{
					"name": "right_toes_back",
					"parent": "foot_back_right",
					"pivot": [-12, 2, 6.5]
				},
				{
					"name": "right_toe_out_back",
					"parent": "right_toes_back",
					"pivot": [-14.5, 0, 6.5],
					"rotation": [0, 27.5, 0],
					"cubes": [
						{"origin": [-16, 0, 5.4], "size": [2, 2, 2], "uv": [48, 104], "mirror": true}
					]
				},
				{
					"name": "right_toe_in_back",
					"parent": "right_toes_back",
					"pivot": [-9.5, 0, 6.5],
					"rotation": [0, -27.5, 0],
					"cubes": [
						{"origin": [-10, 0, 5.4], "size": [2, 2, 2], "uv": [48, 104], "mirror": true}
					]
				},
				{
					"name": "right_toe_front_back",
					"parent": "right_toes_back",
					"pivot": [-12, 0, 6.5],
					"cubes": [
						{"origin": [-13, 0, 5.25], "size": [2, 2, 2], "uv": [48, 104], "mirror": true}
					]
				}
			]
		}
	]
}