{
  "animations": {
    "animation.kartana.battle_idle": {
      "bones": {
        "arm_blade_left": {
          "rotation": [0, "15+math.cos((q.anim_time-0.6)*360*0.5)*7", 0]
        },
        "arm_blade_right": {
          "rotation": [-1.0708, "-14.9626-math.cos((q.anim_time-0.6)*360*0.5)*7", 4.14062]
        },
        "arm_elbow_left": {
          "rotation": [0, "3.9984+math.cos((q.anim_time-0.3)*360*0.5)*7", -0.1137]
        },
        "arm_elbow_left2": {
          "rotation": [1.20483, "10.0211+math.cos((q.anim_time-0.5)*360*0.5)*7", -1.4219]
        },
        "arm_elbow_right": {
          "rotation": [-0.56748, "-17.9876-math.cos((q.anim_time-0.35)*360*0.5)*7", 2.61603]
        },
        "arm_elbow_right2": {
          "rotation": [1.43141, "-6.0621-math.cos((q.anim_time-0.5)*360*0.5)*7", 7.24614]
        },
        "arm_hand_left": {
          "rotation": [0, "2.5+math.cos((q.anim_time-0.6)*360*0.5)*7", 0]
        },
        "arm_hand_right": {
          "rotation": [-0.7754, "-12.4763-math.cos((q.anim_time-0.6)*360*0.5)*7", 3.58476]
        },
        "arm_left": {
          "rotation": [2.50754, "1.9981+math.cos((q.anim_time-0.1)*360*0.25)*4 * math.cos((q.anim_time-0.2)*180*0.15)*1", "0.0877-math.cos((q.anim_time-0.3)*360*0.5)*4+math.cos((q.anim_time-0.8)*360*0.5)*6"]
        },
        "arm_right": {
          "rotation": [-9.14975, "-24.5379+math.cos((q.anim_time-0.15)*360*0.25)*4 * math.cos((q.anim_time-0.2)*180*0.15)*1", "4.4657+math.cos((q.anim_time-0.4)*360*0.52)*4-math.cos((q.anim_time-0.8)*360*0.5)*6"]
        },
        "armholder": {
          "rotation": ["-1+math.cos((q.anim_time-0.7)*360*0.5)*4+math.cos((q.anim_time-1)*360*0.5)*2", 0, 0]
        },
        "body": {
          "position": [0, "5-math.sin(q.anim_time*90*4)*1", 0],
          "rotation": ["0-math.sin(q.anim_time*90*2-60)*15", "0-math.sin(q.anim_time*90*2+60)*10", "0-math.sin(q.anim_time*90*2+60)*5"]
        },
        "ear_left": {
          "position": [-0.1, 0, 0],
          "rotation": ["0-math.cos((q.anim_time-0.7)*360*0.5)*4-math.cos((q.anim_time-1)*360*0.5)*2", -2.5, -5]
        },
        "ear_left2": {
          "rotation": ["-6-math.cos((q.anim_time-0.7)*360*0.5)*4-math.cos((q.anim_time-1)*360*0.5)*2", -5, 0]
        },
        "ear_right": {
          "position": [0.1, 0, 0],
          "rotation": ["0-math.cos((q.anim_time-0.7)*360*0.5)*4-math.cos((q.anim_time-1)*360*0.5)*2", 0, 5]
        },
        "ear_right2": {
          "rotation": ["-6-math.cos((q.anim_time-0.7)*360*0.5)*4-math.cos((q.anim_time-1)*360*0.5)*2", 5, 0]
        },
        "head": {
          "position": [0, -0.2, 0],
          "rotation": [0, -5, 0]
        },
        "hip": {
          "rotation": ["10+math.cos((q.anim_time-0.3)*160*0.5)*7-math.cos((q.anim_time-0.8)*140*0.5)*4", 0, 0]
        },
        "leg_knee_left": {
          "position": [-0.1, 0, 0],
          "rotation": ["0.7458+math.sin(q.anim_time*90*2+150)*15", "17.6196-math.sin(q.anim_time*90*2+60)*10", "12.2906+math.cos((q.anim_time-0.3)*360*0.5)*7"]
        },
        "leg_knee_right": {
          "rotation": ["0.7729+math.sin(q.anim_time*90*2+180)*15", "10.5725+math.sin(q.anim_time*90*2+150)*10", "8.6218-math.cos((q.anim_time-0.3)*360*0.5)*7"]
        },
        "leg_left": {
          "position": [0.2, 0, 0],
          "rotation": [8, 0, "0+math.cos((q.anim_time-0.3)*360*0.5)*7"]
        },
        "leg_lower_left": {
          "rotation": [-15, 0, "math.sin(q.anim_time*90*2)*15"]
        },
        "leg_lower_right": {
          "rotation": [-10, 0, "math.sin(q.anim_time*90*2+180)*15"]
        },
        "leg_right": {
          "position": [-0.3, 0, 0],
          "rotation": [18.52831, -5.89079, "-5.5069-math.cos((q.anim_time-0.3)*360*0.5)*7"]
        },
        "leg_rotation_right": {
          "rotation": [-84.25993, 10.04937, 84.34742]
        },
        "shoulder_left": {
          "rotation": [0, 0, "7-math.cos((q.anim_time-0.7)*360*0.5)*4+math.cos((q.anim_time-1)*360*0.5)*2"]
        },
        "shoulder_pawn_left": {
          "rotation": [0.20948, "-2.0085-math.cos((q.anim_time-0.6)*360*0.5)*4+math.cos((q.anim_time-0.8)*360*0.5)*6", "-3.989+math.cos((q.anim_time-0.2)*360*0.5)*4+math.cos((q.anim_time-0.8)*360*0.5)*6"]
        },
        "shoulder_pawn_left2": {
          "rotation": [-0.17367, "-0.9848-math.cos((q.anim_time-0.6)*360*0.5)*4+math.cos((q.anim_time-0.8)*360*0.5)*6", "5.0007+math.cos((q.anim_time-0.4)*360*0.5)*4+math.cos((q.anim_time-0.8)*360*0.5)*6"]
        },
        "shoulder_pawn_left3": {
          "rotation": [0, "0-math.cos((q.anim_time-0.6)*360*0.5)*4+math.cos((q.anim_time-0.8)*360*0.5)*6", "13.5+math.cos((q.anim_time-0.6)*360*0.5)*4+math.cos((q.anim_time-0.8)*360*0.5)*6"]
        },
        "shoulder_pawn_right": {
          "rotation": [0.20948, "2.0085-math.cos((q.anim_time-0.6)*360*0.5)*4+math.cos((q.anim_time-0.8)*360*0.5)*6", "3.989-math.cos((q.anim_time-0.2)*360*0.5)*4+math.cos((q.anim_time-0.8)*360*0.5)*6"]
        },
        "shoulder_pawn_right2": {
          "rotation": [-0.17367, "0.9848-math.cos((q.anim_time-0.6)*360*0.5)*4+math.cos((q.anim_time-0.8)*360*0.5)*6", "-5.0007-math.cos((q.anim_time-0.4)*360*0.5)*4+math.cos((q.anim_time-0.8)*360*0.5)*6"]
        },
        "shoulder_pawn_right3": {
          "rotation": [0, "0-math.cos((q.anim_time-0.6)*360*0.5)*4+math.cos((q.anim_time-0.8)*360*0.5)*6", "-13.5-math.cos((q.anim_time-0.6)*360*0.5)*4+math.cos((q.anim_time-0.8)*360*0.5)*6"]
        },
        "shoulder_right": {
          "rotation": [-0.87374, -10.96567, "-2.4161-math.cos((q.anim_time-0.7)*360*0.5)*4-math.cos((q.anim_time-1)*360*0.5)*2"]
        }
      },
      "loop": true
    },
    "animation.kartana.ground_idle": {
      "bones": {
        "arm_left": {
          "position": [0, 0, -0.1],
          "rotation": [0, "0+math.sin(q.anim_time*90*2+60)*7.5", 0]
        },
        "arm_right": {
          "position": [0, 0, -0.1],
          "rotation": [0, "0-math.sin(q.anim_time*90*2+60)*7.5", 0]
        },
        "body": {
          "position": [0, "5-math.sin(q.anim_time*90*4)*1", 0],
          "rotation": ["0-math.sin(q.anim_time*90*2-60)*15", "0-math.sin(q.anim_time*90*2+60)*10", "0-math.sin(q.anim_time*90*2+60)*5"]
        },
        "leg_knee_left": {
          "rotation": ["0+math.sin(q.anim_time*90*2+150)*15", "0-math.sin(q.anim_time*90*2+60)*10", 0]
        },
        "leg_knee_right": {
          "rotation": ["0+math.sin(q.anim_time*90*2+180)*15", "0+math.sin(q.anim_time*90*2+150)*10", 0]
        },
        "leg_left": {
          "rotation": [0, "0-math.sin(q.anim_time*90*2+60)*10", 0]
        },
        "leg_lower_left": {
          "rotation": [0, 0, "0+math.sin(q.anim_time*90*2)*15"]
        },
        "leg_lower_right": {
          "rotation": [0, 0, "0+math.sin(q.anim_time*90*2+180)*15"]
        },
        "leg_right": {
          "rotation": [0, "0+math.sin(q.anim_time*90*2+60)*10", 0]
        },
        "shoulder_pawn_left": {
          "rotation": [0.20948, "-2.0085-math.cos((q.anim_time-0.6)*360*0.5)*4+math.cos((q.anim_time-0.8)*360*0.5)*6", "-3.989+math.cos((q.anim_time-0.2)*360*0.5)*4+math.cos((q.anim_time-0.8)*360*0.5)*6"]
        },
        "shoulder_pawn_left2": {
          "rotation": [-0.17367, "-0.9848-math.cos((q.anim_time-0.6)*360*0.5)*4+math.cos((q.anim_time-0.8)*360*0.5)*6", "5.0007+math.cos((q.anim_time-0.4)*360*0.5)*4+math.cos((q.anim_time-0.8)*360*0.5)*6"]
        },
        "shoulder_pawn_left3": {
          "rotation": [0, "0-math.cos((q.anim_time-0.6)*360*0.5)*4+math.cos((q.anim_time-0.8)*360*0.5)*6", "13.5+math.cos((q.anim_time-0.6)*360*0.5)*4+math.cos((q.anim_time-0.8)*360*0.5)*6"]
        },
        "shoulder_pawn_right": {
          "rotation": [0.20948, "2.0085-math.cos((q.anim_time-0.6)*360*0.5)*4+math.cos((q.anim_time-0.8)*360*0.5)*6", "3.989-math.cos((q.anim_time-0.2)*360*0.5)*4+math.cos((q.anim_time-0.8)*360*0.5)*6"]
        },
        "shoulder_pawn_right2": {
          "rotation": [-0.17367, "0.9848-math.cos((q.anim_time-0.6)*360*0.5)*4+math.cos((q.anim_time-0.8)*360*0.5)*6", "-5.0007-math.cos((q.anim_time-0.4)*360*0.5)*4+math.cos((q.anim_time-0.8)*360*0.5)*6"]
        },
        "shoulder_pawn_right3": {
          "rotation": [0, "0-math.cos((q.anim_time-0.6)*360*0.5)*4+math.cos((q.anim_time-0.8)*360*0.5)*6", "-13.5-math.cos((q.anim_time-0.6)*360*0.5)*4+math.cos((q.anim_time-0.8)*360*0.5)*6"]
        }
      },
      "loop": true
    },
    "animation.kartana.ground_walk": {
      "bones": {
        "arm_left": {
          "position": [0, 0, -0.1],
          "rotation": [0, "0+math.sin(q.anim_time*90*2+60)*7.5", 0]
        },
        "arm_right": {
          "position": [0, 0, -0.1],
          "rotation": [0, "0-math.sin(q.anim_time*90*2+60)*7.5", 0]
        },
        "body": {
          "position": [0, "5-math.sin(q.anim_time*90*4)*1", 0],
          "rotation": ["5-math.sin(q.anim_time*90*2-60)*15", "0-math.sin(q.anim_time*90*2+60)*10", "0-math.sin(q.anim_time*90*2+60)*5"]
        },
        "hip": {
          "rotation": [5, 0, 0]
        },
        "leg_knee_left": {
          "rotation": ["0+math.sin(q.anim_time*90*2+150)*15", "0-math.sin(q.anim_time*90*2+60)*10", 0]
        },
        "leg_knee_right": {
          "rotation": ["0+math.sin(q.anim_time*90*2+180)*15", "0+math.sin(q.anim_time*90*2+150)*10", 0]
        },
        "leg_left": {
          "rotation": [0, "0-math.sin(q.anim_time*90*2+60)*10", 0]
        },
        "leg_lower_left": {
          "rotation": [0, 0, "0+math.sin(q.anim_time*90*2)*15"]
        },
        "leg_lower_right": {
          "rotation": [0, 0, "0+math.sin(q.anim_time*90*2+180)*15"]
        },
        "leg_right": {
          "rotation": [0, "0+math.sin(q.anim_time*90*2+60)*10", 0]
        },
        "shoulder_pawn_left": {
          "rotation": [0.20948, "-2.0085-math.cos((q.anim_time-0.6)*360*0.5)*4+math.cos((q.anim_time-0.8)*360*0.5)*6", "-3.989+math.cos((q.anim_time-0.2)*360*0.5)*4+math.cos((q.anim_time-0.8)*360*0.5)*6"]
        },
        "shoulder_pawn_left2": {
          "rotation": [-0.17367, "-0.9848-math.cos((q.anim_time-0.6)*360*0.5)*4+math.cos((q.anim_time-0.8)*360*0.5)*6", "5.0007+math.cos((q.anim_time-0.4)*360*0.5)*4+math.cos((q.anim_time-0.8)*360*0.5)*6"]
        },
        "shoulder_pawn_left3": {
          "rotation": [0, "0-math.cos((q.anim_time-0.6)*360*0.5)*4+math.cos((q.anim_time-0.8)*360*0.5)*6", "13.5+math.cos((q.anim_time-0.6)*360*0.5)*4+math.cos((q.anim_time-0.8)*360*0.5)*6"]
        },
        "shoulder_pawn_right": {
          "rotation": [0.20948, "2.0085-math.cos((q.anim_time-0.6)*360*0.5)*4+math.cos((q.anim_time-0.8)*360*0.5)*6", "3.989-math.cos((q.anim_time-0.2)*360*0.5)*4+math.cos((q.anim_time-0.8)*360*0.5)*6"]
        },
        "shoulder_pawn_right2": {
          "rotation": [-0.17367, "0.9848-math.cos((q.anim_time-0.6)*360*0.5)*4+math.cos((q.anim_time-0.8)*360*0.5)*6", "-5.0007-math.cos((q.anim_time-0.4)*360*0.5)*4+math.cos((q.anim_time-0.8)*360*0.5)*6"]
        },
        "shoulder_pawn_right3": {
          "rotation": [0, "0-math.cos((q.anim_time-0.6)*360*0.5)*4+math.cos((q.anim_time-0.8)*360*0.5)*6", "-13.5-math.cos((q.anim_time-0.6)*360*0.5)*4+math.cos((q.anim_time-0.8)*360*0.5)*6"]
        }
      },
      "loop": true
    },
    "animation.kartana.physical": {
      "animation_length": 3,
      "bones": {
        "arm_blade_left": {
          "rotation": {
            "0.0": [0, 15, 0],
            "0.25": [0, 15, 0],
            "0.2917": [0, 14.10151, 0],
            "0.3333": [0, 11.42346, 0],
            "0.4167": [0, 3.57654, 0],
            "0.4583": [0, 0.89849, 0],
            "0.5": [0, 0, 0],
            "2.5": [0, 0, 0],
            "2.5417": [0, 0.89849, 0],
            "2.5833": [0, 3.57654, 0],
            "2.6667": [0, 11.42346, 0],
            "2.7083": [0, 14.10151, 0],
            "2.75": [0, 15, 0]
          }
        },
        "arm_blade_right": {
          "rotation": {
            "0.0": [-1.0708, -14.9626, 4.14062],
            "0.25": [-1.0708, -14.9626, 4.14062],
            "0.2917": [-1.00666, -14.06635, 3.8926],
            "0.3333": [-0.81548, -11.39498, 3.15335],
            "0.4167": [-0.25532, -3.56762, 0.98727],
            "0.4583": [-0.06414, -0.89625, 0.24802],
            "0.5": [0, 0, 0],
            "2.5": [0, 0, 0],
            "2.5417": [-0.05738, -0.80183, 0.22189],
            "2.5833": [-0.20901, -2.92051, 0.8082],
            "2.625": [-0.41986, -5.86684, 1.62354],
            "2.6667": [-0.65094, -9.09576, 2.51708],
            "2.7083": [-0.86179, -12.04209, 3.33243],
            "2.75": [-1.01342, -14.16077, 3.91873],
            "2.7917": [-1.0708, -14.9626, 4.14062]
          }
        },
        "arm_elbow_left": {
          "rotation": {
            "0.0": [0, 8.9984, -0.1137],
            "0.25": [0, 8.9984, -0.1137],
            "0.2917": [0, 8.4594, -0.10689],
            "0.3333": [0, 6.85286, -0.08659],
            "0.4167": [0, 2.14554, -0.02711],
            "0.4583": [0, 0.539, -0.00681],
            "0.5": [0, 0, 0],
            "2.5": [0, 0, 0],
            "2.5417": [0, 0.539, -0.00681],
            "2.5833": [0, 2.14554, -0.02711],
            "2.6667": [0, 6.85286, -0.08659],
            "2.7083": [0, 8.4594, -0.10689],
            "2.75": [0, 8.9984, -0.1137]
          }
        },
        "arm_elbow_left2": {
          "rotation": {
            "0.0": [1.20483, 10.021, -1.4219],
            "0.25": [1.20483, 10.021, -1.4219],
            "0.2917": [1.13266, 9.42075, -1.33673],
            "0.3333": [0.91756, 7.63163, -1.08287],
            "0.4167": [0.28727, 2.38937, -0.33903],
            "0.4583": [0.07217, 0.60025, -0.08517],
            "0.5": [0, 0, 0],
            "2.5": [0, 0, 0],
            "2.5417": [0.07217, 0.60025, -0.08517],
            "2.5833": [0.28727, 2.38937, -0.33903],
            "2.6667": [0.91756, 7.63163, -1.08287],
            "2.7083": [1.13266, 9.42075, -1.33673],
            "2.75": [1.20483, 10.021, -1.4219]
          }
        },
        "arm_elbow_right": {
          "rotation": {
            "0.0": [-0.56748, -17.9876, 2.61603],
            "0.25": [-0.56748, -17.9876, 2.61603],
            "0.2917": [-0.53349, -16.91016, 2.45933],
            "0.3333": [-0.43217, -13.69871, 1.99227],
            "0.4167": [-0.13531, -4.28889, 0.62376],
            "0.4583": [-0.03399, -1.07744, 0.1567],
            "0.5": [0, 0, 0],
            "2.5": [0, 0, 0],
            "2.5417": [-0.03399, -1.07744, 0.1567],
            "2.5833": [-0.13531, -4.28889, 0.62376],
            "2.6667": [-0.43217, -13.69871, 1.99227],
            "2.7083": [-0.53349, -16.91016, 2.45933],
            "2.75": [-0.56748, -17.9876, 2.61603]
          }
        },
        "arm_elbow_right2": {
          "rotation": {
            "0.0": [1.43141, -6.0621, 7.24614],
            "0.25": [1.43141, -6.0621, 7.24614],
            "0.2917": [1.40246, -5.75195, 7.09656],
            "0.3333": [1.31712, -4.83432, 6.65778],
            "0.4167": [1.07707, -2.2183, 5.44741],
            "0.4583": [1.00511, -1.39799, 5.10941],
            "0.5": [0.995, -1.22487, 5.10173],
            "1.0417": [1.03268, -1.02141, 3.89076],
            "1.5833": [1.04872, -0.61564, 2.37642],
            "2.125": [1.0663, -0.22435, 0.88378],
            "2.4583": [1.08843, -0.08929, 0.1238],
            "2.5": [1.09776, -0.13367, 0.12066],
            "2.5417": [1.13377, -0.6054, 0.66824],
            "2.5833": [1.1993, -1.70715, 1.98525],
            "2.6667": [1.36208, -4.72296, 5.62423],
            "2.7083": [1.41423, -5.7274, 6.84046],
            "2.75": [1.43141, -6.0621, 7.24614]
          }
        },
        "arm_hand_left": {
          "rotation": {
            "0.0": [0, 2.5, 0],
            "0.25": [0, 2.5, 0],
            "0.2917": [0, 2.35025, 0],
            "0.3333": [0, 1.90391, 0],
            "0.4167": [0, 0.59609, 0],
            "0.4583": [0, 0.14975, 0],
            "0.5": [0, 0, 0],
            "2.5": [0, 0, 0],
            "2.5417": [0, 0.14975, 0],
            "2.5833": [0, 0.59609, 0],
            "2.6667": [0, 1.90391, 0],
            "2.7083": [0, 2.35025, 0],
            "2.75": [0, 2.5, 0]
          }
        },
        "arm_hand_right": {
          "rotation": {
            "0.0": [-0.7754, -12.4763, 3.58476],
            "0.25": [-0.7754, -12.4763, 3.58476],
            "0.2917": [-0.72896, -11.72898, 3.37004],
            "0.3333": [-0.59052, -9.5015, 2.73002],
            "0.4167": [-0.18488, -2.9748, 0.85474],
            "0.4583": [-0.04645, -0.74732, 0.21472],
            "0.5": [0, 0, 0],
            "2.5": [0, 0, 0],
            "2.5417": [-0.04645, -0.74732, 0.21472],
            "2.5833": [-0.18488, -2.9748, 0.85474],
            "2.6667": [-0.59052, -9.5015, 2.73002],
            "2.7083": [-0.72896, -11.72898, 3.37004],
            "2.75": [-0.7754, -12.4763, 3.58476]
          }
        },
        "arm_left": {
          "position": {
            "0.0": [0, 0, 0],
            "0.25": [0, 0, 0],
            "0.2917": [0.00599, 0, 0],
            "0.4583": [0.09401, 0, 0],
            "0.5": [0.1, 0, 0],
            "2.5": [0.1, 0, 0],
            "2.5417": [0.09401, 0, 0],
            "2.7083": [0.00599, 0, 0],
            "2.75": [0, 0, 0]
          },
          "rotation": {
            "0.0": [1.1715, 0.95949, -6.26001],
            "0.25": [1.1715, 0.95949, -6.26001],
            "0.2917": [1.10133, 6.29293, -5.88504],
            "0.3333": [0.89217, 22.18994, -4.7674],
            "0.4167": [0.27933, 68.76955, -1.49261],
            "0.4583": [0.07017, 84.66656, -0.37497],
            "0.5": [0, 90, 0],
            "2.5": [0, 90, 0],
            "2.5417": [0.07017, 84.66656, -0.37497],
            "2.5833": [0.27933, 68.76955, -1.49261],
            "2.6667": [0.89217, 22.18994, -4.7674],
            "2.7083": [1.10133, 6.29293, -5.88504],
            "2.75": [1.1715, 0.95949, -6.26001]
          }
        },
        "arm_right": {
          "position": {
            "0.0": [0, 0, 0],
            "0.25": [0, 0, 0],
            "0.2917": [-0.00599, 0, 0],
            "0.4583": [-0.09401, 0, 0],
            "0.5": [-0.1, 0, 0],
            "2.5": [-0.1, 0, 0],
            "2.5417": [-0.09401, 0, 0],
            "2.7083": [-0.00599, 0, 0],
            "2.75": [0, 0, 0]
          },
          "rotation": {
            "0.0": [-9.14975, -24.5379, 4.4657],
            "0.25": [-9.14975, -24.5379, 4.4657],
            "0.2917": [-3.21077, -28.39912, -1.1927],
            "0.3333": [14.49111, -39.90797, -18.05831],
            "0.4167": [66.35915, -73.62993, -67.47599],
            "0.4583": [84.06103, -85.13878, -84.3416],
            "0.5": [90, -89, -90],
            "2.5": [0, -90, 0],
            "2.5417": [-0.54806, -86.07888, 0.26749],
            "2.5833": [-2.18163, -74.39149, 1.06478],
            "2.6667": [-6.96812, -40.14641, 3.40092],
            "2.7083": [-8.60168, -28.45902, 4.19821],
            "2.75": [-9.14975, -24.5379, 4.4657]
          }
        },
        "armholder": {
          "rotation": [-3, 0, 0]
        },
        "body": {
          "position": {
            "0.0": [0, "1+math.cos((q.anim_time-0.3)*260*0.5)*1-math.cos((q.anim_time-0.8)*140*0.5)*2", "0+math.cos((q.anim_time-0.3)*180*0.5)*1-math.cos((q.anim_time-0.8)*140*0.5)*2"],
            "1.3333": [0, "1+math.cos((q.anim_time-0.3)*260*0.5)*1-math.cos((q.anim_time-0.8)*140*0.5)*2", "0+math.cos((q.anim_time-0.3)*180*0.5)*1-math.cos((q.anim_time-0.8)*140*0.5)*2"],
            "1.4167": [0, "0-math.sin(q.anim_time*90*45)*0.3", "0-math.sin(q.anim_time*90*45)*0.3"],
            "1.625": [40.1, "3.4-math.sin(q.anim_time*90*45)*0.3", "-42.5-math.sin(q.anim_time*90*45)*0.3"],
            "2.0": [26.5, "4-math.sin(q.anim_time*90*45)*0.3", "-37-math.sin(q.anim_time*90*45)*0.3"],
            "2.1667": [26.5, 4, -37],
            "3.0": [0, 1, 0]
          },
          "rotation": {
            "0.0": [2.5, 0, 0],
            "1.1667": [2.5, 0, 0],
            "1.3333": {
              "lerp_mode": "catmullrom",
              "post": [2.51875, 6.9933, 0.30686],
              "pre": [2.51875, 6.9933, 0.30686]
            },
            "1.375": [3.00382, 7.0582, 1.11954],
            "1.4167": [4.29838, 7.15909, 3.30292],
            "1.4583": [6.12685, 7.14473, 6.41815],
            "1.5": [8.1802, 6.85734, 9.97079],
            "1.5417": [10.13615, 6.14365, 13.4429],
            "1.5833": [11.68203, 4.86576, 16.3299],
            "1.625": [12.5355, 2.90959, 18.17398],
            "1.6667": [6.59353, -13.82276, 12.67437],
            "1.75": [6.76375, -18.78888, 12.06869],
            "1.8333": [6.59353, -13.82276, 12.67437],
            "1.9167": [6.49793, -9.84881, 13.14017],
            "2.0": [6.59353, -13.82276, 12.67437],
            "2.0417": [7.06105, -13.4379, 12.32149],
            "2.0833": [8.02687, -12.64286, 11.5925],
            "2.125": [9.2229, -11.65831, 10.68974],
            "2.3333": [16.02416, -6.05961, 5.55618],
            "2.375": [17.22019, -5.07505, 4.65342],
            "2.4167": [18.186, -4.28001, 3.92443],
            "2.4583": {
              "lerp_mode": "catmullrom",
              "post": [18.65353, -3.89515, 3.57154],
              "pre": [18.65353, -3.89515, 3.57154]
            },
            "2.6667": {
              "lerp_mode": "catmullrom",
              "post": [2.5, 0, 0]
            },
            "3.0": [2.5, 0, 0]
          }
        },
        "ear_left": {
          "position": [-0.1, 0, 0],
          "rotation": ["0-math.cos((q.anim_time-0.7)*360*0.5)*4-math.cos((q.anim_time-1)*360*0.5)*2", -2.5, -5]
        },
        "ear_left2": {
          "rotation": ["-6-math.cos((q.anim_time-0.7)*360*0.5)*4-math.cos((q.anim_time-1)*360*0.5)*2", -5, 0]
        },
        "ear_right": {
          "position": [0.1, 0, 0],
          "rotation": ["0-math.cos((q.anim_time-0.7)*360*0.5)*4-math.cos((q.anim_time-1)*360*0.5)*2", 0, 5]
        },
        "ear_right2": {
          "rotation": ["-6-math.cos((q.anim_time-0.7)*360*0.5)*4-math.cos((q.anim_time-1)*360*0.5)*2", 5, 0]
        },
        "head": {
          "position": [0, -0.2, 0],
          "rotation": [0, -5, 0]
        },
        "hip": {
          "rotation": {
            "0.0": ["10+math.cos((q.anim_time-0.3)*160*0.5)*7-math.cos((q.anim_time-0.8)*140*0.5)*4", 0, 0],
            "1.25": ["10+math.cos((q.anim_time-0.3)*160*0.5)*7-math.cos((q.anim_time-0.8)*140*0.5)*4", 0, 0],
            "1.4583": ["10.5625+math.cos((q.anim_time-0.3)*160*0.5)*7-math.cos((q.anim_time-0.8)*140*0.5)*4", -22.32822, -2.84879],
            "1.625": ["22.1556+math.cos((q.anim_time-0.3)*160*0.5)*7-math.cos((q.anim_time-0.8)*140*0.5)*4", -9.40586, -1.37003],
            "1.75": ["22.1556+math.cos((q.anim_time-0.3)*160*0.5)*7-math.cos((q.anim_time-0.8)*140*0.5)*4", -9.40586, -1.37003],
            "2.0": ["10+math.cos((q.anim_time-0.3)*160*0.5)*7-math.cos((q.anim_time-0.8)*140*0.5)*4", 0, 0]
          }
        },
        "kartana": {
          "position": {
            "0.0": {
              "lerp_mode": "catmullrom",
              "post": [0, 0, 0]
            },
            "1.3333": {
              "lerp_mode": "catmullrom",
              "post": [0, 0, 0]
            },
            "1.5417": {
              "lerp_mode": "catmullrom",
              "post": [-26, 0, 0]
            },
            "1.7083": {
              "lerp_mode": "catmullrom",
              "post": [-36, 0, 0]
            },
            "2.1667": {
              "lerp_mode": "catmullrom",
              "post": [-16, 0, 0]
            },
            "2.8333": {
              "lerp_mode": "catmullrom",
              "post": [0, 0, 0]
            }
          },
          "rotation": {
            "0.0": [0, 0, 0],
            "1.7083": {
              "lerp_mode": "catmullrom",
              "post": [0, 0, 0],
              "pre": [0, 0, 0]
            },
            "1.9583": {
              "lerp_mode": "catmullrom",
              "post": [0, 0, 0]
            },
            "2.2083": {
              "lerp_mode": "catmullrom",
              "post": [0, 0, 0]
            },
            "2.4583": {
              "lerp_mode": "catmullrom",
              "post": [0, 0, -5]
            },
            "2.7083": [0, 0, 0]
          }
        },
        "katana": {
          "position": {
            "1.4583": {
              "lerp_mode": "catmullrom",
              "post": [0, 0, 0],
              "pre": [0, 0, 0]
            }
          },
          "rotation": {
            "0.0": [0, 0, 0],
            "0.6667": {
              "lerp_mode": "catmullrom",
              "post": [0, 0, 0],
              "pre": [0, 0, 0]
            },
            "0.7917": {
              "lerp_mode": "catmullrom",
              "post": [-6.79333, -7.35559, -24.56283]
            },
            "0.9583": {
              "lerp_mode": "catmullrom",
              "post": [-23.2028, 19.91232, -15.58556]
            },
            "1.1667": {
              "lerp_mode": "catmullrom",
              "post": [-26.41534, 32.9454, -8.7569]
            },
            "1.3333": {
              "lerp_mode": "catmullrom",
              "post": [-46.49372, -0.35172, -82.01809]
            },
            "1.4583": {
              "lerp_mode": "catmullrom",
              "post": [-51.64382, 23.31363, -46.19595]
            },
            "1.5": {
              "lerp_mode": "catmullrom",
              "post": [-43.21162, 10.32805, -51.56752]
            },
            "1.5417": {
              "lerp_mode": "catmullrom",
              "post": [-18.95396, 4.6678, -80.07726]
            },
            "1.5833": {
              "lerp_mode": "catmullrom",
              "post": [12.91955, -4.1024, -81.54632]
            },
            "1.625": {
              "lerp_mode": "catmullrom",
              "post": [42.83069, -0.46767, -76.77207]
            },
            "1.6667": {
              "lerp_mode": "catmullrom",
              "post": [51.83069, -0.46767, -76.77207]
            },
            "1.7083": {
              "lerp_mode": "catmullrom",
              "post": [42.83069, -0.46767, -76.77207]
            },
            "1.75": {
              "lerp_mode": "catmullrom",
              "post": [51.83069, -0.46767, -76.77207]
            },
            "1.7917": {
              "lerp_mode": "catmullrom",
              "post": [42.83069, -0.46767, -76.77207]
            },
            "1.8333": {
              "lerp_mode": "catmullrom",
              "post": [51.83069, -0.46767, -76.77207]
            },
            "1.875": {
              "lerp_mode": "catmullrom",
              "post": [42.83069, -0.46767, -76.77207]
            },
            "2.1667": {
              "lerp_mode": "catmullrom",
              "post": [28.21689, -22.20743, -42.2711]
            },
            "2.3333": {
              "lerp_mode": "catmullrom",
              "post": [15.73853, -24.83501, -15.17572]
            },
            "2.5833": {
              "lerp_mode": "catmullrom",
              "post": [0, 0, 0]
            }
          }
        },
        "leg_knee_left": {
          "position": [-0.1, 0, 0],
          "rotation": {
            "0.0": [0.74583, 17.61959, "12.2906+math.cos((q.anim_time-0.3)*360*0.5)*7"],
            "3.0": [0.74583, 17.61959, 12.2906]
          }
        },
        "leg_knee_right": {
          "rotation": {
            "0.0": [0.77293, 10.57252, "8.6218-math.cos((q.anim_time-0.3)*360*0.5)*7"],
            "3.0": [0.77293, 10.57252, 8.6218]
          }
        },
        "leg_left": {
          "position": [0.2, 0, 0],
          "rotation": {
            "0.0": [8, 0, "0+math.cos((q.anim_time-0.3)*360*0.5)*7"],
            "3.0": [8, 0, 0]
          }
        },
        "leg_lower_left": {
          "rotation": {
            "0.0": [0, 0, "16.5+math.cos((q.anim_time-0.3)*360*0.5)*7"],
            "3.0": [0, 0, 16.5]
          }
        },
        "leg_lower_right": {
          "rotation": {
            "0.0": [0, 0, "-24.5-math.cos((q.anim_time-0.3)*360*0.5)*7"],
            "3.0": [0, 0, -24.5]
          }
        },
        "leg_right": {
          "position": [-0.3, 0, 0],
          "rotation": {
            "0.0": [18.52831, -5.89079, "-5.5069-math.cos((q.anim_time-0.3)*360*0.5)*7"],
            "3.0": [18.52831, -5.89079, -5.5069]
          }
        },
        "leg_rotation_right": {
          "rotation": [-84.25993, 10.04937, 84.34742]
        },
        "shoulder_left": {
          "rotation": {
            "0.0": [0, 0, "7-math.cos((q.anim_time-0.7)*360*0.5)*4+math.cos((q.anim_time-1)*360*0.5)*2"],
            "1.5417": [0, 0, "7-math.cos((q.anim_time-0.7)*360*0.5)*4+math.cos((q.anim_time-1)*360*0.5)*2"],
            "1.7083": [-0.15715, 2.99588, "3.9959-math.cos((q.anim_time-0.7)*360*0.5)*4+math.cos((q.anim_time-1)*360*0.5)*2"],
            "2.0417": [0, 0, "7-math.cos((q.anim_time-0.7)*360*0.5)*4+math.cos((q.anim_time-1)*360*0.5)*2"]
          }
        },
        "shoulder_pawn_left": {
          "rotation": [0.20948, "-2.0085-math.cos((q.anim_time-0.6)*360*0.5)*4+math.cos((q.anim_time-0.8)*360*0.5)*6", "-3.989+math.cos((q.anim_time-0.2)*360*0.5)*4+math.cos((q.anim_time-0.8)*360*0.5)*6"]
        },
        "shoulder_pawn_left2": {
          "rotation": [-0.17367, "-0.9848-math.cos((q.anim_time-0.6)*360*0.5)*4+math.cos((q.anim_time-0.8)*360*0.5)*6", "5.0007+math.cos((q.anim_time-0.4)*360*0.5)*4+math.cos((q.anim_time-0.8)*360*0.5)*6"]
        },
        "shoulder_pawn_left3": {
          "rotation": [0, "0-math.cos((q.anim_time-0.6)*360*0.5)*4+math.cos((q.anim_time-0.8)*360*0.5)*6", "13.5+math.cos((q.anim_time-0.6)*360*0.5)*4+math.cos((q.anim_time-0.8)*360*0.5)*6"]
        },
        "shoulder_pawn_right": {
          "rotation": [0.20948, "2.0085-math.cos((q.anim_time-0.6)*360*0.5)*4+math.cos((q.anim_time-0.8)*360*0.5)*6", "3.989+math.cos((q.anim_time-0.2)*360*0.5)*4+math.cos((q.anim_time-0.8)*360*0.5)*6"]
        },
        "shoulder_pawn_right2": {
          "rotation": [-0.17367, "0.9848-math.cos((q.anim_time-0.6)*360*0.5)*4+math.cos((q.anim_time-0.8)*360*0.5)*6", "-5.0007+math.cos((q.anim_time-0.4)*360*0.5)*4+math.cos((q.anim_time-0.8)*360*0.5)*6"]
        },
        "shoulder_pawn_right3": {
          "rotation": [0, "0-math.cos((q.anim_time-0.6)*360*0.5)*4+math.cos((q.anim_time-0.8)*360*0.5)*6", "-13.5+math.cos((q.anim_time-0.6)*360*0.5)*4+math.cos((q.anim_time-0.8)*360*0.5)*6"]
        },
        "shoulder_right": {
          "rotation": {
            "0.0": [-0.87374, -10.96567, "-2.4161-math.cos((q.anim_time-0.7)*360*0.5)*4-math.cos((q.anim_time-1)*360*0.5)*2"],
            "1.5417": [-0.87374, -10.96567, "-2.4161-math.cos((q.anim_time-0.7)*360*0.5)*4-math.cos((q.anim_time-1)*360*0.5)*2"],
            "1.7083": [-0.9186, -20.96445, "-2.2538-math.cos((q.anim_time-0.7)*360*0.5)*4-math.cos((q.anim_time-1)*360*0.5)*2"],
            "2.0417": [-0.87374, -10.96567, "-2.4161-math.cos((q.anim_time-0.7)*360*0.5)*4-math.cos((q.anim_time-1)*360*0.5)*2"]
          }
        },
        "torso": {
          "rotation": {
            "0.0": ["-7.5-math.cos((q.anim_time-0.7)*360*0.5)*2-math.cos((q.anim_time-1)*360*0.5)*1", 0, 0],
            "0.9167": ["-7.5-math.cos((q.anim_time-0.7)*360*0.5)*2-math.cos((q.anim_time-1)*360*0.5)*1", 0, 0],
            "1.25": ["-8.7276-math.cos((q.anim_time-0.7)*360*0.5)*2-math.cos((q.anim_time-1)*360*0.5)*1", 27.05959, -5.09818],
            "1.2917": [-6.78165, 27.73778, -5.20809],
            "1.3333": [-7.60892, 30.18116, -5.60407],
            "1.375": [-8.84954, 33.84541, -6.19792],
            "1.4167": [-9.67681, 36.2888, -6.5939],
            "1.4583": ["-12.082-math.cos((q.anim_time-0.7)*360*0.5)*2-math.cos((q.anim_time-1)*360*0.5)*1", 36.96699, -6.70381],
            "1.5": [-9.86268, 31.34999, -5.82338],
            "1.5833": [-9.41068, -26.67726, 3.27197],
            "1.625": ["-11.5425-math.cos((q.anim_time-0.7)*360*0.5)*2-math.cos((q.anim_time-1)*360*0.5)*1", -32.29425, 4.15239],
            "1.6667": ["-11.353-math.cos((q.anim_time-0.7)*360*0.5)*2-math.cos((q.anim_time-1)*360*0.5)*1", -30.31864, 3.78789],
            "1.7083": ["-11.5425-math.cos((q.anim_time-0.7)*360*0.5)*2-math.cos((q.anim_time-1)*360*0.5)*1", -32.29425, 4.15239],
            "1.75": ["-11.353-math.cos((q.anim_time-0.7)*360*0.5)*2-math.cos((q.anim_time-1)*360*0.5)*1", -30.31864, 3.78789],
            "1.7917": ["-11.5425-math.cos((q.anim_time-0.7)*360*0.5)*2-math.cos((q.anim_time-1)*360*0.5)*1", -32.29425, 4.15239],
            "1.8333": ["-11.7423-math.cos((q.anim_time-0.7)*360*0.5)*2-math.cos((q.anim_time-1)*360*0.5)*1", -34.27103, 4.51613],
            "1.875": ["-11.5425-math.cos((q.anim_time-0.7)*360*0.5)*2-math.cos((q.anim_time-1)*360*0.5)*1", -32.29425, 4.15239],
            "2.25": ["-7.5-math.cos((q.anim_time-0.7)*360*0.5)*2-math.cos((q.anim_time-1)*360*0.5)*1", 0, 0]
          }
        }
      },
      "loop": true,
      "particle_effects": {
        "1.5417": {
          "effect": "cut",
          "locator": "locator"
        }
      }
    },
    "animation.kartana.pose_art": {
      "bones": {
        "arm_blade_left": {
          "rotation": [0, -5, 0]
        },
        "arm_blade_right": {
          "rotation": [-1.0351, -1.96478, 3.89962]
        },
        "arm_elbow_left": {
          "rotation": [0, 10, 0]
        },
        "arm_elbow_left2": {
          "rotation": [0, -2.5, 0]
        },
        "arm_elbow_right": {
          "rotation": [-0.55404, -12.48791, 2.56062]
        },
        "arm_elbow_right2": {
          "rotation": [1.43141, -6.06205, 7.24614]
        },
        "arm_hand_left": {
          "rotation": [0, -2.5, 0]
        },
        "arm_hand_right": {
          "rotation": [-0.76358, -7.47676, 3.5166]
        },
        "arm_left": {
          "rotation": [4.87733, -5.06012, -0.66861]
        },
        "arm_right": {
          "rotation": [-11.13159, -38.19368, 2.11623]
        },
        "body": {
          "position": [0, 1, 0],
          "rotation": [2.5, 0, 0]
        },
        "ear_left": {
          "position": [-0.1, 0, 0],
          "rotation": [0, -2.5, -5]
        },
        "ear_left2": {
          "rotation": [-6, -5, 0]
        },
        "ear_right": {
          "position": [0.1, 0, 0],
          "rotation": [0, 0, 5]
        },
        "ear_right2": {
          "rotation": [-6, 5, 0]
        },
        "head": {
          "position": [0, -0.2, 0]
        },
        "hip": {
          "rotation": [10, 0, 0]
        },
        "leg_knee_left": {
          "rotation": [0.93818, 10.55378, 12.18358]
        },
        "leg_knee_right": {
          "rotation": [0, 0, 5]
        },
        "leg_left": {
          "rotation": [8, 0, 0]
        },
        "leg_lower_left": {
          "rotation": [0, 0, 16.5]
        },
        "leg_lower_right": {
          "rotation": [0, 0, -21.5]
        },
        "leg_right": {
          "rotation": [18, 0, 0]
        },
        "leg_rotation_right": {
          "rotation": [-84.25993, 10.04937, 84.34742]
        },
        "shoulder_left": {
          "rotation": [0, 0, 7]
        },
        "shoulder_pawn_left": {
          "rotation": [0.10403, -2.01674, -0.98722]
        },
        "shoulder_pawn_left2": {
          "rotation": [-0.08716, -0.99619, 5.00076]
        },
        "shoulder_pawn_left3": {
          "rotation": [0, 0, 10.5]
        },
        "shoulder_pawn_right": {
          "rotation": [0.10403, 2.01674, 0.98722]
        },
        "shoulder_pawn_right2": {
          "rotation": [-0.08716, 0.99619, -5.00076]
        },
        "shoulder_pawn_right3": {
          "rotation": [0, 0, -10.5]
        },
        "shoulder_right": {
          "rotation": [-0.48578, -10.9894, -4.45327]
        },
        "torso": {
          "rotation": [-7.5, 0, 0]
        }
      },
      "loop": true
    },
    "animation.kartana.pose_art2": {
      "bones": {
        "arm_blade_left": {
          "rotation": [1.60693, -12.45167, -5.12076]
        },
        "arm_elbow_left": {
          "rotation": [0.21016, -5.99633, -2.01101]
        },
        "arm_elbow_left2": {
          "rotation": [0.42142, -7.98896, -3.02943]
        },
        "arm_elbow_right": {
          "rotation": [0.1915, -5.10313, 12.95429]
        },
        "arm_elbow_right2": {
          "rotation": [0, 0, 5]
        },
        "arm_hand_left": {
          "rotation": [0.26325, -7.4954, -2.01724]
        },
        "arm_hand_right": {
          "rotation": [0, 0, 7.5]
        },
        "arm_left": {
          "rotation": [0, 0, -10]
        },
        "arm_right": {
          "rotation": [0, 0, 2.5]
        },
        "body": {
          "position": [0, 1, 0],
          "rotation": [2.5, 0, 0]
        },
        "ear_left": {
          "position": [-0.1, 0, 0],
          "rotation": [0, 0, -5]
        },
        "ear_left2": {
          "rotation": [-6, -5, 0]
        },
        "ear_right": {
          "position": [0.1, 0, 0],
          "rotation": [0, 0, 5]
        },
        "ear_right2": {
          "rotation": [-6, 5, 0]
        },
        "head": {
          "position": [0, -0.2, 0],
          "rotation": [-5, 0, 0]
        },
        "hip": {
          "rotation": [5, 0, 0]
        },
        "leg_knee_left": {
          "rotation": [2, 0, 0]
        },
        "leg_knee_right": {
          "rotation": [9.74751, 20.07421, 28.63424]
        },
        "leg_left": {
          "rotation": [9.17067, 3.11413, 6.27224]
        },
        "leg_lower_left": {
          "rotation": [0, 0, 55]
        },
        "leg_lower_right": {
          "rotation": [0, 0, -81]
        },
        "leg_right": {
          "rotation": [9.78177, -7.21798, 3.45892]
        },
        "leg_rotation_right": {
          "rotation": [-84.25993, 10.04937, 84.34742]
        },
        "shoulder_left": {
          "rotation": [0, 0, -1]
        },
        "shoulder_pawn_left": {
          "rotation": [0.10403, -2.01674, -0.98722]
        },
        "shoulder_pawn_left2": {
          "rotation": [-0.08716, -0.99619, 5.00076]
        },
        "shoulder_pawn_left3": {
          "rotation": [0, 0, 10.5]
        },
        "shoulder_pawn_right": {
          "rotation": [0.10403, 2.01674, 0.98722]
        },
        "shoulder_pawn_right2": {
          "rotation": [-0.08716, 0.99619, -5.00076]
        },
        "shoulder_pawn_right3": {
          "rotation": [0, 0, -10.5]
        },
        "shoulder_right": {
          "rotation": [0, 0, 1]
        },
        "torso": {
          "rotation": [-2.5, 0, 0]
        }
      },
      "loop": true
    },
    "animation.kartana.spin": {
      "animation_length": 1.625,
      "bones": {
        "body": {
          "rotation": {
            "0.0": {
              "lerp_mode": "catmullrom",
              "post": [0, 0, 0]
            },
            "1.0": {
              "lerp_mode": "catmullrom",
              "post": [0, 0, 735]
            },
            "1.625": {
              "lerp_mode": "catmullrom",
              "post": [0, 0, 0]
            }
          }
        }
      }
    },
    "animation.kartana.status": {
      "animation_length": 1.5,
      "bones": {
        "arm_blade_left": {
          "rotation": [0, 15, 0]
        },
        "arm_blade_right": {
          "rotation": [-1.0708, -14.9626, 4.14062]
        },
        "arm_elbow_left": {
          "rotation": {
            "0.0": [0, 8.9984, -0.1137],
            "0.0417": [0, 8.49794, -0.1128],
            "0.0833": [0, 7.65489, -0.11136],
            "0.5833": [0, -5.49922, -0.09728],
            "0.75": [0, -9.65169, -0.10126],
            "0.7917": [0, -10.49704, -0.10511],
            "0.8333": [0, -11.0016, -0.1137],
            "0.875": [0, -9.8088, -0.12565],
            "0.9167": [0, -6.23998, -0.13009],
            "1.0": [0, 4.22638, -0.12132],
            "1.0417": [0, 7.79951, -0.11579],
            "1.0833": [0, 8.9984, -0.1137]
          }
        },
        "arm_elbow_left2": {
          "rotation": [1.20483, 10.021, -1.4219]
        },
        "arm_elbow_right": {
          "rotation": {
            "0.0": [-0.56748, -17.9876, 2.61603],
            "0.0417": [-0.56739, -17.54996, 2.61272],
            "0.0833": [-0.56721, -16.81271, 2.60707],
            "0.625": [-0.557, -4.35001, 2.50047],
            "0.75": [-0.55011, -1.67288, 2.47021],
            "0.7917": [-0.54631, -0.9322, 2.45887],
            "0.8333": [-0.53976, -0.4884, 2.44538],
            "0.875": [-0.53326, -1.52882, 2.44276],
            "0.9167": [-0.53518, -4.65019, 2.46845],
            "1.0": [-0.55567, -13.81021, 2.56714],
            "1.0417": [-0.56439, -16.93806, 2.60356],
            "1.0833": [-0.56748, -17.9876, 2.61603]
          }
        },
        "arm_elbow_right2": {
          "rotation": [1.43141, -6.0621, 7.24614]
        },
        "arm_hand_left": {
          "rotation": [0, 2.5, 0]
        },
        "arm_hand_right": {
          "rotation": [-0.7754, -12.4763, 3.58476]
        },
        "arm_left": {
          "position": [0, 0, 0],
          "rotation": {
            "0.0": [1.1715, 0.95949, -6.26001],
            "0.0417": [1.20789, 3.0476, -6.19193],
            "0.0833": [1.29612, 8.11004, -6.0269],
            "0.125": [1.41386, 14.86528, -5.80668],
            "0.2083": [1.67637, 29.92699, -5.31566],
            "0.25": [1.79411, 36.68223, -5.09544],
            "0.2917": [1.88234, 41.74467, -4.93041],
            "0.3333": {
              "lerp_mode": "catmullrom",
              "post": [1.91874, 43.83278, -4.86233],
              "pre": [1.91874, 43.83278, -4.86233]
            },
            "0.375": [1.05574, 45.00666, -5.79899],
            "0.4167": [-1.51626, 48.53816, -8.59084],
            "0.4583": [-5.28368, 53.79983, -12.68106],
            "0.5": [-9.04976, 59.23395, -16.77139],
            "0.5417": [-11.61816, 63.23137, -19.56351],
            "0.5833": [-12.47607, 65.06129, -20.50056],
            "0.625": [-11.30112, 64.73605, -19.21948],
            "0.6667": [-5.25521, 59.90152, -12.60039],
            "0.7083": [0.79121, 54.51826, -5.981],
            "0.75": [1.96685, 53.44354, -4.6995],
            "0.7917": [1.91747, 49.84914, -4.80634],
            "0.8333": [1.72284, 36.9049, -5.1912],
            "0.875": [1.42603, 17.49456, -5.76834],
            "0.9167": [1.22691, 4.55184, -6.15319],
            "0.9583": [1.1715, 0.95949, -6.26001]
          }
        },
        "arm_right": {
          "position": [0, 0, 0],
          "rotation": {
            "0.0": [-9.14975, -24.5379, 4.4657],
            "0.0417": [-9.28205, -26.31139, 4.7163],
            "0.0833": [-9.60282, -30.61109, 5.32385],
            "0.125": [-10.03086, -36.34853, 6.13455],
            "0.2083": [-10.98521, -49.14092, 7.94212],
            "0.25": [-11.41324, -54.87835, 8.75283],
            "0.2917": [-11.73401, -59.17805, 9.36038],
            "0.3333": {
              "lerp_mode": "catmullrom",
              "post": [-11.86632, -60.95154, 9.61097],
              "pre": [-11.86632, -60.95154, 9.61097]
            },
            "0.375": [-14.45633, -62.27925, 12.26786],
            "0.4167": [-22.153, -66.32704, 20.17203],
            "0.4583": [-33.36639, -72.50101, 31.71147],
            "0.5": [-44.45699, -79.1534, 43.17142],
            "0.5417": [-51.82191, -84.49381, 50.86078],
            "0.5833": [-53.94481, -87.64155, 53.21522],
            "0.625": [-49.78777, -88.71952, 49.21662],
            "0.6667": [-30.56086, -85.53517, 30.01274],
            "0.7083": [-11.72271, -80.8263, 11.04746],
            "0.75": [-8.09666, -79.82196, 7.37477],
            "0.7917": [-8.16788, -76.03051, 7.16109],
            "0.8333": [-8.42734, -62.39411, 6.43929],
            "0.875": [-8.81728, -41.951, 5.37098],
            "0.9167": [-9.0775, -28.32089, 4.66207],
            "0.9583": [-9.14975, -24.5379, 4.4657]
          }
        },
        "armholder": {
          "rotation": [-3, 0, 0]
        },
        "body": {
          "position": {
            "0.0": [0, "1+math.cos((q.anim_time-0.3)*260*0.5)*1-math.cos((q.anim_time-0.8)*140*0.5)*2", "0+math.cos((q.anim_time-0.3)*180*0.5)*1-math.cos((q.anim_time-0.8)*140*0.5)*2"],
            "0.5": [0, 0.65876, -0.22738],
            "0.9583": [0, "0-math.sin(q.anim_time*90*45)*0.3", "-3-math.sin(q.anim_time*90*45)*0.3"],
            "1.1667": [0, "2+math.cos((q.anim_time-0.3)*260*0.5)*1-math.cos((q.anim_time-0.8)*140*0.5)*2", "0+math.cos((q.anim_time-0.3)*180*0.5)*1-math.cos((q.anim_time-0.8)*140*0.5)*2"],
            "1.5": [0, 0.65876, -0.22738]
          },
          "rotation": {
            "0.0": {
              "lerp_mode": "catmullrom",
              "post": [2.5, 0, 0]
            },
            "0.3333": {
              "lerp_mode": "catmullrom",
              "post": [20.5, 0, 0]
            },
            "0.5": {
              "lerp_mode": "catmullrom",
              "post": [26.5, 0, 0]
            },
            "0.6667": {
              "lerp_mode": "catmullrom",
              "post": [17.5, 0, 0]
            },
            "0.9583": {
              "lerp_mode": "catmullrom",
              "post": [-14.5, 0, 0]
            },
            "1.2083": {
              "lerp_mode": "catmullrom",
              "post": [-21.5, 0, 0]
            },
            "1.5": {
              "lerp_mode": "catmullrom",
              "post": [2.5, 0, 0]
            }
          }
        },
        "ear_left": {
          "position": [-0.1, 0, 0],
          "rotation": ["0-math.cos((q.anim_time-0.7)*360*0.5)*4-math.cos((q.anim_time-1)*360*0.5)*2", -2.5, -5]
        },
        "ear_left2": {
          "rotation": ["-6-math.cos((q.anim_time-0.7)*360*0.5)*4-math.cos((q.anim_time-1)*360*0.5)*2", -5, 0]
        },
        "ear_right": {
          "position": [0.1, 0, 0],
          "rotation": ["0-math.cos((q.anim_time-0.7)*360*0.5)*4-math.cos((q.anim_time-1)*360*0.5)*2", 0, 5]
        },
        "ear_right2": {
          "rotation": ["-6-math.cos((q.anim_time-0.7)*360*0.5)*4-math.cos((q.anim_time-1)*360*0.5)*2", 5, 0]
        },
        "head": {
          "position": {
            "0.0": {
              "lerp_mode": "catmullrom",
              "post": [0, -0.2, 0]
            }
          },
          "rotation": {
            "0.0": {
              "lerp_mode": "catmullrom",
              "post": [0, -5, 0]
            },
            "0.5": {
              "lerp_mode": "catmullrom",
              "post": [0, -5, 0]
            },
            "0.75": {
              "lerp_mode": "catmullrom",
              "post": [5, -5, 0]
            },
            "1.0417": {
              "lerp_mode": "catmullrom",
              "post": [-11, -5, 0]
            },
            "1.125": {
              "lerp_mode": "catmullrom",
              "post": [0, -5, 0]
            }
          }
        },
        "hip": {
          "rotation": ["10+math.cos((q.anim_time-0.3)*160*0.5)*7-math.cos((q.anim_time-0.8)*140*0.5)*4", 0, 0]
        },
        "kartana": {
          "position": {
            "0.0": {
              "lerp_mode": "catmullrom",
              "post": [0, 0, 0]
            }
          },
          "rotation": [0, 0, 0]
        },
        "katana": {
          "rotation": {
            "0.0": {
              "lerp_mode": "catmullrom",
              "post": [0, 0, 0]
            },
            "0.5": {
              "lerp_mode": "catmullrom",
              "post": [0, 10, 0]
            }
          }
        },
        "leg_knee_left": {
          "position": [-0.1, 0, 0],
          "rotation": {
            "0.0": [0.74583, 17.61959, "12.2906+math.cos((q.anim_time-0.3)*360*0.5)*7"],
            "1.5": [0.74583, 17.61959, 6.62748]
          }
        },
        "leg_knee_right": {
          "rotation": {
            "0.0": [0.77293, 10.57252, "8.6218-math.cos((q.anim_time-0.3)*360*0.5)*7"],
            "1.5": [0.77293, 10.57252, 14.28492]
          }
        },
        "leg_left": {
          "position": [0.2, 0, 0],
          "rotation": {
            "0.0": [8, 0, "0+math.cos((q.anim_time-0.3)*360*0.5)*7"],
            "0.5833": [8.20099, 3.45211, 7.1521],
            "1.125": [12.41144, 4.81491, -37.18487],
            "1.5": [8, 0, -5.66312]
          }
        },
        "leg_lower_left": {
          "rotation": {
            "0.0": [0, 0, "16.5+math.cos((q.anim_time-0.3)*360*0.5)*7"],
            "1.5": [0, 0, 10.83688]
          }
        },
        "leg_lower_right": {
          "rotation": {
            "0.0": [0, 0, "-24.5-math.cos((q.anim_time-0.3)*360*0.5)*7"],
            "1.5": [0, 0, -18.83688]
          }
        },
        "leg_right": {
          "position": [-0.3, 0, 0],
          "rotation": {
            "0.0": [18.52831, -5.89079, "-5.5069-math.cos((q.anim_time-0.3)*360*0.5)*7"],
            "0.5833": [20.99863, -10.66442, -23.01681],
            "1.125": [17.84448, 1.77769, 21.80129],
            "1.5": [18.52831, -5.89079, 0.15622]
          }
        },
        "leg_rotation_right": {
          "rotation": [-84.25993, 10.04937, 84.34742]
        },
        "shoulder_left": {
          "rotation": [0, 0, "7-math.cos((q.anim_time-0.7)*360*0.5)*4+math.cos((q.anim_time-1)*360*0.5)*2"]
        },
        "shoulder_pawn_left": {
          "rotation": [0.20948, "-2.0085-math.cos((q.anim_time-0.6)*360*0.5)*4+math.cos((q.anim_time-0.8)*360*0.5)*6", "-3.989+math.cos((q.anim_time-0.2)*360*0.5)*4+math.cos((q.anim_time-0.8)*360*0.5)*6"]
        },
        "shoulder_pawn_left2": {
          "rotation": [-0.17367, "-0.9848-math.cos((q.anim_time-0.6)*360*0.5)*4+math.cos((q.anim_time-0.8)*360*0.5)*6", "5.0007+math.cos((q.anim_time-0.4)*360*0.5)*4+math.cos((q.anim_time-0.8)*360*0.5)*6"]
        },
        "shoulder_pawn_left3": {
          "rotation": [0, "0-math.cos((q.anim_time-0.6)*360*0.5)*4+math.cos((q.anim_time-0.8)*360*0.5)*6", "13.5+math.cos((q.anim_time-0.6)*360*0.5)*4+math.cos((q.anim_time-0.8)*360*0.5)*6"]
        },
        "shoulder_pawn_right": {
          "rotation": [0.20948, "2.0085-math.cos((q.anim_time-0.6)*360*0.5)*4+math.cos((q.anim_time-0.8)*360*0.5)*6", "3.989+math.cos((q.anim_time-0.2)*360*0.5)*4+math.cos((q.anim_time-0.8)*360*0.5)*6"]
        },
        "shoulder_pawn_right2": {
          "rotation": [-0.17367, "0.9848-math.cos((q.anim_time-0.6)*360*0.5)*4+math.cos((q.anim_time-0.8)*360*0.5)*6", "-5.0007+math.cos((q.anim_time-0.4)*360*0.5)*4+math.cos((q.anim_time-0.8)*360*0.5)*6"]
        },
        "shoulder_pawn_right3": {
          "rotation": [0, "0-math.cos((q.anim_time-0.6)*360*0.5)*4+math.cos((q.anim_time-0.8)*360*0.5)*6", "-13.5+math.cos((q.anim_time-0.6)*360*0.5)*4+math.cos((q.anim_time-0.8)*360*0.5)*6"]
        },
        "shoulder_right": {
          "rotation": [-0.87374, -10.96567, "-2.4161-math.cos((q.anim_time-0.7)*360*0.5)*4-math.cos((q.anim_time-1)*360*0.5)*2"]
        },
        "torso": {
          "rotation": ["-7.5-math.cos((q.anim_time-0.7)*360*0.5)*2-math.cos((q.anim_time-1)*360*0.5)*1", 0, 0]
        }
      },
      "loop": true
    }
  },
  "format_version": "1.8.0"
}