{
	"format_version": "1.12.0",
	"minecraft:geometry": [
		{
			"description": {
				"identifier": "geometry.aerodactyl",
				"texture_width": 256,
				"texture_height": 256,
				"visible_bounds_width": 13,
				"visible_bounds_height": 3.5,
				"visible_bounds_offset": [0, 1.25, 0]
			},
			"bones": [
				{
					"name": "aerodactyl",
					"pivot": [0, 0, 0]
				},
				{
					"name": "locator_root",
					"parent": "aerodactyl",
					"pivot": [0, 0, 0],
					"locators": {
						"root": [0, 0, 0]
					}
				},
				{
					"name": "locator_top",
					"parent": "aerodactyl",
					"pivot": [0, 26, 0],
					"locators": {
						"top": [0, 26, 0]
					}
				},
				{
					"name": "body",
					"parent": "aerodactyl",
					"pivot": [0, 0.9, 0]
				},
				{
					"name": "locator_middle",
					"parent": "body",
					"pivot": [0, 17, -2],
					"locators": {
						"middle": [0, 17, -2]
					}
				},
				{
					"name": "locator_target",
					"parent": "body",
					"pivot": [0, 17, -43],
					"locators": {
						"target": [0, 17, -43]
					}
				},
				{
					"name": "torso",
					"parent": "body",
					"pivot": [0, 15.4, -2],
					"cubes": [
						{"origin": [-6.5, 9.4, -8], "size": [13, 14, 14], "uv": [0, 106]},
						{"origin": [-2, 8.9, -8.5], "size": [4, 2, 8], "uv": [102, 246]}
					]
				},
				{
					"name": "locator_seat_1",
					"parent": "torso",
					"pivot": [0, 24.5, -3.5],
					"locators": {
						"seat_1": [0, 24.5, -1.5]
					}
				},
				{
					"name": "chest",
					"parent": "torso",
					"pivot": [0, 21.9, -8]
				},
				{
					"name": "upper_torso",
					"parent": "chest",
					"pivot": [0, 22.9, -7],
					"cubes": [
						{"origin": [-5.5, 12.9, -15], "size": [11, 10, 9], "uv": [144, 163]},
						{"origin": [-4.5, 12.3, -13], "size": [2, 1, 4], "pivot": [-2.5, 12.8, -11.5], "rotation": [0, 20, 0], "uv": [186, 242]},
						{"origin": [2.5, 12.3, -13], "size": [2, 1, 4], "pivot": [3.5, 12.8, -11.5], "rotation": [0, -20, 0], "uv": [186, 242], "mirror": true}
					]
				},
				{
					"name": "hump",
					"parent": "upper_torso",
					"pivot": [0, 24.4, -12.5],
					"cubes": [
						{"origin": [-3, 22.9, -11.9], "size": [6, 5, 6], "uv": [155, 230]},
						{"origin": [-2, 27.9, -10.9], "size": [4, 5, 4], "uv": [159, 221]},
						{"origin": [-1, 32.9, -9.9], "size": [2, 3, 2], "uv": [179, 236]}
					]
				},
				{
					"name": "neck",
					"parent": "upper_torso",
					"pivot": [0, 19.34997, -14.5],
					"cubes": [
						{"origin": [-3, 15.34997, -23.5], "size": [6, 6, 10], "uv": [94, 175]}
					]
				},
				{
					"name": "head",
					"parent": "neck",
					"pivot": [0, 19.84997, -20.65631],
					"cubes": [
						{"origin": [-4, 17.84997, -41.5], "size": [8, 4, 9], "inflate": -0.01, "uv": [0, 209]},
						{"origin": [-2.5, 17.34997, -44], "size": [5, 5, 4], "inflate": 0.01, "uv": [190, 65]},
						{"origin": [-2, 15.84997, -44], "size": [4, 2, 0], "uv": [104, 82]},
						{"origin": [-5, 17.84997, -33.5], "size": [10, 8, 11], "uv": [0, 222]},
						{"origin": [-5, 20.34997, -33.5], "size": [10, 1, 4], "inflate": 0.03, "uv": [52, 216]},
						{"origin": [-6, 12.84997, -26.5], "size": [12, 8, 4], "inflate": 0.01, "uv": [0, 244]},
						{"origin": [-8, 14.58295, -26.13811], "size": [4, 5, 7], "inflate": 0.01, "pivot": [-6, 17.08295, -22.63811], "rotation": [36.65802, -20.50973, -14.61478], "uv": [132, 224], "mirror": true},
						{"origin": [4, 14.58295, -26.13811], "size": [4, 5, 7], "inflate": 0.01, "pivot": [6, 17.08295, -22.63811], "rotation": [36.65802, 20.50973, 14.61478], "uv": [132, 224]},
						{"origin": [1.75, 24.72177, -37.49637], "size": [5, 3, 8], "pivot": [4.75, 26.72177, -30.99637], "rotation": [37.53544, 2.25356, 26.73588], "uv": [202, 245], "mirror": true},
						{"origin": [-6.75, 24.72177, -37.49637], "size": [5, 3, 8], "pivot": [-4.75, 26.72177, -30.99637], "rotation": [37.53544, -2.25356, -26.73588], "uv": [202, 245]}
					]
				},
				{
					"name": "locator_face",
					"parent": "head",
					"pivot": [0, 20.35, -44],
					"locators": {
						"face": [0, 20.35, -44]
					}
				},
				{
					"name": "locator_item_face",
					"parent": "head",
					"pivot": [0, 22.85, -33.5],
					"locators": {
						"item_face": [0, 22.85, -33.5]
					}
				},
				{
					"name": "locator_jaw_upper",
					"parent": "head",
					"pivot": [0, 17.35, -43.05],
					"rotation": [-90, 0, 0],
					"locators": {
						"jaw_upper": [0, 17.35, -43.05]
					}
				},
				{
					"name": "locator_head",
					"parent": "head",
					"pivot": [0, 25.85, -30.5],
					"locators": {
						"head": [0, 25.85, -30.5]
					}
				},
				{
					"name": "locator_item_hat",
					"parent": "head",
					"pivot": [0, 27.95, -28.5],
					"locators": {
						"item_hat": [0, 27.95, -28.5]
					}
				},
				{
					"name": "locator_mouth",
					"parent": "head",
					"pivot": [0, 17.85, -26.5],
					"locators": {
						"mouth": [0, 17.85, -26.5]
					}
				},
				{
					"name": "locator_physical",
					"parent": "head",
					"pivot": [0, 16.85, -43.5],
					"locators": {
						"physical": [0, 16.85, -43.5]
					}
				},
				{
					"name": "locator_special",
					"parent": "head",
					"pivot": [0, 16.35, -34.5],
					"locators": {
						"special": [0, 16.35, -34.5]
					}
				},
				{
					"name": "mouth_closed_smile_left",
					"parent": "head",
					"pivot": [-1, 17.84997, -21.65631],
					"cubes": [
						{"origin": [5, 15.84997, -26.5], "size": [1, 4, 3], "inflate": 0.02, "uv": [190, 201]}
					]
				},
				{
					"name": "mouth_closed_smile_right",
					"parent": "head",
					"pivot": [1, 17.84997, -21.65631],
					"cubes": [
						{"origin": [-6, 15.84997, -26.5], "size": [1, 4, 3], "inflate": 0.02, "uv": [202, 111]}
					]
				},
				{
					"name": "mouth_closed_frown_left",
					"parent": "head",
					"pivot": [-1.1, 17.34997, -21.55631],
					"cubes": [
						{"origin": [3.9, 14.84997, -26.4], "size": [1, 4, 3], "inflate": 0.02, "uv": [74, 202]}
					]
				},
				{
					"name": "mouth_closed_frown_right",
					"parent": "head",
					"pivot": [1.1, 17.34997, -21.55631],
					"cubes": [
						{"origin": [-4.9, 14.84997, -26.4], "size": [1, 4, 3], "inflate": 0.02, "uv": [204, 33]}
					]
				},
				{
					"name": "mouth_closed_neutral_left",
					"parent": "head",
					"pivot": [-1.1, 17.34997, -21.55631],
					"cubes": [
						{"origin": [3.9, 15.84997, -26.4], "size": [1, 4, 3], "inflate": 0.02, "uv": [202, 104]}
					]
				},
				{
					"name": "mouth_closed_neutral_right",
					"parent": "head",
					"pivot": [1.1, 17.34997, -21.55631],
					"cubes": [
						{"origin": [-4.9, 15.84997, -26.4], "size": [1, 4, 3], "inflate": 0.02, "uv": [204, 143]}
					]
				},
				{
					"name": "eye_left",
					"parent": "head",
					"pivot": [4, 22.84997, -31],
					"cubes": [
						{"origin": [4, 21.34997, -33.5], "size": [1, 3, 4], "inflate": 0.01, "uv": [180, 201]}
					]
				},
				{
					"name": "pupil_left",
					"parent": "eye_left",
					"pivot": [4, 22.84997, -32.5],
					"cubes": [
						{"origin": [4, 20.34997, -33.5], "size": [1, 3, 2], "inflate": 0.02, "uv": [48, 172]}
					]
				},
				{
					"name": "eyelid_base_left",
					"parent": "eye_left",
					"pivot": [4, 22.84997, -31],
					"cubes": [
						{"origin": [3, 22.34997, -33.5], "size": [2, 2, 4], "inflate": 0.03, "uv": [198, 200]}
					]
				},
				{
					"name": "eyelid_left",
					"parent": "eye_left",
					"pivot": [4, 22.84997, -31],
					"cubes": [
						{"origin": [2.9, 21.35, -33.40002], "size": [2, 3, 5], "inflate": 0.04, "uv": [156, 193]}
					]
				},
				{
					"name": "eyelid_unamused_left",
					"parent": "eye_left",
					"pivot": [4, 22.84997, -31],
					"cubes": [
						{"origin": [2.9, 22.85, -33.4], "size": [2, 2, 5], "inflate": 0.03, "uv": [198, 193]}
					]
				},
				{
					"name": "eyelid_angry_left",
					"parent": "eye_left",
					"pivot": [3.9, 22.84997, -30.9],
					"cubes": [
						{"origin": [2.9, 22.34997, -33.4], "size": [2, 2, 4], "inflate": 0.03, "uv": [156, 201]}
					]
				},
				{
					"name": "eyelid_sad_left",
					"parent": "eye_left",
					"pivot": [4, 22.84997, -31],
					"cubes": [
						{"origin": [2.9, 22.85, -33.4], "size": [2, 2, 5], "inflate": 0.03, "uv": [82, 200]}
					]
				},
				{
					"name": "eyelid_happy_left",
					"parent": "eye_left",
					"pivot": [4, 22.84997, -31],
					"cubes": [
						{"origin": [2.9, 21.34822, -33.40002], "size": [2, 3, 5], "inflate": 0.03, "uv": [170, 193]}
					]
				},
				{
					"name": "eyelid_recoil_left",
					"parent": "eye_left",
					"pivot": [7, 22.84997, -31],
					"cubes": [
						{"origin": [2.9, 21.34822, -33.40002], "size": [2, 3, 5], "inflate": 0.03, "uv": [184, 193]}
					]
				},
				{
					"name": "eye_right",
					"parent": "head",
					"pivot": [-4, 22.84997, -31],
					"cubes": [
						{"origin": [-5, 21.34997, -33.5], "size": [1, 3, 4], "inflate": 0.01, "uv": [54, 202]}
					]
				},
				{
					"name": "pupil_right",
					"parent": "eye_right",
					"pivot": [-4, 22.84997, -32.5],
					"cubes": [
						{"origin": [-5, 20.34997, -33.5], "size": [1, 3, 2], "inflate": 0.02, "uv": [204, 150]}
					]
				},
				{
					"name": "eyelid_base_right",
					"parent": "eye_right",
					"pivot": [-4, 22.84997, -31],
					"cubes": [
						{"origin": [-5, 22.34997, -33.5], "size": [2, 2, 4], "inflate": 0.03, "uv": [32, 201]}
					]
				},
				{
					"name": "eyelid_right",
					"parent": "eye_right",
					"pivot": [-4, 22.84997, -31],
					"cubes": [
						{"origin": [-4.9, 21.35, -33.40002], "size": [2, 3, 5], "inflate": 0.04, "uv": [54, 194]}
					]
				},
				{
					"name": "eyelid_unamused_right",
					"parent": "eye_right",
					"pivot": [-4, 22.84997, -31],
					"cubes": [
						{"origin": [-4.9, 22.85, -33.4], "size": [2, 2, 5], "inflate": 0.03, "uv": [116, 200]}
					]
				},
				{
					"name": "eyelid_angry_right",
					"parent": "eye_right",
					"pivot": [-3.9, 22.84997, -30.9],
					"cubes": [
						{"origin": [-4.9, 22.34997, -33.4], "size": [2, 2, 4], "inflate": 0.03, "uv": [168, 201]}
					]
				},
				{
					"name": "eyelid_sad_right",
					"parent": "eye_right",
					"pivot": [-4, 22.84997, -31],
					"cubes": [
						{"origin": [-4.9, 22.85, -33.4], "size": [2, 2, 5], "inflate": 0.03, "uv": [130, 200]}
					]
				},
				{
					"name": "eyelid_happy_right",
					"parent": "eye_right",
					"pivot": [-4, 22.84997, -31],
					"cubes": [
						{"origin": [-4.9, 21.34822, -33.40002], "size": [2, 3, 5], "inflate": 0.03, "uv": [68, 194]}
					]
				},
				{
					"name": "eyelid_recoil_right",
					"parent": "eye_right",
					"pivot": [-7, 22.84997, -31],
					"cubes": [
						{"origin": [-4.9, 21.34822, -33.40002], "size": [2, 3, 5], "inflate": 0.03, "uv": [102, 198]}
					]
				},
				{
					"name": "jaw",
					"parent": "head",
					"pivot": [0, 17.84997, -25.5],
					"cubes": [
						{"origin": [-5, 13.84997, -35], "size": [10, 4, 11], "inflate": 0.02, "uv": [39, 241]},
						{"origin": [-2.5, 17.84997, -38], "size": [5, 1, 14], "inflate": 0.01, "uv": [170, 4]},
						{"origin": [-4, 12.84997, -43], "size": [8, 5, 9], "inflate": 0.01, "uv": [48, 225]},
						{"origin": [-3, 11.44997, -45.6], "size": [6, 5, 6], "inflate": 0.01, "pivot": [0, 12.94997, -43.1], "rotation": [-45, 0, 0], "uv": [128, 245]},
						{"origin": [-2, 7.94997, -48.1], "size": [4, 5, 4], "inflate": 0.01, "pivot": [0, 9.44997, -46.6], "rotation": [-45, 0, 0], "uv": [152, 247]},
						{"origin": [-1, 5.94997, -49.1], "size": [2, 5, 2], "inflate": 0.01, "pivot": [0, 7.44997, -48.6], "rotation": [-45, 0, 0], "uv": [169, 249]},
						{"origin": [3, 17.34997, -39.2], "size": [0, 2, 5], "uv": [44, 201]},
						{"origin": [-3, 17.34997, -39.2], "size": [0, 2, 5], "uv": [64, 202]},
						{"origin": [3.51, 16.84997, -33.5], "size": [0, 2, 3], "uv": [42, 172]},
						{"origin": [-3.51, 16.84997, -33.5], "size": [0, 2, 3], "uv": [96, 200]}
					]
				},
				{
					"name": "locator_jaw_lower",
					"parent": "jaw",
					"pivot": [0, 17.85, -39.5],
					"rotation": [90, 0, 0],
					"locators": {
						"jaw_lower": [0, 17.85, -39.5]
					}
				},
				{
					"name": "left_horn",
					"parent": "head",
					"pivot": [3.85, 25.59997, -24],
					"rotation": [-46.18107, 13.80192, 10.86531],
					"cubes": [
						{"origin": [1.85, 22.09997, -27], "size": [4, 9, 5], "uv": [105, 221]},
						{"origin": [2.85, 30.59997, -25.5], "size": [2, 4, 2], "inflate": 0.25, "uv": [110, 235]}
					]
				},
				{
					"name": "right_horn",
					"parent": "head",
					"pivot": [-3.85, 25.59997, -24],
					"rotation": [-46.18107, -13.80192, -10.86531],
					"cubes": [
						{"origin": [-5.85, 22.09997, -27], "size": [4, 9, 5], "uv": [105, 221], "mirror": true},
						{"origin": [-4.85, 30.59997, -25.5], "size": [2, 4, 2], "inflate": 0.25, "uv": [110, 235], "mirror": true}
					]
				},
				{
					"name": "false_upper_torso",
					"parent": "chest",
					"pivot": [0, 21.9, -8]
				},
				{
					"name": "wings_air",
					"parent": "false_upper_torso",
					"pivot": [6, 19.9, -10.5]
				},
				{
					"name": "wing_air_left",
					"parent": "wings_air",
					"pivot": [6, 19.9, -10.5],
					"cubes": [
						{"origin": [5, 18.9, -11.5], "size": [24, 2, 2], "inflate": 0.01, "uv": [62, 134]}
					]
				},
				{
					"name": "membrane_air_left",
					"parent": "wing_air_left",
					"pivot": [7, 19.9, -9.5],
					"cubes": [
						{"origin": [3, 19.9, -11], "size": [32, 0, 22], "uv": [0, 0]}
					]
				},
				{
					"name": "wing_air_left2",
					"parent": "wing_air_left",
					"pivot": [29, 19.9, -9.5],
					"cubes": [
						{"origin": [29, 18.9, -11.5], "size": [27, 2, 2], "uv": [104, 78]},
						{"origin": [41, 17.3, -18.5], "size": [6, 6, 10], "uv": [224, 222]},
						{"origin": [36.4, 17.8, -18.5], "size": [4, 5, 10], "pivot": [38.4, 20.3, -13], "rotation": [0, 20, 0], "uv": [228, 241]},
						{"origin": [42, 18.3, -8.5], "size": [4, 4, 5], "uv": [118, 73]},
						{"origin": [36.9, 18.8, -8.5], "size": [3, 3, 4], "pivot": [38.4, 20.3, -13], "rotation": [0, 20, 0], "uv": [119, 74]},
						{"origin": [42, 18.8, -23.5], "size": [4, 4, 5], "uv": [203, 217]},
						{"origin": [43, 19.8, -27.5], "size": [2, 2, 4], "uv": [205, 230]},
						{"origin": [37.4, 19.3, -21.5], "size": [2, 2, 4], "pivot": [38.4, 20.3, -13], "rotation": [0, 20, 0], "uv": [205, 230]},
						{"origin": [48.1, 18.8, -8.5], "size": [3, 3, 4], "pivot": [49.6, 20.3, -13], "rotation": [0, -20, 0], "uv": [119, 74]},
						{"origin": [47.6, 17.8, -18.5], "size": [4, 5, 10], "pivot": [49.6, 20.3, -13], "rotation": [0, -20, 0], "uv": [228, 241]},
						{"origin": [48.6, 19.3, -21.5], "size": [2, 2, 4], "pivot": [49.6, 20.3, -13], "rotation": [0, -20, 0], "uv": [205, 230]}
					]
				},
				{
					"name": "membrane_air_left2",
					"parent": "wing_air_left2",
					"pivot": [55, 19.85584, -10.02557],
					"cubes": [
						{"origin": [23, 19.9, -10], "size": [32, 0, 20], "inflate": 0.01, "uv": [0, 44]}
					]
				},
				{
					"name": "wing_air_left3",
					"parent": "wing_air_left2",
					"pivot": [55.5, 19.9, -10.5],
					"cubes": [
						{"origin": [58, 17.9, -13], "size": [4, 4, 5], "inflate": -1, "uv": [118, 73]},
						{"origin": [58, 17.9, -16], "size": [4, 4, 5], "inflate": -1, "uv": [203, 217]},
						{"origin": [64, 17.9, -13], "size": [4, 4, 5], "inflate": -1, "uv": [118, 73]},
						{"origin": [64, 17.9, -16], "size": [4, 4, 5], "inflate": -1, "uv": [203, 217]},
						{"origin": [54.5, 19.4, -11.5], "size": [16, 1, 2], "inflate": 0.01, "uv": [180, 134]}
					]
				},
				{
					"name": "membrane_air_left3",
					"parent": "wing_air_left3",
					"pivot": [70.5, 19.85584, -10.27557],
					"cubes": [
						{"origin": [55.5, 19.9, -10], "size": [15, 0, 16], "uv": [54, 106]}
					]
				},
				{
					"name": "wing_air_left4",
					"parent": "wing_air_left3",
					"pivot": [70.5, 19.9, -11.5],
					"cubes": [
						{"origin": [70.5, 19.4, -11.5], "size": [14, 1, 2], "uv": [184, 166]}
					]
				},
				{
					"name": "membrane_air_left4",
					"parent": "wing_air_left4",
					"pivot": [74, 19.9, -10],
					"cubes": [
						{"origin": [71.5, 19.9, -11], "size": [20, 0, 11], "inflate": 0.01, "uv": [118, 122]}
					]
				},
				{
					"name": "hand_air_left",
					"parent": "wing_air_left2",
					"pivot": [47, 26.06667, -10.9],
					"rotation": [90, 0, 0]
				},
				{
					"name": "locator_hand_secondary1",
					"parent": "hand_air_left",
					"pivot": [48.5, 20.9, -16],
					"locators": {
						"hand_secondary1": [48.5, 20.9, -16]
					}
				},
				{
					"name": "thumb_air_left",
					"parent": "hand_air_left",
					"pivot": [47.25, 21.4, -13.6],
					"rotation": [0, 60, 0]
				},
				{
					"name": "thumb_air_left2",
					"parent": "thumb_air_left",
					"pivot": [47.25, 21.60584, -16.30057]
				},
				{
					"name": "finger_air_inner_left",
					"parent": "hand_air_left",
					"pivot": [47.5, 21.35584, -16.97557]
				},
				{
					"name": "finger_air_inner_left2",
					"parent": "finger_air_inner_left",
					"pivot": [47.5, 21.65584, -19.25057]
				},
				{
					"name": "finger_air_outer_left",
					"parent": "hand_air_left",
					"pivot": [49.6, 21.35584, -16.97557]
				},
				{
					"name": "finger_air_outer_left2",
					"parent": "finger_air_outer_left",
					"pivot": [49.6, 21.65584, -19.25057]
				},
				{
					"name": "wing_air_right",
					"parent": "wings_air",
					"pivot": [-6, 19.9, -10.5],
					"cubes": [
						{"origin": [-29, 18.9, -11.5], "size": [24, 2, 2], "inflate": 0.01, "uv": [168, 100]}
					]
				},
				{
					"name": "membrane_air_right",
					"parent": "wing_air_right",
					"pivot": [-7, 19.9, -9.5],
					"cubes": [
						{"origin": [-35, 19.9, -11], "size": [32, 0, 22], "uv": [0, 22]}
					]
				},
				{
					"name": "wing_air_right2",
					"parent": "wing_air_right",
					"pivot": [-29, 19.9, -9.5],
					"cubes": [
						{"origin": [-56, 18.9, -11.5], "size": [27, 2, 2], "uv": [152, 159]},
						{"origin": [-41.4, 17.7, -18.5], "size": [4, 5, 10], "pivot": [-39.4, 20.2, -13], "rotation": [0, -20, 0], "uv": [228, 241], "mirror": true},
						{"origin": [-40.4, 19.2, -21.5], "size": [2, 2, 4], "pivot": [-39.4, 20.2, -13], "rotation": [0, -20, 0], "uv": [205, 230], "mirror": true},
						{"origin": [-46, 19.7, -27.5], "size": [2, 2, 4], "uv": [205, 230]},
						{"origin": [-47, 18.7, -23.5], "size": [4, 4, 5], "uv": [203, 217]},
						{"origin": [-48, 17.2, -18.5], "size": [6, 6, 10], "uv": [224, 222]},
						{"origin": [-52.6, 17.7, -18.5], "size": [4, 5, 10], "pivot": [-50.6, 20.2, -13], "rotation": [0, 20, 0], "uv": [228, 241]},
						{"origin": [-51.6, 19.2, -21.5], "size": [2, 2, 4], "pivot": [-50.6, 20.2, -13], "rotation": [0, 20, 0], "uv": [205, 230]},
						{"origin": [-52.1, 18.7, -8.5], "size": [3, 3, 4], "pivot": [-50.6, 20.2, -13], "rotation": [0, 20, 0], "uv": [119, 74]},
						{"origin": [-40.9, 18.7, -8.5], "size": [3, 3, 4], "pivot": [-39.4, 20.2, -13], "rotation": [0, -20, 0], "uv": [119, 74]},
						{"origin": [-47, 18.2, -8.5], "size": [4, 4, 5], "uv": [118, 73]}
					]
				},
				{
					"name": "membrane_air_right2",
					"parent": "wing_air_right2",
					"pivot": [-55, 19.85584, -10.02557],
					"cubes": [
						{"origin": [-55, 19.9, -10], "size": [32, 0, 20], "inflate": 0.01, "uv": [0, 64]}
					]
				},
				{
					"name": "wing_air_right3",
					"parent": "wing_air_right2",
					"pivot": [-55.5, 19.9, -10.5],
					"cubes": [
						{"origin": [-70.5, 19.4, -11.5], "size": [16, 1, 2], "inflate": 0.01, "uv": [180, 140]},
						{"origin": [-62, 17.9, -13], "size": [4, 4, 5], "inflate": -1, "uv": [118, 73]},
						{"origin": [-62, 17.9, -16], "size": [4, 4, 5], "inflate": -1, "uv": [203, 217]},
						{"origin": [-68, 17.9, -13], "size": [4, 4, 5], "inflate": -1, "uv": [118, 73]},
						{"origin": [-68, 17.9, -16], "size": [4, 4, 5], "inflate": -1, "uv": [203, 217]}
					]
				},
				{
					"name": "membrane_air_right3",
					"parent": "wing_air_right3",
					"pivot": [-70.5, 19.85584, -10.27557],
					"cubes": [
						{"origin": [-70.5, 19.9, -10], "size": [15, 0, 16], "uv": [108, 16]}
					]
				},
				{
					"name": "wing_air_right4",
					"parent": "wing_air_right3",
					"pivot": [-70.5, 19.9, -11.5],
					"cubes": [
						{"origin": [-84.5, 19.4, -11.5], "size": [14, 1, 2], "uv": [184, 172]}
					]
				},
				{
					"name": "membrane_air_right4",
					"parent": "wing_air_right4",
					"pivot": [-74, 19.9, -10],
					"cubes": [
						{"origin": [-91.5, 19.9, -11], "size": [20, 0, 11], "inflate": 0.01, "uv": [0, 134]}
					]
				},
				{
					"name": "hand_air_right",
					"parent": "wing_air_right2",
					"pivot": [-54, 20.06667, -13.9],
					"rotation": [90, 0, 0]
				},
				{
					"name": "locator_item1",
					"parent": "hand_air_right",
					"pivot": [-54.5, 5.9, -1.5],
					"rotation": [0, -90, 0],
					"locators": {
						"item1": [-54.5, 5.9, -1.5]
					}
				},
				{
					"name": "locator_hand_primary1",
					"parent": "hand_air_right",
					"pivot": [-55.5, 6.9, -1],
					"locators": {
						"hand_primary1": [-55.5, 6.9, -1]
					}
				},
				{
					"name": "thumb_air_right",
					"parent": "hand_air_right",
					"pivot": [-54.25, 7.4, 1.4],
					"rotation": [0, -60, 0]
				},
				{
					"name": "thumb_air_right2",
					"parent": "thumb_air_right",
					"pivot": [-54.25, 7.60584, -1.30057]
				},
				{
					"name": "finger_air_inner_right",
					"parent": "hand_air_right",
					"pivot": [-54.5, 7.35584, -1.97557]
				},
				{
					"name": "finger_air_inner_right2",
					"parent": "finger_air_inner_right",
					"pivot": [-54.5, 7.65584, -4.25057]
				},
				{
					"name": "finger_air_outer_right",
					"parent": "hand_air_right",
					"pivot": [-56.6, 7.35584, -1.97557]
				},
				{
					"name": "finger_air_outer_right2",
					"parent": "finger_air_outer_right",
					"pivot": [-56.6, 7.65584, -4.25057]
				},
				{
					"name": "wings_ground",
					"parent": "false_upper_torso",
					"pivot": [6, 19.9, -10.5]
				},
				{
					"name": "wing_ground_left",
					"parent": "wings_ground",
					"pivot": [6, 19.9, -10.5],
					"cubes": [
						{"origin": [5, 18.9, -11.5], "size": [24, 2, 2], "inflate": 0.01, "uv": [62, 138]}
					]
				},
				{
					"name": "membrane_ground_left1",
					"parent": "wing_ground_left",
					"pivot": [16, 19.9, -9.5],
					"cubes": [
						{"origin": [16, 19.9, -10], "size": [20, 0, 12], "uv": [54, 122]}
					]
				},
				{
					"name": "membrane_attachment_ground_left",
					"parent": "wing_ground_left",
					"pivot": [16, 19.9, -9.5],
					"cubes": [
						{"origin": [3, 19.9, -10], "size": [13, 0, 12], "uv": [94, 163]}
					]
				},
				{
					"name": "membrane_hidden_ground_left1",
					"parent": "wing_ground_left",
					"pivot": [29, 19.9, -9.5],
					"cubes": [
						{"origin": [22, 19.9, -10], "size": [20, 0, 22], "inflate": 0.02, "uv": [0, 84]}
					]
				},
				{
					"name": "wing_ground_left2",
					"parent": "wing_ground_left",
					"pivot": [29, 19.9, -9.5],
					"cubes": [
						{"origin": [29, 18.9, -11.5], "size": [27, 2, 2], "uv": [94, 159]},
						{"origin": [48.1, 18.8, -8.5], "size": [3, 3, 4], "pivot": [49.6, 20.3, -13], "rotation": [0, -20, 0], "uv": [119, 74]},
						{"origin": [47.6, 17.8, -18.5], "size": [4, 5, 10], "pivot": [49.6, 20.3, -13], "rotation": [0, -20, 0], "uv": [228, 241]},
						{"origin": [48.6, 19.3, -21.5], "size": [2, 2, 4], "pivot": [49.6, 20.3, -13], "rotation": [0, -20, 0], "uv": [205, 230]},
						{"origin": [43, 19.8, -27.5], "size": [2, 2, 4], "uv": [205, 230]},
						{"origin": [42, 18.8, -23.5], "size": [4, 4, 5], "uv": [203, 217]},
						{"origin": [41, 17.3, -18.5], "size": [6, 6, 10], "uv": [224, 222]},
						{"origin": [42, 18.3, -8.5], "size": [4, 4, 5], "uv": [118, 73]},
						{"origin": [36.9, 18.8, -8.5], "size": [3, 3, 4], "pivot": [38.4, 20.3, -13], "rotation": [0, 20, 0], "uv": [119, 74]},
						{"origin": [36.4, 17.8, -18.5], "size": [4, 5, 10], "pivot": [38.4, 20.3, -13], "rotation": [0, 20, 0], "uv": [228, 241]},
						{"origin": [37.4, 19.3, -21.5], "size": [2, 2, 4], "pivot": [38.4, 20.3, -13], "rotation": [0, 20, 0], "uv": [205, 230]}
					]
				},
				{
					"name": "hand_ground_left",
					"parent": "wing_ground_left2",
					"pivot": [55.5, 19.9, -10.5]
				},
				{
					"name": "locator_hand_secondary2",
					"parent": "hand_ground_left",
					"pivot": [55.5, 19.9, -14],
					"locators": {
						"hand_secondary2": [55.5, 19.9, -14]
					}
				},
				{
					"name": "thumb_ground_left",
					"parent": "hand_ground_left",
					"pivot": [54.25, 20.4, -11.6],
					"rotation": [0, 60, 0]
				},
				{
					"name": "thumb_ground_left2",
					"parent": "thumb_ground_left",
					"pivot": [54.25, 20.60584, -14.30057]
				},
				{
					"name": "finger_ground_inner_left",
					"parent": "hand_ground_left",
					"pivot": [54.5, 20.35584, -14.97557]
				},
				{
					"name": "finger_ground_inner_left2",
					"parent": "finger_ground_inner_left",
					"pivot": [54.5, 20.65584, -17.25057]
				},
				{
					"name": "finger_ground_outer_left",
					"parent": "hand_ground_left",
					"pivot": [56.6, 20.35584, -14.97557]
				},
				{
					"name": "finger_ground_outer_left2",
					"parent": "finger_ground_outer_left",
					"pivot": [56.6, 20.65584, -17.25057]
				},
				{
					"name": "membrane_ground_left2",
					"parent": "wing_ground_left2",
					"pivot": [55, 19.85584, -10.02557],
					"cubes": [
						{"origin": [29, 19.9, -10], "size": [26, 0, 17], "inflate": 0.01, "uv": [104, 44]}
					]
				},
				{
					"name": "membrane_hidden_ground_left2ii",
					"parent": "wing_ground_left2",
					"pivot": [55, 19.85584, -10.02557],
					"cubes": [
						{"origin": [43, 19.9, -10], "size": [12, 0, 15], "uv": [124, 144]}
					]
				},
				{
					"name": "wing_ground_left3",
					"parent": "wing_ground_left2",
					"pivot": [55.5, 19.9, -10.5],
					"cubes": [
						{"origin": [54.5, 19.4, -11.5], "size": [16, 1, 2], "inflate": 0.01, "uv": [180, 137]},
						{"origin": [58, 17.9, -16], "size": [4, 4, 5], "inflate": -1, "uv": [203, 217]},
						{"origin": [64, 17.9, -16], "size": [4, 4, 5], "inflate": -1, "uv": [203, 217]},
						{"origin": [64, 17.9, -13], "size": [4, 4, 5], "inflate": -1, "uv": [118, 73]},
						{"origin": [58, 17.9, -13], "size": [4, 4, 5], "inflate": -1, "uv": [118, 73]}
					]
				},
				{
					"name": "membrane_ground_left3",
					"parent": "wing_ground_left3",
					"pivot": [59, 19.85584, -10.27557],
					"cubes": [
						{"origin": [55.5, 19.9, -10], "size": [15, 0, 16], "uv": [108, 0]}
					]
				},
				{
					"name": "wing_ground_left4",
					"parent": "wing_ground_left3",
					"pivot": [70.5, 19.9, -11.5],
					"cubes": [
						{"origin": [70.5, 19.4, -11.5], "size": [14, 1, 2], "uv": [184, 169]}
					]
				},
				{
					"name": "membrane_ground_left4",
					"parent": "wing_ground_left4",
					"pivot": [74, 19.9, -10],
					"cubes": [
						{"origin": [71.5, 19.9, -11], "size": [20, 0, 11], "inflate": 0.01, "uv": [118, 133]}
					]
				},
				{
					"name": "wing_ground_right",
					"parent": "wings_ground",
					"pivot": [-6, 19.9, -10.5],
					"cubes": [
						{"origin": [-29, 18.9, -11.5], "size": [24, 2, 2], "inflate": 0.01, "uv": [170, 0]}
					]
				},
				{
					"name": "membrane_ground_right1",
					"parent": "wing_ground_right",
					"pivot": [-16, 19.9, -9.5],
					"cubes": [
						{"origin": [-36, 19.9, -10], "size": [20, 0, 12], "uv": [108, 32]}
					]
				},
				{
					"name": "membrane_attachment_ground_right",
					"parent": "wing_ground_right",
					"pivot": [-16, 19.9, -9.5],
					"cubes": [
						{"origin": [-16, 19.9, -10], "size": [13, 0, 12], "uv": [0, 160]}
					]
				},
				{
					"name": "membrane_hidden_ground_right1",
					"parent": "wing_ground_right",
					"pivot": [-29, 19.9, -9.5],
					"cubes": [
						{"origin": [-42, 19.9, -10], "size": [20, 0, 22], "inflate": 0.02, "uv": [84, 84]}
					]
				},
				{
					"name": "wing_ground_right2",
					"parent": "wing_ground_right",
					"pivot": [-29, 19.9, -9.5],
					"cubes": [
						{"origin": [-56, 18.9, -11.5], "size": [27, 2, 2], "uv": [162, 78]},
						{"origin": [-41.4, 17.7, -18.5], "size": [4, 5, 10], "pivot": [-39.4, 20.2, -13], "rotation": [0, -20, 0], "uv": [228, 241]},
						{"origin": [-40.4, 19.2, -21.5], "size": [2, 2, 4], "pivot": [-39.4, 20.2, -13], "rotation": [0, -20, 0], "uv": [205, 230]},
						{"origin": [-48, 17.2, -18.5], "size": [6, 6, 10], "uv": [224, 222]},
						{"origin": [-47, 18.7, -23.5], "size": [4, 4, 5], "uv": [203, 217]},
						{"origin": [-46, 19.7, -27.5], "size": [2, 2, 4], "uv": [205, 230]},
						{"origin": [-51.6, 19.2, -21.5], "size": [2, 2, 4], "pivot": [-50.6, 20.2, -13], "rotation": [0, 20, 0], "uv": [205, 230]},
						{"origin": [-52.6, 17.7, -18.5], "size": [4, 5, 10], "pivot": [-50.6, 20.2, -13], "rotation": [0, 20, 0], "uv": [228, 241]},
						{"origin": [-52.1, 18.7, -8.5], "size": [3, 3, 4], "pivot": [-50.6, 20.2, -13], "rotation": [0, 20, 0], "uv": [119, 74]},
						{"origin": [-47, 18.2, -8.5], "size": [4, 4, 5], "uv": [118, 73]},
						{"origin": [-40.9, 18.7, -8.5], "size": [3, 3, 4], "pivot": [-39.4, 20.2, -13], "rotation": [0, -20, 0], "uv": [119, 74]}
					]
				},
				{
					"name": "hand_ground_right",
					"parent": "wing_ground_right2",
					"pivot": [-55.5, 19.9, -10.5]
				},
				{
					"name": "locator_item2",
					"parent": "hand_ground_right",
					"pivot": [-54.5, 18.9, -14.5],
					"rotation": [0, -90, 0],
					"locators": {
						"item2": [-54.5, 18.9, -14.5]
					}
				},
				{
					"name": "locator_hand_primary2",
					"parent": "hand_ground_right",
					"pivot": [-55.5, 19.9, -14],
					"locators": {
						"hand_primary2": [-55.5, 19.9, -14]
					}
				},
				{
					"name": "thumb_ground_right",
					"parent": "hand_ground_right",
					"pivot": [-54.25, 20.4, -11.6],
					"rotation": [0, -60, 0]
				},
				{
					"name": "thumb_ground_right2",
					"parent": "thumb_ground_right",
					"pivot": [-54.25, 20.60584, -14.30057]
				},
				{
					"name": "finger_ground_inner_right",
					"parent": "hand_ground_right",
					"pivot": [-54.5, 20.35584, -14.97557]
				},
				{
					"name": "finger_ground_inner_right2",
					"parent": "finger_ground_inner_right",
					"pivot": [-54.5, 20.65584, -17.25057]
				},
				{
					"name": "finger_ground_outer_right",
					"parent": "hand_ground_right",
					"pivot": [-56.6, 20.35584, -14.97557]
				},
				{
					"name": "finger_ground_outer_right2",
					"parent": "finger_ground_outer_right",
					"pivot": [-56.6, 20.65584, -17.25057]
				},
				{
					"name": "membrane_ground_right2",
					"parent": "wing_ground_right2",
					"pivot": [-55, 19.85584, -10.02557],
					"cubes": [
						{"origin": [-55, 19.9, -10], "size": [26, 0, 17], "inflate": 0.01, "uv": [104, 61]}
					]
				},
				{
					"name": "membrane_hidden_ground_right2ii",
					"parent": "wing_ground_right2",
					"pivot": [-55, 19.85584, -10.02557],
					"cubes": [
						{"origin": [-55, 19.9, -10], "size": [12, 0, 15], "uv": [0, 145]}
					]
				},
				{
					"name": "wing_ground_right3",
					"parent": "wing_ground_right2",
					"pivot": [-55.5, 19.9, -10.5],
					"cubes": [
						{"origin": [-70.5, 19.4, -11.5], "size": [16, 1, 2], "inflate": 0.01, "uv": [184, 163]},
						{"origin": [-62, 17.9, -13], "size": [4, 4, 5], "inflate": -1, "uv": [118, 73]},
						{"origin": [-62, 17.9, -16], "size": [4, 4, 5], "inflate": -1, "uv": [203, 217]},
						{"origin": [-68, 17.9, -13], "size": [4, 4, 5], "inflate": -1, "uv": [118, 73]},
						{"origin": [-68, 17.9, -16], "size": [4, 4, 5], "inflate": -1, "uv": [203, 217]}
					]
				},
				{
					"name": "membrane_ground_right3",
					"parent": "wing_ground_right3",
					"pivot": [-59, 19.85584, -10.27557],
					"cubes": [
						{"origin": [-70.5, 19.9, -10], "size": [15, 0, 16], "uv": [116, 106]}
					]
				},
				{
					"name": "wing_ground_right4",
					"parent": "wing_ground_right3",
					"pivot": [-70.5, 19.9, -11.5],
					"cubes": [
						{"origin": [-84.5, 19.4, -11.5], "size": [14, 1, 2], "uv": [184, 175]}
					]
				},
				{
					"name": "membrane_ground_right4",
					"parent": "wing_ground_right4",
					"pivot": [-74, 19.9, -10],
					"cubes": [
						{"origin": [-91.5, 19.9, -11], "size": [20, 0, 11], "inflate": 0.01, "uv": [62, 144]}
					]
				},
				{
					"name": "tail_1",
					"parent": "torso",
					"pivot": [0, 17.9, 5.5],
					"cubes": [
						{"origin": [0, 21.9, 8.7], "size": [0, 5, 6], "uv": [187, 221]},
						{"origin": [-4, 11.9, 4.5], "size": [8, 10, 12], "uv": [54, 155]}
					]
				},
				{
					"name": "tail_2",
					"parent": "tail_1",
					"pivot": [0, 16.9, 16.5],
					"cubes": [
						{"origin": [0, 20.4, 18.2], "size": [0, 5, 6], "uv": [187, 221]},
						{"origin": [-3, 13.4, 14.5], "size": [6, 7, 11], "uv": [0, 172]}
					]
				},
				{
					"name": "tail_3",
					"parent": "tail_2",
					"pivot": [0, 17.10584, 25.72443],
					"cubes": [
						{"origin": [0, 19.3, 26.2], "size": [0, 5, 6], "uv": [187, 221]},
						{"origin": [-2.5, 14.4, 23.5], "size": [5, 5, 9], "uv": [34, 177]}
					]
				},
				{
					"name": "tail_4",
					"parent": "tail_3",
					"pivot": [0, 16.9, 32.5],
					"cubes": [
						{"origin": [-2, 14.9, 30.5], "size": [4, 4, 9], "uv": [180, 121]}
					]
				},
				{
					"name": "locator_tail",
					"parent": "tail_4",
					"pivot": [0, 16.9, 35.5],
					"rotation": [0, 180, 0],
					"locators": {
						"tail": [0, 16.9, 35.5]
					}
				},
				{
					"name": "tail_5",
					"parent": "tail_4",
					"pivot": [0, 16.9, 39.5],
					"cubes": [
						{"origin": [-1.5, 15.4, 37.5], "size": [3, 3, 8], "uv": [0, 190]}
					]
				},
				{
					"name": "tail_tip",
					"parent": "tail_5",
					"pivot": [0, 17.10584, 45.72443],
					"cubes": [
						{"origin": [-3.5, 16.9, 54], "size": [7, 0, 11], "uv": [170, 31]},
						{"origin": [-0.5, 15.9, 43], "size": [1, 2, 12], "uv": [178, 144]}
					]
				},
				{
					"name": "locator_tail_tip",
					"parent": "tail_tip",
					"pivot": [0, 16.9, 59],
					"rotation": [0, 180, 0],
					"locators": {
						"tail_tip": [0, 16.9, 59]
					}
				},
				{
					"name": "left_upper_leg",
					"parent": "body",
					"pivot": [7, 14.65, 0],
					"rotation": [-40, 0, 0],
					"cubes": [
						{"origin": [4.5, 6.15, -2], "size": [5, 10, 7], "uv": [62, 177]}
					]
				},
				{
					"name": "left_lower_leg",
					"parent": "left_upper_leg",
					"pivot": [7, 6.15, 0],
					"rotation": [75, 0, 0],
					"cubes": [
						{"origin": [5, 0.15, -1], "size": [4, 6, 4], "uv": [22, 191]},
						{"origin": [5.5, -2.85, -1], "size": [3, 3, 3], "uv": [144, 200]}
					]
				},
				{
					"name": "left_foot",
					"parent": "left_lower_leg",
					"pivot": [7, -2.85, 0.5],
					"rotation": [-35, 0, 0],
					"cubes": [
						{"origin": [5, -3.85, -4.5], "size": [4, 2, 7], "inflate": 0.02, "uv": [190, 42]}
					]
				},
				{
					"name": "locator_foot_secondary",
					"parent": "left_foot",
					"pivot": [7, -2.9, -2],
					"rotation": [90, 0, 0],
					"locators": {
						"foot_secondary": [7, -2.9, -2]
					}
				},
				{
					"name": "left_outer_toe",
					"parent": "left_foot",
					"pivot": [8.2, -2.35, -4.5],
					"cubes": [
						{"origin": [7.7, -3.6, -6.75], "size": [1, 1, 2], "inflate": 0.26, "uv": [118, 155]}
					]
				},
				{
					"name": "left_outer_toe2",
					"parent": "left_outer_toe",
					"pivot": [8.2, -2.35, -6.975],
					"cubes": [
						{"origin": [7.7, -3.6, -9.225], "size": [1, 1, 2], "inflate": 0.25, "uv": [184, 178]}
					]
				},
				{
					"name": "left_inner_toe",
					"parent": "left_foot",
					"pivot": [5.8, -2.35, -4.5],
					"cubes": [
						{"origin": [5.3, -3.6, -6.75], "size": [1, 1, 2], "inflate": 0.26, "uv": [190, 74]}
					]
				},
				{
					"name": "left_inner_toe2",
					"parent": "left_inner_toe",
					"pivot": [5.8, -2.35, -6.975],
					"cubes": [
						{"origin": [5.3, -3.6, -9.225], "size": [1, 1, 2], "inflate": 0.25, "uv": [190, 178]}
					]
				},
				{
					"name": "left_back_toe",
					"parent": "left_foot",
					"pivot": [7, -2.35, 2.5],
					"cubes": [
						{"origin": [6.5, -3.6, 2.75], "size": [1, 1, 3], "inflate": 0.25, "uv": [92, 248], "mirror": true},
						{"origin": [7, -3.6, 5.95], "size": [0, 1, 1], "uv": [98, 250], "mirror": true}
					]
				},
				{
					"name": "left_back_toe2",
					"parent": "left_back_toe",
					"pivot": [7, -2.35, 5]
				},
				{
					"name": "right_upper_leg",
					"parent": "body",
					"pivot": [-7, 14.65, 0],
					"rotation": [-40, 0, 0],
					"cubes": [
						{"origin": [-9.5, 6.15, -2], "size": [5, 10, 7], "uv": [178, 104]}
					]
				},
				{
					"name": "right_lower_leg",
					"parent": "right_upper_leg",
					"pivot": [-7, 6.15, 0],
					"rotation": [75, 0, 0],
					"cubes": [
						{"origin": [-9, 0.15, -1], "size": [4, 6, 4], "uv": [38, 191]},
						{"origin": [-8.5, -2.85, -1], "size": [3, 3, 3], "uv": [0, 201]}
					]
				},
				{
					"name": "right_foot",
					"parent": "right_lower_leg",
					"pivot": [-7, -2.85, 0.5],
					"rotation": [-35, 0, 0],
					"cubes": [
						{"origin": [-9, -3.85, -4.5], "size": [4, 2, 7], "inflate": 0.02, "uv": [190, 51]}
					]
				},
				{
					"name": "locator_foot_primary",
					"parent": "right_foot",
					"pivot": [-7, -2.9, -2],
					"rotation": [90, 0, 0],
					"locators": {
						"foot_primary": [-7, -2.9, -2]
					}
				},
				{
					"name": "right_outer_toe",
					"parent": "right_foot",
					"pivot": [-8.2, -2.35, -4.5],
					"cubes": [
						{"origin": [-8.7, -3.6, -6.75], "size": [1, 1, 2], "inflate": 0.26, "uv": [54, 191]}
					]
				},
				{
					"name": "right_outer_toe2",
					"parent": "right_outer_toe",
					"pivot": [-8.2, -2.35, -6.975],
					"cubes": [
						{"origin": [-8.7, -3.6, -9.225], "size": [1, 1, 2], "inflate": 0.25, "uv": [196, 74]}
					]
				},
				{
					"name": "right_inner_toe",
					"parent": "right_foot",
					"pivot": [-5.8, -2.35, -4.5],
					"cubes": [
						{"origin": [-6.3, -3.6, -6.75], "size": [1, 1, 2], "inflate": 0.26, "uv": [196, 178]}
					]
				},
				{
					"name": "right_inner_toe2",
					"parent": "right_inner_toe",
					"pivot": [-5.8, -2.35, -6.975],
					"cubes": [
						{"origin": [-6.3, -3.6, -9.225], "size": [1, 1, 2], "inflate": 0.25, "uv": [202, 74]}
					]
				},
				{
					"name": "right_back_toe",
					"parent": "right_foot",
					"pivot": [-7, -2.35, 2.5],
					"cubes": [
						{"origin": [-7.5, -3.6, 2.75], "size": [1, 1, 3], "inflate": 0.25, "uv": [92, 248]},
						{"origin": [-7, -3.6, 5.95], "size": [0, 1, 1], "uv": [97, 250]}
					]
				},
				{
					"name": "right_back_toe2",
					"parent": "right_back_toe",
					"pivot": [-7, -2.35, 5]
				}
			]
		}
	]
}