{
  "animations": {
    "animation.swirlix.blink": {
      "animation_length": 0.1667,
      "bones": {
        "eyelids": {
          "position": {
            "0.0": [0, 0, -1],
            "0.125": [0, 0, -1],
            "0.1667": [0, 0, 0]
          }
        },
        "eyes": {
          "position": {
            "0.0": [0, 0, 0.3],
            "0.125": [0, 0, 0.3],
            "0.1667": [0, 0, 0]
          }
        }
      }
    },
    "animation.swirlix.faint": {
      "animation_length": 3,
      "bones": {
        "eyelids": {
          "position": {
            "0.0": {
              "lerp_mode": "catmullrom",
              "post": [0, 0, 0]
            },
            "0.2917": {
              "lerp_mode": "catmullrom",
              "post": [0, 0, 0]
            },
            "0.3333": {
              "lerp_mode": "catmullrom",
              "post": [0, 0, -1.75]
            }
          }
        },
        "eyes": {
          "position": {
            "0.0": {
              "lerp_mode": "catmullrom",
              "post": [0, 0, 0]
            },
            "0.2917": {
              "lerp_mode": "catmullrom",
              "post": [0, 0, 0]
            },
            "0.3333": {
              "lerp_mode": "catmullrom",
              "post": [0, 0, 1]
            }
          }
        },
        "head": {
          "position": {
            "0.0": {
              "lerp_mode": "catmullrom",
              "post": [0, 0, 0]
            },
            "0.3333": {
              "lerp_mode": "catmullrom",
              "post": [0, 1.2, -0.9]
            },
            "1.0833": {
              "lerp_mode": "catmullrom",
              "post": [0, 2.2, -1.7]
            },
            "1.3333": {
              "lerp_mode": "catmullrom",
              "post": [0, 2.2, -2.2]
            }
          },
          "rotation": {
            "0.0": {
              "lerp_mode": "catmullrom",
              "post": [0, 0, 0]
            },
            "0.3333": {
              "lerp_mode": "catmullrom",
              "post": [-10, 0, 0]
            },
            "0.9167": {
              "lerp_mode": "catmullrom",
              "post": [90, 0, 0]
            },
            "1.0833": {
              "lerp_mode": "catmullrom",
              "post": [97.5, 0, 0]
            }
          }
        },
        "left_foot": {
          "position": {
            "0.0": {
              "lerp_mode": "catmullrom",
              "post": [0, 0, 0]
            },
            "0.3333": {
              "lerp_mode": "catmullrom",
              "post": [0, 1, 0]
            },
            "0.6667": {
              "lerp_mode": "catmullrom",
              "post": [0, 1.99, -1.83]
            },
            "0.9167": {
              "lerp_mode": "catmullrom",
              "post": [0, 1, -3.1]
            },
            "1.0833": {
              "lerp_mode": "catmullrom",
              "post": [0, 1.9, -3.1]
            },
            "1.3333": {
              "lerp_mode": "catmullrom",
              "post": [0, 1.9, -4.6]
            }
          },
          "rotation": {
            "0.0": {
              "lerp_mode": "catmullrom",
              "post": [0, 0, 0]
            },
            "0.3333": {
              "lerp_mode": "catmullrom",
              "post": [26, 0, 0]
            },
            "0.9167": {
              "lerp_mode": "catmullrom",
              "post": [98.5, 0, 0]
            }
          }
        },
        "lumps": {
          "position": {
            "1.0833": [0, -0.2, 0.1],
            "1.3333": [0, 0, 0]
          },
          "rotation": {
            "0.0": {
              "lerp_mode": "catmullrom",
              "post": [0, 0, 0]
            },
            "0.2083": {
              "lerp_mode": "catmullrom",
              "post": [-0.94, 0, 0]
            },
            "0.7083": {
              "lerp_mode": "catmullrom",
              "post": [-5.54985, -1.73093, 2.32979]
            },
            "1.0833": {
              "lerp_mode": "catmullrom",
              "post": [7.5, 0, 0]
            },
            "1.3333": {
              "lerp_mode": "catmullrom",
              "post": [0, 0, 0]
            }
          }
        },
        "right_foot": {
          "position": {
            "0.0": {
              "lerp_mode": "catmullrom",
              "post": [0, 0, 0]
            },
            "0.3333": {
              "lerp_mode": "catmullrom",
              "post": [0, 1, 0]
            },
            "0.6667": {
              "lerp_mode": "catmullrom",
              "post": [0, 1.99, -2.12]
            },
            "0.9167": {
              "lerp_mode": "catmullrom",
              "post": [0, 1, -3.6]
            },
            "1.0833": {
              "lerp_mode": "catmullrom",
              "post": [0, 1.9, -3.6]
            },
            "1.3333": {
              "lerp_mode": "catmullrom",
              "post": [0, 1.9, -4.8]
            }
          },
          "rotation": {
            "0.0": {
              "lerp_mode": "catmullrom",
              "post": [0, 0, 0]
            },
            "0.3333": {
              "lerp_mode": "catmullrom",
              "post": [29, 0, 0]
            },
            "0.9167": {
              "lerp_mode": "catmullrom",
              "post": [104, 0, 0]
            }
          }
        },
        "tail": {
          "position": {
            "0.3333": {
              "lerp_mode": "catmullrom",
              "post": [0, 1.1, -0.2],
              "pre": [0, 1.1, -0.2]
            }
          },
          "rotation": {
            "0.3333": {
              "lerp_mode": "catmullrom",
              "post": [-6, 0, 0],
              "pre": [-6, 0, 0]
            },
            "0.75": {
              "lerp_mode": "catmullrom",
              "post": [-68.11, 0, 0]
            },
            "0.9167": {
              "lerp_mode": "catmullrom",
              "post": [-136, 0, 0]
            }
          }
        }
      }
    },
    "animation.swirlix.ground_idle": {
      "bones": {
        "head": {
          "rotation": ["math.cos(((query.anim_time) - (0.5/4)) * 45 * 10) * (2 * 1)", 0, "math.cos(((query.anim_time) - (0.5/4)) * 45 * 5) * (4 * 1)"]
        },
        "lumps": {
          "position": [0, "math.sin(((query.anim_time) - (0.5/4)) * 45 * 10) * (0.1 * 1)", 0],
          "rotation": [0, 0, "math.sin(((query.anim_time) - (0.5/4)) * 45 * 5) * (2 * 1)"]
        },
        "mouth": {
          "position": [0, 0, 0]
        },
        "tail": {
          "rotation": ["math.sin(((query.anim_time) - (0.5/4)) * 45 * 10) * (2 * 1)", "math.sin(((query.anim_time) - (0.5/4)) * 45 * 5) * (8 * 1)", 0]
        },
        "tongue": {
          "rotation": [0, 0, "math.sin(((query.anim_time) - (0.5/4)) * 45 * 5) * (-8 * 1)"]
        }
      },
      "loop": true
    },
    "animation.swirlix.ground_walk": {
      "bones": {
        "head": {
          "rotation": ["math.cos(((query.anim_time) - (0.5/4)) * 45 * 10) * (2 * 1)", 0, "math.cos(((query.anim_time) - (0.5/4)) * 45 * 5) * (4 * 1)"]
        },
        "left_foot": {
          "position": [0, 0, "math.cos(((query.anim_time) - (0.5/4)) * 45 * 5) * (-1 * 1)"],
          "rotation": ["math.cos(((query.anim_time) - (0.5/4)) * 45 * 5) * (-10 * 1)", 0, 0]
        },
        "lumps": {
          "position": [0, "math.sin(((query.anim_time) - (0.5/4)) * 45 * 10) * (0.1 * 1)", 0],
          "rotation": ["math.sin(((query.anim_time) - (0.5/4)) * 45 * 5) * (1 * 1)", 0, "math.sin(((query.anim_time) - (0.5/4)) * 45 * 5) * (2.5 * 1)"]
        },
        "mouth": {
          "position": [0, 0, 0]
        },
        "right_foot": {
          "position": [0, 0, "math.cos(((query.anim_time) - (0.5/4)) * 45 * 5) * (1 * 1)"],
          "rotation": ["math.cos(((query.anim_time) - (0.5/4)) * 45 * 5) * (10 * 1)", 0, 0]
        },
        "swirlix": {
          "position": ["math.cos(((query.anim_time) - (0.5/4)) * 45 * 5) * (0.5 * 1)", 0, 0],
          "rotation": [0, "math.cos(((query.anim_time) - (0.5/4)) * 45 * 5) * (10 * 1)", 0]
        },
        "tail": {
          "rotation": ["math.sin(((query.anim_time) - (0.5/4)) * 45 * 10) * (2 * 1)", "math.sin(((query.anim_time) - (0.5/4)) * 45 * 5) * (8 * 1)", 0]
        },
        "tongue": {
          "rotation": [0, 0, "math.sin(((query.anim_time) - (0.5/4)) * 45 * 5) * (7 * 1)"]
        }
      },
      "loop": true
    },
    "animation.swirlix.sleep": {
      "bones": {
        "eyelids": {
          "position": [0, 0, -1.75]
        },
        "eyes": {
          "position": [0, 0, 1]
        },
        "head": {
          "position": [0, -0.7, 0],
          "rotation": ["9+math.cos(((query.anim_time) - (0.5/4)) * 45 * 2) * (2 * 1)", 0, 0]
        },
        "lumps": {
          "rotation": ["math.sin(((query.anim_time) - (0.5/4)) * 45 * 2) * (0.85 * 1)", 0, 0]
        }
      },
      "loop": true
    }
  },
  "format_version": "1.8.0"
}