{
  "animations": {
    "animation.amoonguss.amogus": {
      "animation_length": 2.375,
      "bones": {
        "arm_left": {
          "position": [-2, 0, 0],
          "rotation": ["-1.6787+math.sin((q.anim_time)*75*2-260)*7", "-12.6972+math.sin((q.anim_time)*75*2-260)*7", "22.9145+math.sin((q.anim_time)*75*2)*7"],
          "scale": 0.1
        },
        "arm_left2": {
          "rotation": [0, "15+math.sin((q.anim_time)*75*2)*7", "math.sin((q.anim_time)*75*2)*2"]
        },
        "arm_right": {
          "position": [1, 0, -2],
          "rotation": ["-182.7004-math.sin((q.anim_time)*75*2-270)*7", "72.5826-math.sin((q.anim_time)*75*2-260)*7", "-186.4312+math.sin((q.anim_time)*75*2)*7"],
          "scale": [1.1, 1.4, 0.9]
        },
        "arm_right2": {
          "rotation": [0, "-22.5-math.sin((q.anim_time)*75*2)*7", "-(math.sin((q.anim_time)*75*2)*2)"]
        },
        "eye_left": {
          "position": [0.7, 0, 0]
        },
        "eye_right": {
          "position": [2, 0, 0],
          "scale": [4.1, 1.6, 1]
        },
        "eye_right_overlay_small": {
          "position": [3, 0, 0],
          "scale": [-0.6, 1, 1]
        },
        "eyebrow_right": {
          "scale": [0.2, 1, 1]
        },
        "hand_left": {
          "rotation": [0, "-12.5-math.sin((q.anim_time)*75*2-150)*7", "-math.sin((q.anim_time)*75*2-150)*3"]
        },
        "hand_right": {
          "rotation": [0, "-2.5+math.sin((q.anim_time)*75*2-150)*7", "math.sin((q.anim_time)*75*2-150)*3"]
        },
        "hat": {
          "rotation": ["0+math.sin((q.anim_time)*75*2-210)*1", "0+math.sin((q.anim_time)*75*2-210)*1", "0+math.sin((q.anim_time)*75*2-210)*1"]
        },
        "head": {
          "rotation": ["0.3416+math.sin((q.anim_time)*75*2-210)*1", 0.10833, "-0.0254+math.sin((q.anim_time)*75*2-210)*1+math.sin((q.anim_time)*75*2-110)*2"]
        },
        "mouth": {
          "position": [0, 0, 3],
          "rotation": [-7.5, 0, 0]
        },
        "mouth_hole": {
          "rotation": [0, 0, 0]
        },
        "pupil_left": {
          "position": [0, 0, 2]
        },
        "pupil_right": {
          "position": [0, 0, 2]
        },
        "torso_squish": {
          "scale": 1
        }
      },
      "loop": true
    },
    "animation.amoonguss.battle_idle": {
      "animation_length": 2.375,
      "bones": {
        "arm_left": {
          "rotation": ["-1.2813+math.sin((q.anim_time)*75*2-260)*7", "7.444+math.sin((q.anim_time)*75*2-260)*7", "22.3388+math.sin((q.anim_time)*75*2)*7"]
        },
        "arm_left2": {
          "rotation": [0, "15+math.sin((q.anim_time)*75*2)*7", "math.sin((q.anim_time)*75*2)*2"]
        },
        "arm_right": {
          "rotation": ["-1.2813-math.sin((q.anim_time)*75*2-270)*7", "7.444-math.sin((q.anim_time)*75*2-260)*7", "-22.3388+math.sin((q.anim_time)*75*2)*7"]
        },
        "arm_right2": {
          "rotation": [0, "-22.5-math.sin((q.anim_time)*75*2)*7", "-(math.sin((q.anim_time)*75*2)*2)"]
        },
        "hand_left": {
          "rotation": [0, "-12.5-math.sin((q.anim_time)*75*2-150)*7", "-math.sin((q.anim_time)*75*2-150)*3"]
        },
        "hand_right": {
          "rotation": [0, "-2.5+math.sin((q.anim_time)*75*2-150)*7", "math.sin((q.anim_time)*75*2-150)*3"]
        },
        "hat": {
          "rotation": ["0+math.sin((q.anim_time)*75*2-210)*1", "0+math.sin((q.anim_time)*75*2-210)*1", "0+math.sin((q.anim_time)*75*2-210)*1"]
        },
        "head": {
          "rotation": ["0.3416+math.sin((q.anim_time)*75*2-210)*1", 0.10833, "-0.0254+math.sin((q.anim_time)*75*2-210)*1+math.sin((q.anim_time)*75*2-110)*2"]
        },
        "mouth": {
          "rotation": [-7.5, 0, 0]
        },
        "mouth_hole": {
          "rotation": [0, 0, 0]
        },
        "torso_squish": {
          "scale": 1
        }
      },
      "loop": true
    },
    "animation.amoonguss.blink": {
      "animation_length": 0.1667,
      "bones": {
        "eye_left": {
          "position": {
            "0.0": [0, 0, 0.1],
            "0.125": [0, 0, 0.1],
            "0.1667": {
              "post": [0, 0, 0],
              "pre": [0, 0, 0.1]
            }
          }
        },
        "eye_right": {
          "position": {
            "0.0": [0, 0, 0.1],
            "0.125": [0, 0, 0.1],
            "0.1667": {
              "post": [0, 0, 0],
              "pre": [0, 0, 0.1]
            }
          }
        },
        "eyelid_left": {
          "position": {
            "0.0": [0, 0, -0.1],
            "0.125": [0, 0, -0.1],
            "0.1667": {
              "post": [0, 0, 0],
              "pre": [0, 0, -0.1]
            }
          }
        },
        "eyelid_right": {
          "position": {
            "0.0": [0, 0, -0.1],
            "0.125": [0, 0, -0.1],
            "0.1667": {
              "post": [0, 0, 0],
              "pre": [0, 0, -0.1]
            }
          }
        }
      }
    },
    "animation.amoonguss.ground_idle": {
      "animation_length": 2.375,
      "bones": {
        "arm_left": {
          "rotation": ["-1.6787+math.sin((q.anim_time)*75*2-260)*7", "-12.6972+math.sin((q.anim_time)*75*2-260)*7", "22.9145+math.sin((q.anim_time)*75*2)*7"]
        },
        "arm_left2": {
          "rotation": [0, "15+math.sin((q.anim_time)*75*2)*7", "math.sin((q.anim_time)*75*2)*2"]
        },
        "arm_right": {
          "rotation": ["-1.5911-math.sin((q.anim_time)*75*2-270)*7", "22.2837-math.sin((q.anim_time)*75*2-260)*7", "-24.5547+math.sin((q.anim_time)*75*2)*7"]
        },
        "arm_right2": {
          "rotation": [0, "-22.5-math.sin((q.anim_time)*75*2)*7", "-(math.sin((q.anim_time)*75*2)*2)"]
        },
        "hand_left": {
          "rotation": [0, "-12.5-math.sin((q.anim_time)*75*2-150)*7", "-math.sin((q.anim_time)*75*2-150)*3"]
        },
        "hand_right": {
          "rotation": [0, "-2.5+math.sin((q.anim_time)*75*2-150)*7", "math.sin((q.anim_time)*75*2-150)*3"]
        },
        "hat": {
          "rotation": ["0+math.sin((q.anim_time)*75*2-210)*1", "0+math.sin((q.anim_time)*75*2-210)*1", "0+math.sin((q.anim_time)*75*2-210)*1"]
        },
        "head": {
          "rotation": ["0.3416+math.sin((q.anim_time)*75*2-210)*1", 0.10833, "-0.0254+math.sin((q.anim_time)*75*2-210)*1+math.sin((q.anim_time)*75*2-110)*2"]
        },
        "mouth": {
          "rotation": [-7.5, 0, 0]
        },
        "mouth_hole": {
          "rotation": [0, 0, 0]
        },
        "torso_squish": {
          "scale": 1
        }
      },
      "loop": true
    },
    "animation.amoonguss.ground_walk": {
      "animation_length": 2,
      "bones": {
        "arm_left": {
          "rotation": {
            "0.0": {
              "lerp_mode": "catmullrom",
              "post": [-8.2813, -0.55035, 22.3388]
            },
            "0.2917": {
              "lerp_mode": "catmullrom",
              "post": [-8.2813, -0.55035, 22.3388]
            },
            "0.5833": {
              "lerp_mode": "catmullrom",
              "post": [-36.76383, 39.19949, -4.88354]
            },
            "0.875": {
              "lerp_mode": "catmullrom",
              "post": [-8.2813, -0.55035, 22.3388]
            },
            "0.9583": {
              "lerp_mode": "catmullrom",
              "post": [-8.2813, -0.55035, 22.3388]
            },
            "1.2917": {
              "lerp_mode": "catmullrom",
              "post": [-8.2813, -0.55035, 22.3388]
            },
            "1.5833": {
              "lerp_mode": "catmullrom",
              "post": [-36.76383, 39.19949, -4.88354]
            },
            "1.875": {
              "lerp_mode": "catmullrom",
              "post": [-8.2813, -0.55035, 22.3388]
            }
          }
        },
        "arm_left2": {
          "rotation": [0, 15, 0]
        },
        "arm_right": {
          "rotation": {
            "0.0": {
              "lerp_mode": "catmullrom",
              "post": [-8.2813, 0.55035, -22.3388]
            },
            "0.2917": {
              "lerp_mode": "catmullrom",
              "post": [-8.2813, 0.55035, -22.3388]
            },
            "0.5833": {
              "lerp_mode": "catmullrom",
              "post": [-36.76383, -39.19949, 4.88354]
            },
            "0.875": {
              "lerp_mode": "catmullrom",
              "post": [-8.2813, 0.55035, -22.3388]
            },
            "0.9583": {
              "lerp_mode": "catmullrom",
              "post": [-8.2813, 0.55035, -22.3388]
            },
            "1.2917": {
              "lerp_mode": "catmullrom",
              "post": [-8.2813, 0.55035, -22.3388]
            },
            "1.5833": {
              "lerp_mode": "catmullrom",
              "post": [-36.76383, -39.19949, 4.88354]
            },
            "1.875": {
              "lerp_mode": "catmullrom",
              "post": [-8.2813, 0.55035, -22.3388]
            }
          }
        },
        "arm_right2": {
          "rotation": [0, -22.5, 0]
        },
        "body": {
          "position": {
            "0.0": [0, 0, 0],
            "0.3333": [0, 0, 0],
            "0.5417": {
              "lerp_mode": "catmullrom",
              "post": [0, 2, -4],
              "pre": [0, 2, -4]
            },
            "0.75": {
              "lerp_mode": "catmullrom",
              "post": [0, 0, -5]
            },
            "1.0": [0, 0, -5],
            "1.3333": [0, 0, 0],
            "1.5417": {
              "lerp_mode": "catmullrom",
              "post": [0, 2, -4],
              "pre": [0, 2, -4]
            },
            "1.75": {
              "lerp_mode": "catmullrom",
              "post": [0, 0, -5]
            },
            "2.0": [0, 0, 0]
          },
          "rotation": {
            "0.0": {
              "lerp_mode": "catmullrom",
              "post": [0, 0, 0]
            },
            "0.3333": {
              "lerp_mode": "catmullrom",
              "post": [0, 0, 0]
            },
            "0.4583": {
              "lerp_mode": "catmullrom",
              "post": [12.5, 0, 0]
            },
            "0.625": {
              "lerp_mode": "catmullrom",
              "post": [13.29, 0, 0]
            },
            "0.75": {
              "lerp_mode": "catmullrom",
              "post": [0, 0, 0]
            },
            "1.3333": {
              "lerp_mode": "catmullrom",
              "post": [0, 0, 0]
            },
            "1.4583": {
              "lerp_mode": "catmullrom",
              "post": [12.5, 0, 0]
            },
            "1.625": {
              "lerp_mode": "catmullrom",
              "post": [13.29, 0, 0]
            },
            "1.75": {
              "lerp_mode": "catmullrom",
              "post": [0, 0, 0]
            }
          }
        },
        "hand_left": {
          "rotation": [0, -9, 1.5]
        },
        "hand_right": {
          "rotation": [0, -6, -1.5]
        },
        "hat": {
          "position": {
            "0.0": {
              "lerp_mode": "catmullrom",
              "post": [0, 0, 0]
            },
            "0.3333": {
              "lerp_mode": "catmullrom",
              "post": [0, 0, 0]
            },
            "0.4583": {
              "lerp_mode": "catmullrom",
              "post": [0, -1.23, 0]
            },
            "0.5833": {
              "lerp_mode": "catmullrom",
              "post": [0, -0.4, 0]
            },
            "1.2917": {
              "lerp_mode": "catmullrom",
              "post": [0, 0, 0]
            },
            "1.4167": {
              "lerp_mode": "catmullrom",
              "post": [0, -1.23, 0]
            },
            "1.5417": {
              "lerp_mode": "catmullrom",
              "post": [0, -0.4, 0]
            }
          },
          "rotation": {
            "0.0": {
              "lerp_mode": "catmullrom",
              "post": [0.5, 0.5, 0.5]
            },
            "0.3333": {
              "lerp_mode": "catmullrom",
              "post": [0.5, 0.5, 0.5]
            },
            "0.5": {
              "lerp_mode": "catmullrom",
              "post": [-19.11111, 0.5, 0.5]
            },
            "0.5833": {
              "lerp_mode": "catmullrom",
              "post": [-17, 0.5, 0.5]
            },
            "0.75": {
              "lerp_mode": "catmullrom",
              "post": [-2, 0.5, 0.5]
            },
            "0.8333": {
              "lerp_mode": "catmullrom",
              "post": [-9.5, 0.5, 0.5]
            },
            "0.9167": {
              "lerp_mode": "catmullrom",
              "post": [0.5, 0.5, 0.5]
            },
            "1.0": {
              "lerp_mode": "catmullrom",
              "post": [-4.5, 0.5, 0.5]
            },
            "1.0833": {
              "lerp_mode": "catmullrom",
              "post": [0.5, 0.5, 0.5]
            },
            "1.2917": {
              "lerp_mode": "catmullrom",
              "post": [0.5, 0.5, 0.5]
            },
            "1.4583": {
              "lerp_mode": "catmullrom",
              "post": [-19.11111, 0.5, 0.5]
            },
            "1.5417": {
              "lerp_mode": "catmullrom",
              "post": [-17, 0.5, 0.5]
            },
            "1.6667": {
              "lerp_mode": "catmullrom",
              "post": [-2, 0.5, 0.5]
            },
            "1.75": {
              "lerp_mode": "catmullrom",
              "post": [-9.5, 0.5, 0.5]
            },
            "1.8333": {
              "lerp_mode": "catmullrom",
              "post": [0.5, 0.5, 0.5]
            },
            "1.9167": {
              "lerp_mode": "catmullrom",
              "post": [-4.5, 0.5, 0.5]
            },
            "2.0": {
              "lerp_mode": "catmullrom",
              "post": [0.5, 0.5, 0.5]
            }
          }
        },
        "head": {
          "rotation": {
            "0.0": {
              "lerp_mode": "catmullrom",
              "post": [0.8416, 0.10833, -1.40479]
            },
            "0.3333": {
              "lerp_mode": "catmullrom",
              "post": [0.8416, 0.10833, -1.40479]
            },
            "0.5833": {
              "lerp_mode": "catmullrom",
              "post": [20.8416, 0.10833, -1.40479]
            },
            "1.0": {
              "lerp_mode": "catmullrom",
              "post": [0.8416, 0.10833, -1.40479]
            },
            "1.3333": {
              "lerp_mode": "catmullrom",
              "post": [0.8416, 0.10833, -1.40479]
            },
            "1.5833": {
              "lerp_mode": "catmullrom",
              "post": [20.8416, 0.10833, -1.40479]
            },
            "2.0": {
              "lerp_mode": "catmullrom",
              "post": [0.8416, 0.10833, -1.40479]
            }
          }
        },
        "mouth": {
          "rotation": [-7.5, 0, 0]
        },
        "mouth_hole": {
          "rotation": [0, 0, 0]
        },
        "torso": {
          "position": {
            "0.0": [0, "0+math.sin(q.anim_time*90*40-0)*0.3", 0],
            "0.3333": [0, 0, 0],
            "0.7083": [0, 0, 3],
            "0.75": [0, "0+math.sin(q.anim_time*90*40-0)*0.3", 3],
            "1.0": [0, "0+math.sin(q.anim_time*90*40-0)*0.3", 5],
            "1.2917": [0, 0, 1],
            "1.7083": [0, 0, 3],
            "1.75": [0, "0+math.sin(q.anim_time*90*40-0)*0.3", 3],
            "2.0": [0, 0, 0]
          }
        },
        "torso_squish": {
          "position": {
            "0.0": {
              "lerp_mode": "catmullrom",
              "post": [0, 0, 0]
            },
            "0.7083": {
              "lerp_mode": "catmullrom",
              "post": [0, 0, 0]
            },
            "0.75": {
              "lerp_mode": "catmullrom",
              "post": [0, -0.3, 0]
            },
            "0.8333": {
              "lerp_mode": "catmullrom",
              "post": [0, 0, 0]
            },
            "0.9167": {
              "lerp_mode": "catmullrom",
              "post": [0, -0.3, 0]
            },
            "1.0": {
              "lerp_mode": "catmullrom",
              "post": [0, 0, 0]
            },
            "1.7083": {
              "lerp_mode": "catmullrom",
              "post": [0, 0, 0]
            },
            "1.75": {
              "lerp_mode": "catmullrom",
              "post": [0, -0.3, 0]
            },
            "1.8333": {
              "lerp_mode": "catmullrom",
              "post": [0, 0, 0]
            },
            "1.9167": {
              "lerp_mode": "catmullrom",
              "post": [0, -0.3, 0]
            },
            "2.0": {
              "lerp_mode": "catmullrom",
              "post": [0, 0, 0]
            }
          },
          "scale": {
            "0.0": {
              "lerp_mode": "catmullrom",
              "post": [1, 1, 1]
            },
            "0.6667": {
              "lerp_mode": "catmullrom",
              "post": [1, 1, 1]
            },
            "0.75": {
              "lerp_mode": "catmullrom",
              "post": [1.1, 0.9, 1.1]
            },
            "0.8333": {
              "lerp_mode": "catmullrom",
              "post": [1, 1, 1]
            },
            "0.9167": {
              "lerp_mode": "catmullrom",
              "post": [1.1, 0.9, 1.1]
            },
            "1.0": {
              "lerp_mode": "catmullrom",
              "post": [1, 1, 1]
            },
            "1.6667": {
              "lerp_mode": "catmullrom",
              "post": [1, 1, 1]
            },
            "1.75": {
              "lerp_mode": "catmullrom",
              "post": [1.1, 0.9, 1.1]
            },
            "1.8333": {
              "lerp_mode": "catmullrom",
              "post": [1, 1, 1]
            },
            "1.9167": {
              "lerp_mode": "catmullrom",
              "post": [1.1, 0.9, 1.1]
            },
            "2.0": {
              "lerp_mode": "catmullrom",
              "post": [1, 1, 1]
            }
          }
        }
      },
      "loop": true
    },
    "animation.amoonguss.physical": {
      "animation_length": 2,
      "bones": {
        "arm_left": {
          "rotation": {
            "0.0": {
              "lerp_mode": "catmullrom",
              "post": [5.61235, 14.33765, 22.3388]
            },
            "0.1667": {
              "lerp_mode": "catmullrom",
              "post": [-5.52516, 58.75053, 0.61965]
            },
            "0.25": {
              "lerp_mode": "catmullrom",
              "post": [-5.52516, 58.75053, 0.61965]
            },
            "0.3333": {
              "lerp_mode": "catmullrom",
              "post": [-10.2039, 73.62329, -4.45096]
            },
            "0.875": {
              "lerp_mode": "catmullrom",
              "post": [-3.19484, 26.33329, 3.92875]
            },
            "1.0": {
              "lerp_mode": "catmullrom",
              "post": [5.61235, 14.33765, 22.3388]
            }
          }
        },
        "arm_left2": {
          "rotation": {
            "0.0": {
              "lerp_mode": "catmullrom",
              "post": [0, 15, 0]
            },
            "0.1667": {
              "lerp_mode": "catmullrom",
              "post": [0, 35.5, 0]
            },
            "0.875": {
              "lerp_mode": "catmullrom",
              "post": [0, 28, 0]
            },
            "1.0": {
              "lerp_mode": "catmullrom",
              "post": [0, 15, 0]
            }
          }
        },
        "arm_right": {
          "rotation": {
            "0.0": {
              "lerp_mode": "catmullrom",
              "post": [-8.2813, 0.55035, -22.3388]
            },
            "0.1667": {
              "lerp_mode": "catmullrom",
              "post": [-5.52516, -58.75053, -0.61965]
            },
            "0.25": {
              "lerp_mode": "catmullrom",
              "post": [-5.52516, -58.75053, -0.61965]
            },
            "0.3333": {
              "lerp_mode": "catmullrom",
              "post": [-10.2039, -73.62329, 4.45096]
            },
            "0.875": {
              "lerp_mode": "catmullrom",
              "post": [-3.19484, -26.33329, -3.92875]
            },
            "1.0": {
              "lerp_mode": "catmullrom",
              "post": [-8.2813, 0.55035, -22.3388]
            }
          }
        },
        "arm_right2": {
          "rotation": {
            "0.0": {
              "lerp_mode": "catmullrom",
              "post": [0, -22.5, 0]
            },
            "0.1667": {
              "lerp_mode": "catmullrom",
              "post": [0, -35.5, 0]
            },
            "0.875": {
              "lerp_mode": "catmullrom",
              "post": [0, -28, 0]
            },
            "1.0": {
              "lerp_mode": "catmullrom",
              "post": [0, -22.5, 0]
            }
          }
        },
        "body": {
          "position": {
            "0.0": {
              "lerp_mode": "catmullrom",
              "post": [0, 0, 0]
            },
            "0.25": {
              "lerp_mode": "catmullrom",
              "post": [0, 0, 0]
            },
            "0.4167": {
              "lerp_mode": "catmullrom",
              "post": [0, 2, -4]
            },
            "0.5417": [0, 0, -5],
            "0.75": [0, 0, -5],
            "0.875": {
              "lerp_mode": "catmullrom",
              "post": [0, 2, -2],
              "pre": [0, 2, -2]
            },
            "1.0": {
              "lerp_mode": "catmullrom",
              "post": [0, 0, 0]
            }
          },
          "rotation": {
            "0.0": {
              "lerp_mode": "catmullrom",
              "post": [0, 0, 0]
            },
            "0.125": {
              "lerp_mode": "catmullrom",
              "post": [-0.69, 0, 0]
            },
            "0.25": {
              "lerp_mode": "catmullrom",
              "post": [5, 0, 0]
            },
            "0.375": {
              "lerp_mode": "catmullrom",
              "post": [12.03199, 0.01125, -0.02223]
            },
            "0.5417": {
              "lerp_mode": "catmullrom",
              "post": [0, 0, 0]
            },
            "0.75": {
              "lerp_mode": "catmullrom",
              "post": [0, 0, 0]
            },
            "0.875": {
              "lerp_mode": "catmullrom",
              "post": [-19, 0, 0]
            },
            "1.0": {
              "lerp_mode": "catmullrom",
              "post": [0, 0, 0]
            }
          }
        },
        "hand_left": {
          "rotation": {
            "0.0": {
              "lerp_mode": "catmullrom",
              "post": [0, -9, 1.5]
            },
            "0.1667": {
              "lerp_mode": "catmullrom",
              "post": [1.18372, -16.45866, -2.6712]
            },
            "0.25": {
              "lerp_mode": "catmullrom",
              "post": [1.18372, -16.45866, -2.6712]
            },
            "0.3333": {
              "lerp_mode": "catmullrom",
              "post": [1.29742, -28.95576, -2.96399]
            },
            "0.375": {
              "lerp_mode": "catmullrom",
              "post": [6.29678, -28.17976, -2.95851]
            },
            "0.875": {
              "lerp_mode": "catmullrom",
              "post": [1.13793, -3.96121, -2.4144]
            },
            "1.0": {
              "lerp_mode": "catmullrom",
              "post": [0, -9, 1.5]
            }
          }
        },
        "hand_right": {
          "rotation": {
            "0.0": {
              "lerp_mode": "catmullrom",
              "post": [0, -6, -1.5]
            },
            "0.1667": {
              "lerp_mode": "catmullrom",
              "post": [1.18372, 16.45866, 2.6712]
            },
            "0.25": {
              "lerp_mode": "catmullrom",
              "post": [1.18372, 16.45866, 2.6712]
            },
            "0.3333": {
              "lerp_mode": "catmullrom",
              "post": [1.29742, 28.95576, 2.96399]
            },
            "0.375": {
              "lerp_mode": "catmullrom",
              "post": [3.79678, 28.22072, 2.95851]
            },
            "0.875": {
              "lerp_mode": "catmullrom",
              "post": [1.13793, 3.96121, 2.4144]
            },
            "1.0": {
              "lerp_mode": "catmullrom",
              "post": [0, -6, -1.5]
            }
          }
        },
        "hat": {
          "rotation": {
            "0.0": {
              "lerp_mode": "catmullrom",
              "post": [0.5, 0.5, 0.5]
            },
            "0.1667": {
              "lerp_mode": "catmullrom",
              "post": [13, 0.5, 0.5]
            },
            "0.3333": {
              "lerp_mode": "catmullrom",
              "post": [-9.5, 0.5, 0.5]
            },
            "0.5833": {
              "lerp_mode": "catmullrom",
              "post": [-2.54, 0.5, 0.5]
            },
            "0.6667": {
              "lerp_mode": "catmullrom",
              "post": [-7.54, 0.5, 0.5]
            },
            "0.75": {
              "lerp_mode": "catmullrom",
              "post": [-2.54, 0.5, 0.5]
            },
            "0.8333": {
              "lerp_mode": "catmullrom",
              "post": [-17, 0.5, 0.5]
            },
            "1.0": {
              "lerp_mode": "catmullrom",
              "post": [8, 0.5, 0.5]
            },
            "1.0833": {
              "lerp_mode": "catmullrom",
              "post": [0.5, 0.5, 0.5]
            },
            "1.1667": {
              "lerp_mode": "catmullrom",
              "post": [-4.5, 0.5, 0.5]
            },
            "1.25": {
              "lerp_mode": "catmullrom",
              "post": [0.5, 0.5, 0.5]
            }
          }
        },
        "head": {
          "rotation": {
            "0.0": {
              "lerp_mode": "catmullrom",
              "post": [0.8416, 0.10833, -1.40479]
            },
            "0.1667": {
              "lerp_mode": "catmullrom",
              "post": [18.3416, 0.10833, -1.40479]
            },
            "0.3333": {
              "lerp_mode": "catmullrom",
              "post": [10.8416, 0.10833, -1.40479]
            },
            "0.5833": {
              "lerp_mode": "catmullrom",
              "post": [10.8416, 0.10833, -1.40479]
            },
            "0.9167": {
              "lerp_mode": "catmullrom",
              "post": [-4.1584, 0.10833, -1.40479]
            },
            "1.0417": {
              "lerp_mode": "catmullrom",
              "post": [0.8416, 0.10833, -1.40479]
            }
          }
        },
        "mouth": {
          "rotation": {
            "0.0": {
              "lerp_mode": "catmullrom",
              "post": [-7.5, 0, 0]
            }
          }
        },
        "mouth_hole": {
          "rotation": {
            "0.0": {
              "lerp_mode": "catmullrom",
              "post": [0, 0, 0]
            }
          }
        },
        "torso_squish": {
          "scale": {
            "0.0": {
              "lerp_mode": "catmullrom",
              "post": [1, 1, 1]
            },
            "0.4583": {
              "lerp_mode": "catmullrom",
              "post": [1, 1, 1]
            },
            "0.5417": {
              "lerp_mode": "catmullrom",
              "post": [1.15, 1, 1.15]
            },
            "0.625": {
              "lerp_mode": "catmullrom",
              "post": [1, 1, 1]
            },
            "0.8333": {
              "lerp_mode": "catmullrom",
              "post": [0.9847, 1.1, 0.8847]
            },
            "0.9167": {
              "lerp_mode": "catmullrom",
              "post": [0.9758, 1.2563, 1.0195]
            },
            "1.0": {
              "lerp_mode": "catmullrom",
              "post": [1.15, 1, 1.15]
            },
            "1.0833": {
              "lerp_mode": "catmullrom",
              "post": [1, 1, 1]
            }
          }
        }
      }
    },
    "animation.amoonguss.pose": {
      "bones": {
        "arm_left": {
          "rotation": [0, 20, 17.5]
        },
        "arm_left2": {
          "rotation": [0, 32.5, 0]
        },
        "arm_right": {
          "rotation": [0, -5, -12.5]
        },
        "arm_right2": {
          "rotation": [0, -32.5, 0]
        },
        "hand_left": {
          "rotation": [13.45118, -9.39129, -20.28356]
        },
        "hand_right": {
          "rotation": [12.5, 0, 12.5]
        },
        "hat": {
          "rotation": [-10, 0, -2.5]
        },
        "head": {
          "rotation": [-10, 0, -7.5]
        },
        "torso": {
          "rotation": [0, 15, 0]
        }
      },
      "loop": true
    },
    "animation.amoonguss.recoil": {
      "animation_length": 0.4167,
      "bones": {
        "eye_left": {
          "position": [0, 0, 0.1]
        },
        "eye_left_hurt": {
          "position": [0, 0, -0.1]
        },
        "eye_right": {
          "position": [0, 0, 0.1]
        },
        "eye_right_hurt": {
          "position": [0, 0, -0.1]
        },
        "head": {
          "rotation": {
            "0.0": {
              "lerp_mode": "catmullrom",
              "post": [0, 0, 0]
            },
            "0.0833": {
              "lerp_mode": "catmullrom",
              "post": [-10, 0, 0]
            },
            "0.1667": {
              "lerp_mode": "catmullrom",
              "post": [-13.13207, 2.4347, -0.56782]
            },
            "0.3333": {
              "lerp_mode": "catmullrom",
              "post": [0, 0, 0]
            }
          }
        }
      }
    },
    "animation.amoonguss.size_test": {
      "bones": {
        "amoonguss": {
          "scale": 0.7
        }
      },
      "loop": true
    },
    "animation.amoonguss.sleep": {
      "animation_length": 2.375,
      "bones": {
        "arm_left": {
          "rotation": ["0+math.sin((q.anim_time)*75*2-1210)*1+math.sin((q.anim_time)*75*2-610)*2", "37.5+math.sin((q.anim_time)*75*2-1210)*1+math.sin((q.anim_time)*75*2-610)*2", 32.5]
        },
        "arm_left2": {
          "rotation": [0, 35, -20]
        },
        "arm_right": {
          "rotation": [0, -37.5, "-32.5+math.sin((q.anim_time)*75*2-1210)*1+math.sin((q.anim_time)*75*2-610)*2"]
        },
        "arm_right2": {
          "rotation": ["0+math.sin((q.anim_time)*75*2-1210)*1+math.sin((q.anim_time)*75*2-610)*2", -35, "20+math.sin((q.anim_time)*75*2-1210)*1+math.sin((q.anim_time)*75*2-610)*2"]
        },
        "eye_left": {
          "position": [0, 0, 0.1]
        },
        "eye_right": {
          "position": [0, 0, 0.1]
        },
        "eyelid_left": {
          "position": [0, 0, -0.1]
        },
        "eyelid_right": {
          "position": [0, 0, -0.1]
        },
        "hand_left": {
          "rotation": [0, 0, -12.5]
        },
        "hand_right": {
          "rotation": [0, 0, 12.5]
        },
        "hat": {
          "rotation": [7.5, 0, 0]
        },
        "head": {
          "rotation": ["20+math.sin((q.anim_time)*75*2-1210)*1+math.sin((q.anim_time)*75*2-610)*2", "0+math.sin((q.anim_time)*75*2-1210)*1+math.sin((q.anim_time)*75*2-610)*2", "0+math.sin((q.anim_time)*75*2-1210)*1+math.sin((q.anim_time)*75*2-610)*2"]
        },
        "mouth": {
          "rotation": [10, 0, 0]
        }
      },
      "loop": true
    },
    "animation.amoonguss.special": {
      "animation_length": 2,
      "bones": {
        "arm_left": {
          "rotation": {
            "0.0": {
              "lerp_mode": "catmullrom",
              "post": [5.61235, 14.33765, 22.3388]
            },
            "0.25": {
              "lerp_mode": "catmullrom",
              "post": [6.10931, 47.24603, 20.18568]
            },
            "0.375": {
              "lerp_mode": "catmullrom",
              "post": [4.60572, 39.8825, 16.62494]
            },
            "0.4583": {
              "lerp_mode": "catmullrom",
              "post": [4.60572, 39.8825, 16.62494]
            },
            "0.7083": {
              "lerp_mode": "catmullrom",
              "post": [4.18773, -32.45689, 11.41767]
            },
            "1.5": {
              "lerp_mode": "catmullrom",
              "post": [5.61235, 14.33765, 22.3388]
            }
          }
        },
        "arm_left2": {
          "rotation": {
            "0.0": {
              "lerp_mode": "catmullrom",
              "post": [0, 15, 0]
            },
            "0.375": [2.5, 25, 0],
            "0.4583": {
              "lerp_mode": "catmullrom",
              "post": [2.5, 25, 0],
              "pre": [2.5, 25, 0]
            },
            "0.7083": {
              "lerp_mode": "catmullrom",
              "post": [-1.01036, 25.09768, -8.27922]
            },
            "1.5": {
              "lerp_mode": "catmullrom",
              "post": [0, 15, 0]
            }
          }
        },
        "arm_right": {
          "rotation": {
            "0.0": [-8.2813, 0.55035, -22.3388],
            "0.25": {
              "lerp_mode": "catmullrom",
              "post": [6.10931, -47.24603, -20.18568],
              "pre": [6.10931, -47.24603, -20.18568]
            },
            "0.375": {
              "lerp_mode": "catmullrom",
              "post": [4.60572, -39.8825, -16.62494]
            },
            "0.4583": {
              "lerp_mode": "catmullrom",
              "post": [4.60572, -39.8825, -16.62494]
            },
            "0.7083": {
              "lerp_mode": "catmullrom",
              "post": [4.18773, 32.45689, -11.41767]
            },
            "1.5": [-8.2813, 0.55035, -22.3388]
          }
        },
        "arm_right2": {
          "rotation": {
            "0.0": [0, -22.5, 0],
            "0.375": [2.5, -25, 0],
            "0.4583": {
              "lerp_mode": "catmullrom",
              "post": [2.5, -25, 0],
              "pre": [2.5, -25, 0]
            },
            "0.7083": {
              "lerp_mode": "catmullrom",
              "post": [-1.01036, -25.09768, 8.27922]
            },
            "1.5": [0, -22.5, 0]
          }
        },
        "eye_left": {
          "position": {
            "0.0": [0, 0, 0],
            "0.125": {
              "post": [0, 0, 1],
              "pre": [0, 0, 0]
            },
            "0.5": {
              "post": [0, 0, 0],
              "pre": [0, 0, 1]
            }
          }
        },
        "eye_left_overlay_small": {
          "position": {
            "0.0": [0, 0, 0],
            "0.5": {
              "post": [-1.5, -0.5, -0.1],
              "pre": [0, 0, 0]
            },
            "1.5": {
              "post": [0, 0, 0],
              "pre": [-1.5, -0.5, -0.1]
            }
          }
        },
        "eye_right": {
          "position": {
            "0.0": [0, 0, 0],
            "0.125": {
              "post": [0, 0, 1],
              "pre": [0, 0, 0]
            },
            "0.5": {
              "post": [0, 0, 0],
              "pre": [0, 0, 1]
            }
          }
        },
        "eye_right_overlay_small": {
          "position": {
            "0.0": [0, 0, 0],
            "0.5": {
              "post": [1.5, -0.5, -0.1],
              "pre": [0, 0, 0]
            },
            "1.5": {
              "post": [0, 0, 0],
              "pre": [1.5, -0.5, -0.1]
            }
          }
        },
        "eyelid_left": {
          "position": {
            "0.0": [0, 0, 0],
            "0.125": {
              "post": [0, 0, -0.1],
              "pre": [0, 0, 0]
            },
            "0.5": {
              "post": [0, 0, 0],
              "pre": [0, 0, -0.1]
            }
          }
        },
        "eyelid_right": {
          "position": {
            "0.0": [0, 0, 0],
            "0.125": {
              "post": [0, 0, -0.1],
              "pre": [0, 0, 0]
            },
            "0.5": {
              "post": [0, 0, 0],
              "pre": [0, 0, -0.1]
            }
          }
        },
        "hand_left": {
          "rotation": {
            "0.0": {
              "lerp_mode": "catmullrom",
              "post": [0, -9, 1.5]
            },
            "0.375": [7.5, 6, 1.5],
            "0.4583": {
              "lerp_mode": "catmullrom",
              "post": [7.5, 6, 1.5],
              "pre": [7.5, 6, 1.5]
            },
            "0.7083": {
              "lerp_mode": "catmullrom",
              "post": [7.50563, -6.39382, -0.12902]
            },
            "1.5": {
              "lerp_mode": "catmullrom",
              "post": [0, -9, 1.5]
            }
          }
        },
        "hand_right": {
          "rotation": {
            "0.0": [0, -6, -1.5],
            "0.375": [7.5, -6, -1.5],
            "0.4583": {
              "lerp_mode": "catmullrom",
              "post": [7.5, -6, -1.5],
              "pre": [7.5, -6, -1.5]
            },
            "0.7083": {
              "lerp_mode": "catmullrom",
              "post": [7.50563, 6.39382, 0.12902]
            },
            "1.5": [0, -6, -1.5]
          }
        },
        "hat": {
          "rotation": {
            "0.0": {
              "lerp_mode": "catmullrom",
              "post": [0.5, 0.5, 0.5]
            },
            "0.2083": {
              "lerp_mode": "catmullrom",
              "post": [-17.68244, 0.5, 0.5]
            },
            "0.375": {
              "lerp_mode": "catmullrom",
              "post": [-17, 0.5, 0.5]
            },
            "0.5": {
              "lerp_mode": "catmullrom",
              "post": [-5.01886, -0.5, -0.5]
            },
            "0.7083": {
              "lerp_mode": "catmullrom",
              "post": [-4.5, 0.5, 0.5]
            },
            "0.8333": {
              "lerp_mode": "catmullrom",
              "post": [-7, 0.5, 0.5]
            },
            "0.9583": {
              "lerp_mode": "catmullrom",
              "post": [-4.5, 0.5, 0.5]
            },
            "1.0833": {
              "lerp_mode": "catmullrom",
              "post": [-7, 0.5, 0.5]
            },
            "1.2083": {
              "lerp_mode": "catmullrom",
              "post": [-2, 0.5, 0.5]
            },
            "1.3333": {
              "lerp_mode": "catmullrom",
              "post": [-7, 0.5, 0.5]
            },
            "1.4583": {
              "lerp_mode": "catmullrom",
              "post": [-2, 0.5, 0.5]
            },
            "1.7083": {
              "lerp_mode": "catmullrom",
              "post": [0.5, 0.5, 0.5]
            }
          }
        },
        "head": {
          "rotation": {
            "0.0": {
              "lerp_mode": "catmullrom",
              "post": [0.8416, 0.10833, -1.40479]
            },
            "0.375": {
              "lerp_mode": "catmullrom",
              "post": [-14.1584, 0.10833, -1.40479]
            },
            "0.4583": {
              "lerp_mode": "catmullrom",
              "post": [-14.1584, 0.10833, -1.40479]
            },
            "0.7083": {
              "lerp_mode": "catmullrom",
              "post": [5.8416, 0.10833, -1.40479]
            },
            "0.9167": {
              "lerp_mode": "catmullrom",
              "post": [15.56382, 0.10833, -1.40479]
            },
            "1.2083": {
              "lerp_mode": "catmullrom",
              "post": [13.3416, 0.10833, -1.40479]
            },
            "1.4167": {
              "lerp_mode": "catmullrom",
              "post": [-4.45237, 0.10833, -1.40479]
            },
            "1.5833": {
              "lerp_mode": "catmullrom",
              "post": [0.8416, 0.10833, -1.40479]
            }
          }
        },
        "mouth": {
          "rotation": {
            "0.0": {
              "lerp_mode": "catmullrom",
              "post": [-7.5, 0, 0]
            },
            "0.625": {
              "lerp_mode": "catmullrom",
              "post": [-7.5, 0, 0]
            },
            "0.7917": {
              "lerp_mode": "catmullrom",
              "post": [0, 0, 0]
            },
            "1.4583": {
              "lerp_mode": "catmullrom",
              "post": [0, 0, 0]
            },
            "1.625": {
              "lerp_mode": "catmullrom",
              "post": [-7.5, 0, 0]
            }
          },
          "scale": {
            "0.0": {
              "lerp_mode": "catmullrom",
              "post": [1, 1, 1]
            },
            "0.7917": {
              "lerp_mode": "catmullrom",
              "post": [1, 1, 1]
            },
            "0.9583": {
              "lerp_mode": "catmullrom",
              "post": [1.1, 1.1, 0.9]
            },
            "1.125": {
              "lerp_mode": "catmullrom",
              "post": [1, 1, 1]
            },
            "1.2917": {
              "lerp_mode": "catmullrom",
              "post": [1.1, 1.1, 0.9]
            },
            "1.4583": {
              "lerp_mode": "catmullrom",
              "post": [1, 1, 1]
            },
            "1.625": {
              "lerp_mode": "catmullrom",
              "post": [1, 1, 1]
            }
          }
        },
        "mouth_hole": {
          "rotation": {
            "0.0": {
              "lerp_mode": "catmullrom",
              "post": [0, 0, 0]
            }
          }
        },
        "pupil_left": {
          "position": {
            "0.0": [0, 0, 0],
            "0.5417": {
              "lerp_mode": "catmullrom",
              "post": [0, -0.25, 0],
              "pre": [0, -0.25, 0]
            },
            "1.5": {
              "lerp_mode": "catmullrom",
              "post": [0, 0, 0]
            }
          }
        },
        "pupil_right": {
          "position": {
            "0.0": [0, 0, 0],
            "0.5417": {
              "lerp_mode": "catmullrom",
              "post": [0, -0.25, 0],
              "pre": [0, -0.25, 0]
            },
            "1.5": {
              "lerp_mode": "catmullrom",
              "post": [0, 0, 0]
            }
          }
        },
        "torso": {
          "position": {
            "0.0": [0, 0, 0],
            "0.375": [0, 0, -0.24],
            "0.7083": [0, 0, 0.2],
            "1.7083": [0, 0, 0]
          },
          "rotation": {
            "0.0": {
              "lerp_mode": "catmullrom",
              "post": [0, 0, 0]
            },
            "0.375": {
              "lerp_mode": "catmullrom",
              "post": [-5, 0, 0]
            },
            "0.7083": {
              "lerp_mode": "catmullrom",
              "post": [5, 0, 0]
            },
            "1.2083": {
              "lerp_mode": "catmullrom",
              "post": [0, 0, 0]
            }
          }
        },
        "torso_squish": {
          "rotation": {
            "0.0": {
              "lerp_mode": "catmullrom",
              "post": [0, 0, 0]
            },
            "0.375": {
              "lerp_mode": "catmullrom",
              "post": [5, 0, 0]
            },
            "0.7083": {
              "lerp_mode": "catmullrom",
              "post": [-5, 0, 0]
            },
            "1.2083": {
              "lerp_mode": "catmullrom",
              "post": [0, 0, 0]
            }
          },
          "scale": {
            "0.0": {
              "lerp_mode": "catmullrom",
              "post": [1, 1, 1]
            }
          }
        }
      }
    },
    "animation.amoonguss.status": {
      "animation_length": 2,
      "bones": {
        "arm_left": {
          "rotation": {
            "0.0": {
              "lerp_mode": "catmullrom",
              "post": [5.61235, 14.33765, 22.3388]
            },
            "0.25": {
              "lerp_mode": "catmullrom",
              "post": [6.10931, 47.24603, 20.18568]
            },
            "0.375": {
              "lerp_mode": "catmullrom",
              "post": [4.60572, 39.8825, 16.62494]
            },
            "0.4583": {
              "lerp_mode": "catmullrom",
              "post": [4.60572, 39.8825, 16.62494]
            },
            "0.7083": {
              "lerp_mode": "catmullrom",
              "post": [4.18773, -32.45689, 11.41767]
            },
            "1.5": {
              "lerp_mode": "catmullrom",
              "post": [5.61235, 14.33765, 22.3388]
            }
          }
        },
        "arm_left2": {
          "rotation": {
            "0.0": {
              "lerp_mode": "catmullrom",
              "post": [0, 15, 0]
            },
            "0.375": [2.5, 25, 0],
            "0.4583": {
              "lerp_mode": "catmullrom",
              "post": [2.5, 25, 0],
              "pre": [2.5, 25, 0]
            },
            "0.7083": {
              "lerp_mode": "catmullrom",
              "post": [-1.01036, 25.09768, -8.27922]
            },
            "1.5": {
              "lerp_mode": "catmullrom",
              "post": [0, 15, 0]
            }
          }
        },
        "arm_right": {
          "rotation": {
            "0.0": [-8.2813, 0.55035, -22.3388],
            "0.25": {
              "lerp_mode": "catmullrom",
              "post": [6.10931, -47.24603, -20.18568],
              "pre": [6.10931, -47.24603, -20.18568]
            },
            "0.375": {
              "lerp_mode": "catmullrom",
              "post": [4.60572, -39.8825, -16.62494]
            },
            "0.4583": {
              "lerp_mode": "catmullrom",
              "post": [4.60572, -39.8825, -16.62494]
            },
            "0.7083": {
              "lerp_mode": "catmullrom",
              "post": [4.18773, 32.45689, -11.41767]
            },
            "1.5": [-8.2813, 0.55035, -22.3388]
          }
        },
        "arm_right2": {
          "rotation": {
            "0.0": [0, -22.5, 0],
            "0.375": [2.5, -25, 0],
            "0.4583": {
              "lerp_mode": "catmullrom",
              "post": [2.5, -25, 0],
              "pre": [2.5, -25, 0]
            },
            "0.7083": {
              "lerp_mode": "catmullrom",
              "post": [-1.01036, -25.09768, 8.27922]
            },
            "1.5": [0, -22.5, 0]
          }
        },
        "eye_left": {
          "position": {
            "0.0": [0, 0, 0],
            "0.125": {
              "post": [0, 0, 1],
              "pre": [0, 0, 0]
            },
            "0.5": {
              "post": [0, 0, 0],
              "pre": [0, 0, 1]
            }
          }
        },
        "eye_left_overlay_small": {
          "position": {
            "0.0": [0, 0, 0],
            "0.5": {
              "post": [-1.5, -0.5, -0.1],
              "pre": [0, 0, 0]
            },
            "1.5": {
              "post": [0, 0, 0],
              "pre": [-1.5, -0.5, -0.1]
            }
          }
        },
        "eye_right": {
          "position": {
            "0.0": [0, 0, 0],
            "0.125": {
              "post": [0, 0, 1],
              "pre": [0, 0, 0]
            },
            "0.5": {
              "post": [0, 0, 0],
              "pre": [0, 0, 1]
            }
          }
        },
        "eye_right_overlay_small": {
          "position": {
            "0.0": [0, 0, 0],
            "0.5": {
              "post": [1.5, -0.5, -0.1],
              "pre": [0, 0, 0]
            },
            "1.5": {
              "post": [0, 0, 0],
              "pre": [1.5, -0.5, -0.1]
            }
          }
        },
        "eyelid_left": {
          "position": {
            "0.0": [0, 0, 0],
            "0.125": {
              "post": [0, 0, -0.1],
              "pre": [0, 0, 0]
            },
            "0.5": {
              "post": [0, 0, 0],
              "pre": [0, 0, -0.1]
            }
          }
        },
        "eyelid_right": {
          "position": {
            "0.0": [0, 0, 0],
            "0.125": {
              "post": [0, 0, -0.1],
              "pre": [0, 0, 0]
            },
            "0.5": {
              "post": [0, 0, 0],
              "pre": [0, 0, -0.1]
            }
          }
        },
        "hand_left": {
          "rotation": {
            "0.0": {
              "lerp_mode": "catmullrom",
              "post": [0, -9, 1.5]
            },
            "0.375": [7.5, 6, 1.5],
            "0.4583": {
              "lerp_mode": "catmullrom",
              "post": [7.5, 6, 1.5],
              "pre": [7.5, 6, 1.5]
            },
            "0.7083": {
              "lerp_mode": "catmullrom",
              "post": [7.50563, -6.39382, -0.12902]
            },
            "1.5": {
              "lerp_mode": "catmullrom",
              "post": [0, -9, 1.5]
            }
          }
        },
        "hand_right": {
          "rotation": {
            "0.0": [0, -6, -1.5],
            "0.375": [7.5, -6, -1.5],
            "0.4583": {
              "lerp_mode": "catmullrom",
              "post": [7.5, -6, -1.5],
              "pre": [7.5, -6, -1.5]
            },
            "0.7083": {
              "lerp_mode": "catmullrom",
              "post": [7.50563, 6.39382, 0.12902]
            },
            "1.5": [0, -6, -1.5]
          }
        },
        "hat": {
          "rotation": {
            "0.0": {
              "lerp_mode": "catmullrom",
              "post": [0.5, 0.5, 0.5]
            },
            "0.2083": {
              "lerp_mode": "catmullrom",
              "post": [-17.68244, 0.5, 0.5]
            },
            "0.375": {
              "lerp_mode": "catmullrom",
              "post": [-17, 0.5, 0.5]
            },
            "0.5": {
              "lerp_mode": "catmullrom",
              "post": [-5.01886, -0.5, -0.5]
            },
            "0.7083": {
              "lerp_mode": "catmullrom",
              "post": [-4.5, 0.5, 0.5]
            },
            "0.8333": {
              "lerp_mode": "catmullrom",
              "post": [-7, 0.5, 0.5]
            },
            "0.9583": {
              "lerp_mode": "catmullrom",
              "post": [-4.5, 0.5, 0.5]
            },
            "1.0833": {
              "lerp_mode": "catmullrom",
              "post": [-7, 0.5, 0.5]
            },
            "1.2083": {
              "lerp_mode": "catmullrom",
              "post": [-2, 0.5, 0.5]
            },
            "1.3333": {
              "lerp_mode": "catmullrom",
              "post": [-7, 0.5, 0.5]
            },
            "1.4583": {
              "lerp_mode": "catmullrom",
              "post": [-2, 0.5, 0.5]
            },
            "1.7083": {
              "lerp_mode": "catmullrom",
              "post": [0.5, 0.5, 0.5]
            }
          }
        },
        "head": {
          "rotation": {
            "0.0": {
              "lerp_mode": "catmullrom",
              "post": [0.8416, 0.10833, -1.40479]
            },
            "0.375": {
              "lerp_mode": "catmullrom",
              "post": [-14.1584, 0.10833, -1.40479]
            },
            "0.4583": {
              "lerp_mode": "catmullrom",
              "post": [-14.1584, 0.10833, -1.40479]
            },
            "0.7083": {
              "lerp_mode": "catmullrom",
              "post": [5.8416, 0.10833, -1.40479]
            },
            "0.9167": {
              "lerp_mode": "catmullrom",
              "post": [15.56382, 0.10833, -1.40479]
            },
            "1.2083": {
              "lerp_mode": "catmullrom",
              "post": [13.3416, 0.10833, -1.40479]
            },
            "1.5": {
              "lerp_mode": "catmullrom",
              "post": [0.8416, 0.10833, -1.40479]
            }
          }
        },
        "mouth": {
          "rotation": {
            "0.0": {
              "lerp_mode": "catmullrom",
              "post": [-7.5, 0, 0]
            },
            "0.625": {
              "lerp_mode": "catmullrom",
              "post": [-7.5, 0, 0]
            },
            "0.7917": {
              "lerp_mode": "catmullrom",
              "post": [0, 0, 0]
            },
            "1.4583": {
              "lerp_mode": "catmullrom",
              "post": [0, 0, 0]
            },
            "1.625": {
              "lerp_mode": "catmullrom",
              "post": [-7.5, 0, 0]
            }
          },
          "scale": {
            "0.0": {
              "lerp_mode": "catmullrom",
              "post": [1, 1, 1]
            },
            "0.7917": {
              "lerp_mode": "catmullrom",
              "post": [1, 1, 1]
            },
            "0.9583": {
              "lerp_mode": "catmullrom",
              "post": [1.1, 1.1, 0.9]
            },
            "1.125": {
              "lerp_mode": "catmullrom",
              "post": [1, 1, 1]
            },
            "1.2917": {
              "lerp_mode": "catmullrom",
              "post": [1.1, 1.1, 0.9]
            },
            "1.4583": {
              "lerp_mode": "catmullrom",
              "post": [1, 1, 1]
            },
            "1.625": {
              "lerp_mode": "catmullrom",
              "post": [1, 1, 1]
            }
          }
        },
        "mouth_hole": {
          "rotation": {
            "0.0": {
              "lerp_mode": "catmullrom",
              "post": [0, 0, 0]
            }
          }
        },
        "pupil_left": {
          "position": {
            "0.0": [0, 0, 0],
            "0.5417": {
              "lerp_mode": "catmullrom",
              "post": [0, -0.25, 0],
              "pre": [0, -0.25, 0]
            },
            "1.5": {
              "lerp_mode": "catmullrom",
              "post": [0, 0, 0]
            }
          }
        },
        "pupil_right": {
          "position": {
            "0.0": [0, 0, 0],
            "0.5417": {
              "lerp_mode": "catmullrom",
              "post": [0, -0.25, 0],
              "pre": [0, -0.25, 0]
            },
            "1.5": {
              "lerp_mode": "catmullrom",
              "post": [0, 0, 0]
            }
          }
        },
        "torso": {
          "position": {
            "0.0": [0, 0, 0],
            "0.375": [0, 0, -0.24],
            "0.7083": [0, 0, 0.2],
            "1.7083": [0, 0, 0]
          },
          "rotation": {
            "0.0": {
              "lerp_mode": "catmullrom",
              "post": [0, 0, 0]
            },
            "0.375": {
              "lerp_mode": "catmullrom",
              "post": [-5, 0, 0]
            },
            "0.7083": {
              "lerp_mode": "catmullrom",
              "post": [5, 0, 0]
            },
            "1.2083": {
              "lerp_mode": "catmullrom",
              "post": [0, 0, 0]
            }
          }
        },
        "torso_squish": {
          "rotation": {
            "0.0": {
              "lerp_mode": "catmullrom",
              "post": [0, 0, 0]
            },
            "0.375": {
              "lerp_mode": "catmullrom",
              "post": [5, 0, 0]
            },
            "0.7083": {
              "lerp_mode": "catmullrom",
              "post": [-5, 0, 0]
            },
            "1.2083": {
              "lerp_mode": "catmullrom",
              "post": [0, 0, 0]
            }
          },
          "scale": {
            "0.0": {
              "lerp_mode": "catmullrom",
              "post": [1, 1, 1]
            }
          }
        }
      }
    },
    "animation.amoonguss.walktest": {
      "bones": {
        "amoonguss": {
          "position": [0, 0, "-q.anim_time*90*0.055"]
        }
      },
      "loop": true
    }
  },
  "format_version": "1.8.0"
}