{
  "animations": {
    "animation.zygarde_10.cry": {
      "animation_length": 2,
      "bones": {
        "body": {
          "position": {
            "0.0": [0, 0, 0],
            "0.1667": [0, -1.05, 0],
            "0.2083": [0, -1.2, 0],
            "0.25": [0, -1.05, 0],
            "0.2917": [0, -1.05, 0],
            "0.3333": [0, -1.2, 0],
            "0.375": [0, -1.05, 0],
            "1.5": [0, -1.05, 0],
            "1.8333": [0, 0, 0]
          }
        },
        "ear_left": {
          "rotation": {
            "0.0": {
              "lerp_mode": "catmullrom",
              "post": [0, 0, 0]
            },
            "0.1667": {
              "lerp_mode": "catmullrom",
              "post": [-4, 0, 0]
            },
            "0.4167": {
              "lerp_mode": "catmullrom",
              "post": [7, 0, 0]
            },
            "0.7917": {
              "lerp_mode": "catmullrom",
              "post": [-8.69, 0, 0]
            },
            "1.4167": {
              "lerp_mode": "catmullrom",
              "post": [-5, 0, 0]
            },
            "1.625": {
              "lerp_mode": "catmullrom",
              "post": [3, 0, 0]
            },
            "1.8333": {
              "lerp_mode": "catmullrom",
              "post": [0, 0, 0]
            }
          }
        },
        "ear_right": {
          "rotation": {
            "0.0": {
              "lerp_mode": "catmullrom",
              "post": [0, 0, 0]
            },
            "0.1667": {
              "lerp_mode": "catmullrom",
              "post": [-4, 0, 0]
            },
            "0.4167": {
              "lerp_mode": "catmullrom",
              "post": [7, 0, 0]
            },
            "0.7917": {
              "lerp_mode": "catmullrom",
              "post": [-8.69, 0, 0]
            },
            "1.4167": {
              "lerp_mode": "catmullrom",
              "post": [-5, 0, 0]
            },
            "1.625": {
              "lerp_mode": "catmullrom",
              "post": [3, 0, 0]
            },
            "1.8333": {
              "lerp_mode": "catmullrom",
              "post": [0, 0, 0]
            }
          }
        },
        "head_correction": {
          "rotation": {
            "0.0": {
              "lerp_mode": "catmullrom",
              "post": [0, 0, 0]
            },
            "0.1667": {
              "lerp_mode": "catmullrom",
              "post": [12.5, 0, 0]
            },
            "0.3333": {
              "lerp_mode": "catmullrom",
              "post": [10.79722, 2.35556, 0.83769]
            },
            "0.5833": {
              "lerp_mode": "catmullrom",
              "post": ["-34.4992493899+math.sin(q.anim_time*90*15-4)*1", -11.15051, -0.64571]
            },
            "1.3333": {
              "lerp_mode": "catmullrom",
              "post": ["-42.5133220535+math.sin(q.anim_time*90*15-4)*1", 2.95559, -4.74538]
            },
            "1.625": {
              "lerp_mode": "catmullrom",
              "post": [12.5, 0, 0]
            },
            "1.875": {
              "lerp_mode": "catmullrom",
              "post": [0, 0, 0]
            }
          }
        },
        "jaw": {
          "position": {
            "0.4583": {
              "lerp_mode": "catmullrom",
              "post": [0, 0, 0],
              "pre": [0, 0, 0]
            },
            "0.625": {
              "lerp_mode": "catmullrom",
              "post": [0, -1, -0.025]
            },
            "0.9583": {
              "lerp_mode": "catmullrom",
              "post": [0, -1, 0]
            },
            "1.3333": {
              "lerp_mode": "catmullrom",
              "post": [0, -1, -0.025]
            },
            "1.4583": {
              "lerp_mode": "catmullrom",
              "post": [0, 0, 0]
            }
          },
          "rotation": {
            "0.4583": {
              "lerp_mode": "catmullrom",
              "post": [0, 0, 0],
              "pre": [0, 0, 0]
            },
            "0.625": {
              "lerp_mode": "catmullrom",
              "post": [55, 0, 0]
            },
            "1.3333": {
              "lerp_mode": "catmullrom",
              "post": [55, 0, 0]
            },
            "1.4583": {
              "lerp_mode": "catmullrom",
              "post": [0, 0, 0]
            }
          }
        },
        "leg_back_left": {
          "rotation": {
            "0.0": [0, 0, 0],
            "0.1667": [-10, 0, 0],
            "1.5": [-10, 0, 0],
            "1.8333": [0, 0, 0]
          }
        },
        "leg_back_left2": {
          "rotation": {
            "0.0": [0, 0, 0],
            "0.1667": [17.5, 0, 0],
            "1.5": [17.5, 0, 0],
            "1.8333": [0, 0, 0]
          }
        },
        "leg_back_left4": {
          "rotation": {
            "0.0": [0, 0, 0],
            "0.1667": [-7.5, 0, 0],
            "1.5": [-7.5, 0, 0],
            "1.8333": [0, 0, 0]
          }
        },
        "leg_back_right": {
          "rotation": {
            "0.0": [0, 0, 0],
            "0.1667": [-10, 0, 0],
            "1.5": [-10, 0, 0],
            "1.8333": [0, 0, 0]
          }
        },
        "leg_back_right2": {
          "rotation": {
            "0.0": [0, 0, 0],
            "0.1667": [17.5, 0, 0],
            "1.5": [17.5, 0, 0],
            "1.8333": [0, 0, 0]
          }
        },
        "leg_back_right4": {
          "rotation": {
            "0.0": [0, 0, 0],
            "0.1667": [-7.5, 0, 0],
            "1.5": [-7.5, 0, 0],
            "1.8333": [0, 0, 0]
          }
        },
        "leg_front_left": {
          "position": {
            "0.0": {
              "lerp_mode": "catmullrom",
              "post": [0, 0, 0]
            },
            "0.125": {
              "lerp_mode": "catmullrom",
              "post": [0, 1.13, 0]
            },
            "0.25": {
              "lerp_mode": "catmullrom",
              "post": [0, 0.25, 0]
            },
            "0.5417": [0, 0.5, 0],
            "1.5": [0, 0.5, 0],
            "1.625": {
              "lerp_mode": "catmullrom",
              "post": [0, 0.75, 0],
              "pre": [0, 0.75, 0]
            },
            "1.75": {
              "lerp_mode": "catmullrom",
              "post": [0, 0, 0]
            }
          },
          "rotation": {
            "0.0": {
              "lerp_mode": "catmullrom",
              "post": [0, 0, 0]
            },
            "0.125": {
              "lerp_mode": "catmullrom",
              "post": [-7.5, 0, 0]
            },
            "0.25": {
              "lerp_mode": "catmullrom",
              "post": [-10, 0, 0]
            },
            "0.5417": [-15, 0, 0],
            "1.5": [-15, 0, 0],
            "1.625": {
              "lerp_mode": "catmullrom",
              "post": [0, 0, 0],
              "pre": [0, 0, 0]
            },
            "1.75": {
              "lerp_mode": "catmullrom",
              "post": [0, 0, 0]
            }
          }
        },
        "leg_front_left2": {
          "rotation": {
            "0.0": {
              "lerp_mode": "catmullrom",
              "post": [0, 0, 0]
            },
            "0.125": {
              "lerp_mode": "catmullrom",
              "post": [-35, 0, 0]
            },
            "0.25": {
              "lerp_mode": "catmullrom",
              "post": [-20, 0, 0]
            },
            "0.5417": [-10, 0, 0],
            "1.5": [-10, 0, 0],
            "1.625": {
              "lerp_mode": "catmullrom",
              "post": [-27.5, 0, 0],
              "pre": [-27.5, 0, 0]
            },
            "1.75": {
              "lerp_mode": "catmullrom",
              "post": [0, 0, 0]
            }
          }
        },
        "leg_front_left3": {
          "position": {
            "1.5": [0, 0, 0],
            "1.75": {
              "lerp_mode": "catmullrom",
              "post": [0, 0, 0],
              "pre": [0, 0, 0]
            }
          },
          "rotation": {
            "0.0": {
              "lerp_mode": "catmullrom",
              "post": [0, 0, 0]
            },
            "0.125": {
              "lerp_mode": "catmullrom",
              "post": [59.75, 0, 0]
            },
            "0.25": {
              "lerp_mode": "catmullrom",
              "post": [29.5, 0, 0]
            },
            "0.5417": [27, 0, 0],
            "1.5": [27, 0, 0],
            "1.625": {
              "lerp_mode": "catmullrom",
              "post": [53.5, 0, 0],
              "pre": [53.5, 0, 0]
            },
            "1.75": {
              "lerp_mode": "catmullrom",
              "post": [0, 0, 0]
            }
          }
        },
        "leg_front_right": {
          "position": {
            "0.1667": {
              "lerp_mode": "catmullrom",
              "post": [0, 0, 0],
              "pre": [0, 0, 0]
            },
            "0.25": {
              "lerp_mode": "catmullrom",
              "post": [0, 1.25, 0]
            },
            "0.3333": {
              "lerp_mode": "catmullrom",
              "post": [0, 0.25, 0]
            },
            "0.5417": [0, 0.5, 0],
            "1.625": [0, 0.5, 0],
            "1.75": {
              "lerp_mode": "catmullrom",
              "post": [0, 1.2, 0],
              "pre": [0, 1.2, 0]
            },
            "1.875": {
              "lerp_mode": "catmullrom",
              "post": [0, 0, 0]
            }
          },
          "rotation": {
            "0.0": {
              "lerp_mode": "catmullrom",
              "post": [0, 0, 0]
            },
            "0.1667": {
              "lerp_mode": "catmullrom",
              "post": [12.5, 0, 0]
            },
            "0.25": {
              "lerp_mode": "catmullrom",
              "post": [1.25, 0, 0]
            },
            "0.3333": {
              "lerp_mode": "catmullrom",
              "post": [-10, 0, 0]
            },
            "0.5417": [-15, 0, 0],
            "1.625": [-15, 0, 0],
            "1.75": {
              "lerp_mode": "catmullrom",
              "post": [-13.5, 0, 0],
              "pre": [-13.5, 0, 0]
            },
            "1.875": {
              "lerp_mode": "catmullrom",
              "post": [0, 0, 0]
            }
          }
        },
        "leg_front_right2": {
          "rotation": {
            "0.0": {
              "lerp_mode": "catmullrom",
              "post": [0, 0, 0]
            },
            "0.1667": {
              "lerp_mode": "catmullrom",
              "post": [-27.5, 0, 0]
            },
            "0.25": {
              "lerp_mode": "catmullrom",
              "post": [-23.75, 0, 0]
            },
            "0.3333": {
              "lerp_mode": "catmullrom",
              "post": [-20, 0, 0]
            },
            "0.5417": [-10, 0, 0],
            "1.625": [-10, 0, 0],
            "1.875": {
              "lerp_mode": "catmullrom",
              "post": [0, 0, 0],
              "pre": [0, 0, 0]
            }
          }
        },
        "leg_front_right3": {
          "rotation": {
            "0.0": {
              "lerp_mode": "catmullrom",
              "post": [0, 0, 0]
            },
            "0.1667": {
              "lerp_mode": "catmullrom",
              "post": [17, 0, 0]
            },
            "0.25": {
              "lerp_mode": "catmullrom",
              "post": [45.75, 0, 0]
            },
            "0.3333": {
              "lerp_mode": "catmullrom",
              "post": [29.5, 0, 0]
            },
            "0.5417": [27, 0, 0],
            "1.625": [27, 0, 0],
            "1.75": {
              "lerp_mode": "catmullrom",
              "post": [48.5, 0, 0],
              "pre": [48.5, 0, 0]
            },
            "1.875": {
              "lerp_mode": "catmullrom",
              "post": [0, 0, 0]
            }
          }
        },
        "neck": {
          "rotation": {
            "0.0": {
              "lerp_mode": "catmullrom",
              "post": [0, 0, 0]
            },
            "0.1667": {
              "lerp_mode": "catmullrom",
              "post": [2.5, 0, 0]
            },
            "0.3333": {
              "lerp_mode": "catmullrom",
              "post": [6.23747, 0.71681, 4.41369]
            },
            "0.5417": {
              "lerp_mode": "catmullrom",
              "post": ["-4.9958566138+math.sin(q.anim_time*90*15-2)*1", -2.49274, -0.19044]
            },
            "1.2917": {
              "lerp_mode": "catmullrom",
              "post": ["-4.9958566138+math.sin(q.anim_time*90*15-2)*1", 2.49274, 0.19044]
            },
            "1.5417": {
              "lerp_mode": "catmullrom",
              "post": [2.5, 0, 0]
            },
            "1.7917": {
              "lerp_mode": "catmullrom",
              "post": [0, 0, 0]
            }
          }
        },
        "scarf": {
          "rotation": {
            "0.5": [0, 0, 0],
            "0.625": [0, "math.sin(q.anim_time*90*15)*2", "math.sin(q.anim_time*90*15)*4"],
            "1.4167": [0, "math.sin(q.anim_time*90*15)*2", "math.sin(q.anim_time*90*15)*4"],
            "1.625": [0, 0, 0]
          }
        },
        "scarf2": {
          "rotation": {
            "0.5": [0, 0, 0],
            "0.625": [0, "math.sin(q.anim_time*90*15-5)*2", "math.sin(q.anim_time*90*15-5)*1"],
            "1.4167": [0, "math.sin(q.anim_time*90*15-5)*2", "math.sin(q.anim_time*90*15-5)*1"],
            "1.625": [0, 0, 0]
          }
        },
        "scarf3": {
          "rotation": {
            "0.5": [0, 0, 0],
            "0.625": [0, "math.sin(q.anim_time*90*15-10)*3", "math.sin(q.anim_time*90*15-10)*1"],
            "1.4167": [0, "math.sin(q.anim_time*90*15-10)*3", "math.sin(q.anim_time*90*15-10)*1"],
            "1.625": [0, 0, 0]
          }
        },
        "torso": {
          "rotation": {
            "0.0": {
              "lerp_mode": "catmullrom",
              "post": [0, 0, 0]
            },
            "0.1667": {
              "lerp_mode": "catmullrom",
              "post": [2.5, 0, 0]
            },
            "0.3333": {
              "lerp_mode": "catmullrom",
              "post": [3.5, 0, 0]
            },
            "0.5417": {
              "lerp_mode": "catmullrom",
              "post": ["-1.5+math.sin(q.anim_time*90*15)*0.15", 0, 0]
            },
            "1.375": {
              "lerp_mode": "catmullrom",
              "post": ["-1.5+math.sin(q.anim_time*90*15)*0.15", 0, 0]
            },
            "1.5833": {
              "lerp_mode": "catmullrom",
              "post": [2.5, 0, 0]
            },
            "1.8333": {
              "lerp_mode": "catmullrom",
              "post": [0, 0, 0]
            }
          }
        },
        "torso2": {
          "rotation": {
            "0.0": {
              "lerp_mode": "catmullrom",
              "post": [0, 0, 0]
            },
            "0.1667": {
              "lerp_mode": "catmullrom",
              "post": [2.5, 0, 0]
            },
            "0.3333": {
              "lerp_mode": "catmullrom",
              "post": [2.5, 0, 0]
            },
            "0.5417": {
              "lerp_mode": "catmullrom",
              "post": ["math.sin(q.anim_time*90*15)*0.5", -1, 1]
            },
            "1.4167": {
              "lerp_mode": "catmullrom",
              "post": ["math.sin(q.anim_time*90*15)*0.5", 1, -1]
            },
            "1.625": {
              "lerp_mode": "catmullrom",
              "post": ["2.5+math.sin(q.anim_time*90*15)*0.15", 0, 0]
            },
            "1.875": {
              "lerp_mode": "catmullrom",
              "post": [0, 0, 0]
            }
          }
        }
      },
      "sound_effects": {
        "0.5417": {
          "effect": "pokemon.zygarde10.cry"
        }
      }
    },
    "animation.zygarde_10.ground_idle": {
      "animation_length": 1,
      "bones": {
        "body": {
          "position": [0, "-0.25+math.cos(q.anim_time*90*4)*0.15", 0]
        },
        "ear_left": {
          "rotation": ["math.cos(q.anim_time*90*4-210)*2", 0, 0]
        },
        "ear_right": {
          "rotation": ["math.cos(q.anim_time*90*4-210)*2", 0, 0]
        },
        "head_correction": {
          "rotation": ["10+math.cos(q.anim_time*90*4-170)*2", 0, 0]
        },
        "leg_back_left": {
          "rotation": ["2.5-math.cos(q.anim_time*90*4)*1.5", 0, 0]
        },
        "leg_back_left3": {
          "rotation": ["-3.5+math.cos(q.anim_time*90*4)*3.5", 0, 0]
        },
        "leg_back_left4": {
          "rotation": ["1-math.cos(q.anim_time*90*4)*2", 0, 0]
        },
        "leg_back_right": {
          "rotation": ["2.5-math.cos(q.anim_time*90*4)*1.5", 0, 0]
        },
        "leg_back_right3": {
          "rotation": ["-3.5+math.cos(q.anim_time*90*4)*3.5", 0, 0]
        },
        "leg_back_right4": {
          "rotation": ["1-math.cos(q.anim_time*90*4)*2", 0, 0]
        },
        "leg_front_left": {
          "rotation": ["7.5-math.cos(q.anim_time*90*4)*1.5", 0, 0]
        },
        "leg_front_left2": {
          "rotation": ["-7.5+math.cos(q.anim_time*90*4)*3", 0, 0]
        },
        "leg_front_right": {
          "rotation": ["7.5-math.cos(q.anim_time*90*4)*1.5", 0, 0]
        },
        "leg_front_right2": {
          "rotation": ["-7.5+math.cos(q.anim_time*90*4)*3", 0, 0]
        },
        "neck": {
          "rotation": ["-7.5+math.cos(q.anim_time*90*4-80)*1.5", 0, 0]
        },
        "scarf": {
          "position": [-0.25, 0, 0],
          "rotation": [0, "-27.5+math.sin(q.anim_time*90*4)*4", "math.cos(q.anim_time*90*4-40)*6"]
        },
        "scarf2": {
          "rotation": [0, "-math.cos(q.anim_time*90*4-20)*9", "math.cos(q.anim_time*90*4-60)*2"]
        },
        "scarf3": {
          "rotation": [0, "math.sin(q.anim_time*90*4-180)*12", "math.cos(q.anim_time*90*4-160)*5"]
        },
        "scarf4": {
          "position": [-0.25, 0, 0],
          "rotation": [0, "math.sin(q.anim_time*90*4-210)*6", "math.cos(q.anim_time*90*4-190)*7"]
        },
        "torso": {
          "rotation": ["1.5+math.cos(q.anim_time*90*4)*1.5", 0, 0]
        },
        "torso2": {
          "rotation": ["-math.cos(q.anim_time*90*4)*2", 0, 0]
        }
      },
      "loop": true
    },
    "animation.zygarde_10.ground_walk": {
      "animation_length": 1,
      "bones": {
        "body": {
          "position": ["-math.sin(q.anim_time*90*4-90)*0.4", "-0.15-math.cos(q.anim_time*90*8)*0.15", 0],
          "rotation": [0, "math.sin(q.anim_time*90*4)*2", 0]
        },
        "ear_left": {
          "rotation": ["-math.cos(q.anim_time*90*8-90)*2", 0, 0]
        },
        "ear_right": {
          "rotation": ["-math.cos(q.anim_time*90*8-90)*2", 0, 0]
        },
        "head_correction": {
          "rotation": ["-math.cos(q.anim_time*90*8-40)*4", "-math.cos(q.anim_time*90*4)*2", 0]
        },
        "leg_back_left": {
          "position": {
            "0.0": {
              "lerp_mode": "catmullrom",
              "post": [0, 0, 0]
            },
            "0.25": {
              "lerp_mode": "catmullrom",
              "post": [0, -0.25, 0]
            },
            "0.5": {
              "lerp_mode": "catmullrom",
              "post": [0, 0, 0]
            },
            "0.75": {
              "lerp_mode": "catmullrom",
              "post": [0, -1.5, 0]
            },
            "1.0": {
              "lerp_mode": "catmullrom",
              "post": [0, 0, 0]
            }
          },
          "rotation": {
            "0.0": {
              "lerp_mode": "catmullrom",
              "post": [-15, 0, 0]
            },
            "0.25": {
              "lerp_mode": "catmullrom",
              "post": [22.5, 0, 0]
            },
            "0.5": {
              "lerp_mode": "catmullrom",
              "post": [-3.75, 0, 0]
            },
            "0.75": {
              "lerp_mode": "catmullrom",
              "post": [-32.5, 0, 0]
            },
            "1.0": {
              "lerp_mode": "catmullrom",
              "post": [-15, 0, 0]
            }
          }
        },
        "leg_back_left2": {
          "rotation": {
            "0.0": {
              "lerp_mode": "catmullrom",
              "post": [15, 0, 0]
            },
            "0.25": {
              "lerp_mode": "catmullrom",
              "post": [-10, 0, 0]
            },
            "0.5": {
              "lerp_mode": "catmullrom",
              "post": [15, 0, 0]
            },
            "0.75": {
              "lerp_mode": "catmullrom",
              "post": [10, 0, 0]
            },
            "1.0": {
              "lerp_mode": "catmullrom",
              "post": [15, 0, 0]
            }
          }
        },
        "leg_back_left3": {
          "rotation": {
            "0.0": {
              "lerp_mode": "catmullrom",
              "post": [1, 0, 0]
            },
            "0.25": {
              "lerp_mode": "catmullrom",
              "post": [1.5, 0, 0]
            },
            "0.5": {
              "lerp_mode": "catmullrom",
              "post": [-41, 0, 0]
            },
            "0.75": {
              "lerp_mode": "catmullrom",
              "post": [-16, 0, 0]
            },
            "1.0": {
              "lerp_mode": "catmullrom",
              "post": [1, 0, 0]
            }
          }
        },
        "leg_back_left4": {
          "position": {
            "0.0": {
              "lerp_mode": "catmullrom",
              "post": [0, 0, 0]
            },
            "0.25": {
              "lerp_mode": "catmullrom",
              "post": [0, 0, -0.75]
            },
            "0.5": {
              "lerp_mode": "catmullrom",
              "post": [0, -1, -1]
            },
            "0.75": {
              "lerp_mode": "catmullrom",
              "post": [0, -0.25, -0.5]
            },
            "1.0": {
              "lerp_mode": "catmullrom",
              "post": [0, 0, 0]
            }
          },
          "rotation": {
            "0.0": {
              "lerp_mode": "catmullrom",
              "post": [0, 0, 0]
            },
            "0.25": {
              "lerp_mode": "catmullrom",
              "post": [47.5, 0, 0]
            },
            "0.5": {
              "lerp_mode": "catmullrom",
              "post": [105, 0, 0]
            },
            "0.75": {
              "lerp_mode": "catmullrom",
              "post": [37.5, 0, 0]
            },
            "1.0": {
              "lerp_mode": "catmullrom",
              "post": [0, 0, 0]
            }
          }
        },
        "leg_back_right": {
          "position": {
            "0.0": {
              "lerp_mode": "catmullrom",
              "post": [0, 0, 0]
            },
            "0.25": {
              "lerp_mode": "catmullrom",
              "post": [0, -1.5, 0]
            },
            "0.5": {
              "lerp_mode": "catmullrom",
              "post": [0, 0, 0]
            },
            "0.75": {
              "lerp_mode": "catmullrom",
              "post": [0, -0.25, 0]
            },
            "1.0": {
              "lerp_mode": "catmullrom",
              "post": [0, 0, 0]
            }
          },
          "rotation": {
            "0.0": {
              "lerp_mode": "catmullrom",
              "post": [-3.75, 0, 0]
            },
            "0.25": {
              "lerp_mode": "catmullrom",
              "post": [-32.5, 0, 0]
            },
            "0.5": {
              "lerp_mode": "catmullrom",
              "post": [-15, 0, 0]
            },
            "0.75": {
              "lerp_mode": "catmullrom",
              "post": [22.5, 0, 0]
            },
            "1.0": {
              "lerp_mode": "catmullrom",
              "post": [-3.75, 0, 0]
            }
          }
        },
        "leg_back_right2": {
          "rotation": {
            "0.0": {
              "lerp_mode": "catmullrom",
              "post": [15, 0, 0]
            },
            "0.25": {
              "lerp_mode": "catmullrom",
              "post": [10, 0, 0]
            },
            "0.5": {
              "lerp_mode": "catmullrom",
              "post": [15, 0, 0]
            },
            "0.75": {
              "lerp_mode": "catmullrom",
              "post": [-10, 0, 0]
            },
            "1.0": {
              "lerp_mode": "catmullrom",
              "post": [15, 0, 0]
            }
          }
        },
        "leg_back_right3": {
          "rotation": {
            "0.0": {
              "lerp_mode": "catmullrom",
              "post": [-41, 0, 0]
            },
            "0.25": {
              "lerp_mode": "catmullrom",
              "post": [-16, 0, 0]
            },
            "0.5": {
              "lerp_mode": "catmullrom",
              "post": [1, 0, 0]
            },
            "0.75": {
              "lerp_mode": "catmullrom",
              "post": [1.5, 0, 0]
            },
            "1.0": {
              "lerp_mode": "catmullrom",
              "post": [-41, 0, 0]
            }
          }
        },
        "leg_back_right4": {
          "position": {
            "0.0": {
              "lerp_mode": "catmullrom",
              "post": [0, -1, -1]
            },
            "0.25": {
              "lerp_mode": "catmullrom",
              "post": [0, -0.25, -0.5]
            },
            "0.5": {
              "lerp_mode": "catmullrom",
              "post": [0, 0, 0]
            },
            "0.75": {
              "lerp_mode": "catmullrom",
              "post": [0, 0, -0.75]
            },
            "1.0": {
              "lerp_mode": "catmullrom",
              "post": [0, -1, -1]
            }
          },
          "rotation": {
            "0.0": {
              "lerp_mode": "catmullrom",
              "post": [105, 0, 0]
            },
            "0.25": {
              "lerp_mode": "catmullrom",
              "post": [37.5, 0, 0]
            },
            "0.5": {
              "lerp_mode": "catmullrom",
              "post": [0, 0, 0]
            },
            "0.75": {
              "lerp_mode": "catmullrom",
              "post": [47.5, 0, 0]
            },
            "1.0": {
              "lerp_mode": "catmullrom",
              "post": [105, 0, 0]
            }
          }
        },
        "leg_front_left": {
          "position": {
            "0.0": {
              "lerp_mode": "catmullrom",
              "post": [-0.25, -0.75, -1]
            },
            "0.25": {
              "lerp_mode": "catmullrom",
              "post": [0, -0.25, 0]
            },
            "0.5": {
              "lerp_mode": "catmullrom",
              "post": [0.35, 0, 0.75]
            },
            "0.75": {
              "lerp_mode": "catmullrom",
              "post": [0.17, 0.08, -0.14]
            },
            "1.0": {
              "lerp_mode": "catmullrom",
              "post": [-0.25, -0.75, -1]
            }
          },
          "rotation": {
            "0.0": {
              "lerp_mode": "catmullrom",
              "post": [-12.47225, 2.16884, 0.54392]
            },
            "0.25": {
              "lerp_mode": "catmullrom",
              "post": [7.5, 0, 0]
            },
            "0.5": {
              "lerp_mode": "catmullrom",
              "post": [32.49605, 0.53728, -0.84342]
            },
            "0.75": {
              "lerp_mode": "catmullrom",
              "post": [39.41618, 5.1812, 1.3636]
            },
            "1.0": {
              "lerp_mode": "catmullrom",
              "post": [-12.47225, 2.16884, 0.54392]
            }
          }
        },
        "leg_front_left2": {
          "rotation": {
            "0.0": {
              "lerp_mode": "catmullrom",
              "post": [-12.5, 0, 0]
            },
            "0.25": {
              "lerp_mode": "catmullrom",
              "post": [-10, 0, 0]
            },
            "0.5": {
              "lerp_mode": "catmullrom",
              "post": [-22.5, 0, 0]
            },
            "0.75": {
              "lerp_mode": "catmullrom",
              "post": [-77.5, 0, 0]
            },
            "1.0": {
              "lerp_mode": "catmullrom",
              "post": [-12.5, 0, 0]
            }
          }
        },
        "leg_front_left3": {
          "position": {
            "0.0": {
              "lerp_mode": "catmullrom",
              "post": [0, -0.25, -0.5]
            },
            "0.25": {
              "lerp_mode": "catmullrom",
              "post": [0, 0, 0]
            },
            "0.5": {
              "lerp_mode": "catmullrom",
              "post": [0, -0.25, -0.5]
            },
            "0.75": {
              "lerp_mode": "catmullrom",
              "post": [0, -2, -0.75]
            },
            "1.0": {
              "lerp_mode": "catmullrom",
              "post": [0, -0.25, -0.5]
            }
          },
          "rotation": {
            "0.0": {
              "lerp_mode": "catmullrom",
              "post": [25, 0, 0]
            },
            "0.25": {
              "lerp_mode": "catmullrom",
              "post": [5, 0, 0]
            },
            "0.5": {
              "lerp_mode": "catmullrom",
              "post": [60, 0, 0]
            },
            "0.75": {
              "lerp_mode": "catmullrom",
              "post": [110, 0, 0]
            },
            "1.0": {
              "lerp_mode": "catmullrom",
              "post": [25, 0, 0]
            }
          }
        },
        "leg_front_right": {
          "position": {
            "0.0": {
              "lerp_mode": "catmullrom",
              "post": [-0.35, 0, 0.75]
            },
            "0.25": {
              "lerp_mode": "catmullrom",
              "post": [-0.17, 0.08, -0.14]
            },
            "0.5": {
              "lerp_mode": "catmullrom",
              "post": [0.25, -0.75, -1]
            },
            "0.75": {
              "lerp_mode": "catmullrom",
              "post": [0, -0.25, 0]
            },
            "1.0": {
              "lerp_mode": "catmullrom",
              "post": [-0.35, 0, 0.75]
            }
          },
          "rotation": {
            "0.0": {
              "lerp_mode": "catmullrom",
              "post": [32.49605, -0.53728, 0.84342]
            },
            "0.25": {
              "lerp_mode": "catmullrom",
              "post": [39.41618, -5.1812, -1.3636]
            },
            "0.5": {
              "lerp_mode": "catmullrom",
              "post": [-12.47225, -2.16884, -0.54392]
            },
            "0.75": {
              "lerp_mode": "catmullrom",
              "post": [7.5, 0, 0]
            },
            "1.0": {
              "lerp_mode": "catmullrom",
              "post": [32.49605, -0.53728, 0.84342]
            }
          }
        },
        "leg_front_right2": {
          "rotation": {
            "0.0": {
              "lerp_mode": "catmullrom",
              "post": [-22.5, 0, 0]
            },
            "0.25": {
              "lerp_mode": "catmullrom",
              "post": [-77.5, 0, 0]
            },
            "0.5": {
              "lerp_mode": "catmullrom",
              "post": [-12.5, 0, 0]
            },
            "0.75": {
              "lerp_mode": "catmullrom",
              "post": [-10, 0, 0]
            },
            "1.0": {
              "lerp_mode": "catmullrom",
              "post": [-22.5, 0, 0]
            }
          }
        },
        "leg_front_right3": {
          "position": {
            "0.0": {
              "lerp_mode": "catmullrom",
              "post": [0, -0.25, -0.5]
            },
            "0.25": {
              "lerp_mode": "catmullrom",
              "post": [0, -2, -0.75]
            },
            "0.5": {
              "lerp_mode": "catmullrom",
              "post": [0, -0.25, -0.5]
            },
            "0.75": {
              "lerp_mode": "catmullrom",
              "post": [0, 0, 0]
            },
            "1.0": {
              "lerp_mode": "catmullrom",
              "post": [0, -0.25, -0.5]
            }
          },
          "rotation": {
            "0.0": {
              "lerp_mode": "catmullrom",
              "post": [60, 0, 0]
            },
            "0.25": {
              "lerp_mode": "catmullrom",
              "post": [110, 0, 0]
            },
            "0.5": {
              "lerp_mode": "catmullrom",
              "post": [25, 0, 0]
            },
            "0.75": {
              "lerp_mode": "catmullrom",
              "post": [5, 0, 0]
            },
            "1.0": {
              "lerp_mode": "catmullrom",
              "post": [60, 0, 0]
            }
          }
        },
        "neck": {
          "rotation": ["math.cos(q.anim_time*90*8-20)*3", 0, 0]
        },
        "scarf": {
          "position": [-0.25, 0, 0],
          "rotation": ["-math.cos(q.anim_time*90*8-40)*9", "-27.5+math.sin(q.anim_time*90*4)*4", "math.cos(q.anim_time*90*8-40)*12"]
        },
        "scarf2": {
          "rotation": [0, "-math.cos(q.anim_time*90*4-20)*9", "math.cos(q.anim_time*90*8-60)*2"]
        },
        "scarf3": {
          "rotation": [0, "math.sin(q.anim_time*90*4-180)*12", "math.cos(q.anim_time*90*8-160)*5"]
        },
        "scarf4": {
          "position": [-0.25, 0, 0],
          "rotation": [0, "math.sin(q.anim_time*90*4-210)*6", "math.cos(q.anim_time*90*8-190)*7"]
        },
        "torso": {
          "rotation": ["6.5+math.cos(q.anim_time*90*8)*3", 0, 0]
        },
        "torso2": {
          "rotation": ["-math.cos(q.anim_time*90*8)*4", "math.cos(q.anim_time*90*4)*4", 0]
        }
      },
      "loop": true
    },
    "animation.zygarde_10.pose": {
      "bones": {
        "body": {
          "position": [0, 2, 0],
          "rotation": [-9.57574, -5.776, -4.07808]
        },
        "head_correction": {
          "rotation": [-7.5, 0, -7.5]
        },
        "jaw": {
          "position": [0, -1, 0],
          "rotation": [37.5, 0, 0]
        },
        "leg_back_left": {
          "rotation": [0, 0, -5]
        },
        "leg_back_left2": {
          "rotation": [17.5, 0, 0]
        },
        "leg_back_left3": {
          "rotation": [17.5, 0, 0]
        },
        "leg_back_left4": {
          "rotation": [37.5, 0, 0]
        },
        "leg_back_right": {
          "rotation": [-12.44081, 0.54094, 12.48848]
        },
        "leg_back_right2": {
          "rotation": [25, 0, 0]
        },
        "leg_back_right3": {
          "rotation": [17.5, 0, 0]
        },
        "leg_back_right4": {
          "rotation": [37.5, 0, 0]
        },
        "leg_front_left": {
          "rotation": [30, 0, 0]
        },
        "leg_front_left2": {
          "position": [0, 0, -3],
          "rotation": [-122.5, 0, 0]
        },
        "leg_front_left3": {
          "position": [0, -2, 0],
          "rotation": [150, 0, 0]
        },
        "leg_front_right": {
          "rotation": [-5, 0, 0]
        },
        "leg_front_right2": {
          "position": [0, 0, 0],
          "rotation": [-40, 0, 0]
        },
        "leg_front_right3": {
          "position": [0, -2, -1],
          "rotation": [107.5, 0, 0]
        },
        "neck": {
          "rotation": [-2.5, 0, -5]
        },
        "scarf2": {
          "rotation": [0, -12.5, 0]
        },
        "scarf3": {
          "rotation": [-0.78795, -17.48281, 2.62116]
        },
        "scarf4": {
          "rotation": [-0.32902, -7.49282, 2.52154]
        },
        "torso": {
          "rotation": [2.5, 0, 0]
        },
        "torso2": {
          "rotation": [-5, 0, 0]
        }
      },
      "loop": true
    },
    "animation.zygarde_10.walkspeed": {
      "bones": {
        "zygarde": {
          "position": [0, 0, "-q.anim_time*90*0.3"]
        }
      },
      "loop": true
    }
  },
  "format_version": "1.8.0"
}