{
  "format_version": "1.12.0",
  "minecraft:geometry": [
    {
      "bones": [
        {
          "name": "castform_snowy",
          "pivot": [0, 0, 0]
        }, {
          "name": "body",
          "parent": "castform_snowy",
          "pivot": [0, 9, 0]
        },
        {
          "cubes": [
            {
              "origin": [-3.99999, 13, -5],
              "size": [8, 8, 8],
              "uv": [0, 0]
            }
          ],
          "name": "head",
          "parent": "body",
          "pivot": [0, 13, 0]
        }, {
          "cubes": [
            {
              "origin": [-4.5, 12.5, -5.5],
              "size": [9, 9, 9],
              "uv": [0, 18]
            }
          ],
          "name": "outter",
          "parent": "head",
          "pivot": [0, 0, 0]
        }, {
          "cubes": [
            {
              "origin": [-5.5, 19.5, -2.5],
              "pivot": [-4, 21, 1.5],
              "rotation": [7.5, -5, -1.5],
              "size": [3, 3, 8],
              "uv": [0, 84]
            }
          ],
          "name": "ring",
          "parent": "outter",
          "pivot": [-4, 19.5, -2]
        }, {
          "cubes": [
            {
              "origin": [-5.45452, 20.45832, 2.5],
              "pivot": [0.54548, 21.95832, 4],
              "rotation": [-7.5, 0, -5],
              "size": [12, 3, 3],
              "uv": [0, 77]
            }
          ],
          "name": "ring2",
          "parent": "ring",
          "pivot": [-5, 20.5, 4]
        }, {
          "cubes": [
            {
              "origin": [3.5, 21.4981, -7],
              "pivot": [4.9717, 22.9981, -1],
              "rotation": [-5, 0, 5],
              "size": [3, 3, 12],
              "uv": [12, 85]
            }
          ],
          "name": "ring3",
          "parent": "ring2",
          "pivot": [5, 21.5, 4]
        }, {
          "cubes": [
            {
              "origin": [-5, 22.25, -7],
              "pivot": [0.51737, 23.72075, -5.49068],
              "rotation": [-2.5, 7.5, 4.67098],
              "size": [11, 3, 3],
              "uv": [0, 101]
            }
          ],
          "name": "ring4",
          "parent": "ring3",
          "pivot": [5, 22.5, -6]
        }, {
          "cubes": [
            {
              "origin": [-5, 23.75, -4.39141],
              "pivot": [-3.49478, 24.51734, 0.60859],
              "rotation": [7.23918, 3.077, -5.48746],
              "size": [2, 2, 9],
              "uv": [21, 101]
            }
          ],
          "name": "ring5",
          "parent": "ring4",
          "pivot": [-4, 23.5, -4]
        }, {
          "cubes": [
            {
              "origin": [-2.85715, 24.47417, 2.44668],
              "pivot": [-0.83985, 25.17988, 4.15079],
              "rotation": [7.23918, 3.077, -5.48746],
              "size": [4, 2, 2],
              "uv": [8, 108]
            }
          ],
          "name": "ring6",
          "parent": "ring5",
          "pivot": [-0.83985, 25.17988, 4.15079]
        }, {
          "cubes": [
            {
              "origin": [-1.99999, 13.5, -5.05],
              "size": [4, 2, 0],
              "uv": [0, 47]
            }
          ],
          "name": "mouth",
          "parent": "head",
          "pivot": [-0.08724, 0, -0.0019]
        }, {
          "cubes": [
            {
              "origin": [-1.99999, 13.5, -4.05],
              "size": [4, 2, 0],
              "uv": [0, 50]
            }
          ],
          "name": "mouthopen",
          "parent": "head",
          "pivot": [-0.08724, 0, -0.0019]
        }, {
          "name": "eyesfull",
          "parent": "head",
          "pivot": [0, 0, 0]
        }, {
          "cubes": [
            {
              "origin": [1.31276, 16.25, -4.1519],
              "size": [2, 1, 0],
              "uv": [4, 53]
            },
            {
              "origin": [-3.38723, 16.25, -4.1519],
              "size": [2, 1, 0],
              "uv": [4, 53]
            }
          ],
          "name": "eyesclosed",
          "parent": "eyesfull",
          "pivot": [0, 0, 0]
        }, {
          "name": "eyebrows",
          "parent": "eyesfull",
          "pivot": [-3.38723, 18, -4.07]
        }, {
          "cubes": [
            {
              "origin": [-3.38723, 18, -4.07],
              "size": [3, 1, 0],
              "uv": [0, 57]
            }
          ],
          "name": "eyebrowright",
          "parent": "eyebrows",
          "pivot": [-3.38723, 18, -4.07]
        }, {
          "cubes": [
            {
              "origin": [0.31276, 18, -4.07],
              "size": [3, 1, 0],
              "uv": [0, 55]
            }
          ],
          "name": "eyebrowleft",
          "parent": "eyebrows",
          "pivot": [3.31276, 18, -4.07]
        }, {
          "name": "eyes",
          "parent": "eyesfull",
          "pivot": [-0.08724, 17, -5.05]
        }, {
          "cubes": [
            {
              "origin": [-3.38723, 16, -5.05],
              "size": [2, 2, 0],
              "uv": [9, 47]
            },
            {
              "origin": [-3.38723, 17, -5.06],
              "size": [1, 1, 0],
              "uv": [9, 53]
            }
          ],
          "name": "eyeright",
          "parent": "eyes",
          "pivot": [-2.3872, 17, -5.05]
        }, {
          "cubes": [
            {
              "origin": [1.3128, 17, -5.06],
              "size": [1, 1, 0],
              "uv": [12, 53]
            },
            {
              "origin": [1.31276, 16, -5.05],
              "size": [2, 2, 0],
              "uv": [9, 50]
            }
          ],
          "name": "eyeleft",
          "parent": "eyes",
          "pivot": [2.3128, 17, -5.05]
        }, {
          "cubes": [
            {
              "origin": [-1.99999, 9, -3],
              "size": [4, 4, 4],
              "uv": [51, 53]
            },
            {
              "origin": [-0.99999, 6, -2],
              "size": [2, 3, 2],
              "uv": [32, 63]
            }
          ],
          "name": "gustybody",
          "parent": "body",
          "pivot": [0.00001, 9.25, -1.5]
        }, {
          "cubes": [
            {
              "origin": [2.80001, 8.8, -4],
              "size": [4, 4, 4],
              "uv": [60, 0]
            },
            {
              "origin": [-0.19999, 9.35, -3.5],
              "size": [3, 2, 3],
              "uv": [62, 47]
            }
          ],
          "name": "frontleftgust",
          "parent": "gustybody",
          "pivot": [2, 10.65, -1.99581],
          "rotation": [0, 18, 0]
        }, {
          "cubes": [
            {
              "origin": [-7.19999, 8.8, -4],
              "pivot": [0, -1, -1],
              "rotation": [0, -0.1, 0],
              "size": [4, 4, 4],
              "uv": [60, 8]
            }, {
              "origin": [-3.19999, 9.35, -3.5],
              "size": [3, 2, 3],
              "uv": [62, 61]
            }
          ],
          "name": "frontrightgust",
          "parent": "gustybody",
          "pivot": [-2, 10.65, -1.75454],
          "rotation": [0, -18, 0]
        }, {
          "cubes": [
            {
              "origin": [-3.5, 8.5, 1.5],
              "size": [4, 4, 4],
              "uv": [16, 52]
            },
            {
              "origin": [-3, 9.2, -0.5],
              "size": [3, 2, 2],
              "uv": [19, 47]
            }
          ],
          "name": "backrightgust",
          "parent": "gustybody",
          "pivot": [-1.5, 10.2791, 1],
          "rotation": [0, -40, 0]
        }, {
          "cubes": [
            {
              "origin": [-0.5, 8.5, 1.5],
              "size": [4, 4, 4],
              "uv": [0, 60]
            },
            {
              "origin": [0, 9.2, -0.5],
              "size": [3, 2, 2],
              "uv": [40, 63]
            }
          ],
          "name": "backleftgust",
          "parent": "gustybody",
          "pivot": [1.5, 10.2791, 1],
          "rotation": [0, 40, 0]
        }, {
          "cubes": [
            {
              "origin": [-2, 8.5, -8.5],
              "size": [4, 4, 4],
              "uv": [16, 60]
            },
            {
              "origin": [-1.5, 9.45, -4.5],
              "size": [3, 2, 2],
              "uv": [61, 66]
            }
          ],
          "name": "frontgust",
          "parent": "gustybody",
          "pivot": [0, 10.45, -3]
        }
      ],
      "description": {
        "identifier": "geometry.castform_snowy",
        "texture_height": 128,
        "texture_width": 128,
        "visible_bounds_height": 3.5,
        "visible_bounds_offset": [0, 1.25, 0],
        "visible_bounds_width": 3
      }
    }
  ]
}