{
  "animations": {
    "animation.entei.battle_idle": {
      "bones": {
        "ankle_left": {
          "rotation": ["math.cos((q.anim_time+0.5)*90*3-150)*0.5", 0, 0]
        },
        "ankle_right": {
          "rotation": ["math.cos((q.anim_time+0.5)*90*3-150)*0.5", 0, 0]
        },
        "back_elbow_fluff_back_left": {
          "rotation": ["math.cos((q.anim_time+0.1)*90*3+30)*10", 0, 0]
        },
        "back_elbow_fluff_back_right": {
          "rotation": ["math.cos((q.anim_time+0.1)*90*3+30)*10", 0, 0]
        },
        "back_elbow_fluff_front_left": {
          "rotation": ["12.5-math.cos((q.anim_time+0.1)*90*3+30)*10", 0, 0]
        },
        "back_elbow_fluff_front_right": {
          "rotation": ["12.5-math.cos((q.anim_time+0.1)*90*3+30)*10", 0, 0]
        },
        "back_elbow_fluff_inside_left": {
          "rotation": [0, 0, "math.cos((q.anim_time+0.1)*90*3+30)*10"]
        },
        "back_elbow_fluff_inside_right": {
          "rotation": [0, 0, "-(math.cos((q.anim_time+0.1)*90*3+30)*10)"]
        },
        "back_elbow_fluff_side_left": {
          "rotation": [0, 0, "-math.cos((q.anim_time+0.1)*90*3+30)*10"]
        },
        "back_elbow_fluff_side_right": {
          "rotation": [0, 0, "math.cos((q.anim_time+0.1)*90*3+30)*10"]
        },
        "back_hair_head_left": {
          "rotation": ["25-math.cos((q.anim_time+0.3)*90*3)*4", 0, 0]
        },
        "back_hair_head_mid": {
          "position": [0, 0.5, 0],
          "rotation": ["30-math.cos((q.anim_time+0.3)*90*3)*4", 0, 0]
        },
        "back_hair_head_mid2": {
          "position": [0, 0.5, 0],
          "rotation": ["30-math.cos((q.anim_time+0.3)*90*3)*4", 0, 0]
        },
        "back_hair_head_right": {
          "rotation": ["25-math.cos((q.anim_time+0.3)*90*3)*4", 0, 0]
        },
        "backpaw_left": {
          "position": [-0.77, 0, 0],
          "rotation": ["13.5-math.cos((q.anim_time+0.6)*90*3-150)*0.5", -9.23597, 10.01818]
        },
        "backpaw_right": {
          "position": [0.77, 0, 0],
          "rotation": ["13.5-math.cos((q.anim_time+0.6)*90*3-150)*0.5", 9.23597, -10.01818]
        },
        "front_elbow_fluff_back_left": {
          "rotation": ["math.cos((q.anim_time+0.1)*90*3+30)*10", 0, 0]
        },
        "front_elbow_fluff_back_right": {
          "rotation": ["math.cos((q.anim_time+0.1)*90*3+30)*10", 0, 0]
        },
        "front_elbow_fluff_inside_left": {
          "rotation": [0, 0, "math.cos((q.anim_time+0.1)*90*3+30)*10"]
        },
        "front_elbow_fluff_inside_right": {
          "rotation": [0, 0, "-(math.cos((q.anim_time+0.1)*90*3+30)*10)"]
        },
        "front_elbow_fluff_left": {
          "rotation": ["12.5-math.cos((q.anim_time+0.1)*90*3+30)*10", 0, 0]
        },
        "front_elbow_fluff_right": {
          "rotation": ["12.5-math.cos((q.anim_time+0.1)*90*3+30)*10", 0, 0]
        },
        "front_elbow_fluff_side_left": {
          "rotation": [0, 0, "-math.cos((q.anim_time+0.1)*90*3+30)*10"]
        },
        "front_elbow_fluff_side_right": {
          "rotation": [0, 0, "math.cos((q.anim_time+0.1)*90*3+30)*10"]
        },
        "front_elbow_left": {
          "rotation": ["-17.5+math.cos((q.anim_time+0.6)*90*3-150)*3.5", 0, 0]
        },
        "front_elbow_right": {
          "rotation": ["-17.5+math.cos((q.anim_time+0.6)*90*3-150)*3.5", 0, 0]
        },
        "front_leg_left": {
          "position": [
            "1-math.cos((q.anim_time+0.62)*90*3-150)*0.2", "-3+math.cos((q.anim_time+0.6)*90*3-150)*0.15",
            "1+math.cos((q.anim_time+0.6)*90*3-150)*0.3"
          ],
          "rotation": ["-1.3091298434-math.cos((q.anim_time+0.6)*90*3-150)*3", -13.62606, -19.13489]
        },
        "front_leg_right": {
          "position": [
            "-1+math.cos((q.anim_time+0.62)*90*3-150)*0.2", "-3+math.cos((q.anim_time+0.6)*90*3-150)*0.15",
            "1+math.cos((q.anim_time+0.6)*90*3-150)*0.3"
          ],
          "rotation": ["-1.3091298434-math.cos((q.anim_time+0.6)*90*3-150)*3", 13.62606, 19.13489]
        },
        "front_paw_left": {
          "position": [0.25, 0, 0],
          "rotation": ["24-math.cos((q.anim_time+0.6)*90*3-150)*1", -6.60796, 16.24074]
        },
        "front_paw_right": {
          "position": [-0.25, 0, 0],
          "rotation": ["24-math.cos((q.anim_time+0.6)*90*3-150)*1", 6.60796, -16.24074]
        },
        "head": {
          "position": [0, 0.05, -0.2],
          "rotation": ["-15-math.cos((q.anim_time+0.15)*90*3-150)*2", 0, 0]
        },
        "head_cloud": {
          "position": [0, -0.7, 0],
          "rotation": ["12.5+math.cos((q.anim_time+0.9)*90*3+30)*0.5", 0, 0],
          "scale": "1+math.cos((q.anim_time+0.9)*90*4+30)*0.0025"
        },
        "head_cloud2": {
          "rotation": [
            "7.5+math.cos((q.anim_time+0.9)*90*3-10)*8", "math.cos((q.anim_time+0.5)*90/4+30)*0.8",
            "-math.cos((q.anim_time+0.9)*90*3+30)*1.5"
          ],
          "scale": "1+math.cos((q.anim_time+0.9)*90*6+30)*0.03"
        },
        "head_cloud3": {
          "rotation": ["math.cos((q.anim_time+0.7)*90*3-30)*18", "math.cos((q.anim_time+0.5)*90*3-10)*2", 0],
          "scale": "1-math.cos((q.anim_time+0.9)*90*6-10)*0.05"
        },
        "head_cloud4": {
          "rotation": [
            "-20+math.cos((q.anim_time+1.9)*90*3-70)*25", "math.cos((q.anim_time+0.5)*90*3-50)*4",
            "-math.cos((q.anim_time+0.9)*90*3-30)*2"
          ],
          "scale": "1+math.cos((q.anim_time+0.9)*90*6-50)*0.04"
        },
        "head_cloud5": {
          "rotation": [
            "-5+math.cos((q.anim_time+0.6)*90*3-110)*32", "math.cos((q.anim_time+0.5)*90*3-90)*4.5",
            "math.cos((q.anim_time+0.9)*90*3-60)*3"
          ],
          "scale": "1-math.cos((q.anim_time+0.9)*90*6-90)*0.04"
        },
        "head_cloud6": {
          "rotation": [
            "math.cos((q.anim_time+0.45)*90*3-150)*60", "math.cos((q.anim_time+0.5)*90*3-130)*4.8",
            "-math.cos((q.anim_time+0.9)*90*3-90)*3"
          ],
          "scale": "1+math.cos((q.anim_time+0.9)*90*6-130)*0.045"
        },
        "head_cloud7": {
          "rotation": [
            "math.cos((q.anim_time+0.4)*90*3-190)*64", "math.cos((q.anim_time+0.5)*90*3-170)*5",
            "math.cos((q.anim_time+0.9)*90*3-120)*3"
          ],
          "scale": "1-math.cos((q.anim_time+0.9)*90*6-170)*0.04"
        },
        "head_cloud8": {
          "rotation": [
            "math.cos((q.anim_time+0.5)*90*3-230)*55", "math.cos((q.anim_time+0.5)*90*3-210)*6.5",
            "-math.cos((q.anim_time+0.9)*90*3-150)*1"
          ],
          "scale": "1+math.cos((q.anim_time+0.9)*90*6-210)*0.035"
        },
        "head_fluff_bottom_hair_left": {
          "rotation": [0, 0, "-(math.cos((q.anim_time+0.5)*90*3+30)*4)"]
        },
        "head_fluff_bottom_hair_left2": {
          "rotation": [0, 0, "NaN-(math.cos((q.anim_time+0.6)*90*3+30)*4)"]
        },
        "head_fluff_bottom_hair_right": {
          "rotation": [0, 0, "NaN-(math.cos((q.anim_time+0.5)*90*3+30)*4)"]
        },
        "head_fluff_bottom_hair_right2": {
          "rotation": [0, 0, "-(NaN-(math.cos((q.anim_time+0.6)*90*3+30)*4))"]
        },
        "head_fluff_bottom_left": {
          "rotation": [0, 0, "(math.cos((q.anim_time+0.5)*90*3+30)*2.5)"]
        },
        "head_fluff_bottom_left3": {
          "rotation": [0, 0, "-15-math.cos((q.anim_time+0.8)*90*4+330)*5"]
        },
        "head_fluff_bottom_left4": {
          "rotation": [0, "-((math.cos((q.anim_time+0.4)*90*3+30)*7))", 0]
        },
        "head_fluff_bottom_left5": {
          "rotation": [0, 0, "-15+(math.cos((q.anim_time+0.8)*90*3+30)*5)"]
        },
        "head_fluff_bottom_right": {
          "rotation": [0, 0, "-((math.cos((q.anim_time+0.5)*90*3+30)*2.5))"]
        },
        "head_fluff_bottom_right3": {
          "rotation": [0, 0, "15+math.cos((q.anim_time+0.8)*90*4+330)*5"]
        },
        "head_fluff_bottom_right4": {
          "rotation": [0, "((math.cos((q.anim_time+0.4)*90*3+30)*7))", 0]
        },
        "head_fluff_bottom_right5": {
          "rotation": [0, 0, "15-(math.cos((q.anim_time+0.8)*90*3+30)*5)"]
        },
        "head_fluff_mid_left": {
          "rotation": ["math.cos((q.anim_time+0.6)*90*3+60)*2", 0, "-15-(math.cos((q.anim_time+0.5)*90*3+30)*3.5)"]
        },
        "head_fluff_mid_right": {
          "rotation": ["math.cos((q.anim_time+0.6)*90*3+60)*2", 0, "15+(math.cos((q.anim_time+0.5)*90*3+30)*3.5)"]
        },
        "head_fluff_top_left2": {
          "rotation": [0, "math.cos((q.anim_time+0.3)*90*3)*4", 0]
        },
        "head_fluff_top_right2": {
          "rotation": [0, "-math.cos((q.anim_time+0.3)*90*3)*4", 0]
        },
        "jaw": {
          "position": [0, 0, 0],
          "rotation": ["15-math.cos((q.anim_time+0.3)*90*3+30)*5", 0, 0]
        },
        "knee_left": {
          "rotation": ["-12.5+math.cos((q.anim_time+0.4)*90*3-150)*3.5", 0, 0]
        },
        "knee_right": {
          "rotation": ["-12.5+math.cos((q.anim_time+0.4)*90*3-150)*3.5", 0, 0]
        },
        "leg_left": {
          "position": [
            "0-math.cos((q.anim_time+0.3)*90*3-150)*0.02", "1.5+math.cos((q.anim_time+9.1)*90*3-150)*0.08",
            "0+math.cos((q.anim_time+0.36)*90*3-150)*0.3"
          ],
          "rotation": ["0.0078989707-math.cos((q.anim_time+0.4)*90*3-150)*3", -7.38743, -11.29312]
        },
        "leg_right": {
          "position": [
            "0-math.cos((q.anim_time+0.3)*90*3-150)*0.02", "1.5+math.cos((q.anim_time+9.1)*90*3-150)*0.08",
            "0+math.cos((q.anim_time+0.36)*90*3-150)*0.3"
          ],
          "rotation": ["0.0078989707-math.cos((q.anim_time+0.4)*90*3-150)*3", 7.38743, 11.29312]
        },
        "neck": {
          "rotation": ["7.5+math.cos((q.anim_time+0.1)*90*3-150)*1.5", 0, 0]
        },
        "neck2": {
          "rotation": ["-2.5-math.cos((q.anim_time+0.25)*90*3-150)*2", 0, 0]
        },
        "neck_fluff_bottom_chest": {
          "rotation": ["-11.5+math.cos((q.anim_time+0.3)*90*3)*2", 0, 0]
        },
        "neck_fluff_bottom_chest_bottom": {
          "rotation": ["math.cos((q.anim_time+0.3)*90*3+40)*5", 0, 0]
        },
        "neck_fluff_bottom_chest_left": {
          "rotation": [0, 0, 0]
        },
        "neck_fluff_bottom_chest_right": {
          "rotation": [0, 0, 0]
        },
        "neck_fluff_chest": {
          "rotation": ["-10+math.cos((q.anim_time+0.5)*90*3)*2", 0, 0]
        },
        "neck_fluff_chest_bottom": {
          "rotation": ["-7.5+math.cos((q.anim_time+0.5)*90*3+40)*5", 0, 0]
        },
        "neck_fluff_chest_left": {
          "rotation": [0, "0+math.cos((q.anim_time+0.1)*90*4+40)*5", 0]
        },
        "neck_fluff_chest_right": {
          "rotation": [0, "0+math.cos((q.anim_time+0.1)*90*4+40)*5", 0]
        },
        "spikes_left_bottom": {
          "rotation": [0, 0, "math.cos((q.anim_time+0.3)*90*3+30)*3"]
        },
        "spikes_left_upper": {
          "rotation": [0, 0, "-math.cos((q.anim_time+0.5)*90*3+30)*5"]
        },
        "spikes_right_bottom": {
          "rotation": [0, 0, "-(math.cos((q.anim_time+0.3)*90*3+30)*3)"]
        },
        "spikes_right_upper": {
          "rotation": [0, 0, "math.cos((q.anim_time+0.5)*90*3+30)*5"]
        },
        "top_hair_head2": {
          "rotation": ["math.cos((q.anim_time+0.3)*90*3)*5", 0, 0]
        },
        "top_hair_head_left": {
          "rotation": ["-math.cos((q.anim_time+0.5)*90*3)*5", 0, 0]
        },
        "top_hair_head_left3": {
          "rotation": ["-math.cos((q.anim_time+0.5)*90*3)*5", 0, 0]
        },
        "top_hair_head_left4": {
          "rotation": ["-math.cos((q.anim_time+0.5)*90*3)*5", 0, 0]
        },
        "top_hair_head_right": {
          "rotation": ["-math.cos((q.anim_time+0.5)*90*3)*5", 0, 0]
        },
        "top_hair_head_right2": {
          "rotation": ["-math.cos((q.anim_time+0.5)*90*3)*5", 0, 0]
        },
        "top_hair_head_right3": {
          "rotation": ["-math.cos((q.anim_time+0.5)*90*3)*5", 0, 0]
        },
        "top_hair_head_right4": {
          "rotation": ["-math.cos((q.anim_time+0.5)*90*3)*5", 0, 0]
        },
        "torso": {
          "position": [0, "-math.cos((q.anim_time+0.9)*90*3-150)*0.2", "math.cos((q.anim_time+0.5)*90*3-150)*0.25"],
          "rotation": ["5+math.cos((q.anim_time+0.9)*90*3-150)*0.5", 0, 0]
        },
        "uppert_torso": {
          "rotation": ["math.cos((q.anim_time+0.3)*90*3-180)*1.5", 0, 0]
        }
      },
      "loop": true
    },
    "animation.entei.blink": {
      "animation_length": 0.125,
      "bones": {
        "eyelid_left": {
          "position": {
            "0.0": [0, 0, -0.1],
            "0.125": {
              "post": [0, 0, 0],
              "pre": [0, 0, -0.1]
            }
          }
        },
        "eyelid_right": {
          "position": {
            "0.0": [0, 0, -0.1],
            "0.125": {
              "post": [0, 0, 0],
              "pre": [0, 0, -0.1]
            }
          }
        }
      }
    },
    "animation.entei.cry": {
      "animation_length": 2.25,
      "bones": {
        "head": {
          "position": {
            "0.0": [0, 0, 0],
            "0.7083": [0, 0.25, -0.25],
            "1.5": [0, 0.25, -0.25],
            "2.25": [0, 0, 0]
          },
          "rotation": {
            "0.0": {
              "lerp_mode": "catmullrom",
              "post": [0, 0, 0]
            },
            "0.2917": {
              "lerp_mode": "catmullrom",
              "post": [10, 0, 0]
            },
            "0.7083": {
              "lerp_mode": "catmullrom",
              "post": [-25, 0, 0]
            },
            "1.5": {
              "lerp_mode": "catmullrom",
              "post": [-40, 0, 0]
            },
            "1.875": {
              "lerp_mode": "catmullrom",
              "post": [-18.44, 0, 0]
            },
            "2.25": {
              "lerp_mode": "catmullrom",
              "post": [0, 0, 0]
            }
          }
        },
        "head_cloud": {
          "position": {
            "0.0": {
              "lerp_mode": "catmullrom",
              "post": [0, 0, 0]
            },
            "0.7083": {
              "lerp_mode": "catmullrom",
              "post": [0, -2.6, 0]
            },
            "1.5": {
              "lerp_mode": "catmullrom",
              "post": [0, -4, 0]
            },
            "2.25": {
              "lerp_mode": "catmullrom",
              "post": [0, 0, 0]
            }
          },
          "rotation": {
            "0.0": {
              "lerp_mode": "catmullrom",
              "post": [0, 0, 0]
            },
            "0.375": {
              "lerp_mode": "catmullrom",
              "post": [-12.5, 0, 0]
            },
            "1.5": {
              "lerp_mode": "catmullrom",
              "post": [-37.5, 0, 0]
            },
            "1.875": {
              "lerp_mode": "catmullrom",
              "post": [-17.81, 0, 0]
            },
            "2.25": {
              "lerp_mode": "catmullrom",
              "post": [0, 0, 0]
            }
          }
        },
        "head_fluff_bottom_hair_left": {
          "rotation": {
            "0.0": [0, 0, 0],
            "0.5": [0, 0, 0],
            "0.7083": [0, 0, "-7.5+math.cos((q.anim_time+0.5)*90*2.5-90)*20"],
            "1.75": [0, 0, 0],
            "2.25": [0, 0, 0]
          }
        },
        "head_fluff_bottom_hair_left2": {
          "rotation": {
            "0.0": [0, 0, 0],
            "0.5": [0, 0, 0],
            "0.7083": [0, 0, "-17.5+math.cos((q.anim_time+0.5)*90*2.5-90)*20"],
            "1.75": [0, 0, 0],
            "2.25": [0, 0, 0]
          }
        },
        "head_fluff_bottom_hair_right": {
          "rotation": {
            "0.0": [0, 0, 0],
            "0.5": [0, 0, 0],
            "0.7083": [0, 0, "7.5-(math.cos((q.anim_time+0.5)*90*2.5-90)*20)"],
            "1.75": [0, 0, 0],
            "2.25": [0, 0, 0]
          }
        },
        "head_fluff_bottom_hair_right2": {
          "rotation": {
            "0.0": [0, 0, 0],
            "0.5": [0, 0, 0],
            "0.7083": [0, 0, "17.5-(math.cos((q.anim_time+0.5)*90*2.5-90)*20)"],
            "1.75": [0, 0, 0],
            "2.25": [0, 0, 0]
          }
        },
        "head_fluff_bottom_left": {
          "rotation": {
            "0.0": [0, 0, 0],
            "0.5": [0, 0, 0],
            "0.7083": [0, 0, "-7.5+math.cos((q.anim_time+0.5)*90*2.5+30)*15"],
            "1.75": [0, 0, 0],
            "2.25": [0, 0, 0]
          }
        },
        "head_fluff_bottom_left2": {
          "rotation": {
            "0.0": [0, 0, 0],
            "0.5": [0, 0, 0],
            "0.7083": [0, "math.cos((q.anim_time+0.5)*90*5-50)*30", "math.cos((q.anim_time+0.5)*90*10-10)*5"],
            "1.75": [0, 0, 0],
            "2.25": [0, 0, 0]
          }
        },
        "head_fluff_bottom_left3": {
          "rotation": {
            "0.0": [0, 0, 0],
            "0.5": [0, 0, 0],
            "0.7083": [0, 0, "math.cos((q.anim_time+0.5)*90*5-90)*30"],
            "1.75": [0, 0, 0],
            "2.25": [0, 0, 0]
          }
        },
        "head_fluff_bottom_left4": {
          "rotation": {
            "0.0": [0, 0, 0],
            "0.5": [0, 0, 0],
            "0.7083": [0, "-math.cos((q.anim_time+0.5)*90*2.5-10)*35", 0],
            "1.75": [0, 0, 0],
            "2.25": [0, 0, 0]
          }
        },
        "head_fluff_bottom_left5": {
          "rotation": {
            "0.0": [0, 0, 0],
            "0.5": [0, 0, 0],
            "0.7083": [0, 0, "math.cos((q.anim_time+0.5)*90*2.5-10)*30"],
            "1.75": [0, 0, 0],
            "2.25": [0, 0, 0]
          }
        },
        "head_fluff_bottom_right": {
          "rotation": {
            "0.0": [0, 0, 0],
            "0.5": [0, 0, 0],
            "0.7083": [0, 0, "7.5-math.cos((q.anim_time+0.5)*90*2.5+30)*15"],
            "1.75": [0, 0, 0],
            "2.25": [0, 0, 0]
          }
        },
        "head_fluff_bottom_right2": {
          "rotation": {
            "0.0": [0, 0, 0],
            "0.5": [0, 0, 0],
            "0.7083": [0, "-(math.cos((q.anim_time+0.5)*90*5-50)*30)", "-(math.cos((q.anim_time+0.5)*90*5-10)*5)"],
            "1.75": [0, 0, 0],
            "2.25": [0, 0, 0]
          }
        },
        "head_fluff_bottom_right3": {
          "rotation": {
            "0.0": [0, 0, 0],
            "0.5": [0, 0, 0],
            "0.7083": [0, 0, "-(math.cos((q.anim_time+0.5)*90*5-90)*30)"],
            "1.75": [0, 0, 0],
            "2.25": [0, 0, 0]
          }
        },
        "head_fluff_bottom_right4": {
          "rotation": {
            "0.0": [0, 0, 0],
            "0.5": [0, 0, 0],
            "0.7083": [0, "NaN-math.cos((q.anim_time+0.5)*90*2.5-10)*35", 0],
            "1.75": [0, 0, 0],
            "2.25": [0, 0, 0]
          }
        },
        "head_fluff_bottom_right5": {
          "rotation": {
            "0.0": [0, 0, 0],
            "0.5": [0, 0, 0],
            "0.7083": [0, 0, "-math.cos((q.anim_time+0.5)*90*2.5-10)*30"],
            "1.75": [0, 0, 0],
            "2.25": [0, 0, 0]
          }
        },
        "head_fluff_mid_left": {
          "rotation": {
            "0.0": {
              "lerp_mode": "catmullrom",
              "post": [0, 0, 0]
            },
            "0.25": {
              "lerp_mode": "catmullrom",
              "post": [-14.72, 0, 0]
            },
            "0.4583": {
              "lerp_mode": "catmullrom",
              "post": [-10, 0, 0]
            },
            "0.7083": {
              "lerp_mode": "catmullrom",
              "post": [0, 0, 0]
            },
            "1.5": {
              "lerp_mode": "catmullrom",
              "post": [0, 0, 0]
            },
            "2.25": {
              "lerp_mode": "catmullrom",
              "post": [0, 0, 0]
            }
          }
        },
        "head_fluff_mid_right": {
          "rotation": {
            "0.0": {
              "lerp_mode": "catmullrom",
              "post": [0, 0, 0]
            },
            "0.25": {
              "lerp_mode": "catmullrom",
              "post": [-14.72, 0, 0]
            },
            "0.4583": {
              "lerp_mode": "catmullrom",
              "post": [-10, 0, 0]
            },
            "0.7083": {
              "lerp_mode": "catmullrom",
              "post": [0, 0, 0]
            },
            "1.5": {
              "lerp_mode": "catmullrom",
              "post": [0, 0, 0]
            },
            "2.25": {
              "lerp_mode": "catmullrom",
              "post": [0, 0, 0]
            }
          }
        },
        "jaw": {
          "rotation": {
            "0.0": {
              "lerp_mode": "catmullrom",
              "post": [0, 0, 0]
            },
            "0.3333": {
              "lerp_mode": "catmullrom",
              "post": [0, 0, 0]
            },
            "0.5417": {
              "lerp_mode": "catmullrom",
              "post": [47.5, 0, 0]
            },
            "1.0": {
              "lerp_mode": "catmullrom",
              "post": [24.27, 0, 0]
            },
            "1.3333": {
              "lerp_mode": "catmullrom",
              "post": [24.27, 0, 0]
            },
            "1.5833": {
              "lerp_mode": "catmullrom",
              "post": [0, 0, 0]
            }
          }
        },
        "neck": {
          "rotation": {
            "0.0": {
              "lerp_mode": "catmullrom",
              "post": [0, 0, 0]
            },
            "0.1667": {
              "lerp_mode": "catmullrom",
              "post": [-7.5, 0, 0]
            },
            "0.375": {
              "lerp_mode": "catmullrom",
              "post": [-7.5, 0, 0]
            },
            "0.625": {
              "lerp_mode": "catmullrom",
              "post": [10, 0, 0]
            },
            "1.5": {
              "lerp_mode": "catmullrom",
              "post": [10, 0, 0]
            },
            "2.0": {
              "lerp_mode": "catmullrom",
              "post": [0, 0, 0]
            }
          }
        },
        "neck2": {
          "rotation": {
            "0.0": {
              "lerp_mode": "catmullrom",
              "post": [0, 0, 0]
            },
            "0.25": {
              "lerp_mode": "catmullrom",
              "post": [12.5, 0, 0]
            },
            "0.6667": {
              "lerp_mode": "catmullrom",
              "post": [20, 0, 0]
            },
            "1.2083": {
              "lerp_mode": "catmullrom",
              "post": [27.5, 0, 0]
            },
            "1.5833": {
              "lerp_mode": "catmullrom",
              "post": [31.72, 0, 0]
            },
            "2.25": {
              "lerp_mode": "catmullrom",
              "post": [0, 0, 0]
            }
          }
        },
        "neck_fluff_bottom_chest": {
          "rotation": {
            "0.0": [0, 0, 0],
            "0.25": [7.5, 0, 0],
            "0.4583": [0, 0, 0],
            "0.7083": [-12.5, 0, 0],
            "1.5": [-12.5, 0, 0],
            "2.0": [0, 0, 0],
            "2.25": [0, 0, 0]
          }
        },
        "neck_fluff_chest": {
          "rotation": {
            "0.0": [0, 0, 0],
            "0.25": [2.5, 0, 0],
            "0.4583": [0, 0, 0],
            "0.7083": [-7.5, 0, 0],
            "1.5": [-7.5, 0, 0],
            "2.0": [0, 0, 0],
            "2.25": [0, 0, 0]
          }
        }
      },
      "sound_effects": {
        "0.1667": {
          "effect": "pokemon.entei.cry"
        }
      }
    },
    "animation.entei.ground_idle": {
      "bones": {
        "ankle_left": {
          "rotation": ["27.5+math.cos((q.anim_time+0.65)*90+30)*1", 0, 0]
        },
        "ankle_right": {
          "rotation": ["-2.5+math.cos((q.anim_time+0.65)*90+30)*1", 0, 0]
        },
        "back_elbow_fluff_back_left": {
          "rotation": ["-math.cos((q.anim_time+0.1)*90+30)*2", 0, 0]
        },
        "back_elbow_fluff_back_right": {
          "rotation": ["-math.cos((q.anim_time+0.1)*90+30)*2", 0, 0]
        },
        "back_elbow_fluff_front_left": {
          "position": [0, 2, 0],
          "rotation": [-59.87475, 0.33008, 5.57902]
        },
        "back_elbow_fluff_front_right": {
          "position": [0, 0.1, 0],
          "rotation": ["-12.5+math.cos((q.anim_time+0.1)*90+30)*2", 0, 0]
        },
        "back_elbow_fluff_inside_left": {
          "rotation": [0, 0, "math.cos((q.anim_time+0.1)*90+30)*2"]
        },
        "back_elbow_fluff_inside_right": {
          "rotation": [0, 0, "math.cos((q.anim_time+0.1)*90+30)*2"]
        },
        "back_elbow_fluff_side_left": {
          "rotation": [0, 0, "math.cos((q.anim_time+0.1)*90+30)*2"]
        },
        "back_elbow_fluff_side_right": {
          "rotation": [0, 0, "math.cos((q.anim_time+0.1)*90+30)*2"]
        },
        "back_hair_head_left": {
          "rotation": ["-math.cos((q.anim_time+0.5)*90+30)*3", 0, 0]
        },
        "back_hair_head_mid": {
          "rotation": ["-math.cos((q.anim_time+0.5)*90+30)*3", 0, 0]
        },
        "back_hair_head_mid2": {
          "rotation": ["-math.cos((q.anim_time+0.5)*90+30)*3", 0, 0]
        },
        "back_hair_head_right": {
          "rotation": ["-math.cos((q.anim_time+0.5)*90+30)*3", 0, 0]
        },
        "backpaw_left": {
          "position": [-0.05, 0, 0],
          "rotation": [-27.4, 4.09, 2.87]
        },
        "backpaw_right": {
          "position": [0.27, 0, 0],
          "rotation": [-1, 0, -7.5]
        },
        "backpaw_right3": {
          "rotation": [0, 0, 0]
        },
        "front_elbow_fluff_back_left": {
          "rotation": ["-math.cos((q.anim_time+0.1)*90+30)*2", 0, 0]
        },
        "front_elbow_fluff_back_right": {
          "rotation": ["-math.cos((q.anim_time+0.1)*90+30)*2", 0, 0]
        },
        "front_elbow_fluff_inside_left": {
          "rotation": [0, 0, "math.cos((q.anim_time+0.1)*90+30)*2"]
        },
        "front_elbow_fluff_inside_right": {
          "rotation": [0, 0, "math.cos((q.anim_time+0.1)*90+30)*2"]
        },
        "front_elbow_fluff_left": {
          "rotation": ["-12.5+math.cos((q.anim_time+0.1)*90+30)*2", 0, 0]
        },
        "front_elbow_fluff_right": {
          "rotation": ["-12.5+math.cos((q.anim_time+0.1)*90+30)*2", 0, 0]
        },
        "front_elbow_fluff_side_left": {
          "rotation": [0, 0, "math.cos((q.anim_time+0.1)*90+30)*2"]
        },
        "front_elbow_fluff_side_right": {
          "rotation": [0, 0, "math.cos((q.anim_time+0.1)*90+30)*2"]
        },
        "front_elbow_left": {
          "rotation": ["-math.cos((q.anim_time+0.7)*90+30)*1.5", 0, 0]
        },
        "front_elbow_right": {
          "rotation": ["-math.cos((q.anim_time+0.7)*90+30)*1.5", 0, 0]
        },
        "front_leg_left": {
          "position": [0, "-0.4-math.cos((q.anim_time+0.7)*90+30)*0.1", "math.cos((q.anim_time+0.7)*90+30)*0.025"],
          "rotation": ["0.8276828467+math.cos((q.anim_time+0.65)*90+30)*0.75", -9.09564, -4.98671]
        },
        "front_leg_right": {
          "position": [0, "-0.4-math.cos((q.anim_time+0.7)*90+30)*0.1", "math.cos((q.anim_time+0.7)*90+30)*0.025"],
          "rotation": ["0.8276828467+math.cos((q.anim_time+0.65)*90+30)*0.75", 9.09564, 4.98671]
        },
        "front_paw_left": {
          "position": [0.05, 0, "math.cos((q.anim_time+0.7)*90+30)*0.02"],
          "rotation": ["math.cos((q.anim_time+0.75)*90+30)*0.55", 0, 5]
        },
        "front_paw_right": {
          "position": [-0.025, 0, "math.cos((q.anim_time+0.7)*90+30)*0.02"],
          "rotation": ["math.cos((q.anim_time+0.75)*90+30)*0.55", 0, -5]
        },
        "head": {
          "rotation": ["math.cos((q.anim_time+0.5)*90+30)*0.5", 0, 0]
        },
        "head_cloud": {
          "rotation": ["7.5+math.cos((q.anim_time+0.9)*90/2+30)*0.5", 0, 0],
          "scale": "1+math.cos((q.anim_time+0.9)*90*4+30)*0.0025"
        },
        "head_cloud2": {
          "rotation": [
            "2.5+math.cos((q.anim_time+0.9)*90/2)*2", "math.cos((q.anim_time+0.9)*90/4+30)*0.8",
            "-math.cos((q.anim_time+0.9)*90*3+30)*1.5"
          ],
          "scale": "1+math.cos((q.anim_time+0.9)*90*4+30)*0.01"
        },
        "head_cloud3": {
          "rotation": ["math.cos((q.anim_time+0.9)*90/2-30)*4", "math.cos((q.anim_time+0.9)*90/4-10)*1", 0],
          "scale": "1-math.cos((q.anim_time+0.9)*90*4-10)*0.03"
        },
        "head_cloud4": {
          "rotation": [
            "10+math.cos((q.anim_time+0.9)*90/2-60)*8", "math.cos((q.anim_time+0.9)*90/4-50)*1",
            "-math.cos((q.anim_time+0.9)*90*3-30)*2"
          ],
          "scale": "1+math.cos((q.anim_time+0.9)*90*4-50)*0.025"
        },
        "head_cloud5": {
          "rotation": [
            "15+math.cos((q.anim_time+0.9)*90/2-90)*15", "math.cos((q.anim_time+0.9)*90/4-90)*1.5",
            "math.cos((q.anim_time+0.9)*90*3-60)*3"
          ],
          "scale": "1-math.cos((q.anim_time+0.9)*90*4-90)*0.03"
        },
        "head_cloud6": {
          "rotation": [
            "-2.5+math.cos((q.anim_time+0.9)*90/2-120)*25", "math.cos((q.anim_time+0.9)*90/4-130)*1.8",
            "-math.cos((q.anim_time+0.9)*90*3-90)*3"
          ],
          "scale": "1+math.cos((q.anim_time+0.9)*90*4-130)*0.025"
        },
        "head_cloud7": {
          "rotation": [
            "math.cos((q.anim_time+0.9)*90/2-150)*25", "math.cos((q.anim_time+0.9)*90/4-170)*2",
            "math.cos((q.anim_time+0.9)*90*3-120)*3"
          ],
          "scale": "1-math.cos((q.anim_time+0.9)*90*4-170)*0.03"
        },
        "head_cloud8": {
          "rotation": [
            "math.cos((q.anim_time+0.9)*90/2-180)*30", "math.cos((q.anim_time+0.9)*90/4-210)*2.5",
            "-math.cos((q.anim_time+0.9)*90*3-150)*1"
          ],
          "scale": "1+math.cos((q.anim_time+0.9)*90*4-210)*0.025"
        },
        "head_fluff_bottom_hair_left": {
          "rotation": [0, 0, "math.cos((q.anim_time+0.7)*90+30)*2"]
        },
        "head_fluff_bottom_hair_left2": {
          "rotation": [0, 0, "math.cos((q.anim_time+0.6)*90+30)*2"]
        },
        "head_fluff_bottom_hair_right": {
          "rotation": [0, 0, "-(math.cos((q.anim_time+0.7)*90+30)*2)"]
        },
        "head_fluff_bottom_hair_right2": {
          "rotation": [0, 0, "-(math.cos((q.anim_time+0.6)*90+30)*2)"]
        },
        "head_fluff_bottom_left": {
          "rotation": [0, 0, "math.cos((q.anim_time+0.5)*90+30)*1"]
        },
        "head_fluff_bottom_left3": {
          "rotation": [0, 0, "math.cos((q.anim_time+0.5)*90)*1.5"]
        },
        "head_fluff_bottom_left4": {
          "rotation": [0, 0, "math.cos((q.anim_time+0.6)*90+30)*2"]
        },
        "head_fluff_bottom_left5": {
          "rotation": [0, 0, "math.cos((q.anim_time+0.5)*90)*1.5"]
        },
        "head_fluff_bottom_right": {
          "rotation": [0, 0, "-(math.cos((q.anim_time+0.5)*90+30)*1)"]
        },
        "head_fluff_bottom_right3": {
          "rotation": [0, 0, "-(math.cos((q.anim_time+0.5)*90)*1.5)"]
        },
        "head_fluff_bottom_right4": {
          "rotation": [0, 0, "-(math.cos((q.anim_time+0.6)*90+30)*2)"]
        },
        "head_fluff_bottom_right5": {
          "rotation": [0, 0, "-(math.cos((q.anim_time+0.5)*90)*1.5)"]
        },
        "head_fluff_mid_left": {
          "rotation": ["-math.cos((q.anim_time+0.6)*90+30)*2", 0, 0]
        },
        "head_fluff_mid_right": {
          "rotation": ["-math.cos((q.anim_time+0.6)*90+30)*2", 0, 0]
        },
        "head_fluff_top_left": {
          "rotation": [0, 0, 0]
        },
        "head_fluff_top_left2": {
          "rotation": ["-math.cos((q.anim_time+0.3)*90+30)*2", 0, 0]
        },
        "head_fluff_top_right2": {
          "rotation": ["-math.cos((q.anim_time+0.3)*90+30)*2", 0, 0]
        },
        "knee_left": {
          "rotation": ["-2.5-math.cos((q.anim_time+0.2)*90+30)*0.15", 0, 0]
        },
        "knee_right": {
          "rotation": ["-math.cos((q.anim_time+0.2)*90+30)*0.15", 0, 0]
        },
        "leg_left": {
          "position": [0, "-1+math.cos((q.anim_time+0.6)*90+30)*0.15", "math.cos((q.anim_time+0.6)*90+30)*0.12"],
          "rotation": ["4.945479184-math.cos((q.anim_time+0.7)*90+30)*0.75", 1.29256, -4.83045]
        },
        "leg_right": {
          "position": [0, "-1+math.cos((q.anim_time+0.65)*90+30)*0.16", "math.cos((q.anim_time+0.6)*90+30)*0.12"],
          "rotation": ["5-math.cos((q.anim_time+0.7)*90+30)*0.75", 0, 7.5]
        },
        "neck": {
          "rotation": ["-math.cos((q.anim_time+0.2)*90-40)*0.4", 0, 0]
        },
        "neck2": {
          "rotation": ["math.cos((q.anim_time+0.2)*90+30)*1.25", 0, 0]
        },
        "neck_fluff_bottom_chest_bottom": {
          "rotation": ["-2.5-math.cos((q.anim_time+0.5)*90+30)*1", 0, 0]
        },
        "spikes_left_bottom": {
          "rotation": [0, 0, "math.cos((q.anim_time+0.3)*90+30)*2"]
        },
        "spikes_left_upper": {
          "rotation": [0, 0, "math.cos((q.anim_time+0.5)*90+30)*1.5"]
        },
        "spikes_right_bottom": {
          "rotation": [0, 0, "-math.cos((q.anim_time+0.3)*90+30)*2"]
        },
        "spikes_right_upper": {
          "rotation": [0, 0, "-math.cos((q.anim_time+0.5)*90+30)*1.5"]
        },
        "top_hair_head2": {
          "rotation": ["math.cos((q.anim_time+0.2)*90+30)*3", 0, 0]
        },
        "top_hair_head_left2": {
          "rotation": ["math.cos((q.anim_time+0.5)*90+30)*3", "math.cos((q.anim_time+0.9)*90+30)*1", 0]
        },
        "top_hair_head_left3": {
          "rotation": ["math.cos((q.anim_time+0.5)*90+30)*3", 0, 0]
        },
        "top_hair_head_right2": {
          "rotation": ["math.cos((q.anim_time+0.5)*90+30)*3", "-(math.cos((q.anim_time+0.9)*90+30)*1)", 0]
        },
        "top_hair_head_right3": {
          "rotation": ["math.cos((q.anim_time+0.5)*90+30)*3", 0, 0]
        },
        "torso": {
          "position": [0, "-2+math.cos((q.anim_time+0.5)*90+30)*0.035", "1-math.cos((q.anim_time+0.9)*90+30)*0.3"],
          "rotation": ["-10-math.cos((q.anim_time+0.2)*90+30)*0.15", 0, 0]
        },
        "uppert_torso": {
          "rotation": ["-math.cos((q.anim_time+0.2)*90)*0.2", 0, 0]
        }
      },
      "loop": true
    },
    "animation.entei.ground_walk": {
      "animation_length": 2,
      "bones": {
        "ankle_left": {
          "rotation": {
            "0.0": [12.5, 0, 0],
            "0.625": [25, 0, 0],
            "0.7917": [27, 0, 0],
            "1.125": {
              "lerp_mode": "catmullrom",
              "post": [-17.35, 0, 0],
              "pre": [-17.35, 0, 0]
            },
            "1.5": [5.3, 0, 0],
            "2.0": [12.5, 0, 0]
          }
        },
        "ankle_right": {
          "rotation": {
            "0.0": {
              "lerp_mode": "catmullrom",
              "post": [-3.59, 0, 0]
            },
            "0.125": {
              "lerp_mode": "catmullrom",
              "post": [-17.35, 0, 0]
            },
            "0.5": [5.3, 0, 0],
            "1.0": [12.5, 0, 0],
            "1.625": [25, 0, 0],
            "1.7917": [27, 0, 0],
            "2.0": {
              "lerp_mode": "catmullrom",
              "post": [-3.59, 0, 0],
              "pre": [-3.59, 0, 0]
            }
          }
        },
        "back_elbow_fluff_back_left": {
          "rotation": {
            "0.0": ["-34.5-math.cos((q.anim_time+0.9)*90*5)*15", 0, 0],
            "1.1667": {
              "lerp_mode": "catmullrom",
              "post": [-37.5, 0, 0],
              "pre": [-37.5, 0, 0]
            },
            "1.4167": [11.9, 0, 0],
            "1.6667": ["-37.5+math.cos((q.anim_time+0.9)*90*5)*15", 0, 0]
          }
        },
        "back_elbow_fluff_back_right": {
          "rotation": {
            "0.0": {
              "lerp_mode": "catmullrom",
              "post": [-38.13, 0, 0]
            },
            "0.1667": {
              "lerp_mode": "catmullrom",
              "post": [-37.5, 0, 0]
            },
            "0.4167": [11.9, 0, 0],
            "0.6667": ["-37.5+math.cos((q.anim_time+0.9)*90*5)*15", 0, 0],
            "1.0": ["-15+math.cos((q.anim_time+0.9)*90*5)*25", 0, 0],
            "2.0": {
              "lerp_mode": "catmullrom",
              "post": [-38.13, 0, 0],
              "pre": [-38.13, 0, 0]
            }
          }
        },
        "back_elbow_fluff_front_left": {
          "rotation": {
            "0.0": ["-7.5-math.cos((q.anim_time+0.5)*90*5)*10", 0, 0],
            "0.375": {
              "lerp_mode": "catmullrom",
              "post": [-10, 0, 0],
              "pre": [-10, 0, 0]
            },
            "0.75": {
              "lerp_mode": "catmullrom",
              "post": [-47.47, 0, 0]
            },
            "1.1667": {
              "lerp_mode": "catmullrom",
              "post": [37.5, 0, 0]
            },
            "1.6667": ["-10-math.cos((q.anim_time+0.9)*90*5)*15", 0, 0],
            "2.0": ["-10-math.cos((q.anim_time+0.9)*90*5)*15", 0, 0]
          }
        },
        "back_elbow_fluff_front_right": {
          "rotation": {
            "0.0": {
              "lerp_mode": "catmullrom",
              "post": [16.41, 0, 0]
            },
            "0.1667": {
              "lerp_mode": "catmullrom",
              "post": [27.5, 0, 0]
            },
            "0.5": ["10-math.cos((q.anim_time+0.9)*90*5)*15", 0, 0],
            "1.0": ["-17.5-math.cos((q.anim_time+0.9)*90*5)*25", 0, 0],
            "1.375": {
              "lerp_mode": "catmullrom",
              "post": [-12.5, 0, 0],
              "pre": [-12.5, 0, 0]
            },
            "1.7917": {
              "lerp_mode": "catmullrom",
              "post": [-54.97, 0, 0]
            },
            "2.0": {
              "lerp_mode": "catmullrom",
              "post": [16.41, 0, 0]
            }
          }
        },
        "back_elbow_fluff_inside_left": {
          "rotation": {
            "0.0": [0, 0, "2.5+math.cos((q.anim_time+0.45)*90*5)*15"],
            "0.5833": {
              "lerp_mode": "catmullrom",
              "post": [0, 0, -20],
              "pre": [0, 0, -20]
            },
            "1.1667": {
              "lerp_mode": "catmullrom",
              "post": [0, 0, -37.5]
            },
            "1.5": [0, 0, "7.5+math.cos((q.anim_time+0.9)*90*5)*25"]
          }
        },
        "back_elbow_fluff_inside_right": {
          "rotation": {
            "0.0": {
              "lerp_mode": "catmullrom",
              "post": [0, 0, 33.78]
            },
            "0.25": [0, 0, "37.5+math.cos((q.anim_time+0.9)*90*5)*15"],
            "0.5": [0, 0, "12.5+math.cos((q.anim_time+0.9)*90*5)*25"],
            "1.375": {
              "lerp_mode": "catmullrom",
              "post": [0, 0, 20],
              "pre": [0, 0, 20]
            },
            "2.0": {
              "lerp_mode": "catmullrom",
              "post": [0, 0, 33.78]
            }
          }
        },
        "back_elbow_fluff_side_left": {
          "rotation": {
            "0.0": [0, 0, "2.5-math.cos((q.anim_time+0.45)*90*5)*15"],
            "0.5833": {
              "lerp_mode": "catmullrom",
              "post": [0, 0, 20],
              "pre": [0, 0, 20]
            },
            "1.1667": {
              "lerp_mode": "catmullrom",
              "post": [0, 0, 37.5]
            },
            "1.5": [0, 0, "-7.5-math.cos((q.anim_time+0.9)*90*5)*25"]
          }
        },
        "back_elbow_fluff_side_right": {
          "rotation": {
            "0.0": {
              "lerp_mode": "catmullrom",
              "post": [0, 0, -33.78]
            },
            "0.25": [0, 0, "-37.5-math.cos((q.anim_time+0.9)*90*5)*15"],
            "0.5": [0, 0, "-12.5-math.cos((q.anim_time+0.9)*90*5)*25"],
            "1.375": {
              "lerp_mode": "catmullrom",
              "post": [0, 0, -20],
              "pre": [0, 0, -20]
            },
            "2.0": {
              "lerp_mode": "catmullrom",
              "post": [0, 0, -33.78]
            }
          }
        },
        "back_hair_head_left": {
          "rotation": ["-math.cos((q.anim_time+0.3)*90*4)*4", 0, 0]
        },
        "back_hair_head_mid": {
          "rotation": ["-math.cos((q.anim_time+0.3)*90*4)*4", 0, 0]
        },
        "back_hair_head_mid2": {
          "rotation": ["-math.cos((q.anim_time+0.3)*90*4)*4", 0, 0]
        },
        "back_hair_head_right": {
          "rotation": ["-math.cos((q.anim_time+0.3)*90*4)*4", 0, 0]
        },
        "backpaw_left": {
          "rotation": {
            "0.0": [0, 0, 0],
            "0.625": [3, 0, 0],
            "0.7917": [5, 0, 0],
            "1.0": {
              "lerp_mode": "catmullrom",
              "post": [6.7, 0, 0],
              "pre": [6.7, 0, 0]
            },
            "1.3333": [4.13, 0, 0],
            "1.5": [17, 0, 0],
            "2.0": [0, 0, 0]
          }
        },
        "backpaw_left2": {
          "rotation": {
            "0.0": [0, 0, 0],
            "0.625": [5, 0, 0],
            "0.7917": [-5, 0, 0],
            "1.125": {
              "lerp_mode": "catmullrom",
              "post": [2.5, 0, 0],
              "pre": [2.5, 0, 0]
            },
            "1.5": [2, 0, 0],
            "2.0": [0, 0, 0]
          }
        },
        "backpaw_left3": {
          "position": {
            "0.0": [0, 0, 0],
            "0.625": [0, -0.4, 1.5],
            "0.7917": [0, -0.4, 1.5],
            "1.0417": {
              "lerp_mode": "catmullrom",
              "post": [0, 0.1, 0.4],
              "pre": [0, 0.1, 0.4]
            },
            "1.5": [0, 0, 0]
          },
          "rotation": {
            "0.0": [0, 0, 0],
            "0.625": [-32.5, 0, 0],
            "0.7917": [-32.5, 0, 0],
            "1.0417": {
              "lerp_mode": "catmullrom",
              "post": [23.75, 0, 0],
              "pre": [23.75, 0, 0]
            },
            "1.3333": {
              "lerp_mode": "catmullrom",
              "post": [-9.61, 0, 0]
            },
            "1.5": [0, 0, 0],
            "2.0": [0, 0, 0]
          }
        },
        "backpaw_right": {
          "rotation": {
            "0.0": {
              "lerp_mode": "catmullrom",
              "post": [6.7, 0, 0]
            },
            "0.3333": [4.13, 0, 0],
            "0.5": [17, 0, 0],
            "1.0": [0, 0, 0],
            "1.625": [3, 0, 0],
            "1.7917": [5, 0, 0],
            "2.0": {
              "lerp_mode": "catmullrom",
              "post": [6.7, 0, 0],
              "pre": [6.7, 0, 0]
            }
          }
        },
        "backpaw_right2": {
          "rotation": {
            "0.0": {
              "lerp_mode": "catmullrom",
              "post": [-0.5, 0, 0]
            },
            "0.125": {
              "lerp_mode": "catmullrom",
              "post": [2.5, 0, 0]
            },
            "0.5": [2, 0, 0],
            "1.0": [0, 0, 0],
            "1.625": [5, 0, 0],
            "1.7917": [-5, 0, 0],
            "2.0": {
              "lerp_mode": "catmullrom",
              "post": [-0.5, 0, 0],
              "pre": [-0.5, 0, 0]
            }
          }
        },
        "backpaw_right3": {
          "position": {
            "0.0": {
              "lerp_mode": "catmullrom",
              "post": [0, 0.05, 0.56]
            },
            "0.0417": {
              "lerp_mode": "catmullrom",
              "post": [0, 0.1, 0.4]
            },
            "0.5": [0, 0, 0],
            "1.0": [0, 0, 0],
            "1.625": [0, -0.4, 1.5],
            "1.7917": [0, -0.4, 1.5],
            "2.0": {
              "lerp_mode": "catmullrom",
              "post": [0, 0.05, 0.56],
              "pre": [0, 0.05, 0.56]
            }
          },
          "rotation": {
            "0.0": {
              "lerp_mode": "catmullrom",
              "post": [18.91, 0, 0]
            },
            "0.0417": {
              "lerp_mode": "catmullrom",
              "post": [23.75, 0, 0]
            },
            "0.3333": {
              "lerp_mode": "catmullrom",
              "post": [-9.61, 0, 0]
            },
            "0.5": [0, 0, 0],
            "1.0": [0, 0, 0],
            "1.625": [-32.5, 0, 0],
            "1.7917": [-32.5, 0, 0],
            "2.0": {
              "lerp_mode": "catmullrom",
              "post": [18.91, 0, 0],
              "pre": [18.91, 0, 0]
            }
          }
        },
        "front_elbow_fluff_back_left": {
          "rotation": {
            "0.0": ["-37.5+math.cos((q.anim_time+0.9)*90*6)*25", 0, 0],
            "1.25": {
              "lerp_mode": "catmullrom",
              "post": [-42.5, 0, 0],
              "pre": [-42.5, 0, 0]
            },
            "1.6667": {
              "lerp_mode": "catmullrom",
              "post": [-20, 0, 0]
            },
            "1.9167": {
              "lerp_mode": "catmullrom",
              "post": [22.5, 0, 0]
            },
            "2.0": {
              "lerp_mode": "catmullrom",
              "post": [-37.5, 0, 0]
            }
          }
        },
        "front_elbow_fluff_back_right": {
          "rotation": {
            "0.0": {
              "lerp_mode": "catmullrom",
              "post": [-41.67, 0, 0]
            },
            "0.25": {
              "lerp_mode": "catmullrom",
              "post": [-42.5, 0, 0]
            },
            "0.6667": {
              "lerp_mode": "catmullrom",
              "post": [-20, 0, 0]
            },
            "0.9167": {
              "lerp_mode": "catmullrom",
              "post": [22.5, 0, 0]
            },
            "1.0": ["-37.5+math.cos((q.anim_time+0.9)*90*6)*25", 0, 0],
            "2.0": {
              "lerp_mode": "catmullrom",
              "post": [-41.67, 0, 0],
              "pre": [-41.67, 0, 0]
            }
          }
        },
        "front_elbow_fluff_inside_left": {
          "rotation": {
            "0.0": [0, 0, "-37.5+math.cos((q.anim_time+0.9)*90*5)*25"],
            "1.25": {
              "lerp_mode": "catmullrom",
              "post": [0, 0, -12.5],
              "pre": [0, 0, -12.5]
            },
            "1.6667": {
              "lerp_mode": "catmullrom",
              "post": [0, 0, -20]
            },
            "1.9167": {
              "lerp_mode": "catmullrom",
              "post": [0, 0, 22.5]
            },
            "2.0": {
              "lerp_mode": "catmullrom",
              "post": [0, 0, -37.5]
            }
          }
        },
        "front_elbow_fluff_inside_right": {
          "rotation": {
            "0.0": {
              "lerp_mode": "catmullrom",
              "post": [0, 0, 19.75]
            },
            "0.25": {
              "lerp_mode": "catmullrom",
              "post": [0, 0, 12.5]
            },
            "0.6667": {
              "lerp_mode": "catmullrom",
              "post": [0, 0, 20]
            },
            "0.9167": {
              "lerp_mode": "catmullrom",
              "post": [0, 0, -22.5]
            },
            "1.0": [0, 0, "37.5+math.cos((q.anim_time+0.9)*90*5)*25"],
            "2.0": {
              "lerp_mode": "catmullrom",
              "post": [0, 0, 19.75],
              "pre": [0, 0, 19.75]
            }
          }
        },
        "front_elbow_fluff_left": {
          "rotation": {
            "0.0": ["37.5-math.cos((q.anim_time+0.9)*90*6)*25", 0, 0],
            "1.25": {
              "lerp_mode": "catmullrom",
              "post": [-60, 0, 0],
              "pre": [-60, 0, 0]
            },
            "1.6667": {
              "lerp_mode": "catmullrom",
              "post": [20, 0, 0]
            },
            "1.9167": {
              "lerp_mode": "catmullrom",
              "post": [-22.5, 0, 0]
            },
            "2.0": {
              "lerp_mode": "catmullrom",
              "post": [37.5, 0, 0]
            }
          }
        },
        "front_elbow_fluff_right": {
          "rotation": {
            "0.0": {
              "lerp_mode": "catmullrom",
              "post": [-51.81, 0, 0]
            },
            "0.25": {
              "lerp_mode": "catmullrom",
              "post": [-60, 0, 0]
            },
            "0.6667": {
              "lerp_mode": "catmullrom",
              "post": [20, 0, 0]
            },
            "0.9167": {
              "lerp_mode": "catmullrom",
              "post": [-22.5, 0, 0]
            },
            "1.0": ["37.5-math.cos((q.anim_time+0.9)*90*6)*25", 0, 0],
            "2.0": {
              "lerp_mode": "catmullrom",
              "post": [-51.81, 0, 0],
              "pre": [-51.81, 0, 0]
            }
          }
        },
        "front_elbow_fluff_side_left": {
          "rotation": {
            "0.0": [0, 0, "37.5-math.cos((q.anim_time+0.9)*90*5)*25"],
            "1.25": {
              "lerp_mode": "catmullrom",
              "post": [0, 0, 3],
              "pre": [0, 0, 3]
            },
            "1.6667": {
              "lerp_mode": "catmullrom",
              "post": [0, 0, 20]
            },
            "1.9167": {
              "lerp_mode": "catmullrom",
              "post": [0, 0, -22.5]
            },
            "2.0": {
              "lerp_mode": "catmullrom",
              "post": [0, 0, 37.5]
            }
          }
        },
        "front_elbow_fluff_side_right": {
          "rotation": {
            "0.0": {
              "lerp_mode": "catmullrom",
              "post": [0, 0, -11.09]
            },
            "0.25": {
              "lerp_mode": "catmullrom",
              "post": [0, 0, -3]
            },
            "0.6667": {
              "lerp_mode": "catmullrom",
              "post": [0, 0, -20]
            },
            "0.9167": {
              "lerp_mode": "catmullrom",
              "post": [0, 0, 22.5]
            },
            "1.0": [0, 0, "-37.5-math.cos((q.anim_time+0.9)*90*5)*25"],
            "2.0": {
              "lerp_mode": "catmullrom",
              "post": [0, 0, -11.09],
              "pre": [0, 0, -11.09]
            }
          }
        },
        "front_elbow_left": {
          "rotation": {
            "0.0": [-15, 0, 0],
            "0.5": [-8.5, 0, 0],
            "1.0": [3.5, 0, 0],
            "1.25": [3.5, 0, 0],
            "1.5": {
              "lerp_mode": "catmullrom",
              "post": [-20, 0, 0],
              "pre": [-20, 0, 0]
            },
            "1.9167": {
              "lerp_mode": "catmullrom",
              "post": [-27.5, 0, 0]
            },
            "2.0": [-15, 0, 0]
          }
        },
        "front_elbow_right": {
          "rotation": {
            "0.0": [3.5, 0, 0],
            "0.25": [3.5, 0, 0],
            "0.5": {
              "lerp_mode": "catmullrom",
              "post": [-20, 0, 0],
              "pre": [-20, 0, 0]
            },
            "0.9167": {
              "lerp_mode": "catmullrom",
              "post": [-27.5, 0, 0]
            },
            "1.0": [-15, 0, 0],
            "1.5": [-8.5, 0, 0],
            "2.0": [3.5, 0, 0]
          }
        },
        "front_leg_left": {
          "position": {
            "0.0": [0, -2.95, 0],
            "0.125": [0, -2.05, 0.1],
            "0.25": [0, -1.35, 0.09],
            "0.375": [0, -0.85, 0.01],
            "0.5": [0, -0.6, -0.13],
            "0.625": [0, -0.45, -0.04],
            "0.75": [0, -0.46, 0.03],
            "0.875": [0, -0.52, 0.1],
            "1.0": [0, -0.75, 0.17],
            "1.0833": [0, -0.935, 0.25],
            "1.1667": [0, -1.21, 0.325],
            "1.25": [0, -1.58, 0.41],
            "1.5": [0, 0, 0],
            "1.75": {
              "lerp_mode": "catmullrom",
              "post": [0, 1, 0],
              "pre": [0, 1, 0]
            },
            "2.0": [0, -3.13, 0]
          },
          "rotation": {
            "0.0": [-20, 0, 0],
            "0.5": [0.8, 0, 0],
            "1.0": [15.3, 0, 0],
            "1.25": [24.4, 0, 0],
            "1.5417": {
              "lerp_mode": "catmullrom",
              "post": [32.51283, 0.20646, -0.15069],
              "pre": [32.51283, 0.20646, -0.15069]
            },
            "1.75": {
              "lerp_mode": "catmullrom",
              "post": [7.5, 0, 0]
            },
            "2.0": [-20, 0, 0]
          }
        },
        "front_leg_right": {
          "position": {
            "0.0": [0, -0.75, 0.17],
            "0.0833": [0, -0.935, 0.25],
            "0.1667": [0, -1.21, 0.325],
            "0.25": [0, -1.58, 0.41],
            "0.5": [0, 0, 0],
            "0.75": {
              "lerp_mode": "catmullrom",
              "post": [0, 1, 0],
              "pre": [0, 1, 0]
            },
            "1.0": [0, -2.95, 0],
            "1.125": [0, -2.05, 0.1],
            "1.25": [0, -1.35, 0.09],
            "1.375": [0, -0.85, 0.01],
            "1.5": [0, -0.6, -0.13],
            "1.625": [0, -0.45, -0.04],
            "1.75": [0, -0.46, 0.03],
            "1.875": [0, -0.52, 0.1],
            "2.0": [0, -0.75, 0.17]
          },
          "rotation": {
            "0.0": [15.3, 0, 0],
            "0.25": [24.4, 0, 0],
            "0.5417": {
              "lerp_mode": "catmullrom",
              "post": [32.51283, -0.20646, 0.15069],
              "pre": [32.51283, -0.20646, 0.15069]
            },
            "0.75": {
              "lerp_mode": "catmullrom",
              "post": [7.5, 0, 0]
            },
            "1.0": [-20, 0, 0],
            "1.5": [0.8, 0, 0],
            "2.0": [15.3, 0, 0]
          }
        },
        "front_paw_left": {
          "rotation": {
            "0.0": [35, 0, 0],
            "0.5": [7.8, 0, 0],
            "0.75": [-5.5, 0, 0],
            "1.0": [-11, 0, 0],
            "1.25": [-2, 0, 0],
            "1.6667": {
              "lerp_mode": "catmullrom",
              "post": [29.42, 0, 0],
              "pre": [29.42, 0, 0]
            },
            "2.0": [35, 0, 0]
          }
        },
        "front_paw_left2": {
          "position": {
            "0.0": [0, 0, 0],
            "1.0": [0, 0, 0],
            "1.25": [0, -0.1, 0.6],
            "1.5": [0, 0, 0]
          },
          "rotation": {
            "0.0": [0, 0, 0],
            "0.75": [0, 0, 0],
            "1.0": [-7.5, 0, 0],
            "1.25": [-26, 0, 0],
            "1.5": [0.86, 0, 0],
            "1.6667": {
              "lerp_mode": "catmullrom",
              "post": [7.5, 0, 0],
              "pre": [7.5, 0, 0]
            },
            "1.8333": {
              "lerp_mode": "catmullrom",
              "post": [-10, 0, 0]
            },
            "2.0": {
              "lerp_mode": "catmullrom",
              "post": [0, 0, 0]
            }
          }
        },
        "front_paw_right": {
          "rotation": {
            "0.0": [-11, 0, 0],
            "0.25": [-2, 0, 0],
            "0.6667": {
              "lerp_mode": "catmullrom",
              "post": [29.42, 0, 0],
              "pre": [29.42, 0, 0]
            },
            "1.0": [35, 0, 0],
            "1.5": [7.8, 0, 0],
            "1.75": [-5.5, 0, 0],
            "2.0": [-11, 0, 0]
          }
        },
        "front_paw_right2": {
          "position": {
            "0.0": [0, 0, 0],
            "0.25": [0, -0.1, 0.6],
            "0.5": [0, 0, 0],
            "1.0": [0, 0, 0],
            "2.0": [0, 0, 0]
          },
          "rotation": {
            "0.0": [-7.5, 0, 0],
            "0.25": [-26, 0, 0],
            "0.5": [0.86, 0, 0],
            "0.6667": {
              "lerp_mode": "catmullrom",
              "post": [7.5, 0, 0],
              "pre": [7.5, 0, 0]
            },
            "0.8333": {
              "lerp_mode": "catmullrom",
              "post": [-10, 0, 0]
            },
            "1.0": [0, 0, 0],
            "1.75": [0, 0, 0],
            "2.0": [-7.5, 0, 0]
          }
        },
        "head": {
          "rotation": ["math.cos((q.anim_time+0.5)*90*4)*1", 0, 0]
        },
        "head_cloud": {
          "rotation": ["7.5+math.cos((q.anim_time+0.9)*90*2+30)*0.5", 0, 0],
          "scale": "1+math.cos((q.anim_time+0.9)*90*6+30)*0.0025"
        },
        "head_cloud2": {
          "rotation": [
            "5+math.cos((q.anim_time+0.9)*90*2)*4", "-math.cos((q.anim_time+0.3)*90*2)*2",
            "-math.cos((q.anim_time+0.9)*90*4+30)*2.5"
          ],
          "scale": "1+math.cos((q.anim_time+0.9)*90*6+30)*0.02"
        },
        "head_cloud3": {
          "rotation": ["math.cos((q.anim_time+0.8)*90*2-30)*8", "-math.cos((q.anim_time+0.3)*90*2-40)*2", 0],
          "scale": "1-math.cos((q.anim_time+0.9)*90*6-10)*0.04"
        },
        "head_cloud4": {
          "rotation": [
            "math.cos((q.anim_time+0.5)*90*2-60)*8", "-math.cos((q.anim_time+0.3)*90*2-80)*3",
            "-math.cos((q.anim_time+0.9)*90*4-30)*3"
          ],
          "scale": "1+math.cos((q.anim_time+0.9)*90*6-50)*0.035"
        },
        "head_cloud5": {
          "rotation": [
            "math.cos((q.anim_time+0.5)*90*2-90)*15", "0-math.cos((q.anim_time+0.3)*90*2-120)*3",
            "math.cos((q.anim_time+0.9)*90*4-60)*4"
          ],
          "scale": "1-math.cos((q.anim_time+0.9)*90*6-90)*0.04"
        },
        "head_cloud6": {
          "rotation": [
            "math.cos((q.anim_time+0.5)*90*2-120)*25", "-math.cos((q.anim_time+0.3)*90*2-160)*4",
            "-math.cos((q.anim_time+0.9)*90*4-90)*4"
          ],
          "scale": "1+math.cos((q.anim_time+0.9)*90*6-130)*0.035"
        },
        "head_cloud7": {
          "rotation": [
            "math.cos((q.anim_time+0.5)*90*2-150)*20", "-math.cos((q.anim_time+0.3)*90*2-200)*5",
            "math.cos((q.anim_time+0.9)*90*4-120)*4"
          ],
          "scale": "1-math.cos((q.anim_time+0.9)*90*6-170)*0.04"
        },
        "head_cloud8": {
          "rotation": [
            "math.cos((q.anim_time+0.5)*90*2-180)*25", "-math.cos((q.anim_time+0.3)*90*2-240)*6",
            "-math.cos((q.anim_time+0.9)*90*4-150)*5"
          ],
          "scale": "1+math.cos((q.anim_time+0.9)*90*6-210)*0.035"
        },
        "head_fluff_bottom_hair_left": {
          "rotation": [0, 0, "-(math.cos((q.anim_time+0.7)*90*4+30)*4)"]
        },
        "head_fluff_bottom_hair_left2": {
          "rotation": [0, 0, "-(math.cos((q.anim_time+0.6)*90*4+30)*4)"]
        },
        "head_fluff_bottom_hair_right": {
          "rotation": [0, 0, "-(math.cos((q.anim_time+0.7)*90*4+30)*4)"]
        },
        "head_fluff_bottom_hair_right2": {
          "rotation": [0, 0, "-(math.cos((q.anim_time+0.6)*90*4+30)*4)"]
        },
        "head_fluff_bottom_left": {
          "rotation": [0, 0, "(math.cos((q.anim_time+0.5)*90*4+30)*3)"]
        },
        "head_fluff_bottom_left3": {
          "rotation": [0, 0, "-(math.cos((q.anim_time+0.5)*90*4+30)*3.5)"]
        },
        "head_fluff_bottom_left4": {
          "rotation": [0, "-((math.cos((q.anim_time+0.2)*90*4+30)*7))", 0]
        },
        "head_fluff_bottom_left5": {
          "rotation": [0, 0, "(math.cos((q.anim_time+0.5)*90*4)*2.5)"]
        },
        "head_fluff_bottom_right": {
          "rotation": [0, 0, "-(math.cos((q.anim_time+0.5)*90*4+30)*3)"]
        },
        "head_fluff_bottom_right3": {
          "rotation": [0, 0, "(math.cos((q.anim_time+0.5)*90*4+30)*3.5)"]
        },
        "head_fluff_bottom_right4": {
          "rotation": [0, "(math.cos((q.anim_time+0.2)*90*4+30)*7)", 0]
        },
        "head_fluff_bottom_right5": {
          "rotation": [0, 0, "-(math.cos((q.anim_time+0.5)*90*4)*2.5)"]
        },
        "head_fluff_mid_left": {
          "rotation": ["-math.cos((q.anim_time+0.6)*90*4+60)*2", 0, 0]
        },
        "head_fluff_mid_right": {
          "rotation": ["-math.cos((q.anim_time+0.6)*90*4+60)*2", 0, 0]
        },
        "head_fluff_top_left2": {
          "rotation": [0, "-math.cos((q.anim_time+0.3)*90*4)*4", 0]
        },
        "head_fluff_top_right2": {
          "rotation": [0, "math.cos((q.anim_time+0.3)*90*4)*4", 0]
        },
        "knee_left": {
          "rotation": {
            "0.0": [-10, 0, 0],
            "0.625": [-15.9, 0, 0],
            "0.7917": [-12.5, 0, 0],
            "1.125": {
              "lerp_mode": "catmullrom",
              "post": [26.25, 0, 0],
              "pre": [26.25, 0, 0]
            },
            "1.5": [4.3, 0, 0],
            "2.0": [-10, 0, 0]
          }
        },
        "knee_right": {
          "rotation": {
            "0.0": {
              "lerp_mode": "catmullrom",
              "post": [14.61, 0, 0]
            },
            "0.125": {
              "lerp_mode": "catmullrom",
              "post": [26.25, 0, 0]
            },
            "0.5": [4.3, 0, 0],
            "1.0": [-10, 0, 0],
            "1.625": [-15.9, 0, 0],
            "1.7917": [-12.5, 0, 0],
            "2.0": {
              "lerp_mode": "catmullrom",
              "post": [14.61, 0, 0],
              "pre": [14.61, 0, 0]
            }
          }
        },
        "leg_left": {
          "position": {
            "0.0": {
              "lerp_mode": "catmullrom",
              "post": [0, 2.1, 0]
            },
            "0.1667": {
              "lerp_mode": "catmullrom",
              "post": [0, 2.55, 0.05]
            },
            "0.3333": {
              "lerp_mode": "catmullrom",
              "post": [0, 2.65, 0.02]
            },
            "0.5": [0, 2.45, -0.055],
            "0.625": [0, 2.05, -0.12],
            "0.7083": [0, 1.25, -0.05],
            "0.7917": [0, 0.38, 0.06],
            "1.125": {
              "lerp_mode": "catmullrom",
              "post": [0, 2.18, 0],
              "pre": [0, 2.18, 0]
            },
            "1.5": [0, 1.24, -0.09],
            "1.625": [0, 1.7, 0.02],
            "1.75": [0, 2.01, 0.06],
            "1.875": [0, 2.14, 0.04],
            "2.0": [0, 2.1, 0]
          },
          "rotation": {
            "0.0": [-2.5, 0, 0],
            "0.625": [16, 0, 0],
            "0.7917": [18.5, 0, 0],
            "1.125": {
              "lerp_mode": "catmullrom",
              "post": [0.63, 0, 0],
              "pre": [0.63, 0, 0]
            },
            "1.5": [-28.2, 0, 0],
            "2.0": [-2.5, 0, 0]
          }
        },
        "leg_right": {
          "position": {
            "0.0": {
              "lerp_mode": "catmullrom",
              "post": [0, 1.59, 0.03]
            },
            "0.125": {
              "lerp_mode": "catmullrom",
              "post": [0, 2.18, 0]
            },
            "0.5": [0, 1.24, -0.09],
            "0.625": [0, 1.7, 0.02],
            "0.75": [0, 2.01, 0.06],
            "0.875": [0, 2.14, 0.04],
            "1.0": {
              "lerp_mode": "catmullrom",
              "post": [0, 2.1, 0],
              "pre": [0, 2.1, 0]
            },
            "1.1667": {
              "lerp_mode": "catmullrom",
              "post": [0, 2.55, 0.05]
            },
            "1.3333": {
              "lerp_mode": "catmullrom",
              "post": [0, 2.65, 0.02]
            },
            "1.5": [0, 2.45, -0.055],
            "1.625": [0, 2.05, -0.12],
            "1.7083": [0, 1.25, -0.05],
            "1.7917": [0, 0.38, 0.06],
            "2.0": {
              "lerp_mode": "catmullrom",
              "post": [0, 1.59, 0.03],
              "pre": [0, 1.59, 0.03]
            }
          },
          "rotation": {
            "0.0": {
              "lerp_mode": "catmullrom",
              "post": [9.03, 0, 0]
            },
            "0.125": {
              "lerp_mode": "catmullrom",
              "post": [0.63, 0, 0]
            },
            "0.5": [-28.2, 0, 0],
            "1.0": [-2.5, 0, 0],
            "1.625": [16, 0, 0],
            "1.7917": [18.5, 0, 0],
            "2.0": {
              "lerp_mode": "catmullrom",
              "post": [9.03, 0, 0],
              "pre": [9.03, 0, 0]
            }
          }
        },
        "neck": {
          "rotation": ["math.cos((q.anim_time+0.4)*90*4)*2", 0, "math.cos((q.anim_time+0.1)*90*2)*3"]
        },
        "neck2": {
          "rotation": ["math.cos((q.anim_time+0.2)*90*4)*1", 0, 0]
        },
        "neck_fluff_bottom_chest": {
          "rotation": ["-1.5+math.cos((q.anim_time+0.8)*90*4)*1", 0, 0]
        },
        "neck_fluff_bottom_chest_bottom": {
          "rotation": ["-math.cos((q.anim_time+0.8)*90*4+40)*5", 0, 0]
        },
        "neck_fluff_chest": {
          "rotation": ["math.cos((q.anim_time+0.3)*90*4)*1", 0, 0]
        },
        "neck_fluff_chest_bottom": {
          "rotation": ["-7.5+math.cos((q.anim_time+0.3)*90*4+40)*5", 0, 0]
        },
        "neck_fluff_chest_left": {
          "rotation": [0, "7-math.cos((q.anim_time+0.1)*90*4+40)*5", 0]
        },
        "neck_fluff_chest_right": {
          "rotation": [0, "-7+math.cos((q.anim_time+0.1)*90*4+40)*5", 0]
        },
        "spikes_left_bottom": {
          "rotation": [0, 0, "math.cos((q.anim_time+0.3)*90*4+30)*3"]
        },
        "spikes_left_upper": {
          "rotation": [0, 0, "math.cos((q.anim_time+0.5)*90*4+30)*5"]
        },
        "spikes_right_bottom": {
          "rotation": [0, 0, "-(math.cos((q.anim_time+0.3)*90*4+30)*3)"]
        },
        "spikes_right_upper": {
          "rotation": [0, 0, "-(math.cos((q.anim_time+0.5)*90*4+30)*5)"]
        },
        "top_hair_head2": {
          "rotation": ["-math.cos((q.anim_time+0.3)*90*4)*5", 0, 0]
        },
        "top_hair_head_left": {
          "rotation": ["-math.cos((q.anim_time+0.5)*90*4)*5", 0, 0]
        },
        "top_hair_head_left2": {
          "rotation": ["-math.cos((q.anim_time+0.5)*90*4)*5", 0, 0]
        },
        "top_hair_head_left3": {
          "rotation": ["-math.cos((q.anim_time+0.5)*90*4)*5", 0, 0]
        },
        "top_hair_head_left4": {
          "rotation": ["-math.cos((q.anim_time+0.5)*90*4)*5", 0, 0]
        },
        "top_hair_head_right": {
          "rotation": ["-math.cos((q.anim_time+0.5)*90*4)*5", 0, 0]
        },
        "top_hair_head_right2": {
          "rotation": ["-math.cos((q.anim_time+0.5)*90*4)*5", 0, 0]
        },
        "top_hair_head_right3": {
          "rotation": ["-math.cos((q.anim_time+0.5)*90*4)*5", 0, 0]
        },
        "top_hair_head_right4": {
          "rotation": ["-math.cos((q.anim_time+0.5)*90*4)*5", 0, 0]
        },
        "torso": {
          "position": [
            "math.cos((q.anim_time+0.5)*90*2)*0.5", "math.cos((q.anim_time+0.3)*90*4)*0.25",
            "math.cos((q.anim_time+0.5)*90*4)*0.4"
          ],
          "rotation": [
            "math.cos((q.anim_time+0.9)*90*4)*0.5", "math.cos((q.anim_time+0.5)*90*2)*2.5",
            "-math.cos((q.anim_time+0.5)*90*2)*2.5"
          ]
        },
        "uppert_torso": {
          "rotation": [
            "math.cos((q.anim_time+0.9)*90*4-40)*1.5", "-math.cos((q.anim_time+0.6)*90*2)*3",
            "math.cos((q.anim_time+0.8)*90*2)*2.5"
          ]
        }
      },
      "loop": true
    },
    "animation.entei.recoil": {
      "animation_length": 1.5,
      "bones": {
        "eyes": {
          "position": [0, 0, 0]
        },
        "head": {
          "rotation": {
            "0.0": [0, 0, 0],
            "0.0417": {
              "lerp_mode": "catmullrom",
              "post": [5, 0, 0],
              "pre": [5, 0, 0]
            },
            "0.125": {
              "lerp_mode": "catmullrom",
              "post": [10, 0, 0]
            },
            "0.3333": {
              "lerp_mode": "catmullrom",
              "post": [-8, 0, 0]
            },
            "1.0833": {
              "lerp_mode": "catmullrom",
              "post": [0, 0, 0]
            }
          }
        },
        "head_fluff_bottom_hair_left": {
          "rotation": {
            "0.0": [0, 0, 0],
            "0.0833": [0, 0, "-7.5+math.cos((q.anim_time+0.5)*90*2.5-90)*20"],
            "1.25": [0, 0, 0]
          }
        },
        "head_fluff_bottom_hair_left2": {
          "rotation": {
            "0.0": [0, 0, 0],
            "0.0833": [0, 0, "-17.5+math.cos((q.anim_time+0.5)*90*2.5-90)*20"],
            "1.25": [0, 0, 0]
          }
        },
        "head_fluff_bottom_hair_right": {
          "rotation": {
            "0.0": [0, 0, 0],
            "0.0833": [0, 0, "7.5+math.cos((q.anim_time+0.5)*90*2.5-90)*20"],
            "1.25": [0, 0, 0]
          }
        },
        "head_fluff_bottom_hair_right2": {
          "rotation": {
            "0.0": [0, 0, 0],
            "0.0833": [0, 0, "math.cos((q.anim_time+0.5)*90*2.5-90)*20"],
            "1.25": [0, 0, 0]
          }
        },
        "head_fluff_bottom_left2": {
          "rotation": {
            "0.0": [0, 0, 0],
            "0.0833": [0, "-math.cos((q.anim_time+0.5)*90*5-50)*30", "math.cos((q.anim_time+0.5)*90*10-10)*5"],
            "1.25": [0, 0, 0]
          }
        },
        "head_fluff_bottom_left3": {
          "rotation": {
            "0.0": [0, 0, 0],
            "0.0833": [0, 0, "math.cos((q.anim_time+0.5)*90*5-90)*30"],
            "1.25": [0, 0, 0]
          }
        },
        "head_fluff_bottom_left4": {
          "rotation": {
            "0.0": [0, 0, 0],
            "0.0833": [0, "-math.cos((q.anim_time+0.5)*90*2.5-10)*35", 0],
            "1.25": [0, 0, 0]
          }
        },
        "head_fluff_bottom_left5": {
          "rotation": {
            "0.0": [0, 0, 0],
            "0.0833": [0, 0, "math.cos((q.anim_time+0.5)*90*2.5-10)*30"],
            "1.25": [0, 0, 0]
          }
        },
        "head_fluff_bottom_right2": {
          "rotation": {
            "0.0": [0, 0, 0],
            "0.0833": [0, "17.5+math.cos((q.anim_time+0.5)*90*5-50)*30", "-(math.cos((q.anim_time+0.5)*90*10-10)*5)"],
            "1.25": [0, 0, 0]
          }
        },
        "head_fluff_bottom_right3": {
          "rotation": {
            "0.0": [0, 0, 0],
            "0.0833": [0, 0, "-(math.cos((q.anim_time+0.5)*90*5-90)*30)"],
            "1.25": [0, 0, 0]
          }
        },
        "head_fluff_bottom_right4": {
          "rotation": {
            "0.0": [0, 0, 0],
            "0.0833": [0, "math.cos((q.anim_time+0.5)*90*2.5-10)*35", 0],
            "1.25": [0, 0, 0]
          }
        },
        "head_fluff_bottom_right5": {
          "rotation": {
            "0.0": [0, 0, 0],
            "0.0833": [0, 0, "-(math.cos((q.anim_time+0.5)*90*2.5-10)*30)"],
            "1.25": [0, 0, 0]
          }
        },
        "head_fluff_mid_left": {
          "rotation": {
            "0.0": {
              "lerp_mode": "catmullrom",
              "post": [0, 0, 0]
            },
            "0.0417": {
              "lerp_mode": "catmullrom",
              "post": [-10, 0, 0]
            },
            "0.1667": {
              "lerp_mode": "catmullrom",
              "post": [-6.09, 0, 0]
            },
            "0.2917": {
              "lerp_mode": "catmullrom",
              "post": [10, 0, 0]
            },
            "1.125": {
              "lerp_mode": "catmullrom",
              "post": [0, 0, 0]
            }
          }
        },
        "head_fluff_mid_right": {
          "rotation": {
            "0.0": {
              "lerp_mode": "catmullrom",
              "post": [0, 0, 0]
            },
            "0.0417": {
              "lerp_mode": "catmullrom",
              "post": [-10, 0, 0]
            },
            "0.1667": {
              "lerp_mode": "catmullrom",
              "post": [-6.09, 0, 0]
            },
            "0.2917": {
              "lerp_mode": "catmullrom",
              "post": [10, 0, 0]
            },
            "1.125": {
              "lerp_mode": "catmullrom",
              "post": [0, 0, 0]
            }
          }
        },
        "jaw": {
          "rotation": {
            "0.0": [0, 0, 0],
            "0.0417": [22.5, 0, 0],
            "1.0": [0, 0, 0]
          }
        },
        "neck": {
          "rotation": {
            "0.0": [0, 0, 0],
            "0.0417": {
              "lerp_mode": "catmullrom",
              "post": [12.5, 0, 0],
              "pre": [12.5, 0, 0]
            },
            "0.25": {
              "lerp_mode": "catmullrom",
              "post": [0, 0, 0]
            },
            "1.0": {
              "lerp_mode": "catmullrom",
              "post": [0, 0, 0]
            }
          }
        },
        "neck2": {
          "rotation": {
            "0.0": [0, 0, 0],
            "0.0417": {
              "lerp_mode": "catmullrom",
              "post": [-3.2834, 0.64054, 0.44165],
              "pre": [-3.2834, 0.64054, 0.44165]
            },
            "0.2917": {
              "lerp_mode": "catmullrom",
              "post": [-5, 0, 0]
            },
            "1.0417": {
              "lerp_mode": "catmullrom",
              "post": [0, 0, 0]
            }
          }
        },
        "neck_fluff_bottom_chest": {
          "rotation": {
            "0.0": {
              "lerp_mode": "catmullrom",
              "post": [0, 0, 0]
            },
            "0.0417": {
              "lerp_mode": "catmullrom",
              "post": [-17.5, 0, 0]
            },
            "0.25": {
              "lerp_mode": "catmullrom",
              "post": [0, 0, 0]
            }
          }
        },
        "neck_fluff_chest": {
          "rotation": {
            "0.0": {
              "lerp_mode": "catmullrom",
              "post": [0, 0, 0]
            },
            "0.0417": {
              "lerp_mode": "catmullrom",
              "post": [-7.5, 0, 0]
            },
            "0.25": {
              "lerp_mode": "catmullrom",
              "post": [0, 0, 0]
            }
          }
        },
        "torso": {
          "position": {
            "0.0": [0, 0, 0],
            "0.0417": {
              "lerp_mode": "catmullrom",
              "post": [0, 0, 1],
              "pre": [0, 0, 1]
            },
            "0.5": {
              "lerp_mode": "catmullrom",
              "post": [0, 0, -0.5]
            },
            "1.125": {
              "lerp_mode": "catmullrom",
              "post": [0, 0, 0]
            }
          },
          "rotation": {
            "0.0": [0, 0, 0],
            "0.0417": {
              "lerp_mode": "catmullrom",
              "post": [-3, 0, 0],
              "pre": [-3, 0, 0]
            },
            "0.2917": {
              "lerp_mode": "catmullrom",
              "post": [-2, 0, 0]
            },
            "0.7917": {
              "lerp_mode": "catmullrom",
              "post": [1.5, 0, 0]
            },
            "1.5": {
              "lerp_mode": "catmullrom",
              "post": [0, 0, 0]
            }
          }
        },
        "uppert_torso": {
          "rotation": {
            "0.0": [0, 0, 0],
            "0.0417": {
              "lerp_mode": "catmullrom",
              "post": [0.5, 0, 0],
              "pre": [0.5, 0, 0]
            },
            "0.2083": {
              "lerp_mode": "catmullrom",
              "post": [-0.25, 0, 0]
            },
            "0.7083": {
              "lerp_mode": "catmullrom",
              "post": [1, 0, 0]
            },
            "1.5": {
              "lerp_mode": "catmullrom",
              "post": [0, 0, 0]
            }
          }
        }
      }
    }
  },
  "format_version": "1.8.0"
}