{
  "animations": {
    "animation.delcatty.blink": {
      "animation_length": 0.25,
      "bones": {
        "eye_l": {
          "position": {
            "0.0": [0, 0, 0],
            "0.0417": {
              "post": [0, 0, 0.03],
              "pre": [0, 0, 0]
            },
            "0.25": {
              "post": [0, 0, 0],
              "pre": [0, 0, 0.03]
            }
          }
        },
        "eye_r": {
          "position": {
            "0.0": [0, 0, 0],
            "0.0417": {
              "post": [0, 0, 0.03],
              "pre": [0, 0, 0]
            },
            "0.25": {
              "post": [0, 0, 0],
              "pre": [0, 0, 0.03]
            }
          }
        },
        "open_l": {
          "position": {
            "0.0": [0, 0, 0],
            "0.0417": {
              "post": [0, 0, -0.06],
              "pre": [0, 0, 0]
            },
            "0.25": {
              "post": [0, 0, 0],
              "pre": [0, 0, -0.06]
            }
          }
        },
        "open_r": {
          "position": {
            "0.0": [0, 0, 0],
            "0.0417": {
              "post": [0, 0, -0.06],
              "pre": [0, 0, 0]
            },
            "0.25": {
              "post": [0, 0, 0],
              "pre": [0, 0, -0.06]
            }
          }
        }
      }
    },
    "animation.delcatty.cry": {
      "animation_length": 1.25,
      "bones": {
        "head": {
          "rotation": {
            "0.0": [0, 0, 0],
            "0.25": [-7.5, 0, 0],
            "1.0": [-7.5, 0, 0],
            "1.25": [0, 0, 0]
          }
        },
        "mouth": {
          "position": {
            "0.0": [0, 0, 0],
            "0.0417": {
              "post": [0, 0, -0.05],
              "pre": [0, 0, 0]
            },
            "1.25": {
              "post": [0, 0, 0],
              "pre": [0, 0, -0.05]
            }
          }
        }
      },
      "sound_effects": {
        "0.0417": {
          "effect": "pokemon.delcatty.cry"
        }
      }
    },
    "animation.delcatty.faint": {
      "animation_length": 4,
      "bones": {
        "body": {
          "position": {
            "0.0": [0, 0, 0],
            "0.5": [0, -2, 0],
            "1.0": [0, 3, 0]
          },
          "rotation": {
            "0.0": [0, 0, 0],
            "0.4167": [25, 0, 0],
            "0.5": [25, 0, 10],
            "1.0": [25, 0, 85]
          }
        },
        "eye_l": {
          "position": {
            "0.5": [0, 0, 0],
            "0.5417": [0, 0, 0.25]
          }
        },
        "eye_r": {
          "position": {
            "0.0": [0, 0, 0],
            "0.5": [0, 0, 0],
            "0.5417": [0, 0, 0.25]
          }
        },
        "foot_fl": {
          "rotation": {
            "0.0": [0, 0, 0],
            "0.4167": [-100, 0, 0],
            "0.5": [-100, 0, 0],
            "1.0": [0, 0, 0]
          }
        },
        "foot_fr": {
          "rotation": {
            "0.0": [0, 0, 0],
            "0.4167": [-100, 0, 0],
            "0.5": [-100, 0, 0],
            "1.0": [0, 0, 0]
          }
        },
        "head": {
          "rotation": {
            "0.0": [0, 0, 0],
            "0.9167": [0, 0, 0],
            "1.0": [0, 0, -5]
          }
        },
        "neck": {
          "rotation": {
            "0.0": [0, 0, 0],
            "0.9167": [0, 0, 0],
            "1.0": [0, 0, -5]
          }
        },
        "open_l": {
          "position": {
            "0.5": [0, 0, 0],
            "0.5417": [0, 0, -0.27]
          }
        },
        "open_r": {
          "position": {
            "0.0": [0, 0, 0],
            "0.5": [0, 0, 0],
            "0.5417": [0, 0, -0.27]
          }
        },
        "thigh_br": {
          "rotation": {
            "0.5": [0, 0, 0],
            "1.0": [0, 0, -15]
          }
        },
        "thigh_fl": {
          "rotation": {
            "0.0": [0, 0, 0],
            "0.4167": [30, 0, 0],
            "0.5": [30, 0, 0],
            "1.0": [0, 0, 0]
          }
        },
        "thigh_fr": {
          "rotation": {
            "0.0": [0, 0, 0],
            "0.4167": [30, 0, 0],
            "0.5": [30, 0, 0],
            "1.0": [0, 0, -15]
          }
        }
      },
      "loop": true
    },
    "animation.delcatty.ground_idle": {
      "animation_length": 2,
      "bones": {
        "head": {
          "rotation": {
            "0.0": [-2.5, 0, 0],
            "0.75": [2.5, 0, 0],
            "1.0": [2.5, 0, 0],
            "1.75": [-2.5, 0, 0],
            "2.0": [-2.5, 0, 0]
          }
        },
        "tail": {
          "rotation": {
            "0.0": [0, 0, 0],
            "0.75": [10, 0, 0],
            "1.0": [10, 0, 0],
            "1.75": [0, 0, 0],
            "2.0": [0, 0, 0]
          }
        },
        "tail_bulb": {
          "rotation": {
            "0.0": [3.33, 0, 0],
            "0.25": [0, 0, 0],
            "0.5": [0, 0, 0],
            "1.25": [10, 0, 0],
            "1.5": [10, 0, 0],
            "2.0": [3.33, 0, 0]
          }
        },
        "tail_end": {
          "rotation": {
            "0.0": [0, 0, 0],
            "0.25": [0, 0, 0],
            "1.0": [10, 0, 0],
            "1.25": [10, 0, 0],
            "2.0": [0, 0, 0]
          }
        }
      },
      "loop": true
    },
    "animation.delcatty.ground_walk": {
      "animation_length": 2,
      "bones": {
        "body": {
          "position": {
            "0.0": [0, -0.25, 0],
            "0.125": [0, -0.5, 0],
            "0.375": [0, 0, 0],
            "0.625": [0, -0.5, 0],
            "0.875": [0, 0, 0],
            "1.125": [0, -0.5, 0],
            "1.375": [0, 0, 0],
            "1.625": [0, -0.5, 0],
            "1.875": [0, 0, 0],
            "2.0": [0, -0.25, 0]
          }
        },
        "foot_bl": {
          "rotation": {
            "0.0": [0, 0, 0],
            "0.5": [0, 0, 0],
            "0.75": [-30, 0, 0],
            "1.0": [0, 0, 0],
            "1.25": [0, 0, 0],
            "1.5": [0, 0, 0],
            "1.75": [-30, 0, 0],
            "2.0": [0, 0, 0]
          }
        },
        "foot_br": {
          "rotation": {
            "0.0": [0, 0, 0],
            "0.25": [-30, 0, 0],
            "0.5": [0, 0, 0],
            "0.75": [0, 0, 0],
            "1.0": [0, 0, 0],
            "1.25": [-30, 0, 0],
            "1.5": [0, 0, 0],
            "2.0": [0, 0, 0]
          }
        },
        "foot_fl": {
          "rotation": {
            "0.0": [0, 0, 0],
            "0.25": [-45, 0, 0],
            "0.5": [0, 0, 0],
            "1.0": [0, 0, 0],
            "1.25": [-45, 0, 0],
            "1.5": [0, 0, 0],
            "2.0": [0, 0, 0]
          }
        },
        "foot_fr": {
          "rotation": {
            "0.0": [0, 0, 0],
            "0.25": [-5, 0, 0],
            "0.5": [0, 0, 0],
            "0.75": [-45, 0, 0],
            "1.0": [0, 0, 0],
            "1.5": [0, 0, 0],
            "1.75": [-45, 0, 0],
            "2.0": [0, 0, 0]
          }
        },
        "head": {
          "rotation": {
            "0.0": [2.5, 0, 0],
            "0.25": [-2.5, 0, 0],
            "0.5": [2.5, 0, 0],
            "0.75": [-2.5, 0, 0],
            "1.0": [2.5, 0, 0],
            "1.25": [-2.5, 0, 0],
            "1.5": [2.5, 0, 0],
            "1.75": [-2.5, 0, 0],
            "2.0": [2.5, 0, 0]
          }
        },
        "tail": {
          "rotation": {
            "0.0": [5, 0, 0],
            "0.25": [-5, 0, 0],
            "0.5": [5, 0, 0],
            "0.75": [-5, 0, 0],
            "1.0": [5, 0, 0],
            "1.25": [-5, 0, 0],
            "1.5": [5, 0, 0],
            "1.75": [-5, 0, 0],
            "2.0": [5, 0, 0]
          }
        },
        "tail_bulb": {
          "rotation": {
            "0.0": [2.5, 0, 0],
            "0.25": [-2.5, 0, 0],
            "0.5": [2.5, 0, 0],
            "0.75": [-2.5, 0, 0],
            "1.0": [2.5, 0, 0],
            "1.25": [-2.5, 0, 0],
            "1.5": [2.5, 0, 0],
            "1.75": [-2.5, 0, 0],
            "2.0": [2.5, 0, 0]
          }
        },
        "tail_end": {
          "rotation": {
            "0.0": [2.5, 0, 0],
            "0.25": [-2.5, 0, 0],
            "0.5": [2.5, 0, 0],
            "0.75": [-2.5, 0, 0],
            "1.0": [2.5, 0, 0],
            "1.25": [-2.5, 0, 0],
            "1.5": [2.5, 0, 0],
            "1.75": [-2.5, 0, 0],
            "2.0": [2.5, 0, 0]
          }
        },
        "thigh_bl": {
          "rotation": {
            "0.0": [-25, 0, 0],
            "0.25": [0, 0, 0],
            "0.5": [30, 0, 0],
            "0.75": [0, 0, 0],
            "1.0": [-25, 0, 0],
            "1.25": [0, 0, 0],
            "1.5": [30, 0, 0],
            "1.75": [0, 0, 0],
            "2.0": [-25, 0, 0]
          }
        },
        "thigh_br": {
          "rotation": {
            "0.0": [30, 0, 0],
            "0.25": [0, 0, 0],
            "0.5": [-25, 0, 0],
            "0.75": [0, 0, 0],
            "1.0": [30, 0, 0],
            "1.25": [0, 0, 0],
            "1.5": [-25, 0, 0],
            "1.75": [0, 0, 0],
            "2.0": [30, 0, 0]
          }
        },
        "thigh_fl": {
          "rotation": {
            "0.0": [30, 0, 0],
            "0.25": [0, 0, 0],
            "0.5": [-20, 0, 0],
            "0.75": [0, 0, 0],
            "1.0": [30, 0, 0],
            "1.25": [0, 0, 0],
            "1.5": [-20, 0, 0],
            "1.75": [0, 0, 0],
            "2.0": [30, 0, 0]
          }
        },
        "thigh_fr": {
          "rotation": {
            "0.0": [-20, 0, 0],
            "0.25": [5, 0, 0],
            "0.5": [30, 0, 0],
            "0.75": [0, 0, 0],
            "1.0": [-20, 0, 0],
            "1.25": [0, 0, 0],
            "1.5": [30, 0, 0],
            "1.75": [0, 0, 0],
            "2.0": [-20, 0, 0]
          }
        }
      },
      "loop": true
    },
    "animation.delcatty.sleep": {
      "animation_length": 4,
      "bones": {
        "body": {
          "position": [0, 2, 0],
          "rotation": [-55, 0, 0]
        },
        "eye_l": {
          "position": [0, 0, 0.03]
        },
        "eye_r": {
          "position": [0, 0, 0.03]
        },
        "head": {
          "position": [0, 0, 0],
          "rotation": {
            "0.0": [32.5, 0, 0],
            "2.0": [37.5, 0, 0],
            "4.0": [32.5, 0, 0]
          }
        },
        "mouth": {
          "position": [0, 0, -0.02]
        },
        "neck": {
          "position": [0, -2, -1],
          "rotation": [42.5, 0, 0]
        },
        "necklace": {
          "position": [0, 0, 0],
          "rotation": [5, 0, 0]
        },
        "open_l": {
          "position": [0, 0, -0.06]
        },
        "open_r": {
          "position": [0, 0, -0.06]
        },
        "thigh_bl": {
          "rotation": [-34.0724, -8.53726, -12.37961]
        },
        "thigh_br": {
          "rotation": [-34.0724, 8.53726, 12.37961]
        },
        "thigh_fl": {
          "rotation": [37.5, 0, 0]
        },
        "thigh_fr": {
          "rotation": [37.5, 0, 0]
        }
      },
      "loop": true
    }
  },
  "format_version": "1.8.0"
}