{
  "format_version": "1.12.0",
  "minecraft:geometry": [
    {
      "bones": [
        {
          "name": "cherrim",
          "pivot": [0, 0, 0]
        }, {
          "cubes": [
            {
              "origin": [-3.5, 1, -3.5],
              "size": [7, 7, 7],
              "uv": [0, 18]
            }
          ],
          "name": "body",
          "parent": "cherrim",
          "pivot": [0, 1, 0]
        }, {
          "name": "eyes",
          "parent": "body",
          "pivot": [0, 2.75, -3.5]
        }, {
          "cubes": [
            {
              "inflate": 0.01,
              "origin": [1.75, 2, -3.5],
              "size": [1, 1, 0],
              "uv": [7, 1]
            },
            {
              "inflate": 0.015,
              "origin": [1.75, 2.5, -3.5],
              "size": [1, 1, 0],
              "uv": [0, 7]
            }
          ],
          "name": "left_eye",
          "parent": "eyes",
          "pivot": [2.25, 2.75, -3.5]
        }, {
          "cubes": [
            {
              "inflate": 0.01,
              "mirror": true,
              "origin": [-2.75, 2, -3.5],
              "size": [1, 1, 0],
              "uv": [7, 0]
            },
            {
              "inflate": 0.015,
              "mirror": true,
              "origin": [-2.75, 2.5, -3.5],
              "size": [1, 1, 0],
              "uv": [0, 8]
            }
          ],
          "name": "right_eye",
          "parent": "eyes",
          "pivot": [-2.25, 2.75, -3.5]
        }, {
          "name": "flower_bell",
          "parent": "body",
          "pivot": [0, 12, 0]
        }, {
          "cubes": [
            {
              "inflate": 0.01,
              "origin": [-5, 6, -5.2],
              "size": [7, 7, 10],
              "uv": [0, 0]
            }
          ],
          "name": "flower_bell_right",
          "parent": "flower_bell",
          "pivot": [0, 13, -0.2]
        }, {
          "cubes": [
            {
              "inflate": 0.01,
              "origin": [-4.5, 1, -4.7],
              "size": [6, 5, 0],
              "uv": [25, 45]
            },
            {
              "inflate": 0.01,
              "origin": [-4.5, 1, -4.7],
              "size": [0, 5, 9],
              "uv": [20, 23]
            },
            {
              "inflate": 0.01,
              "origin": [-4.5, 1, 4.3],
              "size": [6, 5, 0],
              "uv": [15, 37]
            }
          ],
          "name": "flower_bell_right_lower",
          "parent": "flower_bell_right",
          "pivot": [2.5, 5, -0.2],
          "rotation": [0, 0, 5]
        }, {
          "cubes": [
            {
              "inflate": 0.01,
              "origin": [-7.5, 1.5, -0.2],
              "pivot": [-4.5, 1.5, -0.2],
              "rotation": [-7, 0, 0],
              "size": [3, 0, 4],
              "uv": [36, 34]
            }, {
              "inflate": 0.01,
              "origin": [-7.5, 1.5, -4.2],
              "pivot": [-4.5, 1.5, -0.2],
              "rotation": [7, 0, 0],
              "size": [3, 0, 4],
              "uv": [0, 37]
            }
          ],
          "name": "flower_bell_right_tip",
          "parent": "flower_bell_right_lower",
          "pivot": [-4.5, 1.25, -0.2],
          "rotation": [0, 0, -2.5]
        }, {
          "cubes": [
            {
              "mirror": true,
              "origin": [-2, 6, -4.9],
              "size": [7, 7, 10],
              "uv": [0, 47]
            }
          ],
          "name": "flower_bell_left",
          "parent": "flower_bell",
          "pivot": [0, 13, 0.1]
        }, {
          "cubes": [
            {
              "inflate": 0.01,
              "mirror": true,
              "origin": [-1.58335, 1.09096, 4.6],
              "size": [6, 5, 0],
              "uv": [28, 38]
            },
            {
              "inflate": 0.01,
              "mirror": true,
              "origin": [4.41665, 1.09096, -4.4],
              "size": [0, 5, 9],
              "uv": [46, 23]
            },
            {
              "inflate": 0.01,
              "mirror": true,
              "origin": [-1.58335, 1.09096, -4.4],
              "size": [6, 5, 0],
              "uv": [25, 51]
            }
          ],
          "name": "flower_bell_left_lower",
          "parent": "flower_bell_left",
          "pivot": [-1.5, 6, -0.15],
          "rotation": [0, 0, -5]
        }, {
          "cubes": [
            {
              "inflate": 0.01,
              "mirror": true,
              "origin": [4.41665, 1.59096, -3.9],
              "pivot": [4.41665, 1.59096, 0.1],
              "rotation": [7, 0, 0],
              "size": [3, 0, 4],
              "uv": [36, 39]
            }, {
              "inflate": 0.01,
              "mirror": true,
              "origin": [4.41665, 1.59096, 0.1],
              "pivot": [4.41665, 1.59096, 0.1],
              "rotation": [-7, 0, 0],
              "size": [3, 0, 4],
              "uv": [0, 42]
            }
          ],
          "name": "flower_bell_left_tip",
          "parent": "flower_bell_left_lower",
          "pivot": [4.41665, 1.34096, 0.1],
          "rotation": [0, 0, 2.5]
        }, {
          "name": "leaves",
          "parent": "flower_bell",
          "pivot": [0, 13.75, 0]
        }, {
          "cubes": [
            {
              "origin": [-3, 13.75, -4],
              "size": [6, 0, 4],
              "uv": [25, 5]
            }
          ],
          "name": "front_leaf",
          "parent": "leaves",
          "pivot": [0, 13.75, 0],
          "rotation": [0, 0, 1]
        }, {
          "cubes": [
            {
              "origin": [-2.5, 13.75, -8],
              "size": [5, 0, 4],
              "uv": [34, 14]
            }
          ],
          "name": "front_leaf_tip",
          "parent": "front_leaf",
          "pivot": [0, 13.75, -4],
          "rotation": [10, 0, 0]
        }, {
          "cubes": [
            {
              "origin": [-3, 13.75, -4],
              "size": [6, 0, 4],
              "uv": [25, 0]
            }
          ],
          "name": "front_left_leaf",
          "parent": "leaves",
          "pivot": [0, 13.75, 0],
          "rotation": [-3.1682, -72.47234, 3.32212]
        }, {
          "cubes": [
            {
              "origin": [-2.5, 13.75, -8],
              "size": [5, 0, 4],
              "uv": [34, 10]
            }
          ],
          "name": "front_left_leaf_tip",
          "parent": "front_left_leaf",
          "pivot": [0, 13.75, -4],
          "rotation": [10, 0, 0]
        }, {
          "cubes": [
            {
              "mirror": true,
              "origin": [-3, 13.75, -4],
              "size": [6, 0, 4],
              "uv": [38, 0]
            }
          ],
          "name": "front_right_leaf",
          "parent": "leaves",
          "pivot": [0, 13.75, 0],
          "rotation": [3.1682, 72.47234, 3.32212]
        }, {
          "cubes": [
            {
              "mirror": true,
              "origin": [-2.5, 13.75, -8],
              "size": [5, 0, 4],
              "uv": [45, 10]
            }
          ],
          "name": "front_right_leaf_tip",
          "parent": "front_right_leaf",
          "pivot": [0, 13.75, -4],
          "rotation": [10, 0, 0]
        }, {
          "cubes": [
            {
              "origin": [-3, 13.75, -4],
              "size": [6, 0, 4],
              "uv": [38, 5]
            }
          ],
          "name": "back_left_leaf",
          "parent": "leaves",
          "pivot": [0, 13.75, 0],
          "rotation": [-179.29986, -34.99389, 178.77929]
        }, {
          "cubes": [
            {
              "origin": [-2.5, 13.75, -8],
              "size": [5, 0, 4],
              "uv": [45, 14]
            }
          ],
          "name": "back_left_leaf_tip",
          "parent": "back_left_leaf",
          "pivot": [0, 13.75, -4],
          "rotation": [10, 0, 0]
        }, {
          "cubes": [
            {
              "mirror": true,
              "origin": [-3, 13.75, -4],
              "size": [6, 0, 4],
              "uv": [22, 18]
            }
          ],
          "name": "back_right_leaf",
          "parent": "leaves",
          "pivot": [0, 13.75, 0],
          "rotation": [179.29986, 34.99389, 178.77929]
        }, {
          "cubes": [
            {
              "mirror": true,
              "origin": [-2.5, 13.75, -8],
              "size": [5, 0, 4],
              "uv": [-1, 33]
            }
          ],
          "name": "back_right_leaf_tip",
          "parent": "back_right_leaf",
          "pivot": [0, 13.75, -4],
          "rotation": [10, 0, 0]
        }, {
          "cubes": [
            {
              "origin": [-0.5, 12, -0.5],
              "size": [1, 4, 1],
              "uv": [0, 18]
            }
          ],
          "name": "stem",
          "parent": "flower_bell",
          "pivot": [0, 13, 0],
          "rotation": [5, 0, 0]
        }, {
          "cubes": [
            {
              "origin": [-1, 15, -1],
              "size": [2, 4, 2],
              "uv": [0, 0]
            }
          ],
          "name": "stem2",
          "parent": "stem",
          "pivot": [0, 15, 0],
          "rotation": [35, 0, 0]
        }, {
          "cubes": [
            {
              "origin": [-1.5, 18, -1.5],
              "size": [3, 5, 3],
              "uv": [30, 23]
            }
          ],
          "name": "stem3",
          "parent": "stem2",
          "pivot": [0, 18, 0],
          "rotation": [55, 0, 0]
        }, {
          "cubes": [
            {
              "origin": [1.25, 0, -1],
              "size": [2, 2, 2],
              "uv": [41, 21]
            }
          ],
          "name": "left_leg",
          "parent": "cherrim",
          "pivot": [2.25, 1, 0]
        }, {
          "cubes": [
            {
              "mirror": true,
              "origin": [-3.25, 0, -1],
              "size": [2, 2, 2],
              "uv": [50, 21]
            }
          ],
          "name": "right_leg",
          "parent": "cherrim",
          "pivot": [-2.25, 1, 0]
        }
      ],
      "description": {
        "identifier": "geometry.cherrim_overcast",
        "texture_height": 64,
        "texture_width": 64,
        "visible_bounds_height": 2.5,
        "visible_bounds_offset": [0, 0.75, 0],
        "visible_bounds_width": 3
      }
    }
  ]
}