{
  "animations": {
    "animation.azelf.ground_idle": {
      "bones": {
        "body": {
          "position": [0, "3-math.sin(q.anim_time*90*1)*0.5", 0],
          "rotation": ["-17.5+math.sin(q.anim_time*90*1-90)*4", 0, 0]
        },
        "bone10": {
          "rotation": [0, 0, "40+math.sin(q.anim_time*90*1-90)*4"]
        },
        "bone11": {
          "rotation": [0, 0, "-10+math.sin(q.anim_time*90*1-90)*4"]
        },
        "bone12": {
          "rotation": [0, 0, -12.5]
        },
        "bone14": {
          "rotation": [0, 0, "-37.5-math.sin(q.anim_time*90*1-90)*4"]
        },
        "bone15": {
          "rotation": [0, 0, "7.5-math.sin(q.anim_time*90*1-90)*4"]
        },
        "bone16": {
          "rotation": [0, 0, 12.5]
        },
        "bone22": {
          "rotation": ["-40.586194852+math.sin(q.anim_time*90*1-90)*4", -17.07228, 3.90399]
        },
        "bone23": {
          "rotation": ["-40.586194852+math.sin(q.anim_time*90*1-90)*4", 17.07228, -3.90399]
        },
        "bone24": {
          "rotation": ["0-math.sin(q.anim_time*90*1)*4", 20, 0]
        },
        "bone25": {
          "rotation": ["32.5-math.sin(q.anim_time*90*1-90)*4", 0, 0]
        },
        "bone26": {
          "rotation": ["30-math.sin(q.anim_time*90*1-90)*4", 0, 0]
        },
        "bone27": {
          "rotation": ["10-math.sin(q.anim_time*90*1-90)*4", 0, 0]
        },
        "bone28": {
          "rotation": ["-math.sin(q.anim_time*90*1-90)*4", 0, 0]
        },
        "bone29": {
          "rotation": ["20-math.sin(q.anim_time*90*1-90)*4", 0, 0]
        },
        "bone36": {
          "rotation": ["0+math.sin(q.anim_time*90*1)*4", -17.5, 0]
        },
        "bone37": {
          "rotation": ["27.5+math.sin(q.anim_time*90*1-90)*4", 0, 0]
        },
        "bone38": {
          "rotation": ["25+math.sin(q.anim_time*90*1-90)*4", 0, 0]
        },
        "bone39": {
          "rotation": ["17.5+math.sin(q.anim_time*90*1-90)*4", 0, 0]
        },
        "bone40": {
          "rotation": ["0+math.sin(q.anim_time*90*1-90)*4", 0, 0]
        },
        "bone41": {
          "rotation": ["20+math.sin(q.anim_time*90*1-90)*4", 0, 0]
        },
        "bone8": {
          "rotation": [12.5, 0, 0]
        },
        "head": {
          "rotation": ["7.5+math.sin(q.anim_time*90*1-90)*4", 0, 0]
        }
      },
      "loop": true
    },
    "animation.azelf.ground_walk": {
      "bones": {
        "body": {
          "position": ["0+math.sin(q.anim_time*90*1-90)*2", "0-math.sin(q.anim_time*90*2)*0.5", 0],
          "rotation": ["45+math.sin(q.anim_time*90*2)*4", 0, 0]
        },
        "bone10": {
          "rotation": [0, 0, "25+math.sin(q.anim_time*90*2-90)*4"]
        },
        "bone11": {
          "rotation": [0, 0, "-7.5+math.sin(q.anim_time*90*2-90)*4"]
        },
        "bone14": {
          "rotation": [0, 0, "-27.5-math.sin(q.anim_time*90*2-90)*4"]
        },
        "bone15": {
          "rotation": [0, 0, "7.5-math.sin(q.anim_time*90*2-90)*4"]
        },
        "bone22": {
          "rotation": ["0-math.sin(q.anim_time*90*2-90)*4", 0, 0]
        },
        "bone23": {
          "rotation": ["0-math.sin(q.anim_time*90*2-90)*4", 0, 0]
        },
        "bone24": {
          "rotation": ["-22.5-math.sin(q.anim_time*90*2)*4", 10, 0]
        },
        "bone25": {
          "rotation": ["0-math.sin(q.anim_time*90*2-90)*4", 0, 0]
        },
        "bone26": {
          "rotation": ["0-math.sin(q.anim_time*90*2-90)*4", 0, 0]
        },
        "bone27": {
          "rotation": ["0-math.sin(q.anim_time*90*2-90)*4", 0, 0]
        },
        "bone28": {
          "rotation": ["0-math.sin(q.anim_time*90*2-90)*4", 0, 0]
        },
        "bone29": {
          "rotation": ["0-math.sin(q.anim_time*90*2-90)*4", 0, 0]
        },
        "bone36": {
          "rotation": ["-20+math.sin(q.anim_time*90*2)*4", -20, 0]
        },
        "bone37": {
          "rotation": ["0+math.sin(q.anim_time*90*2-90)*4", 0, 0]
        },
        "bone38": {
          "rotation": ["0+math.sin(q.anim_time*90*2-90)*4", 0, 0]
        },
        "bone39": {
          "rotation": ["0+math.sin(q.anim_time*90*2-90)*4", 0, 0]
        },
        "bone40": {
          "rotation": ["0+math.sin(q.anim_time*90*2-90)*4", 0, 0]
        },
        "bone41": {
          "rotation": ["0+math.sin(q.anim_time*90*2-90)*4", 0, 0]
        },
        "head": {
          "rotation": ["-37.5+math.sin(q.anim_time*90*2-90)*4", 0, 0]
        }
      },
      "loop": true
    },
    "animation.azelf.pose": {
      "bones": {
        "body": {
          "rotation": [35, 0, 0]
        },
        "bone10": {
          "rotation": [0, 0, 27.5]
        },
        "bone14": {
          "rotation": [0, 0, -30]
        },
        "bone24": {
          "rotation": [0, 20, 0]
        },
        "bone25": {
          "rotation": [20, 15, 0]
        },
        "bone26": {
          "rotation": [15, 0, 0]
        },
        "bone27": {
          "rotation": [20, 0, 0]
        },
        "bone36": {
          "rotation": [0, -17.5, 0]
        },
        "bone37": {
          "rotation": [-17.5, -12.5, 0]
        },
        "bone38": {
          "rotation": [-12.5, 0, 0]
        },
        "bone39": {
          "rotation": [-7.5, 0, 0]
        },
        "bone40": {
          "rotation": [-12.5, 0, 0]
        },
        "bone7": {
          "rotation": [-10, 0, 0]
        },
        "bone8": {
          "rotation": [-15, 0, 0]
        },
        "head": {
          "rotation": [-7.5, 0, 0]
        }
      },
      "loop": true
    },
    "animation.mesprit.ground_idle": {
      "bones": {
        "arm_left": {
          "rotation": [0, 0, "40+math.sin(q.anim_time*90*1-90)*4"]
        },
        "arm_right": {
          "rotation": [0, 0, "-37.5-math.sin(q.anim_time*90*1-90)*4"]
        },
        "body": {
          "position": [0, "3-math.sin(q.anim_time*90*1)*0.5", 0],
          "rotation": ["-17.5+math.sin(q.anim_time*90*1-90)*4", 0, 0]
        },
        "bone11": {
          "rotation": [0, 0, "-10+math.sin(q.anim_time*90*1-90)*4"]
        },
        "bone12": {
          "rotation": [0, 0, -12.5]
        },
        "bone15": {
          "rotation": [0, 0, "7.5-math.sin(q.anim_time*90*1-90)*4"]
        },
        "bone16": {
          "rotation": [0, 0, 12.5]
        },
        "bone22": {
          "rotation": ["-40.586194852+math.sin(q.anim_time*90*1-90)*4", -17.07228, 3.90399]
        },
        "bone23": {
          "rotation": ["-40.586194852+math.sin(q.anim_time*90*1-90)*4", 17.07228, -3.90399]
        },
        "bone24": {
          "rotation": ["0-math.sin(q.anim_time*90*1)*4", 20, 0]
        },
        "bone25": {
          "rotation": ["32.5-math.sin(q.anim_time*90*1-90)*4", 0, 0]
        },
        "bone26": {
          "rotation": ["30-math.sin(q.anim_time*90*1-90)*4", 0, 0]
        },
        "bone27": {
          "rotation": ["10-math.sin(q.anim_time*90*1-90)*4", 0, 0]
        },
        "bone28": {
          "rotation": ["-math.sin(q.anim_time*90*1-90)*4", 0, 0]
        },
        "bone29": {
          "rotation": ["20-math.sin(q.anim_time*90*1-90)*4", 0, 0]
        },
        "bone36": {
          "rotation": ["0+math.sin(q.anim_time*90*1)*4", -17.5, 0]
        },
        "bone37": {
          "rotation": ["27.5+math.sin(q.anim_time*90*1-90)*4", 0, 0]
        },
        "bone38": {
          "rotation": ["25+math.sin(q.anim_time*90*1-90)*4", 0, 0]
        },
        "bone39": {
          "rotation": ["17.5+math.sin(q.anim_time*90*1-90)*4", 0, 0]
        },
        "bone40": {
          "rotation": ["0+math.sin(q.anim_time*90*1-90)*4", 0, 0]
        },
        "bone41": {
          "rotation": ["20+math.sin(q.anim_time*90*1-90)*4", 0, 0]
        },
        "bone48": {
          "rotation": [0, 0, "45+math.sin(q.anim_time*90*1)*4"]
        },
        "bone49": {
          "rotation": [0, 0, "12.5+math.sin(q.anim_time*90*1-90)*4"]
        },
        "bone52": {
          "rotation": [0, 0, "-45-math.sin(q.anim_time*90*1)*4"]
        },
        "bone53": {
          "rotation": [0, 0, "-15-math.sin(q.anim_time*90*1-90)*4"]
        },
        "bone54": {
          "rotation": [0, 0, "37.5+math.sin(q.anim_time*90*1)*4"]
        },
        "bone55": {
          "rotation": [0, 0, "22.5+math.sin(q.anim_time*90*1-90)*4"]
        },
        "bone56": {
          "rotation": [0, 0, "-37.5-math.sin(q.anim_time*90*1)*4"]
        },
        "bone57": {
          "rotation": [0, 0, -20]
        },
        "bone8": {
          "rotation": [12.5, 0, 0]
        },
        "head": {
          "rotation": ["7.5+math.sin(q.anim_time*90*1-90)*4", 0, 0]
        }
      },
      "loop": true
    },
    "animation.mesprit.ground_walk": {
      "bones": {
        "arm_left": {
          "rotation": [0, 0, "25+math.sin(q.anim_time*90*2-90)*4"]
        },
        "arm_right": {
          "rotation": [0, 0, "-27.5-math.sin(q.anim_time*90*2-90)*4"]
        },
        "body": {
          "position": ["0+math.sin(q.anim_time*90*1-90)*2", "0-math.sin(q.anim_time*90*2)*0.5", 0],
          "rotation": ["45+math.sin(q.anim_time*90*2)*4", 0, 0]
        },
        "bone11": {
          "rotation": [0, 0, "-7.5+math.sin(q.anim_time*90*2-90)*4"]
        },
        "bone15": {
          "rotation": [0, 0, "7.5-math.sin(q.anim_time*90*2-90)*4"]
        },
        "bone22": {
          "rotation": ["0-math.sin(q.anim_time*90*2-90)*4", 0, 0]
        },
        "bone23": {
          "rotation": ["0-math.sin(q.anim_time*90*2-90)*4", 0, 0]
        },
        "bone24": {
          "rotation": ["-22.5-math.sin(q.anim_time*90*2)*4", 10, 0]
        },
        "bone25": {
          "rotation": ["0-math.sin(q.anim_time*90*2-90)*4", 0, 0]
        },
        "bone26": {
          "rotation": ["0-math.sin(q.anim_time*90*2-90)*4", 0, 0]
        },
        "bone27": {
          "rotation": ["0-math.sin(q.anim_time*90*2-90)*4", 0, 0]
        },
        "bone28": {
          "rotation": ["0-math.sin(q.anim_time*90*2-90)*4", 0, 0]
        },
        "bone29": {
          "rotation": ["0-math.sin(q.anim_time*90*2-90)*4", 0, 0]
        },
        "bone36": {
          "rotation": ["-20+math.sin(q.anim_time*90*2)*4", -20, 0]
        },
        "bone37": {
          "rotation": ["0+math.sin(q.anim_time*90*2-90)*4", 0, 0]
        },
        "bone38": {
          "rotation": ["0+math.sin(q.anim_time*90*2-90)*4", 0, 0]
        },
        "bone39": {
          "rotation": ["0+math.sin(q.anim_time*90*2-90)*4", 0, 0]
        },
        "bone40": {
          "rotation": ["0+math.sin(q.anim_time*90*2-90)*4", 0, 0]
        },
        "bone41": {
          "rotation": ["0+math.sin(q.anim_time*90*2-90)*4", 0, 0]
        },
        "bone48": {
          "rotation": [0.02509, -24.99352, "40.5742+math.sin(q.anim_time*90*2)*4"]
        },
        "bone49": {
          "rotation": [0, 0, "22.5+math.sin(q.anim_time*90*2-90)*4"]
        },
        "bone52": {
          "rotation": [0.03393, 22.49417, "-43.0164-math.sin(q.anim_time*90*2)*4"]
        },
        "bone53": {
          "rotation": [0, 0, "-22.5-math.sin(q.anim_time*90*2-90)*4"]
        },
        "bone54": {
          "rotation": [0, 0, "42.5+math.sin(q.anim_time*90*2)*4"]
        },
        "bone55": {
          "rotation": [0, 0, "17.5+math.sin(q.anim_time*90*2-90)*4"]
        },
        "bone56": {
          "rotation": [0, 0, "-45-math.sin(q.anim_time*90*2)*4"]
        },
        "bone57": {
          "rotation": [0, 0, "-17.5-math.sin(q.anim_time*90*2-90)*4"]
        },
        "head": {
          "rotation": ["-37.5+math.sin(q.anim_time*90*2-90)*4", 0, 0]
        }
      },
      "loop": true
    },
    "animation.mesprit.pose": {
      "bones": {
        "arm_left": {
          "rotation": [0, -15, 27.5]
        },
        "arm_right": {
          "rotation": [0, 0, -42.5]
        },
        "body": {
          "rotation": [-17.5, 0, 0]
        },
        "bone11": {
          "rotation": [-135.60964, 60.2911, -125.26676]
        },
        "bone12": {
          "rotation": [-27.5, 27.5, 0]
        },
        "bone15": {
          "rotation": [0, 0, 12.5]
        },
        "bone16": {
          "rotation": [0, 0, 15]
        },
        "bone2": {
          "position": [0.5, 0, 0]
        },
        "bone20": {
          "position": [-1, 0, -1.025]
        },
        "bone21": {
          "position": [0.25, 0, 0]
        },
        "bone22": {
          "rotation": [-27.5, -15, 0]
        },
        "bone23": {
          "rotation": [-22.25867, 17.43127, 1.5741]
        },
        "bone24": {
          "rotation": [15, 37.5, 0]
        },
        "bone25": {
          "rotation": [20, 15, 0]
        },
        "bone26": {
          "rotation": [15, 0, 0]
        },
        "bone27": {
          "rotation": [20, 0, 0]
        },
        "bone28": {
          "rotation": [20, 0, 0]
        },
        "bone29": {
          "rotation": [15, 0, 0]
        },
        "bone36": {
          "rotation": [0, -35, 0]
        },
        "bone37": {
          "rotation": [30, -12.5, 0]
        },
        "bone38": {
          "rotation": [20, 0, 0]
        },
        "bone39": {
          "rotation": [20, 0, 0]
        },
        "bone40": {
          "rotation": [20, 0, 0]
        },
        "bone48": {
          "rotation": [0, 0, 40]
        },
        "bone49": {
          "rotation": [0, 0, 20]
        },
        "bone52": {
          "rotation": [0, 0, -40]
        },
        "bone53": {
          "rotation": [0, 0, -22.5]
        },
        "bone54": {
          "rotation": [0, 0, 45]
        },
        "bone55": {
          "rotation": [0, 0, 17.5]
        },
        "bone56": {
          "rotation": [0, 0, -45]
        },
        "bone57": {
          "rotation": [0, 0, -20]
        },
        "bone7": {
          "rotation": [10, 0, 0]
        },
        "bone8": {
          "rotation": [12.5, 0, 0]
        },
        "head": {
          "rotation": [5.17544, -14.94159, -1.3378]
        }
      },
      "loop": true
    }
  },
  "format_version": "1.8.0"
}