{
  "animations": {
    "animation.urshifu.ground_idle": {
      "bones": {
        "head": {
          "rotation": ["5-math.sin(q.anim_time*90*2+90)*1.5", 0, 0]
        },
        "left_arm": {
          "rotation": [-0.07645, "-10.0033+math.sin(q.anim_time*90*2+120)*1", "25.0127-math.sin(q.anim_time*90*2+45)*0.5"]
        },
        "left_arm2": {
          "position": [-1.25, 0, 0],
          "rotation": [0, "5+math.sin(q.anim_time*90*2+120)*1", 20]
        },
        "left_arm3": {
          "position": [-0.75, 0, 0.25],
          "rotation": [6.89582, "37.8400005397-math.sin(q.anim_time*90*2+150)*2", 16.66995]
        },
        "left_finger": {
          "rotation": [-1.70944, -2.19888, 19.9955]
        },
        "left_finger10": {
          "position": [-0.5, 0, 0],
          "rotation": [0, -20, 0]
        },
        "left_finger2": {
          "rotation": [0, 0, 20]
        },
        "left_finger3": {
          "rotation": [1.70944, 2.19888, 19.9955]
        },
        "left_finger4": {
          "rotation": [0, 0, 15]
        },
        "left_finger5": {
          "rotation": [1.91757, 4.61854, 22.57734]
        },
        "left_finger6": {
          "rotation": [0, 0, 20]
        },
        "left_finger7": {
          "rotation": [-2.61298, -9.65594, 15.22074]
        },
        "left_finger8": {
          "rotation": [0, 0, 15]
        },
        "left_finger9": {
          "position": [0.5, -1.5, 0],
          "rotation": [-9.00717, -69.29519, 65.85133]
        },
        "left_hand": {
          "position": [0, -0.25, 0],
          "rotation": [17.5, "0-math.sin(q.anim_time*90*2+45)*1", 0]
        },
        "left_leg": {
          "position": [0, "0+math.sin(q.anim_time*90*2+90)*0.1", "0-math.sin(q.anim_time*90*2+90)*0.175"],
          "rotation": ["0+math.sin(q.anim_time*90*2+90)*1", 0, -5]
        },
        "left_leg2": {
          "rotation": ["0-math.sin(q.anim_time*90*2+90)*1.5", 0, 5]
        },
        "left_leg3": {
          "rotation": ["0+math.sin(q.anim_time*90*2+90)*0.5", 0, 0]
        },
        "left_ruban": {
          "rotation": ["2.5+math.sin(q.anim_time*180+45*2)*10-math.sin(q.anim_time*180+45*1)*10", "10-math.sin(q.anim_time*90*2+45)*2", "-math.sin(q.anim_time*90*2+90)*5"]
        },
        "left_ruban2": {
          "rotation": ["0+math.sin(q.anim_time*180+45*1)*20", 0, "0-math.sin(q.anim_time*90*2+120)*8"]
        },
        "left_ruban3": {
          "rotation": ["0+math.sin(q.anim_time*180*1)*20-math.sin(q.anim_time*180+45*3)*20", 0, "0-math.sin(q.anim_time*90*2+120)*8"]
        },
        "left_ruban4": {
          "rotation": ["0+math.sin(q.anim_time*180-45*2)*10+math.sin(q.anim_time*180-45*1)*10", 0, "0-math.sin(q.anim_time*90*2+90)*12"]
        },
        "left_ruban5": {
          "rotation": ["0+math.sin(q.anim_time*180-45*3)*20+math.sin(q.anim_time*180-45*2)*20", 0, "0-math.sin(q.anim_time*90*2+120)*15"]
        },
        "patchofhair": {
          "rotation": ["82.5+math.sin(q.anim_time*90*2+45)*1", 0, 0]
        },
        "patchofhair10": {
          "rotation": [0, 0, "17.5+math.sin(q.anim_time*90*2+120)*2"]
        },
        "patchofhair11": {
          "rotation": [0, 0, "-55-math.sin(q.anim_time*90*2+45)*1"]
        },
        "patchofhair12": {
          "rotation": [0, 0, "12.5+math.sin(q.anim_time*90*2+150)*3"]
        },
        "patchofhair13": {
          "rotation": ["82.5+math.sin(q.anim_time*90*2+45)*1", 0, 0]
        },
        "patchofhair14": {
          "rotation": ["-20-math.sin(q.anim_time*90*2+120)*2", 0, 0]
        },
        "patchofhair15": {
          "rotation": ["83.2489718487+math.sin(q.anim_time*90*2+45)*1", 55.33296, -1.25763]
        },
        "patchofhair16": {
          "rotation": ["-32.5-math.sin(q.anim_time*90*2+120)*2", 0, 0]
        },
        "patchofhair2": {
          "rotation": [0, 0, "72.5+math.sin(q.anim_time*90*2+45)*1"]
        },
        "patchofhair3": {
          "rotation": [0, 0, "-17.5-math.sin(q.anim_time*90*2+120)*2"]
        },
        "patchofhair4": {
          "rotation": ["-20-math.sin(q.anim_time*90*2+120)*2", 0, 0]
        },
        "patchofhair5": {
          "rotation": ["83.2489718487+math.sin(q.anim_time*90*2+45)*1", -55.33296, 1.25763]
        },
        "patchofhair6": {
          "rotation": ["-32.5-math.sin(q.anim_time*90*2+120)*2", 0, 0]
        },
        "patchofhair7": {
          "rotation": [0, 0, "55+math.sin(q.anim_time*90*2+45)*1"]
        },
        "patchofhair8": {
          "rotation": [0, 0, "-12.5-math.sin(q.anim_time*90*2+150)*3"]
        },
        "patchofhair9": {
          "rotation": [0, 0, "-72.5-math.sin(q.anim_time*90*2+45)*1"]
        },
        "right_arm": {
          "rotation": [-0.07645, "10.0033-math.sin(q.anim_time*90*2+120)*1", "-25.0127+math.sin(q.anim_time*90*2+45)*0.5"]
        },
        "right_arm2": {
          "position": [1.25, 0, 0],
          "rotation": [0, "-5-math.sin(q.anim_time*90*2+120)*1", -20]
        },
        "right_arm3": {
          "position": [0.75, 0, 0.25],
          "rotation": [6.89582, "-37.84+math.sin(q.anim_time*90*2+150)*2", -16.66995]
        },
        "right_finger": {
          "rotation": [-1.70944, 2.19888, -19.9955]
        },
        "right_finger10": {
          "position": [0.5, 0, 0],
          "rotation": [0, 20, 0]
        },
        "right_finger2": {
          "rotation": [0, 0, -20]
        },
        "right_finger3": {
          "rotation": [1.70944, -2.19888, -19.9955]
        },
        "right_finger4": {
          "rotation": [0, 0, -15]
        },
        "right_finger5": {
          "rotation": [1.91757, -4.61854, -22.57734]
        },
        "right_finger6": {
          "rotation": [0, 0, -20]
        },
        "right_finger7": {
          "rotation": [-2.61298, 9.65594, -15.22074]
        },
        "right_finger8": {
          "rotation": [0, 0, -15]
        },
        "right_finger9": {
          "position": [-0.5, -1.5, 0],
          "rotation": [-9.00717, 69.29519, -65.85133]
        },
        "right_hand": {
          "position": [0, -0.25, 0],
          "rotation": [17.5, "0+math.sin(q.anim_time*90*2+45)*1", 0]
        },
        "right_leg": {
          "position": [0, "0+math.sin(q.anim_time*90*2+90)*0.1", "0-math.sin(q.anim_time*90*2+90)*0.175"],
          "rotation": ["0+math.sin(q.anim_time*90*2+90)*1", 0, 5]
        },
        "right_leg2": {
          "rotation": ["0-math.sin(q.anim_time*90*2+90)*1.5", 0, -5]
        },
        "right_leg3": {
          "rotation": ["0+math.sin(q.anim_time*90*2+90)*0.5", 0, 0]
        },
        "right_ruban": {
          "rotation": ["2.5+math.sin(q.anim_time*180+60*2)*10-math.sin(q.anim_time*180+60*1)*10", "-10+math.sin(q.anim_time*90*2+45)*2", "math.sin(q.anim_time*90*2+90)*5"]
        },
        "right_ruban2": {
          "rotation": ["0+math.sin(q.anim_time*180+60*1)*20", 0, "0+math.sin(q.anim_time*90*2+120)*8"]
        },
        "right_ruban3": {
          "rotation": ["0+math.sin(q.anim_time*180+20*1)*20-math.sin(q.anim_time*180+60*3)*20", 0, "0+math.sin(q.anim_time*90*2+120)*8"]
        },
        "right_ruban4": {
          "rotation": ["0+math.sin(q.anim_time*180-45*2)*10+math.sin(q.anim_time*180-45*1)*10", 0, "0+math.sin(q.anim_time*90*2+90)*12"]
        },
        "right_ruban5": {
          "rotation": ["0+math.sin(q.anim_time*180-45*3)*20+math.sin(q.anim_time*180-45*2)*20", 0, "0+math.sin(q.anim_time*90*2+120)*15"]
        },
        "torso": {
          "position": [0, 0, -0.25],
          "rotation": ["5+math.sin(q.anim_time*90*2+60)*1", 0, 0]
        },
        "torso2": {
          "rotation": ["-5-math.sin(q.anim_time*90*2+150)*2", 0, 0]
        },
        "torso3": {
          "rotation": ["0+math.sin(q.anim_time*90*2-90)*2", 0, 0]
        },
        "torso4": {
          "rotation": ["0-math.sin(q.anim_time*90*2+45)*2", 0, 0]
        },
        "torso5": {
          "rotation": ["0+math.sin(q.anim_time*90*2+150)*2", 0, 0]
        },
        "torso6": {
          "rotation": ["0+math.sin(q.anim_time*90*2+90)*2", 0, 0]
        },
        "torso7": {
          "rotation": ["0+math.sin(q.anim_time*90*2+45)*2", 0, 0]
        }
      },
      "loop": true
    },
    "animation.urshifu.ground_walk": {
      "animation_length": 2,
      "bones": {
        "body": {
          "position": [0, "0+math.sin(q.anim_time*90*4-45)*0.5", 0],
          "rotation": [0, 0, 0]
        },
        "head": {
          "rotation": ["3.5-math.cos(q.anim_time*90*4+120)*4", 0, 0]
        },
        "left_arm": {
          "rotation": [3.65768, "1.2667-math.sin(q.anim_time*90*2+120)*15", 16.63047]
        },
        "left_arm2": {
          "position": [-1.25, 0, 0],
          "rotation": [1.02209, "5.7766017418+math.sin(q.anim_time*90*2-90)*10", 30.05157]
        },
        "left_arm3": {
          "position": [-0.75, 0, 0.25],
          "rotation": [6.89582, "36.84000054+math.sin(q.anim_time*90*2-45)*10", 16.66995]
        },
        "left_feet": {
          "position": {
            "0.0": {
              "lerp_mode": "catmullrom",
              "post": [0, 0, 0]
            },
            "0.2917": {
              "lerp_mode": "catmullrom",
              "post": [0, -0.02, 0]
            },
            "0.5833": {
              "lerp_mode": "catmullrom",
              "post": [0, 0.15, 0]
            },
            "0.875": {
              "lerp_mode": "catmullrom",
              "post": [0, 0.15, 0]
            },
            "1.75": {
              "lerp_mode": "catmullrom",
              "post": [0, 0.03, 0]
            },
            "2.0": {
              "lerp_mode": "catmullrom",
              "post": [0, 0, 0]
            }
          },
          "rotation": {
            "0.0": {
              "lerp_mode": "catmullrom",
              "post": [-7.5, 0, 0]
            },
            "0.2917": {
              "lerp_mode": "catmullrom",
              "post": [0, 0, 0]
            },
            "0.5833": {
              "lerp_mode": "catmullrom",
              "post": [-7.5, 0, 0]
            },
            "0.875": {
              "lerp_mode": "catmullrom",
              "post": [-22.5, 0, 0]
            },
            "1.125": {
              "lerp_mode": "catmullrom",
              "post": [22.5, 0, 0]
            },
            "1.4167": {
              "lerp_mode": "catmullrom",
              "post": [26.25, 0, 0]
            },
            "1.75": {
              "lerp_mode": "catmullrom",
              "post": [8.34, 0, 0]
            },
            "2.0": {
              "lerp_mode": "catmullrom",
              "post": [-7.5, 0, 0]
            }
          }
        },
        "left_finger": {
          "rotation": [-1.70944, -2.19888, 19.9955]
        },
        "left_finger10": {
          "position": [-0.5, 0, 0],
          "rotation": [0, -20, 0]
        },
        "left_finger2": {
          "rotation": [0, 0, 20]
        },
        "left_finger3": {
          "rotation": [1.70944, 2.19888, 19.9955]
        },
        "left_finger4": {
          "rotation": [0, 0, 15]
        },
        "left_finger5": {
          "rotation": [1.91757, 4.61854, 22.57734]
        },
        "left_finger6": {
          "rotation": [0, 0, 20]
        },
        "left_finger7": {
          "rotation": [-2.61298, -9.65594, 15.22074]
        },
        "left_finger8": {
          "rotation": [0, 0, 15]
        },
        "left_finger9": {
          "position": [0.5, -1.5, 0],
          "rotation": [-9.00717, -69.29519, 65.85133]
        },
        "left_hand": {
          "position": [0, -0.25, 0],
          "rotation": [17.5, -0.70711, 0]
        },
        "left_leg": {
          "position": {
            "0.0": {
              "lerp_mode": "catmullrom",
              "post": [0, -4.75, -1]
            },
            "0.2917": {
              "lerp_mode": "catmullrom",
              "post": [0, -1.5, 0]
            },
            "0.5833": {
              "lerp_mode": "catmullrom",
              "post": [0, -1.1, -0.5]
            },
            "0.875": {
              "lerp_mode": "catmullrom",
              "post": [0, -1.5, -2.5]
            },
            "1.1667": {
              "lerp_mode": "catmullrom",
              "post": [0, 0, -1.5]
            },
            "1.4167": {
              "lerp_mode": "catmullrom",
              "post": [0, -0.63, 0]
            },
            "1.7083": {
              "lerp_mode": "catmullrom",
              "post": [0, -4.5, 0.5]
            },
            "2.0": {
              "lerp_mode": "catmullrom",
              "post": [0, -4.75, -1]
            }
          },
          "rotation": {
            "0.0": {
              "lerp_mode": "catmullrom",
              "post": [-42.5, 0, -5]
            },
            "0.2917": {
              "lerp_mode": "catmullrom",
              "post": [-25, 0, -5]
            },
            "0.5417": {
              "lerp_mode": "catmullrom",
              "post": [-7, 0, -5]
            },
            "0.7917": {
              "lerp_mode": "catmullrom",
              "post": [5.5, 0, -5]
            },
            "1.125": {
              "lerp_mode": "catmullrom",
              "post": [4.5, 0, -5]
            },
            "1.4167": {
              "lerp_mode": "catmullrom",
              "post": [-22.90741, 0, -5]
            },
            "1.6667": {
              "lerp_mode": "catmullrom",
              "post": [-50, 0, -5]
            },
            "2.0": {
              "lerp_mode": "catmullrom",
              "post": [-42.5, 0, -5]
            }
          }
        },
        "left_leg2": {
          "position": {
            "0.0": {
              "lerp_mode": "catmullrom",
              "post": [0, -2, 1]
            },
            "0.2917": {
              "lerp_mode": "catmullrom",
              "post": [0, -1, 1]
            },
            "0.5833": {
              "lerp_mode": "catmullrom",
              "post": [0, -0.25, 1]
            },
            "0.875": {
              "lerp_mode": "catmullrom",
              "post": [0, -2.69, 1]
            },
            "1.125": {
              "lerp_mode": "catmullrom",
              "post": [0, -2.69, 1]
            },
            "1.4167": {
              "lerp_mode": "catmullrom",
              "post": [0, 0.01, 1]
            },
            "1.7917": {
              "lerp_mode": "catmullrom",
              "post": [0, -1.83, 0]
            },
            "2.0": {
              "lerp_mode": "catmullrom",
              "post": [0, -2, 1]
            }
          },
          "rotation": {
            "0.0": {
              "lerp_mode": "catmullrom",
              "post": [50, 0, 5]
            },
            "0.2917": {
              "lerp_mode": "catmullrom",
              "post": [25, 0, 5]
            },
            "0.5833": {
              "lerp_mode": "catmullrom",
              "post": [14.5, 0, 5]
            },
            "0.875": {
              "lerp_mode": "catmullrom",
              "post": [34.625, 0, 5]
            },
            "1.125": {
              "lerp_mode": "catmullrom",
              "post": [67.22685, 0, 5]
            },
            "1.4167": {
              "lerp_mode": "catmullrom",
              "post": [24.31533, 0, 5]
            },
            "1.7917": {
              "lerp_mode": "catmullrom",
              "post": [37.12404, 0, 5]
            },
            "2.0": {
              "lerp_mode": "catmullrom",
              "post": [50, 0, 5]
            }
          }
        },
        "left_leg3": {
          "position": {
            "0.0": [0, 0, 0],
            "2.0": [0, 0, 0]
          },
          "rotation": {
            "0.0": [0.5, 0, 0],
            "2.0": [0.5, 0, 0]
          }
        },
        "left_ruban": {
          "rotation": ["2.5832 + math.sin(q.anim_time * 360 + 45 * 2) * 10 - math.sin(q.anim_time * 360 + 45 * 1) * 10", 9.95469, 0.95574]
        },
        "left_ruban2": {
          "rotation": ["0 + math.sin(q.anim_time * 360 + 45 * 1) * 20", 0, 0]
        },
        "left_ruban3": {
          "rotation": ["0 + math.sin(q.anim_time * 360) * 20 - math.sin(q.anim_time * 360 + 45 * 3) * 20", 0, 0]
        },
        "left_ruban4": {
          "rotation": ["0 + math.sin(q.anim_time * 360 - 45 * 2) * 10 + math.sin(q.anim_time * 360 - 45 * 1) * 10", 0, 0]
        },
        "left_ruban5": {
          "rotation": ["0 + math.sin(q.anim_time * 360 - 45 * 3) * 20 + math.sin(q.anim_time * 360 - 45 * 2) * 20", 0, 0]
        },
        "left_toe": {
          "position": {
            "0.0": {
              "lerp_mode": "catmullrom",
              "post": [0, 0, 0]
            },
            "0.2917": {
              "lerp_mode": "catmullrom",
              "post": [0, 0, 0]
            },
            "0.5833": {
              "lerp_mode": "catmullrom",
              "post": [0, 0, 0]
            },
            "0.875": {
              "lerp_mode": "catmullrom",
              "post": [0, -0.25, 0.5]
            },
            "1.125": {
              "lerp_mode": "catmullrom",
              "post": [0, 0, 0]
            },
            "1.7083": {
              "lerp_mode": "catmullrom",
              "post": [0, 0, 0]
            },
            "2.0": {
              "lerp_mode": "catmullrom",
              "post": [0, 0, 0]
            }
          },
          "rotation": {
            "0.0": {
              "lerp_mode": "catmullrom",
              "post": [0, 0, 0]
            },
            "0.2917": {
              "lerp_mode": "catmullrom",
              "post": [0, 0, 0]
            },
            "0.5833": {
              "lerp_mode": "catmullrom",
              "post": [0, 0, 0]
            },
            "0.875": {
              "lerp_mode": "catmullrom",
              "post": [-15, 0, 0]
            },
            "1.125": {
              "lerp_mode": "catmullrom",
              "post": [10, 0, 0]
            },
            "1.7083": {
              "lerp_mode": "catmullrom",
              "post": [0, 0, 0]
            },
            "2.0": {
              "lerp_mode": "catmullrom",
              "post": [0, 0, 0]
            }
          }
        },
        "left_toe2": {
          "position": {
            "0.0": {
              "lerp_mode": "catmullrom",
              "post": [0, 0, 0]
            },
            "0.2917": {
              "lerp_mode": "catmullrom",
              "post": [0, 0, 0]
            },
            "0.5833": {
              "lerp_mode": "catmullrom",
              "post": [0, 0, 0]
            },
            "0.875": {
              "lerp_mode": "catmullrom",
              "post": [0, -0.25, 0.5]
            },
            "1.125": {
              "lerp_mode": "catmullrom",
              "post": [0, 0, 0]
            },
            "1.7083": {
              "lerp_mode": "catmullrom",
              "post": [0, 0, 0]
            },
            "2.0": {
              "lerp_mode": "catmullrom",
              "post": [0, 0, 0]
            }
          },
          "rotation": {
            "0.0": {
              "lerp_mode": "catmullrom",
              "post": [0, 0, 0]
            },
            "0.2917": {
              "lerp_mode": "catmullrom",
              "post": [0, 0, 0]
            },
            "0.5833": {
              "lerp_mode": "catmullrom",
              "post": [0, 0, 0]
            },
            "0.875": {
              "lerp_mode": "catmullrom",
              "post": [-15, 0, 0]
            },
            "1.125": {
              "lerp_mode": "catmullrom",
              "post": [10, 0, 0]
            },
            "1.7083": {
              "lerp_mode": "catmullrom",
              "post": [0, 0, 0]
            },
            "2.0": {
              "lerp_mode": "catmullrom",
              "post": [0, 0, 0]
            }
          }
        },
        "left_toe3": {
          "position": {
            "0.0": {
              "lerp_mode": "catmullrom",
              "post": [0, 0, 0]
            },
            "0.2917": {
              "lerp_mode": "catmullrom",
              "post": [0, 0, 0]
            },
            "0.5833": {
              "lerp_mode": "catmullrom",
              "post": [0, 0, 0]
            },
            "0.875": {
              "lerp_mode": "catmullrom",
              "post": [0, -0.25, 0.5]
            },
            "1.125": {
              "lerp_mode": "catmullrom",
              "post": [0, 0, 0]
            },
            "1.7083": {
              "lerp_mode": "catmullrom",
              "post": [0, 0, 0]
            },
            "2.0": {
              "lerp_mode": "catmullrom",
              "post": [0, 0, 0]
            }
          },
          "rotation": {
            "0.0": {
              "lerp_mode": "catmullrom",
              "post": [0, 0, 0]
            },
            "0.2917": {
              "lerp_mode": "catmullrom",
              "post": [0, 0, 0]
            },
            "0.5833": {
              "lerp_mode": "catmullrom",
              "post": [0, 0, 0]
            },
            "0.875": {
              "lerp_mode": "catmullrom",
              "post": [-15, 0, 0]
            },
            "1.125": {
              "lerp_mode": "catmullrom",
              "post": [10, 0, 0]
            },
            "1.7083": {
              "lerp_mode": "catmullrom",
              "post": [0, 0, 0]
            },
            "2.0": {
              "lerp_mode": "catmullrom",
              "post": [0, 0, 0]
            }
          }
        },
        "patchofhair": {
          "rotation": ["83.207106781-math.sin(q.anim_time*90*2+90)*10", 0, 0]
        },
        "patchofhair10": {
          "rotation": [0, 0, "19.232050808+math.sin(q.anim_time*90*2-150)*20"]
        },
        "patchofhair11": {
          "rotation": [0, 0, "-55.707106781-math.sin(q.anim_time*90*2+90)*10"]
        },
        "patchofhair12": {
          "rotation": [0, 0, "14+math.sin(q.anim_time*90*2-150)*20"]
        },
        "patchofhair13": {
          "rotation": ["83.207106781+math.sin(q.anim_time*90*2+90)*10", 0, 0]
        },
        "patchofhair14": {
          "rotation": ["-21.732050808-math.sin(q.anim_time*90*2-150)*20", 0, 0]
        },
        "patchofhair15": {
          "rotation": ["83.95607863+math.sin(q.anim_time*90*2+90)*10", 55.33296, -1.25763]
        },
        "patchofhair16": {
          "rotation": ["-34.232050808-math.sin(q.anim_time*90*2-150)*20", 0, 0]
        },
        "patchofhair2": {
          "rotation": [0, 0, "73.207106781-math.sin(q.anim_time*90*2+90)*10"]
        },
        "patchofhair3": {
          "rotation": [0, 0, "-19.232050808+math.sin(q.anim_time*90*2-150)*20"]
        },
        "patchofhair4": {
          "rotation": ["-21.732050808+math.sin(q.anim_time*90*2-150)*20", 0, 0]
        },
        "patchofhair5": {
          "rotation": ["83.95607863-math.sin(q.anim_time*90*2+90)*10", -55.33296, 1.25763]
        },
        "patchofhair6": {
          "rotation": ["-34.232050808+math.sin(q.anim_time*90*2-150)*20", 0, 0]
        },
        "patchofhair7": {
          "rotation": [0, 0, "55.707106781-math.sin(q.anim_time*90*2+90)*10"]
        },
        "patchofhair8": {
          "rotation": [0, 0, "-14+math.sin(q.anim_time*90*2-150)*20"]
        },
        "patchofhair9": {
          "rotation": [0, 0, "-73.207106781-math.sin(q.anim_time*90*2+90)*10"]
        },
        "right_arm": {
          "rotation": [3.65768, "-1.2667-math.sin(q.anim_time*90*2+120)*15", -16.63047]
        },
        "right_arm2": {
          "position": [1.25, 0, 0],
          "rotation": [1.02209, "-5.7766+math.sin(q.anim_time*90*2-90)*10", -30.05157]
        },
        "right_arm3": {
          "position": [0.75, 0, 0.25],
          "rotation": [6.89582, "-36.84+math.sin(q.anim_time*90*2-45)*10", -16.66995]
        },
        "right_feet": {
          "position": {
            "0.0": {
              "lerp_mode": "catmullrom",
              "post": [0, 0.14, 0]
            },
            "0.75": {
              "lerp_mode": "catmullrom",
              "post": [0, 0.03, 0]
            },
            "1.0": {
              "lerp_mode": "catmullrom",
              "post": [0, 0, 0]
            },
            "1.2917": {
              "lerp_mode": "catmullrom",
              "post": [0, -0.02, 0]
            },
            "1.5833": {
              "lerp_mode": "catmullrom",
              "post": [0, 0.15, 0]
            },
            "1.875": {
              "lerp_mode": "catmullrom",
              "post": [0, 0.15, 0]
            },
            "2.0": {
              "lerp_mode": "catmullrom",
              "post": [0, 0.14, 0]
            }
          },
          "rotation": {
            "0.0": {
              "lerp_mode": "catmullrom",
              "post": [-1.17, 0, 0]
            },
            "0.125": {
              "lerp_mode": "catmullrom",
              "post": [22.5, 0, 0]
            },
            "0.4167": {
              "lerp_mode": "catmullrom",
              "post": [26.25, 0, 0]
            },
            "0.75": {
              "lerp_mode": "catmullrom",
              "post": [0.9, 0, 0]
            },
            "1.0": {
              "lerp_mode": "catmullrom",
              "post": [-7.5, 0, 0]
            },
            "1.2917": {
              "lerp_mode": "catmullrom",
              "post": [0, 0, 0]
            },
            "1.5833": {
              "lerp_mode": "catmullrom",
              "post": [-7.5, 0, 0]
            },
            "1.875": {
              "lerp_mode": "catmullrom",
              "post": [-22.5, 0, 0]
            },
            "2.0": {
              "lerp_mode": "catmullrom",
              "post": [-1.17, 0, 0]
            }
          }
        },
        "right_finger": {
          "rotation": [-1.70944, 2.19888, -19.9955]
        },
        "right_finger10": {
          "position": [0.5, 0, 0],
          "rotation": [0, 20, 0]
        },
        "right_finger2": {
          "rotation": [0, 0, -20]
        },
        "right_finger3": {
          "rotation": [1.70944, -2.19888, -19.9955]
        },
        "right_finger4": {
          "rotation": [0, 0, -15]
        },
        "right_finger5": {
          "rotation": [1.91757, -4.61854, -22.57734]
        },
        "right_finger6": {
          "rotation": [0, 0, -20]
        },
        "right_finger7": {
          "rotation": [-2.61298, 9.65594, -15.22074]
        },
        "right_finger8": {
          "rotation": [0, 0, -15]
        },
        "right_finger9": {
          "position": [-0.5, -1.5, 0],
          "rotation": [-9.00717, 69.29519, -65.85133]
        },
        "right_hand": {
          "position": [0, -0.25, 0],
          "rotation": [17.5, 0.70711, 0]
        },
        "right_leg": {
          "position": {
            "0.0": {
              "lerp_mode": "catmullrom",
              "post": [0, -0.88, -2.31]
            },
            "0.1667": {
              "lerp_mode": "catmullrom",
              "post": [0, 0, -1.5]
            },
            "0.4167": {
              "lerp_mode": "catmullrom",
              "post": [0, -0.63, 0]
            },
            "0.7083": {
              "lerp_mode": "catmullrom",
              "post": [0, -4.5, 0.5]
            },
            "1.0": {
              "lerp_mode": "catmullrom",
              "post": [0, -4.75, -1]
            },
            "1.2917": {
              "lerp_mode": "catmullrom",
              "post": [0, -1.5, 0]
            },
            "1.5833": {
              "lerp_mode": "catmullrom",
              "post": [0, -1.1, -0.5]
            },
            "1.875": {
              "lerp_mode": "catmullrom",
              "post": [0, -1.5, -2.5]
            },
            "2.0": {
              "lerp_mode": "catmullrom",
              "post": [0, -0.88, -2.31]
            }
          },
          "rotation": {
            "0.0": {
              "lerp_mode": "catmullrom",
              "post": [7.4, 0, 5]
            },
            "0.125": {
              "lerp_mode": "catmullrom",
              "post": [4.5, 0, 5]
            },
            "0.4167": {
              "lerp_mode": "catmullrom",
              "post": [-22.90741, 0, 5]
            },
            "0.6667": {
              "lerp_mode": "catmullrom",
              "post": [-50, 0, 5]
            },
            "1.0": {
              "lerp_mode": "catmullrom",
              "post": [-42.5, 0, 5]
            },
            "1.2917": {
              "lerp_mode": "catmullrom",
              "post": [-25, 0, 5]
            },
            "1.5417": {
              "lerp_mode": "catmullrom",
              "post": [-7, 0, 5]
            },
            "1.7917": {
              "lerp_mode": "catmullrom",
              "post": [5.5, 0, 5]
            },
            "2.0": {
              "lerp_mode": "catmullrom",
              "post": [7.4, 0, 5]
            }
          }
        },
        "right_leg2": {
          "position": {
            "0.0": {
              "lerp_mode": "catmullrom",
              "post": [0, -3.01, 1]
            },
            "0.125": {
              "lerp_mode": "catmullrom",
              "post": [0, -2.69, 1]
            },
            "0.4167": {
              "lerp_mode": "catmullrom",
              "post": [0, 0.01, 1]
            },
            "0.625": {
              "lerp_mode": "catmullrom",
              "post": [0, -1.83, 0]
            },
            "1.0": {
              "lerp_mode": "catmullrom",
              "post": [0, -2, 1]
            },
            "1.2917": {
              "lerp_mode": "catmullrom",
              "post": [0, -1, 1]
            },
            "1.5833": {
              "lerp_mode": "catmullrom",
              "post": [0, -0.25, 1]
            },
            "1.875": {
              "lerp_mode": "catmullrom",
              "post": [0, -2.69, 1]
            },
            "2.0": {
              "lerp_mode": "catmullrom",
              "post": [0, -3.01, 1]
            }
          },
          "rotation": {
            "0.0": {
              "lerp_mode": "catmullrom",
              "post": [54.87, 0, -5]
            },
            "0.125": {
              "lerp_mode": "catmullrom",
              "post": [67.22685, 0, -5]
            },
            "0.4167": {
              "lerp_mode": "catmullrom",
              "post": [24.31533, 0, -5]
            },
            "0.625": {
              "lerp_mode": "catmullrom",
              "post": [37.12404, 0, -5]
            },
            "1.0": {
              "lerp_mode": "catmullrom",
              "post": [50, 0, -5]
            },
            "1.2917": {
              "lerp_mode": "catmullrom",
              "post": [25, 0, -5]
            },
            "1.5833": {
              "lerp_mode": "catmullrom",
              "post": [14.5, 0, -5]
            },
            "1.875": {
              "lerp_mode": "catmullrom",
              "post": [34.625, 0, -5]
            },
            "2.0": {
              "lerp_mode": "catmullrom",
              "post": [54.87, 0, -5]
            }
          }
        },
        "right_leg3": {
          "rotation": [0.5, 0, 0]
        },
        "right_ruban": {
          "rotation": ["2.5832 + math.sin(q.anim_time * 360 + 45 * 2) * 10 - math.sin(q.anim_time * 360 + 45 * 1) * 10", -9.95469, -0.95574]
        },
        "right_ruban2": {
          "rotation": ["0 + math.sin(q.anim_time * 360 + 45 * 1) * 20", 0, 0]
        },
        "right_ruban3": {
          "rotation": ["0 + math.sin(q.anim_time * 360) * 20 - math.sin(q.anim_time * 360 + 45 * 3) * 20", 0, 0]
        },
        "right_ruban4": {
          "rotation": ["0 + math.sin(q.anim_time * 360 - 45 * 2) * 10 + math.sin(q.anim_time * 360 - 45 * 1) * 10", 0, 0]
        },
        "right_ruban5": {
          "rotation": ["0 + math.sin(q.anim_time * 360 - 45 * 3) * 20 + math.sin(q.anim_time * 360 - 45 * 2) * 20", 0, 0]
        },
        "right_toe": {
          "position": {
            "0.0": {
              "lerp_mode": "catmullrom",
              "post": [0, -0.14, 0.28]
            },
            "0.125": {
              "lerp_mode": "catmullrom",
              "post": [0, 0, 0]
            },
            "0.7083": {
              "lerp_mode": "catmullrom",
              "post": [0, 0, 0]
            },
            "1.0": {
              "lerp_mode": "catmullrom",
              "post": [0, 0, 0]
            },
            "1.2917": {
              "lerp_mode": "catmullrom",
              "post": [0, 0, 0]
            },
            "1.5833": {
              "lerp_mode": "catmullrom",
              "post": [0, 0, 0]
            },
            "1.875": {
              "lerp_mode": "catmullrom",
              "post": [0, -0.25, 0.5]
            },
            "2.0": {
              "lerp_mode": "catmullrom",
              "post": [0, -0.14, 0.28]
            }
          },
          "rotation": {
            "0.0": {
              "lerp_mode": "catmullrom",
              "post": [-2.81, 0, 0]
            },
            "0.125": {
              "lerp_mode": "catmullrom",
              "post": [10, 0, 0]
            },
            "0.7083": {
              "lerp_mode": "catmullrom",
              "post": [0, 0, 0]
            },
            "1.0": {
              "lerp_mode": "catmullrom",
              "post": [0, 0, 0]
            },
            "1.2917": {
              "lerp_mode": "catmullrom",
              "post": [0, 0, 0]
            },
            "1.5833": {
              "lerp_mode": "catmullrom",
              "post": [0, 0, 0]
            },
            "1.875": {
              "lerp_mode": "catmullrom",
              "post": [-15, 0, 0]
            },
            "2.0": {
              "lerp_mode": "catmullrom",
              "post": [-2.81, 0, 0]
            }
          }
        },
        "right_toe2": {
          "position": {
            "0.0": {
              "lerp_mode": "catmullrom",
              "post": [0, -0.14, 0.28]
            },
            "0.125": {
              "lerp_mode": "catmullrom",
              "post": [0, 0, 0]
            },
            "0.7083": {
              "lerp_mode": "catmullrom",
              "post": [0, 0, 0]
            },
            "1.0": {
              "lerp_mode": "catmullrom",
              "post": [0, 0, 0]
            },
            "1.2917": {
              "lerp_mode": "catmullrom",
              "post": [0, 0, 0]
            },
            "1.5833": {
              "lerp_mode": "catmullrom",
              "post": [0, 0, 0]
            },
            "1.875": {
              "lerp_mode": "catmullrom",
              "post": [0, -0.25, 0.5]
            },
            "2.0": {
              "lerp_mode": "catmullrom",
              "post": [0, -0.14, 0.28]
            }
          },
          "rotation": {
            "0.0": {
              "lerp_mode": "catmullrom",
              "post": [-2.81, 0, 0]
            },
            "0.125": {
              "lerp_mode": "catmullrom",
              "post": [10, 0, 0]
            },
            "0.7083": {
              "lerp_mode": "catmullrom",
              "post": [0, 0, 0]
            },
            "1.0": {
              "lerp_mode": "catmullrom",
              "post": [0, 0, 0]
            },
            "1.2917": {
              "lerp_mode": "catmullrom",
              "post": [0, 0, 0]
            },
            "1.5833": {
              "lerp_mode": "catmullrom",
              "post": [0, 0, 0]
            },
            "1.875": {
              "lerp_mode": "catmullrom",
              "post": [-15, 0, 0]
            },
            "2.0": {
              "lerp_mode": "catmullrom",
              "post": [-2.81, 0, 0]
            }
          }
        },
        "right_toe3": {
          "position": {
            "0.0": {
              "lerp_mode": "catmullrom",
              "post": [0, -0.14, 0.28]
            },
            "0.125": {
              "lerp_mode": "catmullrom",
              "post": [0, 0, 0]
            },
            "0.7083": {
              "lerp_mode": "catmullrom",
              "post": [0, 0, 0]
            },
            "1.0": {
              "lerp_mode": "catmullrom",
              "post": [0, 0, 0]
            },
            "1.2917": {
              "lerp_mode": "catmullrom",
              "post": [0, 0, 0]
            },
            "1.5833": {
              "lerp_mode": "catmullrom",
              "post": [0, 0, 0]
            },
            "1.875": {
              "lerp_mode": "catmullrom",
              "post": [0, -0.25, 0.5]
            },
            "2.0": {
              "lerp_mode": "catmullrom",
              "post": [0, -0.14, 0.28]
            }
          },
          "rotation": {
            "0.0": {
              "lerp_mode": "catmullrom",
              "post": [-2.81, 0, 0]
            },
            "0.125": {
              "lerp_mode": "catmullrom",
              "post": [10, 0, 0]
            },
            "0.7083": {
              "lerp_mode": "catmullrom",
              "post": [0, 0, 0]
            },
            "1.0": {
              "lerp_mode": "catmullrom",
              "post": [0, 0, 0]
            },
            "1.2917": {
              "lerp_mode": "catmullrom",
              "post": [0, 0, 0]
            },
            "1.5833": {
              "lerp_mode": "catmullrom",
              "post": [0, 0, 0]
            },
            "1.875": {
              "lerp_mode": "catmullrom",
              "post": [-15, 0, 0]
            },
            "2.0": {
              "lerp_mode": "catmullrom",
              "post": [-2.81, 0, 0]
            }
          }
        },
        "torso": {
          "position": [0, "0+math.sin(q.anim_time*90*4-45)*2", -1.25],
          "rotation": ["10.866+math.sin(q.anim_time*90*4+45)*5", "-math.sin(q.anim_time*90*2+90)*5", "math.sin(q.anim_time*90*2+90)*5"]
        },
        "torso2": {
          "rotation": ["-6+math.sin(q.anim_time*90*4+45)*20", 0, 0.95574]
        },
        "torso3": {
          "rotation": ["-2-math.sin(q.anim_time*90*4+120)*20", 0, 0]
        },
        "torso4": {
          "rotation": ["-1.414213562-math.sin(q.anim_time*90*4+90)*20", 0, 0]
        },
        "torso5": {
          "rotation": ["1+math.sin(q.anim_time*90*4+60)*20", 0, 0]
        },
        "torso6": {
          "rotation": ["2-math.sin(q.anim_time*90*4+120)*20", 0, 0]
        },
        "torso7": {
          "rotation": ["1.414213562-math.sin(q.anim_time*90*4+60)*20", 0, 0]
        }
      },
      "loop": true
    },
    "animation.urshifu.rapid_battle_idle": {
      "bones": {
        "body": {
          "position": [0, -2, 0]
        },
        "hair": {
          "rotation": [-47.5, 0, 0]
        },
        "hair2": {
          "rotation": [-30, 0, 0]
        },
        "head": {
          "rotation": ["5.4639391183-math.sin(q.anim_time*90*4-150)*1", 34.42255, "4.8817674237+math.sin(q.anim_time*90*4-45)*1"]
        },
        "left_arm": {
          "rotation": [22.84663, -19.35162, "9.6357574853-math.sin(q.anim_time*90*4+45)*1"]
        },
        "left_arm2": {
          "rotation": [0, 0, "-7.5-math.sin(q.anim_time*90*4+120)*1"]
        },
        "left_arm3": {
          "rotation": [0, "40-math.sin(q.anim_time*90*4+45)*1", -17.5]
        },
        "left_backcrwonspike": {
          "rotation": [-160, 0, 0]
        },
        "left_crwonspike": {
          "rotation": [0, 0, 160]
        },
        "left_ear": {
          "rotation": [0, 0, 42.5]
        },
        "left_finger": {
          "rotation": [0, 0, 5]
        },
        "left_finger10": {
          "rotation": [0, 0, 55]
        },
        "left_finger2": {
          "rotation": [0, 0, 22.5]
        },
        "left_finger3": {
          "rotation": [0, 0, 5]
        },
        "left_finger4": {
          "rotation": [0, 0, 37.5]
        },
        "left_finger5": {
          "rotation": [0, 0, 5]
        },
        "left_finger6": {
          "rotation": [0, 0, 50]
        },
        "left_finger7": {
          "rotation": [0, -37.5, 0]
        },
        "left_finger8": {
          "rotation": [0, 0, 27.5]
        },
        "left_finger9": {
          "rotation": [33.59794, -54.20256, 48.63781]
        },
        "left_hand": {
          "rotation": [-5.09032, "2.7465242794+math.sin(q.anim_time*90*4+150)*2", 19.03193]
        },
        "left_leg": {
          "position": ["-3.9667667015+math.sin(q.anim_time*90*4+90)*0.15", "0+math.sin(q.anim_time*90*4+90)*0.45", "3.0438071450-math.sin(q.anim_time*90*4+90)*0.15"],
          "rotation": ["-15+math.sin(q.anim_time*90*4+90)*2", -52.5, 0]
        },
        "left_leg2": {
          "rotation": ["25-math.sin(q.anim_time*90*4+90)*4", 0, 0]
        },
        "left_leg3": {
          "rotation": ["-10+math.sin(q.anim_time*90*4+90)*2", 0, 0]
        },
        "left_ruban": {
          "rotation": ["-60-math.sin(q.anim_time*90*4+45)*1", 0, -90]
        },
        "left_ruban2": {
          "rotation": ["-94.9244151512+math.sin(q.anim_time*90*4+120)*2", 0.86717, 9.96271]
        },
        "left_ruban3": {
          "rotation": ["-32.8987512376+math.sin(q.anim_time*90*4+45)*2", -8.42145, 5.41207]
        },
        "left_ruban4": {
          "rotation": ["34.1355439841+math.sin(q.anim_time*90*4+45)*2", 16.76559, 11.06517]
        },
        "left_ruban5": {
          "rotation": ["52.5-math.sin(q.anim_time*90*4+150)*6", 0, 0]
        },
        "left_toe": {
          "rotation": [0, 12.5, 0]
        },
        "left_toe2": {
          "rotation": [0, -17.5, 0]
        },
        "patchofhair": {
          "rotation": ["82.5+math.sin(q.anim_time*90*4+45)*2", 0, 0]
        },
        "patchofhair10": {
          "rotation": [0, 0, "0-math.sin(q.anim_time*90*4+120)*6"]
        },
        "patchofhair11": {
          "rotation": [24.18558, 67.41574, "-63.1217256925+math.sin(q.anim_time*90*4+45)*2"]
        },
        "patchofhair12": {
          "rotation": [0, 0, "0-math.sin(q.anim_time*90*4+120)*6"]
        },
        "patchofhair13": {
          "rotation": ["145-math.sin(q.anim_time*90*4+45)*2", 0, 0]
        },
        "patchofhair14": {
          "rotation": ["-12.5+math.sin(q.anim_time*90*4+120)*6", 0, 0]
        },
        "patchofhair15": {
          "rotation": ["146.3356543477-math.sin(q.anim_time*90*4+45)*2", 18.61388, 54.863]
        },
        "patchofhair16": {
          "rotation": ["-20+math.sin(q.anim_time*90*4+120)*6", 0, 0]
        },
        "patchofhair2": {
          "rotation": [0, 0, "72.5+math.sin(q.anim_time*90*4+45)*2"]
        },
        "patchofhair3": {
          "rotation": [0, 0, "-17.5-math.sin(q.anim_time*90*4+120)*6"]
        },
        "patchofhair4": {
          "rotation": ["-20-math.sin(q.anim_time*90*4+120)*6", 0, 0]
        },
        "patchofhair5": {
          "rotation": ["83.2489718487+math.sin(q.anim_time*90*4+45)*2", -55.33296, 1.25763]
        },
        "patchofhair6": {
          "rotation": ["-32.5-math.sin(q.anim_time*90*4+120)*6", 0, 0]
        },
        "patchofhair7": {
          "rotation": [0, 0, "55+math.sin(q.anim_time*90*4+45)*2"]
        },
        "patchofhair8": {
          "rotation": [0, 0, "-12.5-math.sin(q.anim_time*90*4+120)*6"]
        },
        "patchofhair9": {
          "rotation": [0, 67.5, "-65+math.sin(q.anim_time*90*4+45)*2"]
        },
        "right_arm": {
          "rotation": [35.41645, -25.74529, "-55.2787695803+math.sin(q.anim_time*90*4+45)*1"]
        },
        "right_arm2": {
          "rotation": [0, 0, "20+math.sin(q.anim_time*90*4+120)*1"]
        },
        "right_arm3": {
          "rotation": [0, 0, "20-math.sin(q.anim_time*90*4+90)*2"]
        },
        "right_crwonspike": {
          "rotation": [0, 0, -160]
        },
        "right_ear": {
          "rotation": [0, 0, -42.5]
        },
        "right_feet": {
          "rotation": ["17.5+math.sin(q.anim_time*90*4+90)*3", 0, 0]
        },
        "right_finger": {
          "rotation": [0, 0, -22.5]
        },
        "right_finger10": {
          "rotation": [0, 0, -52.5]
        },
        "right_finger2": {
          "rotation": [0, 0, -75]
        },
        "right_finger4": {
          "rotation": [0, 0, -32.5]
        },
        "right_finger5": {
          "rotation": [0, 0, 5]
        },
        "right_finger6": {
          "rotation": [0, 0, -42.5]
        },
        "right_finger7": {
          "rotation": [0, 15, -22.5]
        },
        "right_finger8": {
          "rotation": [0, 0, -35]
        },
        "right_finger9": {
          "rotation": [72.80788, 61.12091, -81.50122]
        },
        "right_hand": {
          "rotation": [0, 0, "0-math.sin(q.anim_time*90*4+150)*2"]
        },
        "right_leg": {
          "position": [0.2331, -2.88202, -2.37479],
          "rotation": ["-70.6211917711-math.sin(q.anim_time*90*4+45)*3", 19.20343, -0.02642]
        },
        "right_leg2": {
          "rotation": ["55+math.sin(q.anim_time*90*4+150)*3", 0, 0]
        },
        "right_leg3": {
          "rotation": ["12.5+math.sin(q.anim_time*90*4+120)*3", 0, 0]
        },
        "right_ruban": {
          "rotation": ["-60-math.sin(q.anim_time*90*4+45)*1", 0, 90]
        },
        "right_ruban2": {
          "rotation": ["-94.9244151512+math.sin(q.anim_time*90*4+120)*2", -0.86717, -9.96271]
        },
        "right_ruban3": {
          "rotation": ["-32.8987512376+math.sin(q.anim_time*90*4+45)*2", 8.42145, -5.41207]
        },
        "right_ruban4": {
          "rotation": ["34.1355439841+math.sin(q.anim_time*90*4+45)*2", -16.76559, -11.06517]
        },
        "right_ruban5": {
          "rotation": ["52.5-math.sin(q.anim_time*90*4+150)*6", 0, 0]
        },
        "right_toe": {
          "rotation": [30, 0, 0]
        },
        "right_toe2": {
          "rotation": [27.5, 0, 0]
        },
        "right_toe3": {
          "rotation": [30, 0, 0]
        },
        "torso": {
          "position": [0, "0+math.sin(q.anim_time*90*4+45)*0.5", -1],
          "rotation": ["5.8107+math.sin(q.anim_time*90*4+150)*2", "-32.3755-math.sin(q.anim_time*90*4+120)*1", "-3.013-math.sin(q.anim_time*90*4+45)*1"]
        },
        "torso2": {
          "rotation": ["-25+math.sin(q.anim_time*90*4+150)*6", 0, 0]
        },
        "torso3": {
          "rotation": ["-22.5+math.sin(q.anim_time*90*4+45)*8", 0, 0]
        },
        "torso4": {
          "rotation": ["-15+math.sin(q.anim_time*90*4+45)*10", 0, 0]
        },
        "torso5": {
          "rotation": ["20-math.sin(q.anim_time*90*4+150)*6", 0, 0]
        },
        "torso6": {
          "rotation": ["25-math.sin(q.anim_time*90*4+45)*8", 0, 0]
        },
        "torso7": {
          "rotation": ["15-math.sin(q.anim_time*90*4+45)*10", 0, 0]
        }
      },
      "loop": true
    },
    "animation.urshifu.single_battle_idle": {
      "bones": {
        "body": {
          "position": [0, -7, 0],
          "rotation": [0, -55, 0]
        },
        "head": {
          "rotation": ["7.3028033012+math.sin(q.anim_time*90*4+90)*2", "37.8868788181-math.sin(q.anim_time*90*4+120)*2", 0.82608]
        },
        "left_arm": {
          "rotation": [0, "0-math.sin(q.anim_time*90*4+150)*4", 12.5]
        },
        "left_arm2": {
          "rotation": [0, 10, 0]
        },
        "left_arm3": {
          "rotation": [0, "82.5+math.sin(q.anim_time*90*4+45)*2", 0],
          "scale": [1.2, 1, 1]
        },
        "left_backcrwonspike": {
          "rotation": [-15, 0, 0]
        },
        "left_crwonspike": {
          "rotation": [0, 0, 15]
        },
        "left_finger": {
          "rotation": [0, 0, 43.24727]
        },
        "left_finger10": {
          "rotation": [0, 0, 48.83079]
        },
        "left_finger2": {
          "rotation": [0, 0, 71.20062]
        },
        "left_finger3": {
          "rotation": [0, 0, 40.70629]
        },
        "left_finger4": {
          "rotation": [0, 0, 71.2778]
        },
        "left_finger5": {
          "rotation": [0, 0, 43.27699]
        },
        "left_finger6": {
          "rotation": [0, 0, 71.33079]
        },
        "left_finger7": {
          "rotation": [0, 0, 50.94436]
        },
        "left_finger8": {
          "rotation": [0, 0, 43.72136]
        },
        "left_finger9": {
          "rotation": [26.09975, -68.46534, 69.7213]
        },
        "left_hand": {
          "rotation": [0, 0, 17.5]
        },
        "left_leg": {
          "position": [0, "0+math.sin(q.anim_time*90*4+90)*0.5", 0],
          "rotation": ["-45+math.sin(q.anim_time*90*4+90)*2", -40, 0]
        },
        "left_leg2": {
          "rotation": ["45-math.sin(q.anim_time*90*4+90)*3", 0, 0]
        },
        "left_leg3": {
          "position": [0, 0, "0-math.sin(q.anim_time*90*4+90)*0.1"],
          "rotation": ["0+math.sin(q.anim_time*90*4+90)*1", 0, 0]
        },
        "left_ruban": {
          "rotation": ["2.5+math.sin(q.anim_time*180+45*2)*10-math.sin(q.anim_time*180+45*1)*10", "10-math.sin(q.anim_time*90*2+45)*2", "-math.sin(q.anim_time*90*2+90)*5"]
        },
        "left_ruban2": {
          "rotation": ["0+math.sin(q.anim_time*180+45*1)*20", 0, "0-math.sin(q.anim_time*90*2+120)*8"]
        },
        "left_ruban3": {
          "rotation": ["0+math.sin(q.anim_time*180*1)*20-math.sin(q.anim_time*180+45*3)*20", 0, "0-math.sin(q.anim_time*90*2+120)*8"]
        },
        "left_ruban4": {
          "rotation": ["0+math.sin(q.anim_time*180-45*2)*10+math.sin(q.anim_time*180-45*1)*10", 0, "0-math.sin(q.anim_time*90*2+90)*12"]
        },
        "left_ruban5": {
          "rotation": ["0+math.sin(q.anim_time*180-45*3)*20+math.sin(q.anim_time*180-45*2)*20", 0, "0-math.sin(q.anim_time*90*2+120)*15"]
        },
        "left_toe": {
          "rotation": [0, 10, 0]
        },
        "left_toe2": {
          "rotation": [0, -7.5, 0]
        },
        "patchofhair": {
          "rotation": ["-37.5-math.sin(q.anim_time*90*4+45)*4", 0, 0]
        },
        "patchofhair10": {
          "rotation": [0, 0, "30-math.sin(q.anim_time*90*4+120)*4"]
        },
        "patchofhair11": {
          "rotation": [20.18648, -0.2555, "16.324788476+math.sin(q.anim_time*90*4+45)*4"]
        },
        "patchofhair12": {
          "rotation": [0, 0, "22.5-math.sin(q.anim_time*90*4+120)*4"]
        },
        "patchofhair13": {
          "rotation": ["-37.5-math.sin(q.anim_time*90*4+45)*4", 0, 0]
        },
        "patchofhair14": {
          "rotation": ["-17.5+math.sin(q.anim_time*90*4+120)*4", 0, 0]
        },
        "patchofhair15": {
          "rotation": ["5-math.sin(q.anim_time*90*4+45)*4", 50, 0]
        },
        "patchofhair16": {
          "rotation": ["-45+math.sin(q.anim_time*90*4+120)*4", 0, 0]
        },
        "patchofhair2": {
          "rotation": [0, 0, "-27.5-math.sin(q.anim_time*90*4+45)*4"]
        },
        "patchofhair3": {
          "rotation": [0, 0, "-27.5+math.sin(q.anim_time*90*4+120)*4"]
        },
        "patchofhair4": {
          "rotation": ["-17.5+math.sin(q.anim_time*90*4+120)*4", 0, 0]
        },
        "patchofhair5": {
          "rotation": ["6.5016-math.sin(q.anim_time*90*4+45)*4", -29.33291, -1.35824]
        },
        "patchofhair6": {
          "rotation": ["-45+math.sin(q.anim_time*90*4+120)*4", 0, 0]
        },
        "patchofhair7": {
          "rotation": [0, -27.5, "-27.5-math.sin(q.anim_time*90*4+45)*4"]
        },
        "patchofhair8": {
          "rotation": [0, 0, "-27.5+math.sin(q.anim_time*90*4+120)*4"]
        },
        "patchofhair9": {
          "rotation": [0, 0, "22.5+math.sin(q.anim_time*90*4+45)*4"]
        },
        "right_arm": {
          "position": [-2.67819, -0.94426, 5.06191],
          "rotation": [-82.02468, -19.82169, "-15.2199427164-math.sin(q.anim_time*90*4+150)*1"]
        },
        "right_arm2": {
          "rotation": [1.31845, -9.91358, "-7.6143522504-math.sin(q.anim_time*90*4+150)*1"]
        },
        "right_arm3": {
          "rotation": [10.55935, "-54.3059464082+math.sin(q.anim_time*90*4+150)*2", -12.92714],
          "scale": [1.2, 1, 1]
        },
        "right_crwonspike": {
          "rotation": [0, 0, -15]
        },
        "right_finger": {
          "rotation": [0, 0, -43.24727]
        },
        "right_finger10": {
          "rotation": [0, 0, -61.33079]
        },
        "right_finger2": {
          "rotation": [0, 0, -71.20062]
        },
        "right_finger3": {
          "rotation": [0, 0, -40.70629]
        },
        "right_finger4": {
          "rotation": [0, 0, -71.2778]
        },
        "right_finger5": {
          "rotation": [0, 0, -43.27699]
        },
        "right_finger6": {
          "rotation": [0, 0, -71.33079]
        },
        "right_finger7": {
          "rotation": [0, 0, -50.94436]
        },
        "right_finger8": {
          "rotation": [0, 0, -43.72136]
        },
        "right_finger9": {
          "rotation": [36.70733, 72.89737, -57.65195]
        },
        "right_hand": {
          "rotation": [0, 0, -12.5]
        },
        "right_leg": {
          "position": [0, "0+math.sin(q.anim_time*90*4+90)*0.5", 0],
          "rotation": ["-45.5379591659+math.sin(q.anim_time*90*4+90)*2", 62.74102, -0.87031]
        },
        "right_leg2": {
          "rotation": ["47.5-math.sin(q.anim_time*90*4+90)*3", 0, 0]
        },
        "right_leg3": {
          "position": [0, 0, "0-math.sin(q.anim_time*90*4+90)*0.1"],
          "rotation": ["0+math.sin(q.anim_time*90*4+90)*1", 0, 0]
        },
        "right_ruban": {
          "rotation": ["2.5+math.sin(q.anim_time*180+60*2)*10-math.sin(q.anim_time*180+60*1)*10", "-10+math.sin(q.anim_time*90*2+45)*2", "math.sin(q.anim_time*90*2+90)*5"]
        },
        "right_ruban2": {
          "rotation": ["0+math.sin(q.anim_time*180+60*1)*20", 0, "0+math.sin(q.anim_time*90*2+120)*8"]
        },
        "right_ruban3": {
          "rotation": ["0+math.sin(q.anim_time*180+20*1)*20-math.sin(q.anim_time*180+60*3)*20", 0, "0+math.sin(q.anim_time*90*2+120)*8"]
        },
        "right_ruban4": {
          "rotation": ["0+math.sin(q.anim_time*180-45*2)*10+math.sin(q.anim_time*180-45*1)*10", 0, "0+math.sin(q.anim_time*90*2+90)*12"]
        },
        "right_ruban5": {
          "rotation": ["0+math.sin(q.anim_time*180-45*3)*20+math.sin(q.anim_time*180-45*2)*20", 0, "0+math.sin(q.anim_time*90*2+120)*15"]
        },
        "right_toe": {
          "rotation": [0, -12.5, 0]
        },
        "right_toe2": {
          "rotation": [0, 10, 0]
        },
        "torso": {
          "position": [0, "0+math.sin(q.anim_time*90*4+90)*0.5", 0],
          "rotation": ["5-math.sin(q.anim_time*90*4+45)*2", 0, 0]
        },
        "torso2": {
          "rotation": ["-2.5+math.sin(q.anim_time*90*4+150)*2", 0, 0]
        },
        "torso3": {
          "rotation": ["-40+math.sin(q.anim_time*90*4+90)*5", 0, 0]
        },
        "torso4": {
          "rotation": ["-50+math.sin(q.anim_time*90*4+45)*10", 0, 0]
        },
        "torso5": {
          "rotation": ["-10-math.sin(q.anim_time*90*4+150)*2", 0, 0]
        },
        "torso6": {
          "rotation": ["40-math.sin(q.anim_time*90*4+90)*5", 0, 0]
        },
        "torso7": {
          "rotation": ["50-math.sin(q.anim_time*90*4+45)*10", 0, 0]
        }
      },
      "loop": true
    }
  },
  "format_version": "1.8.0"
}