{
  "format_version": "1.10.0",
  "particle_effect": {
    "components": {
      "minecraft:emitter_initialization": {
        "creation_expression": "variable.radius = 2.5;"
      },
      "minecraft:emitter_lifetime_once": {
        "active_time": 1.2
      },
      "minecraft:emitter_rate_steady": {
        "max_particles": 500,
        "spawn_rate": 100
      },
      "minecraft:emitter_shape_sphere": {
        "direction": "inwards",
        "offset": [0, 9.5, -3.7],
        "radius": 2.5,
        "surface_only": true
      },
      "minecraft:particle_appearance_billboard": {
        "facing_camera_mode": "lookat_xyz",
        "size": ["0.12 * variable.psize", "0.12 * variable.psize"],
        "uv": {
          "texture_height": 128,
          "texture_width": 128,
          "uv": [32, 88],
          "uv_size": [8, 8]
        }
      },
      "minecraft:particle_appearance_tinting": {
        "color": {
          "gradient": {
            "0.17": "#ff00ffff",
            "0.41": "#FF6D1B6D",
            "0.67": "#FF141137",
            "0.84": "#ff0000ff"
          },
          "interpolant": "variable.rainbow"
        }
      },
      "minecraft:particle_initial_speed": 1.5,
      "minecraft:particle_lifetime_expression": {
        "max_lifetime": 1
      },
      "minecraft:particle_motion_dynamic": {}
    },
    "curves": {
      "variable.psize": {
        "horizontal_range": "variable.particle_lifetime",
        "input": "variable.particle_age",
        "nodes": [0, 0, 1, 0, 0],
        "type": "catmull_rom"
      },
      "variable.rainbow": {
        "horizontal_range": 1,
        "input": "variable.particle_random_2",
        "nodes": [1, 0, 1, 1.18],
        "type": "catmull_rom"
      }
    },
    "description": {
      "basic_render_parameters": {
        "material": "particles_alpha",
        "texture": "textures/particle/particles"
      },
      "identifier": "snowstorm:rainbow"
    }
  }
}