{
	"format_version": "1.10.0",
	"particle_effect": {
		"description": {
			"identifier": "cobblemon:miraidon_jet",
			"basic_render_parameters": {
				"material": "particles_alpha",
				"texture": "textures/particles/generic/sparkle/mediumsparkle"
			}
		},
		"components": {
			"minecraft:emitter_rate_steady": {
				"spawn_rate": 25,
				"max_particles": 100
			},
			"minecraft:emitter_lifetime_looping": {
				"active_time": 100,
				"sleep_time": 0.01
			},
			"minecraft:emitter_shape_disc": {
				"radius": 0.05,
				"direction": [0, 0, -1]
			},
			"minecraft:particle_lifetime_expression": {
				"max_lifetime": 0.65
			},
			"minecraft:particle_initial_speed": 0,
			"minecraft:particle_motion_dynamic": {
				"linear_acceleration": ["0 + rand(-0.3, 0.3)", "0 + rand(-0.2, 0.2)", 0],
				"linear_drag_coefficient": 0.18
			},
			"minecraft:particle_appearance_billboard": {
				"size": [0.25, 0.25],
				"facing_camera_mode": "rotate_xyz",
				"uv": {
					"texture_width": 49,
					"texture_height": 7,
					"flipbook": {
						"base_UV": [0, 0],
						"size_UV": [7, 7],
						"step_UV": [7, 0],
						"frames_per_second": 5,
						"max_frame": 5,
						"stretch_to_lifetime": true
					}
				}
			},
			"minecraft:particle_appearance_tinting": {
				"color": {
					"interpolant": "v.particle_age / v.particle_lifetime",
					"gradient": {
						"0.0": "#6BFFFFFF",
						"0.4": "#965A02FF",
						"0.9": "#FFB087FD",
						"1.44": "#965A02FF",
						"2.0": "#969F6CFE"
					}
				}
			}
		}
	}
}