{
  "format_version": "1.8.0",
  "animations": {
    "animation.metagross.ground_idle": {
      "loop": true,
      "bones": {
        "body": {
          "position": [
            0,
            "2*(math.sin(q.anim_time*90*5)*0.1)",
            0
          ]
        }
      }
    },
    "animation.metagross_mega.ground_idle": {
      "loop": true,
      "bones": {
        "body": {
          "position": [
            0,
            "2*(math.sin(q.anim_time*90*5)*0.1)",
            0
          ]
        }
      }
    }
  }
}