{
  "animations": {
    "animation.magearna.battle_idle": {
      "animation_length": 8.0417,
      "bones": {
        "arm_left": {
          "rotation": [36.60821, -51.1982, -38.25324]
        },
        "arm_left2": {
          "rotation": [-9, 0, 0]
        },
        "arm_left3": {
          "rotation": [37.86262, -67.42747, -49.39638]
        },
        "arm_right": {
          "rotation": [36.60821, 51.1982, 38.25324]
        },
        "arm_right2": {
          "rotation": [-8, 0, 0]
        },
        "arm_right3": {
          "rotation": [37.86262, 67.42747, 49.39638]
        },
        "chest": {
          "rotation": {
            "0.0": [0, "math.sin(query.anim_time*90)*3", 0],
            "0.0417": [0, 0.15935, 0],
            "0.5833": [0, 3.5177, 0],
            "1.125": [0, 7.07214, 0],
            "1.6667": [0, 10.59318, 0],
            "1.9583": [0, 12.34065, 0],
            "2.0": [0, "12.5-math.sin(query.anim_time*90)*3", 0],
            "2.0417": [0, 12.33794, 0],
            "2.5833": [0, 8.90423, 0],
            "3.125": [0, 5.26945, 0],
            "3.6667": [0, 1.67857, 0],
            "3.9167": [0, 0.16206, 0],
            "3.9583": [0, "math.sin(query.anim_time*90)*3", 0],
            "4.0": [0, -0.15674, 0],
            "4.5417": [0, -3.443, 0],
            "5.0833": [0, -6.92048, 0],
            "5.625": [0, -10.37307, 0],
            "5.9583": [0, -12.34326, 0],
            "6.0": [0, "-12.5+math.sin(query.anim_time*90)*3", 0],
            "6.0417": [0, -12.34065, 0],
            "6.5833": [0, -8.9823, 0],
            "7.125": [0, -5.42786, 0],
            "7.6667": [0, -1.90682, 0],
            "7.9583": [0, -0.15935, 0],
            "8.0": [0, "math.sin(query.anim_time*90)*3", 0]
          }
        },
        "dress": {
          "position": [0, "math.sin(query.anim_time*90)*0.1", 0],
          "rotation": {
            "0.0": [0, "math.sin(query.anim_time*90)*3", 0],
            "0.0417": [0, 0.07649, 0],
            "0.5833": [0, 1.6885, 0],
            "1.125": [0, 3.39463, 0],
            "1.6667": [0, 5.08473, 0],
            "2.0": [0, "6-math.sin(query.anim_time*90)*3", 0],
            "2.0417": [0, 5.92221, 0],
            "2.5833": [0, 4.27403, 0],
            "3.125": [0, 2.52934, 0],
            "3.6667": [0, 0.80571, 0],
            "3.9583": [0, "math.sin(query.anim_time*90)*3", 0],
            "4.0": [0, -0.07523, 0],
            "4.5417": [0, -1.65264, 0],
            "5.0833": [0, -3.32183, 0],
            "5.625": [0, -4.97907, 0],
            "5.9583": [0, -5.92477, 0],
            "6.0": [0, "-6+math.sin(query.anim_time*90)*3", 0],
            "6.0417": [0, -5.92351, 0],
            "6.5833": [0, -4.3115, 0],
            "7.125": [0, -2.60537, 0],
            "7.6667": [0, -0.91527, 0],
            "8.0": [0, "math.sin(query.anim_time*90)*3", 0]
          }
        },
        "left_ear": {
          "rotation": [0, "-math.sin(query.anim_time*90)*10", 0]
        },
        "right_ear": {
          "rotation": [0, "math.sin(query.anim_time*90)*10", 0]
        },
        "right_lower_dress": {
          "rotation": {
            "0.0": [0, 0, 0],
            "0.5417": [0, 0, 0],
            "1.0833": [0, 0, 0],
            "1.625": [0, 0, 0],
            "2.0": [0, 0, 0],
            "2.5417": [0, 0, 0],
            "3.0833": [0, 0, 0],
            "3.625": [0, 0, 0],
            "4.0": [0, 0, 0],
            "4.5417": [0, 0, 0],
            "5.0833": [0, 0, 0],
            "5.625": [0, 0, 0],
            "6.0": [0, 0, 0],
            "6.5417": [0, 0, 0],
            "7.0833": [0, 0, 0],
            "7.625": [0, 0, 0],
            "8.0": [0, 0, 0]
          }
        }
      },
      "loop": true
    },
    "animation.magearna.blink": {
      "animation_length": 0.3333,
      "bones": {
        "left_blink": {
          "position": {
            "0.0": [0, 0, 0],
            "0.125": {
              "post": [0, 0, -2.75],
              "pre": [0, 0, 0]
            },
            "0.2083": {
              "post": [0, 0, 0],
              "pre": [0, 0, -2.75]
            },
            "0.25": {
              "post": [0, 0, -2.75],
              "pre": [0, 0, 0]
            },
            "0.3333": {
              "post": [0, 0, 0],
              "pre": [0, 0, -2.75]
            }
          }
        },
        "left_pupil": {
          "position": {
            "0.0": [0, 0, 0],
            "0.125": {
              "post": [0, 0, 2],
              "pre": [0, 0, 0]
            },
            "0.2083": {
              "post": [0, 0, 0],
              "pre": [0, 0, 2]
            },
            "0.25": {
              "post": [0, 0, 2],
              "pre": [0, 0, 0]
            },
            "0.3333": {
              "post": [0, 0, 0],
              "pre": [0, 0, 2]
            }
          }
        },
        "right_blink": {
          "position": {
            "0.0": [0, 0, 0],
            "0.125": {
              "post": [0, 0, -2.75],
              "pre": [0, 0, 0]
            },
            "0.2083": {
              "post": [0, 0, 0],
              "pre": [0, 0, -2.75]
            },
            "0.25": {
              "post": [0, 0, -2.75],
              "pre": [0, 0, 0]
            },
            "0.3333": {
              "post": [0, 0, 0],
              "pre": [0, 0, -2.75]
            }
          }
        },
        "right_pupil": {
          "position": {
            "0.0": [0, 0, 0],
            "0.125": {
              "post": [0, 0, 2],
              "pre": [0, 0, 0]
            },
            "0.2083": {
              "post": [0, 0, 0],
              "pre": [0, 0, 2]
            },
            "0.25": {
              "post": [0, 0, 2],
              "pre": [0, 0, 0]
            },
            "0.3333": {
              "post": [0, 0, 0],
              "pre": [0, 0, 2]
            }
          }
        }
      }
    },
    "animation.magearna.clink": {
      "animation_length": 2.5833,
      "bones": {
        "head": {
          "rotation": {
            "0.0": [0, 0, 0],
            "0.875": {
              "post": [0, 0, -2.5],
              "pre": [0, 0, 0]
            },
            "1.2083": {
              "post": [0, 0, 0],
              "pre": [0, 0, -2.5]
            },
            "1.5": {
              "post": [0, 0, 2.5],
              "pre": [0, 0, 0]
            },
            "1.5417": [0, 0, 2.5],
            "1.5833": [0, 0, 2.5],
            "1.625": [0, 0, 2.29243],
            "1.6667": [0, 0, 1.8449],
            "1.875": [0, 0, -1.28002],
            "1.9167": [0, 0, -1.8449],
            "1.9583": [0, 0, -2.29243],
            "2.0": [0, 0, -2.5],
            "2.25": {
              "post": [0, 0, 0],
              "pre": [0, 0, -2.5]
            },
            "2.5833": [0, 0, 0]
          }
        }
      },
      "loop": true
    },
    "animation.magearna.dance": {
      "animation_length": 3,
      "bones": {
        "arm_left": {
          "rotation": {
            "0.0": {
              "lerp_mode": "catmullrom",
              "post": [0, 0, 0]
            },
            "0.5": [14.22773, -29.19012, -9.21564],
            "0.6667": [14.22773, -29.19012, -9.21564],
            "1.125": {
              "lerp_mode": "catmullrom",
              "post": [0, 0, 0],
              "pre": [0, 0, 0]
            },
            "1.5": {
              "lerp_mode": "catmullrom",
              "post": [0, 0, 2.5]
            },
            "1.8333": {
              "lerp_mode": "catmullrom",
              "post": [0.66069, 34.94504, 4.59872]
            },
            "2.625": {
              "lerp_mode": "catmullrom",
              "post": [0, 0, 0]
            }
          }
        },
        "arm_left2": {
          "rotation": {
            "0.0": {
              "lerp_mode": "catmullrom",
              "post": [0, 0, 0]
            },
            "0.5": [0, 0, 21],
            "0.6667": [0, 0, 21],
            "1.125": {
              "lerp_mode": "catmullrom",
              "post": [0, 0, 0],
              "pre": [0, 0, 0]
            },
            "1.9167": {
              "lerp_mode": "catmullrom",
              "post": [0, 0, 0]
            }
          }
        },
        "arm_left3": {
          "rotation": {
            "0.0": {
              "lerp_mode": "catmullrom",
              "post": [0, 0, 0]
            },
            "0.5": [-6.78432, -8.42129, 149.10041],
            "0.6667": [-6.78432, -8.42129, 149.10041],
            "1.125": {
              "lerp_mode": "catmullrom",
              "post": [0, 0, 0],
              "pre": [0, 0, 0]
            },
            "1.5": {
              "lerp_mode": "catmullrom",
              "post": [0, 0, 32.5]
            },
            "1.9167": {
              "lerp_mode": "catmullrom",
              "post": [0, 0, 0]
            },
            "2.625": {
              "lerp_mode": "catmullrom",
              "post": [0, 0, 0]
            }
          }
        },
        "arm_right": {
          "rotation": {
            "0.0": [0, 0, 0],
            "1.0": [0, 0, 17],
            "1.5": [0, 0, -5],
            "1.8333": [0.0727, 12.48259, -4.33525],
            "2.125": {
              "lerp_mode": "catmullrom",
              "post": [0, 0, 0],
              "pre": [0, 0, 0]
            },
            "2.625": [0, 0, 0]
          }
        },
        "arm_right3": {
          "rotation": {
            "0.0": [0, 0, 0],
            "1.0": [0, 0, 0],
            "1.5": {
              "lerp_mode": "catmullrom",
              "post": [0, 0, -22.5],
              "pre": [0, 0, -22.5]
            },
            "1.9167": [0, 0, 0]
          }
        },
        "body": {
          "rotation": {
            "0.0": [0, 0, 0],
            "1.5": [0, 0, 0],
            "2.1667": [0, 360, 0],
            "2.2917": {
              "lerp_mode": "catmullrom",
              "post": [0, 0, 0],
              "pre": [0, 0, 0]
            }
          }
        },
        "chest": {
          "rotation": {
            "0.0": [0, 0, 0],
            "1.5": {
              "lerp_mode": "catmullrom",
              "post": [0, -10, 0],
              "pre": [0, -10, 0]
            }
          }
        },
        "dress": {
          "rotation": {
            "0.0": [0, 0, 0],
            "1.0833": {
              "lerp_mode": "catmullrom",
              "post": [0, 0, 0],
              "pre": [0, 0, 0]
            },
            "1.3333": {
              "lerp_mode": "catmullrom",
              "post": [0, 0, 0]
            },
            "1.5833": {
              "lerp_mode": "catmullrom",
              "post": [1.72176, 10.24714, 7.69399]
            },
            "2.0": {
              "lerp_mode": "catmullrom",
              "post": [-1.38581, -12.40917, 7.62624]
            },
            "2.5": {
              "lerp_mode": "catmullrom",
              "post": [0, 0, 0]
            }
          }
        },
        "left_ear": {
          "rotation": {
            "0.0": [0, 0, 0],
            "0.5417": [0, 0, 0],
            "0.7083": [0, 0, 0],
            "0.75": [0, 0, 0.55961],
            "0.7917": [0, 0, 1.83049],
            "0.8333": [0, 0, 3.47402],
            "0.9583": [0, 0, 9.02598],
            "1.0": [0, 0, 10.66951],
            "1.0417": [0, 0, 11.94039],
            "1.0833": [0, 0, 12.5],
            "1.625": [0, 0, 12.5],
            "2.1667": [0, 0, 12.5],
            "2.25": [0, 0, 12.5],
            "2.2917": [0, 0, 12.01542],
            "2.3333": [0, 0, 11.01437],
            "2.375": [0, 0, 9.7747],
            "2.5833": [0, 0, 2.7253],
            "2.625": [0, 0, 1.48563],
            "2.6667": [0, 0, 0.48458],
            "2.7083": [0, 0, 0]
          }
        },
        "left_happy": {
          "position": {
            "0.0": [0, 0, 1],
            "1.0": {
              "post": [0, 0, -2],
              "pre": [0, 0, 1]
            },
            "2.625": {
              "post": [0, 0, 1],
              "pre": [0, 0, -2]
            }
          }
        },
        "left_pupil": {
          "position": {
            "0.0": [0, 0, 0],
            "1.0": {
              "post": [0, 0, 1],
              "pre": [0, 0, 0]
            },
            "2.625": {
              "post": [0, 0, 0],
              "pre": [0, 0, 1]
            }
          }
        },
        "mouth_closed": {
          "position": {
            "0.0": [0, 0, 0],
            "1.0": {
              "post": [0, 0, 1],
              "pre": [0, 0, 0]
            },
            "2.625": {
              "post": [0, 0, 0],
              "pre": [0, 0, 1]
            }
          }
        },
        "mouth_happy": {
          "position": {
            "0.0": [0, 0, 0],
            "1.0": {
              "post": [0, 0, -1],
              "pre": [0, 0, 0]
            },
            "2.625": {
              "post": [0, 0, 0],
              "pre": [0, 0, -1]
            }
          },
          "scale": [0.7, 0.7, 1]
        },
        "right_ear": {
          "rotation": {
            "0.0": [0, 0, 0],
            "0.5417": [0, 0, 0],
            "0.7083": [0, 0, 0],
            "0.75": [0, 0, -0.67153],
            "0.7917": [0, 0, -2.19659],
            "0.8333": [0, 0, -4.16883],
            "0.9583": [0, 0, -10.83117],
            "1.0": [0, 0, -12.80341],
            "1.0417": [0, 0, -14.32847],
            "1.0833": [0, 0, -15],
            "1.625": [0, 0, -15],
            "2.1667": [0, 0, -15],
            "2.25": [0, 0, -15],
            "2.2917": [0, 0, -14.4185],
            "2.3333": [0, 0, -13.21724],
            "2.375": [0, 0, -11.72964],
            "2.5417": [0, 0, -4.91073],
            "2.5833": [0, 0, -3.27036],
            "2.625": [0, 0, -1.78276],
            "2.6667": [0, 0, -0.5815],
            "2.7083": [0, 0, 0]
          }
        },
        "right_happy": {
          "position": {
            "0.0": [0, 0, 0],
            "1.0": {
              "post": [0, 0, -2],
              "pre": [0, 0, 0]
            },
            "2.625": {
              "post": [0, 0, 0],
              "pre": [0, 0, -2]
            }
          }
        },
        "right_pupil": {
          "position": {
            "0.0": [0, 0, 0],
            "1.0": {
              "post": [0, 0, 1],
              "pre": [0, 0, 0]
            },
            "2.625": {
              "post": [0, 0, 0],
              "pre": [0, 0, 1]
            }
          }
        }
      }
    },
    "animation.magearna.ears_down": {
      "animation_length": 4,
      "bones": {
        "left_ear": {
          "rotation": {
            "0.0": [0, 0, 0],
            "0.0417": [0, 0, -1.44298],
            "0.0833": [0, 0, -6.64178],
            "0.125": [0, 0, -14.43822],
            "0.1667": [0, 0, -19.63702],
            "0.2083": [0, 0, -21.08],
            "0.25": [0, 0, -21.8034],
            "0.3333": [0, 0, -29.2766],
            "0.375": {
              "lerp_mode": "catmullrom",
              "post": [0, 0, -30],
              "pre": [0, 0, -30]
            },
            "0.4167": [0, 0, -29.3894],
            "0.4583": [0, 0, -27.18953],
            "0.5": [0, 0, -23.89047],
            "0.5417": [0, 0, -21.6906],
            "0.5833": [0, 0, -21.08],
            "0.625": [0, 0, -21.49929],
            "0.6667": [0, 0, -22.74905],
            "0.75": [0, 0, -26.41095],
            "0.7917": [0, 0, -27.66071],
            "0.8333": [0, 0, -28.08],
            "1.375": [0, 0, -28.08],
            "1.9167": [0, 0, -28.08],
            "2.4583": [0, 0, -28.08],
            "2.9167": [0, 0, -28.08],
            "2.9583": [0, 0, -27.66071],
            "3.0": [0, 0, -26.41095],
            "3.0833": [0, 0, -22.74905],
            "3.125": [0, 0, -21.49929],
            "3.1667": [0, 0, -21.08],
            "3.2083": [0, 0, -21.6906],
            "3.25": [0, 0, -23.89047],
            "3.2917": [0, 0, -27.18953],
            "3.3333": [0, 0, -29.3894],
            "3.375": {
              "lerp_mode": "catmullrom",
              "post": [0, 0, -30],
              "pre": [0, 0, -30]
            },
            "3.4167": [0, 0, -29.08079],
            "3.4583": [0, 0, -21.99921],
            "3.5": [0, 0, -21.08],
            "3.5417": [0, 0, -19.81733],
            "3.5833": [0, 0, -16.05377],
            "3.6667": [0, 0, -5.02623],
            "3.7083": [0, 0, -1.26267],
            "3.75": [0, 0, 0],
            "3.7917": [0, 0, 0.2061],
            "3.8333": [0, 0, 1.7939],
            "3.875": {
              "lerp_mode": "catmullrom",
              "post": [0, 0, 2],
              "pre": [0, 0, 2]
            },
            "3.9167": [0, 0, 1.7939],
            "3.9583": [0, 0, 0.2061],
            "4.0": [0, 0, 0]
          }
        },
        "right_ear": {
          "rotation": {
            "0.0833": [0, 0, 0],
            "0.125": [0, 0, 1.44298],
            "0.1667": [0, 0, 6.64178],
            "0.2083": [0, 0, 14.43822],
            "0.25": [0, 0, 19.63702],
            "0.2917": [0, 0, 21.08],
            "0.3333": [0, 0, 21.8034],
            "0.4167": [0, 0, 29.2766],
            "0.4583": {
              "lerp_mode": "catmullrom",
              "post": [0, 0, 30],
              "pre": [0, 0, 30]
            },
            "0.5": [0, 0, 29.3894],
            "0.5417": [0, 0, 27.18953],
            "0.5833": [0, 0, 23.89047],
            "0.625": [0, 0, 21.6906],
            "0.6667": [0, 0, 21.08],
            "0.7083": [0, 0, 21.49929],
            "0.75": [0, 0, 22.74905],
            "0.8333": [0, 0, 26.41095],
            "0.875": [0, 0, 27.66071],
            "0.9167": [0, 0, 28.08],
            "1.4583": [0, 0, 28.08],
            "2.0": [0, 0, 28.08],
            "2.5417": [0, 0, 28.08],
            "2.8333": [0, 0, 28.08],
            "2.875": [0, 0, 27.66071],
            "2.9167": [0, 0, 26.41095],
            "3.0": [0, 0, 22.74905],
            "3.0417": [0, 0, 21.49929],
            "3.0833": [0, 0, 21.08],
            "3.125": [0, 0, 21.6906],
            "3.1667": [0, 0, 23.89047],
            "3.2083": [0, 0, 27.18953],
            "3.25": [0, 0, 29.3894],
            "3.2917": {
              "lerp_mode": "catmullrom",
              "post": [0, 0, 30],
              "pre": [0, 0, 30]
            },
            "3.3333": [0, 0, 29.08079],
            "3.375": [0, 0, 21.99921],
            "3.4167": [0, 0, 21.08],
            "3.4583": [0, 0, 19.81733],
            "3.5": [0, 0, 16.05377],
            "3.5833": [0, 0, 5.02623],
            "3.625": [0, 0, 1.26267],
            "3.6667": [0, 0, 0],
            "3.7083": [0, 0, -0.2061],
            "3.75": [0, 0, -1.7939],
            "3.7917": {
              "lerp_mode": "catmullrom",
              "post": [0, 0, -2],
              "pre": [0, 0, -2]
            },
            "3.8333": [0, 0, -1.7939],
            "3.875": [0, 0, -0.2061],
            "3.9167": [0, 0, 0]
          }
        }
      }
    },
    "animation.magearna.faint": {
      "animation_length": 3,
      "bones": {
        "arm_left": {
          "rotation": {
            "0.0": {
              "lerp_mode": "catmullrom",
              "post": [22.08888, -33.94605, -51.87284]
            },
            "0.5": {
              "lerp_mode": "catmullrom",
              "post": [10.04339, -9.36439, -16.39879]
            },
            "0.75": {
              "lerp_mode": "catmullrom",
              "post": [22.08888, -33.94605, -51.87284]
            }
          }
        },
        "arm_left2": {
          "rotation": {
            "0.0": {
              "lerp_mode": "catmullrom",
              "post": [15.21666, -50.82429, -20.0173]
            },
            "0.25": {
              "lerp_mode": "catmullrom",
              "post": [7.43477, -12.37777, -5.21542]
            },
            "0.75": {
              "lerp_mode": "catmullrom",
              "post": [0, -47.5, 0]
            }
          }
        },
        "arm_left3": {
          "rotation": {
            "0.0": {
              "lerp_mode": "catmullrom",
              "post": [-76.49265, -53.962, 88.16034]
            },
            "0.5": {
              "lerp_mode": "catmullrom",
              "post": [-35.48673, 3.73273, 33.48269]
            },
            "0.75": {
              "lerp_mode": "catmullrom",
              "post": [-76.49265, -53.962, 88.16034]
            }
          }
        },
        "arm_right": {
          "rotation": {
            "0.0": {
              "lerp_mode": "catmullrom",
              "post": [22.08888, 33.94605, 51.87284]
            },
            "0.5": {
              "lerp_mode": "catmullrom",
              "post": [10.04339, 9.36439, 16.39879]
            },
            "0.75": {
              "lerp_mode": "catmullrom",
              "post": [22.08888, 33.94605, 51.87284]
            }
          }
        },
        "arm_right2": {
          "rotation": {
            "0.0": {
              "lerp_mode": "catmullrom",
              "post": [15.21666, 50.82429, 20.0173]
            },
            "0.25": {
              "lerp_mode": "catmullrom",
              "post": [7.43477, 12.37777, 5.21542]
            },
            "0.75": {
              "lerp_mode": "catmullrom",
              "post": [0, 47.5, 0]
            }
          }
        },
        "arm_right3": {
          "rotation": {
            "0.0": {
              "lerp_mode": "catmullrom",
              "post": [-76.49265, 53.962, -88.16034]
            },
            "0.5": {
              "lerp_mode": "catmullrom",
              "post": [-35.48673, -3.73273, -33.48269]
            },
            "0.75": {
              "lerp_mode": "catmullrom",
              "post": [-76.49265, 53.962, -88.16034]
            }
          }
        },
        "body": {
          "position": {
            "0.25": {
              "lerp_mode": "catmullrom",
              "post": [0, 0, 0],
              "pre": [0, 0, 0]
            },
            "0.5": {
              "lerp_mode": "catmullrom",
              "post": [0, 1, 0]
            },
            "0.75": {
              "lerp_mode": "catmullrom",
              "post": [0, -2, 0]
            },
            "1.0": {
              "lerp_mode": "catmullrom",
              "post": [0, -2, 0]
            },
            "1.0833": {
              "lerp_mode": "catmullrom",
              "post": [0, -1, 0]
            },
            "1.25": {
              "lerp_mode": "catmullrom",
              "post": [0, -1, 0]
            },
            "1.5": {
              "lerp_mode": "catmullrom",
              "post": [0, -2, 0]
            },
            "1.7083": {
              "lerp_mode": "catmullrom",
              "post": [0, -1, 0]
            },
            "1.875": {
              "lerp_mode": "catmullrom",
              "post": [0, -1, 0]
            },
            "2.25": {
              "lerp_mode": "catmullrom",
              "post": [0, -2, 0]
            },
            "2.5833": {
              "lerp_mode": "catmullrom",
              "post": [0, -2, 0]
            }
          },
          "rotation": {
            "0.0": {
              "lerp_mode": "catmullrom",
              "post": [0, 0, 0]
            },
            "0.75": {
              "lerp_mode": "catmullrom",
              "post": [0, 0, 0]
            },
            "0.9167": {
              "lerp_mode": "catmullrom",
              "post": [0, 0, 5]
            },
            "1.1667": {
              "lerp_mode": "catmullrom",
              "post": [0, 0, -5]
            },
            "1.2917": {
              "lerp_mode": "catmullrom",
              "post": [0, 0, 0]
            },
            "1.4583": {
              "lerp_mode": "catmullrom",
              "post": [0, 0, 0]
            },
            "1.6667": {
              "lerp_mode": "catmullrom",
              "post": [0, 0, 5]
            },
            "1.7917": {
              "lerp_mode": "catmullrom",
              "post": [0, 0, 0]
            },
            "1.9167": {
              "lerp_mode": "catmullrom",
              "post": [0, 0, 5]
            },
            "2.0": {
              "lerp_mode": "catmullrom",
              "post": [0, 0, 0]
            },
            "2.1667": {
              "lerp_mode": "catmullrom",
              "post": [0, 0, -5]
            },
            "2.4167": {
              "lerp_mode": "catmullrom",
              "post": [0, 0, 0]
            }
          }
        },
        "bone": {
          "position": {
            "0.0": {
              "lerp_mode": "catmullrom",
              "post": [0, 0, 0]
            },
            "1.0": {
              "lerp_mode": "catmullrom",
              "post": [0, -3.65, 0]
            }
          },
          "rotation": [0, 0, 0]
        },
        "bone2": {
          "position": {
            "0.0": {
              "lerp_mode": "catmullrom",
              "post": [0, 0, 0]
            },
            "1.0": {
              "lerp_mode": "catmullrom",
              "post": [0, -3.65, 0]
            }
          },
          "rotation": [0, 0, 0]
        },
        "chest": {
          "position": {
            "0.75": {
              "lerp_mode": "catmullrom",
              "post": [0, 0, 0],
              "pre": [0, 0, 0]
            },
            "1.0": {
              "lerp_mode": "catmullrom",
              "post": [0, -9.5, 0]
            }
          }
        },
        "head": {
          "position": {
            "0.75": [0, 0, 0],
            "1.0": [0, -5, 0]
          },
          "rotation": {
            "0.75": [0, 0, 0],
            "1.0": [90, 0, 1.5]
          }
        },
        "left_blink": {
          "position": {
            "0.0": [0, 0, 0],
            "0.125": [0, 0, 0],
            "0.375": {
              "post": [0, 0, -2.75],
              "pre": [0, 0, 0]
            },
            "0.5": [0, 0, -2.75]
          }
        },
        "left_ear": {
          "position": {
            "0.75": [0, 0, 0],
            "0.7917": [0.02396, 0.02995, 0.27853],
            "0.8333": [0.09537, 0.11922, 1.10873],
            "0.9167": [0.30463, 0.38078, 3.54127],
            "0.9583": [0.37604, 0.47005, 4.37147],
            "1.0": {
              "lerp_mode": "catmullrom",
              "post": [0.4, 0.5, 4.65],
              "pre": [0.4, 0.5, 4.65]
            }
          },
          "rotation": {
            "0.75": [0, 0, 0],
            "0.7917": [0.29951, 0.13933, -6.2325],
            "0.8333": [1.19225, 0.55464, -24.80926],
            "0.9167": [3.80806, 1.77151, -79.24077],
            "0.9583": [4.7008, 2.18681, -97.81753],
            "1.0": {
              "lerp_mode": "catmullrom",
              "post": [5.00031, 2.32615, -104.05003],
              "pre": [5.00031, 2.32615, -104.05003]
            }
          }
        },
        "left_eye": {
          "position": {
            "0.25": [0, 0, 0],
            "0.3333": [-0.25, 0.5, 0],
            "0.5833": [0, 0, 0]
          }
        },
        "left_happy": {
          "position": {
            "0.0": [0, 0, 0],
            "0.125": [0, 0, 0],
            "0.375": {
              "post": [0, 0, -2.75],
              "pre": [0, 0, 0]
            },
            "0.5": [0, 0, -2.75]
          }
        },
        "left_leg2": {
          "position": {
            "0.75": [0, 0, 0],
            "1.0": [0, 6, 0]
          }
        },
        "left_lower_dress": {
          "rotation": {
            "0.0": {
              "lerp_mode": "catmullrom",
              "post": [0, 0, 0]
            },
            "1.0": {
              "lerp_mode": "catmullrom",
              "post": [0, 0, -2.5]
            }
          }
        },
        "left_lower_dress2": {
          "position": {
            "0.75": [0, 0, 0],
            "1.0": [0.5, -6, 0]
          },
          "rotation": {
            "0.75": [0, 0, 0],
            "1.0": [0, 0, 2.5]
          }
        },
        "left_pupil": {
          "position": {
            "0.0": [0, 0, 0],
            "0.125": [0, 0, 0],
            "0.375": {
              "post": [0, 0, 2],
              "pre": [0, 0, 0]
            },
            "0.5": [0, 0, 2]
          }
        },
        "right_blink": {
          "position": {
            "0.0": [0, 0, 0],
            "0.125": [0, 0, 0],
            "0.375": {
              "post": [0, 0, -2.75],
              "pre": [0, 0, 0]
            },
            "0.5": [0, 0, -2.75]
          }
        },
        "right_ear": {
          "position": {
            "0.75": [0, 0, 0],
            "0.7917": [-0.03294, 0.02995, 0.28452],
            "0.8333": [-0.13114, 0.11922, 1.13257],
            "0.9167": [-0.41886, 0.38078, 3.61743],
            "0.9583": [-0.51706, 0.47005, 4.46548],
            "1.0": {
              "lerp_mode": "catmullrom",
              "post": [-0.55, 0.5, 4.75],
              "pre": [-0.55, 0.5, 4.75]
            }
          },
          "rotation": {
            "0.75": [0, 0, 0],
            "0.7917": [0.00024, -0.13615, 6.35225],
            "0.8333": [0.00094, -0.54195, 25.28596],
            "0.9167": [0.003, -1.73097, 80.76336],
            "0.9583": [0.0037, -2.13677, 99.69707],
            "1.0": {
              "lerp_mode": "catmullrom",
              "post": [0.00393, -2.27292, 106.04932],
              "pre": [0.00393, -2.27292, 106.04932]
            }
          }
        },
        "right_eye": {
          "position": {
            "0.25": [0, 0, 0],
            "0.3333": [0.25, 0.5, 0],
            "0.5833": [0, 0, 0]
          }
        },
        "right_leg2": {
          "position": {
            "0.75": [0, 0, 0],
            "1.0": [0, 6, 0]
          }
        },
        "right_lower_dress": {
          "rotation": {
            "0.0": [0, 0, 0],
            "1.0": [0, 0, 2.5]
          }
        },
        "right_lower_dress2": {
          "position": {
            "0.75": [0, 0, 0],
            "1.0": [-0.5, -6, 0]
          },
          "rotation": {
            "0.75": [0, 0, 0],
            "1.0": [0, 0, -2.5]
          }
        },
        "right_pupil": {
          "position": {
            "0.0": [0, 0, 0],
            "0.125": [0, 0, 0],
            "0.375": {
              "post": [0, 0, 2],
              "pre": [0, 0, 0]
            },
            "0.5": [0, 0, 2]
          }
        }
      }
    },
    "animation.magearna.ground_idle": {
      "animation_length": 4,
      "bones": {
        "arm_left": {
          "rotation": ["-math.sin(q.anim_time*180)*6", 0, -25]
        },
        "arm_left3": {
          "rotation": [1.75378, -9.84655, -10.15108]
        },
        "arm_right": {
          "rotation": ["-math.sin(q.anim_time*180)*6", 0, 25]
        },
        "arm_right3": {
          "rotation": [1.75378, 9.84655, 10.15108]
        },
        "chest": {
          "rotation": {
            "0.0": [0, "math.sin(query.anim_time*90)*8", 0],
            "0.0417": [0, 0.15301, 0],
            "0.5833": [0, 3.47312, 0],
            "1.125": [0, 6.98817, 0],
            "1.6667": [0, 10.39345, 0],
            "1.7917": [0, "11+math.sin(query.anim_time*90)*8", 0],
            "1.8333": [0, 11, 0],
            "2.2083": [0, "11+math.sin(query.anim_time*90)*8", 0],
            "2.25": [0, 10.83469, 0],
            "2.7917": [0, 7.14999, 0],
            "3.3333": [0, 3.25378, 0],
            "3.7917": [0, 0.16531, 0],
            "3.8333": [0, "math.sin(query.anim_time*90)*8", 0]
          }
        },
        "dress": {
          "position": [0, "math.sin(query.anim_time*90)*0.1", 0],
          "rotation": [0, "math.sin(query.anim_time*90)+2", 0]
        },
        "left_ear": {
          "rotation": [0, "-math.sin(query.anim_time*90)*10", 0]
        },
        "right_ear": {
          "rotation": [0, "math.sin(query.anim_time*90)*10", 0]
        }
      },
      "loop": true
    },
    "animation.magearna.ground_walk": {
      "animation_length": 1.3333,
      "bones": {
        "arm_left": {
          "rotation": ["16.1005+5*math.sin(q.anim_time*90*3-50)*1", "-2.425-5*math.sin(q.anim_time*90*3-50)*1", "-29.936-1*math.sin(q.anim_time*90*6-50)*1"]
        },
        "arm_left3": {
          "rotation": [-27.8176, -25.7328, 55.7737]
        },
        "arm_right": {
          "rotation": ["17.4307+5*math.sin(q.anim_time*90*3-50)*1", "1.401-5*math.sin(q.anim_time*90*3-50)*1", "30.0644+1*math.sin(q.anim_time*90*6-50)*1"]
        },
        "arm_right3": {
          "rotation": [-27.8176, 25.7328, -55.7737]
        },
        "chest": {
          "position": [0, "-1+0.4*math.cos(q.anim_time*90*6+90)*1", 0],
          "rotation": ["4-2*math.cos(q.anim_time*90*6-90)*1", 0, 0]
        },
        "dress": {
          "position": [0, "-1+0.4*math.cos(q.anim_time*90*6+90)*1", 0],
          "rotation": ["2-1*math.cos(q.anim_time*90*6-30)*1", "-4*math.cos(q.anim_time*90*3)*1", "3*math.cos(q.anim_time*90*3-30)*1"]
        },
        "head": {
          "rotation": ["-2-1*math.cos(q.anim_time*90*6-40)*1", "1*math.cos(q.anim_time*90*3)*1", "1*math.cos(q.anim_time*90*3-50)*1"]
        },
        "left_ear": {
          "rotation": [0, 0, "-4*math.sin(q.anim_time*90*3-60)*1"]
        },
        "left_leg": {
          "position": {
            "0.0": [0, 0, -3],
            "0.6667": [0, 0, 4.2],
            "0.8333": {
              "lerp_mode": "catmullrom",
              "post": [0, 0.4, 3.4],
              "pre": [0, 0.4, 3.4]
            },
            "0.9583": {
              "lerp_mode": "catmullrom",
              "post": [0, 1.2, 1.7]
            },
            "1.0833": {
              "lerp_mode": "catmullrom",
              "post": [0, 0.34, -1.8]
            },
            "1.3333": [0, 0, -3]
          },
          "rotation": {
            "0.0": [0, 0, 0],
            "0.6667": [0, 0, 0],
            "0.8333": {
              "lerp_mode": "catmullrom",
              "post": [11, 0, 0],
              "pre": [11, 0, 0]
            },
            "0.9583": {
              "lerp_mode": "catmullrom",
              "post": [17, 0, 0]
            },
            "1.0833": {
              "lerp_mode": "catmullrom",
              "post": [-4.8, 0, 0]
            },
            "1.25": {
              "lerp_mode": "catmullrom",
              "post": [-9.76, 0, 0]
            },
            "1.3333": [0, 0, 0]
          }
        },
        "right_ear": {
          "rotation": [0, 0, "4*math.sin(q.anim_time*90*3-60)*1"]
        },
        "right_leg": {
          "position": {
            "0.0": [0, 0, 4.2],
            "0.1667": {
              "lerp_mode": "catmullrom",
              "post": [0, 0.4, 3.4],
              "pre": [0, 0.4, 3.4]
            },
            "0.2917": {
              "lerp_mode": "catmullrom",
              "post": [0, 1.2, 1.7]
            },
            "0.4167": {
              "lerp_mode": "catmullrom",
              "post": [0, 0.34, -1.8]
            },
            "0.6667": [0, 0, -3],
            "1.3333": [0, 0, 4.2]
          },
          "rotation": {
            "0.0": [0, 0, 0],
            "0.1667": {
              "lerp_mode": "catmullrom",
              "post": [11, 0, 0],
              "pre": [11, 0, 0]
            },
            "0.2917": {
              "lerp_mode": "catmullrom",
              "post": [17, 0, 0]
            },
            "0.4167": {
              "lerp_mode": "catmullrom",
              "post": [-4.8, 0, 0]
            },
            "0.5833": {
              "lerp_mode": "catmullrom",
              "post": [-9.76, 0, 0]
            },
            "0.6667": [0, 0, 0],
            "1.3333": [0, 0, 0]
          }
        }
      },
      "loop": true
    },
    "animation.magearna.happy": {
      "animation_length": 1.5,
      "bones": {
        "left_happy": {
          "position": [0, 0, -2]
        },
        "left_pupil": {
          "position": [0, 0, 1]
        },
        "mouth_closed": {
          "position": [0, 0, 1]
        },
        "mouth_happy": {
          "position": [0, 0, -1],
          "scale": [0.7, 0.7, 1]
        },
        "right_happy": {
          "position": [0, 0, -2]
        },
        "right_pupil": {
          "position": [0, 0, 1]
        }
      }
    },
    "animation.magearna.sleep": {
      "animation_length": 4,
      "bones": {
        "arm_left": {
          "rotation": {
            "0.0": {
              "lerp_mode": "catmullrom",
              "post": [22.08888, -33.94605, -51.87284]
            }
          }
        },
        "arm_left2": {
          "rotation": {
            "0.0": {
              "lerp_mode": "catmullrom",
              "post": [15.21666, -50.82429, -20.0173]
            }
          }
        },
        "arm_left3": {
          "rotation": {
            "0.0": {
              "lerp_mode": "catmullrom",
              "post": [-76.49265, -53.962, 88.16034]
            }
          }
        },
        "arm_right": {
          "rotation": [0, 0, 70]
        },
        "arm_right3": {
          "rotation": [0, 0, 87.5]
        },
        "body": {
          "position": {
            "0.0": {
              "lerp_mode": "catmullrom",
              "post": [0, -2, 0]
            }
          },
          "rotation": [0, 0, "math.sin(query.anim_time*90)*2"]
        },
        "bone": {
          "position": [0, -3.65, 0]
        },
        "bone2": {
          "position": [0, -3.65, 0]
        },
        "chest": {
          "position": {
            "1.0": {
              "lerp_mode": "catmullrom",
              "post": [0, -9.5, 0],
              "pre": [0, -9.5, 0]
            }
          }
        },
        "head": {
          "position": [0, -5, 0],
          "rotation": [90, 0, 1.5]
        },
        "left_ear": {
          "position": {
            "0.0": {
              "lerp_mode": "catmullrom",
              "post": [0.4, 0.5, 4.65]
            }
          },
          "rotation": {
            "0.0": {
              "lerp_mode": "catmullrom",
              "post": [5.00031, 2.32615, -104.05003]
            }
          }
        },
        "left_leg2": {
          "position": [0, 6, 0]
        },
        "left_lower_dress": {
          "rotation": {
            "1.0": {
              "lerp_mode": "catmullrom",
              "post": [0, 0, -2.5],
              "pre": [0, 0, -2.5]
            }
          }
        },
        "left_lower_dress2": {
          "position": [0.5, -5, 0],
          "rotation": [0, 0, 2.5]
        },
        "right_ear": {
          "position": {
            "0.0": {
              "lerp_mode": "catmullrom",
              "post": [-0.55, 0.5, 4.75]
            }
          },
          "rotation": {
            "0.0": {
              "lerp_mode": "catmullrom",
              "post": [0.00393, -2.27292, 106.04932]
            }
          }
        },
        "right_leg2": {
          "position": [0, 6, 0]
        },
        "right_lower_dress": {
          "rotation": [0, 0, 2.5]
        },
        "right_lower_dress2": {
          "position": [-0.5, -5, 0],
          "rotation": [0, 0, -2.5]
        }
      },
      "loop": true
    }
  },
  "format_version": "1.8.0"
}