{
  "animations": {
    "animation.ogerpon_teal.battle_idle": {
      "bones": {
        "arm_left": {
          "rotation": [0, "-22.5+math.cos(q.anim_time*90*3/2-160)*2", "0-math.cos(q.anim_time*90*3/2-130)*1"]
        },
        "arm_right": {
          "rotation": [0, "30-math.cos(q.anim_time*90*3/2-160)*2", "0-math.cos(q.anim_time*90*3/2-130)*1"]
        },
        "body": {
          "position": [0, "-0.825-math.sin(q.anim_time*90*3/2)*0.3", 0],
          "rotation": ["10-math.cos(q.anim_time*90*3/2)*1", 2.5, 0]
        },
        "bone13": {
          "rotation": [0, 0, "0-math.cos(q.anim_time*90*3/2-210)*-4"]
        },
        "bone15": {
          "rotation": [0, 0, "0-math.cos(q.anim_time*90*3/2-210)*4"]
        },
        "feet_left": {
          "rotation": [3.17802, -15.61486, 14.24992]
        },
        "feet_right": {
          "rotation": [-17.44447, 8.94248, -13.2712]
        },
        "knot": {
          "rotation": ["7.5-math.cos(q.anim_time*90*3/2-60)*5", 0, 0]
        },
        "knot_2": {
          "rotation": ["0-math.cos(q.anim_time*90*3/2-120)*3/2", 0, 0]
        },
        "leg_left_1": {
          "position": [0, -0.825, 0],
          "rotation": [-22.5, 0, -15]
        },
        "leg_left_2": {
          "rotation": [20, 0, 0]
        },
        "leg_right_1": {
          "position": [0, -0.55, 0],
          "rotation": [0, 0, 10]
        },
        "leg_right_2": {
          "rotation": [17.5, 0, 0]
        },
        "skirt_back": {
          "rotation": ["0+math.cos(q.anim_time*90*3/2-260)*4", 0, 0]
        },
        "skirt_front": {
          "rotation": ["0+math.cos(q.anim_time*90*3/2-260)*4", 0, 0]
        }
      },
      "loop": true
    },
    "animation.ogerpon_teal.blink": {
      "animation_length": 0.625,
      "bones": {
        "eye_left": {
          "scale": {
            "0.0": [1, 1, 1],
            "0.2083": [1, 1, 1],
            "0.2917": [1, 0, 1],
            "0.375": [1, 0, 1],
            "0.4583": [1, 1.1, 1],
            "0.5": [1, 1, 1],
            "0.625": [1, 1, 1]
          }
        },
        "eye_right": {
          "scale": {
            "0.0": [1, 1, 1],
            "0.2083": [1, 1, 1],
            "0.2917": [1, 0, 1],
            "0.375": [1, 0, 1],
            "0.4583": [1, 1.1, 1],
            "0.5": [1, 1, 1],
            "0.625": [1, 1, 1]
          }
        }
      }
    },
    "animation.ogerpon_teal.ground_idle": {
      "animation_length": 4,
      "bones": {
        "arm_left": {
          "rotation": [0, 0, "7.5-5*math.sin(q.anim_time*90*4-150)*0.5"]
        },
        "arm_right": {
          "rotation": [0, 0, "-7.5+5*math.sin(q.anim_time*90*4-150)*0.5"]
        },
        "body": {
          "position": [0, "0.8*math.sin(q.anim_time*90*4+20)", 0],
          "rotation": ["-2.5-4*math.sin(q.anim_time*90*4-90)*1", "0+4*math.sin(q.anim_time*90*2-90)*1", "0-8*math.sin(q.anim_time*90*2-90)*1"]
        },
        "bone13": {
          "rotation": [0, 0, "7.5-5*math.sin(q.anim_time*90*4-170)*0.5"]
        },
        "bone15": {
          "rotation": [0, 0, "-7.5+5*math.sin(q.anim_time*90*4-170)*0.5"]
        },
        "feet_left": {
          "rotation": {
            "0.0": [0, -10, 7.5],
            "0.5417": [0, -10, 7.5],
            "0.875": ["10.0572+10*math.sin(q.anim_time*90*12-80)", 4.81216, 8.85922],
            "1.5": [0, -10, 7.5],
            "2.0": [0, -10, 7.5],
            "2.5417": [0, -10, 7.5],
            "2.875": ["10.0572+10*math.sin(q.anim_time*90*12-80)", 4.81216, 8.85922],
            "3.5": [0, -10, 7.5],
            "4.0": [0, -10, 7.5]
          }
        },
        "feet_right": {
          "rotation": {
            "0.0": ["10.5052+10*math.sin(q.anim_time*90*12-80)", -1.92623, -11.50943],
            "0.5": [0, 10, -7.5],
            "1.0": [0, 10, -7.5],
            "1.5417": [0, 10, -7.5],
            "2.0": ["10.5052+10*math.sin(q.anim_time*90*12-80)", -1.92623, -11.50943],
            "2.5": [0, 10, -7.5],
            "3.0": [0, 10, -7.5],
            "3.5417": [0, 10, -7.5],
            "4.0": ["10.5052+10*math.sin(q.anim_time*90*12-80)", -1.92623, -11.50943]
          }
        },
        "knot": {
          "rotation": [0, 0, "0-8*math.sin(q.anim_time*90*2-90)*3"]
        },
        "knot_2": {
          "rotation": [0, 0, "0-8*math.sin(q.anim_time*90*2-180)*2"]
        },
        "knot_3": {
          "rotation": [0, 0, "0-8*math.sin(q.anim_time*90*2-270)*1"]
        },
        "leg_left_1": {
          "position": ["math.clamp(1*math.sin(q.anim_time*90*2-90),0,1)", "math.clamp(0.5*math.sin(q.anim_time*90*2-80),0,1)", "1+math.clamp(-2*math.sin(q.anim_time*90*2-90),-2,0)"],
          "rotation": ["2.3567+math.clamp(-math.sin(q.anim_time*90*2-90)*10,-100,0)", "-17.3649+math.clamp(-math.sin(q.anim_time*90*2-90)*5,-10,0)", -7.85035]
        },
        "leg_right_1": {
          "position": ["-(math.clamp(-1*math.sin(q.anim_time*90*2-90),0,1))", "math.clamp(-0.5*math.sin(q.anim_time*90*2-80),0,1)", "1+math.clamp(2*math.sin(q.anim_time*90*2-90),-2,0)"],
          "rotation": ["2.3567+math.clamp(math.sin(q.anim_time*90*2-90)*10,-100,0)", "17.3649-math.clamp(math.sin(q.anim_time*90*2-90)*5,-10,0)", 7.85035]
        },
        "skirt_back": {
          "rotation": ["-2.5-4*math.sin(q.anim_time*90*4-180)*2", 0, 0]
        },
        "skirt_front": {
          "rotation": ["-2.5-4*math.sin(q.anim_time*90*4-180)*2", 0, 0]
        },
        "skirt_left": {
          "rotation": ["-2.5-4*math.sin(q.anim_time*90*4-180)*1", 0, 0]
        },
        "skirt_right": {
          "rotation": ["-2.5-4*math.sin(q.anim_time*90*4-180)*1", 0, 0]
        },
        "tealmask": {
          "position": [-13, -2, 0],
          "rotation": [0, 20, "-17.5-8*math.sin(q.anim_time*90*2-180)*0.2"],
          "scale": 0.7
        }
      },
      "loop": true
    },
    "animation.ogerpon_teal.ground_run": {
      "animation_length": 0.5,
      "bones": {
        "arm_left": {
          "position": [0, 0, 1],
          "rotation": [0, "-10+Math.cos((query.anim_time) * 90 * 8) * -15", "0+Math.cos((query.anim_time) * 90 * 8*2 - 90) * -5"]
        },
        "arm_right": {
          "position": [0, 0, 1],
          "rotation": [0, "10+Math.cos((query.anim_time) * 90 * 8) * 15", "0+Math.cos((query.anim_time) * 90 * 8*2 - 90) * 5"]
        },
        "body": {
          "position": [0, "Math.cos((query.anim_time) * 90 * 8*2 - 10) * 0.2", 0],
          "rotation": ["15+Math.cos((query.anim_time) * 90 * 8*2 - 90) * 2", 0, "Math.cos((query.anim_time) * 90 * 8 - 90) * 2"]
        },
        "body_position": {
          "position": {
            "0.0": [0, 1.85, 0],
            "0.0417": [0, 1.67, 0],
            "0.125": [0, 0, 0],
            "0.2083": {
              "lerp_mode": "catmullrom",
              "post": [0, 1.67, 0],
              "pre": [0, 1.67, 0]
            },
            "0.25": {
              "lerp_mode": "catmullrom",
              "post": [0, 1.85, 0]
            },
            "0.2917": {
              "lerp_mode": "catmullrom",
              "post": [0, 1.67, 0]
            },
            "0.375": [0, 0, 0],
            "0.4583": [0, 1.67, 0],
            "0.5": [0, 1.85, 0]
          }
        },
        "bone13": {
          "rotation": [0, "-0+Math.cos((query.anim_time) * 90 * 8) * -0.2", "0+Math.cos((query.anim_time) * 90 * 8*2 - 90) * -2"]
        },
        "bone15": {
          "rotation": [0, "-0+Math.cos((query.anim_time) * 90 * 8) * -0.2", "0+Math.cos((query.anim_time) * 90 * 8*2 - 90) * -2"]
        },
        "knot": {
          "rotation": ["-5+Math.cos((query.anim_time) * 90 * 8*2 - 120) * 6", 0, 0]
        },
        "leg_left_1": {
          "rotation": {
            "0.0": [-55, 0, 0],
            "0.0833": [-32.08, 0, 0],
            "0.1667": [36.67, 0, 0],
            "0.25": [55, 0, 0],
            "0.3333": [36.67, 0, 0],
            "0.4167": [-32.08, 0, 0],
            "0.5": [-55, 0, 0]
          }
        },
        "leg_left_2": {
          "rotation": {
            "0.0": [10, 0, 0],
            "0.1667": {
              "lerp_mode": "catmullrom",
              "post": [-20, 0, 0],
              "pre": [-20, 0, 0]
            },
            "0.25": {
              "lerp_mode": "catmullrom",
              "post": [17.5, 0, 0]
            },
            "0.375": {
              "lerp_mode": "catmullrom",
              "post": [43.75, 0, 0]
            },
            "0.5": [10, 0, 0]
          }
        },
        "leg_right_1": {
          "rotation": {
            "0.0": [55, 0, 0],
            "0.0833": [36.67, 0, 0],
            "0.1667": [-32.08, 0, 0],
            "0.25": [-55, 0, 0],
            "0.3333": [-32.08, 0, 0],
            "0.4167": [36.67, 0, 0],
            "0.5": [55, 0, 0]
          }
        },
        "leg_right_2": {
          "rotation": {
            "0.0": [17.5, 0, 0],
            "0.125": {
              "lerp_mode": "catmullrom",
              "post": [43.75, 0, 0],
              "pre": [43.75, 0, 0]
            },
            "0.25": {
              "lerp_mode": "catmullrom",
              "post": [10, 0, 0]
            },
            "0.4167": {
              "lerp_mode": "catmullrom",
              "post": [-20, 0, 0]
            },
            "0.5": [17.5, 0, 0]
          }
        },
        "skirt_back": {
          "rotation": ["0+Math.cos((query.anim_time) * 90 * 8*2 - 90) * 20", 0, 0]
        },
        "skirt_front": {
          "rotation": ["-55+Math.cos((query.anim_time) * 90 * 8*2 - 90) * 20", 0, 0]
        },
        "skirt_left": {
          "rotation": [0, 0, "0+Math.cos((query.anim_time) * 90 * 8*2 - 90) * -20"]
        },
        "skirt_right": {
          "rotation": [0, 0, "0+Math.cos((query.anim_time) * 90 * 8*2 - 90) * -20"]
        },
        "tealmask": {
          "scale": 1
        }
      },
      "loop": true
    },
    "animation.ogerpon_teal.ground_walk": {
      "animation_length": 1,
      "bones": {
        "arm_left": {
          "rotation": [0, "math.cos(q.anim_time*90*4)*18", "-math.cos(q.anim_time*90*4)*12"]
        },
        "arm_right": {
          "rotation": [0, "math.cos(q.anim_time*90*4)*18", "-math.cos(q.anim_time*90*4)*12"]
        },
        "body": {
          "position": ["-math.cos((q.anim_time)*90*4)*0.4", "-math.sin((q.anim_time-0.12)*90*8)*0.4", 0],
          "rotation": ["2.5-math.cos(q.anim_time*90*8)*3", "-math.cos(q.anim_time*90*4)*6", "math.cos(q.anim_time*90*4)*6"]
        },
        "body_position": {
          "position": {
            "0.0": [0, "-0.4-math.sin((q.anim_time)*90*8)*1.3", 0],
            "0.125": [0, "-0.45-math.sin((q.anim_time)*90*8)*1.3", 0],
            "0.2083": [0, "-0.25-math.sin((q.anim_time)*90*8)*1.3", 0],
            "0.25": [0, 0.46, 0],
            "0.2917": [0, 1.45, 0],
            "0.375": [0, 1.35, 0],
            "0.5": [0, "-0.4-math.sin((q.anim_time)*90*8)*1.3", 0],
            "0.625": [0, "-0.45-math.sin((q.anim_time)*90*8)*1.3", 0],
            "0.7083": [0, "-0.25-math.sin((q.anim_time)*90*8)*1.3", 0],
            "0.75": [0, 0.46, 0],
            "0.7917": [0, 1.45, 0],
            "0.875": [0, 1.35, 0],
            "1.0": [0, "-0.4-math.sin((q.anim_time)*90*8)*1.3", 0]
          }
        },
        "bone13": {
          "rotation": [0, 0, "-math.cos(q.anim_time*90*4-50)*2"]
        },
        "bone15": {
          "rotation": [0, 0, "-math.cos(q.anim_time*90*4-50)*2"]
        },
        "feet_left": {
          "position": {
            "0.0": [0.35, 0.1, -0.6],
            "0.0417": [0.25601, -0.10203, -0.6],
            "0.0833": [0.1, -0.15, -0.6],
            "0.125": [0.03607, -0.16211, -0.58693],
            "0.1667": [0.0129, -0.18632, -0.56029],
            "0.375": [-0.00718, -0.31753, -0.36679],
            "0.4167": [-0.00463, -0.32639, -0.32413],
            "0.4583": [-0.00175, -0.3157, -0.28256],
            "0.5": [0, -0.25, -0.25],
            "0.5417": [0, -0.04969, -0.27292],
            "0.5833": [0, 0.25, -0.25],
            "0.625": [0, 0, 0],
            "0.6667": [0.0016, 0.21337, -0.20949],
            "0.7083": [0, 0.1, -0.325],
            "0.75": [0, 0.025, -0.15],
            "0.7917": [0.045, 0.06, -0.275],
            "0.8333": [0.17734, 0.19803, -0.40845],
            "0.875": [0.1, 0.025, -0.25],
            "0.9167": [0.01759, 0.07658, -0.33449],
            "0.9583": [0.05479, 0.20195, -0.50463],
            "1.0": [0.35, 0.1, -0.6]
          },
          "rotation": {
            "0.0": {
              "lerp_mode": "catmullrom",
              "post": [23.5, 6.5, 13.5]
            },
            "0.125": {
              "lerp_mode": "catmullrom",
              "post": [-4, -13.5, 13]
            },
            "0.2083": {
              "lerp_mode": "catmullrom",
              "post": [20.6, -8.18, 17.84]
            },
            "0.3333": {
              "lerp_mode": "catmullrom",
              "post": [21, -5, 15.5]
            },
            "0.5": {
              "lerp_mode": "catmullrom",
              "post": [7.5, 0, -7.5]
            },
            "0.5833": [4.5, -3, -3.5],
            "0.625": [-6.5, -3, -1.5],
            "0.6667": [-13, -2.78, 0.94],
            "0.7083": [-14, -2.5, 3.5],
            "0.7917": {
              "lerp_mode": "catmullrom",
              "post": [35, -2, 6.5],
              "pre": [35, -2, 6.5]
            },
            "0.875": {
              "lerp_mode": "catmullrom",
              "post": [31, 0.5, 8.5]
            },
            "0.9167": {
              "lerp_mode": "catmullrom",
              "post": [29.5, 1.2, 10.15]
            },
            "1.0": {
              "lerp_mode": "catmullrom",
              "post": [23.5, 6.5, 13.5]
            }
          }
        },
        "feet_right": {
          "position": {
            "0.0": [0, -0.25, -0.25],
            "0.0417": [0, -0.04969, -0.27292],
            "0.0833": [0, 0.25, -0.25],
            "0.125": [0, 0, 0],
            "0.1667": [-0.0016, 0.21337, -0.20949],
            "0.2083": [0, 0.1, -0.325],
            "0.25": [0, 0.025, -0.15],
            "0.2917": [-0.045, 0.06, -0.275],
            "0.3333": [-0.17734, 0.19803, -0.40845],
            "0.375": [-0.1, 0.025, -0.25],
            "0.4167": [-0.01759, 0.07658, -0.33449],
            "0.4583": [-0.05479, 0.20195, -0.50463],
            "0.5": [-0.35, 0.1, -0.6],
            "0.5417": [-0.25601, -0.10203, -0.6],
            "0.5833": [-0.1, -0.15, -0.6],
            "0.625": [-0.02251, -0.15661, -0.57077],
            "0.6667": [-0.00018, -0.17586, -0.47841],
            "0.7083": [0.00729, -0.1979, -0.39102],
            "0.75": [0.00879, -0.21554, -0.33346],
            "0.7917": [0.00772, -0.22833, -0.29629],
            "1.0": [0, -0.25, -0.25]
          },
          "rotation": {
            "0.0": {
              "lerp_mode": "catmullrom",
              "post": [7.5, 0, 7.5]
            },
            "0.0833": {
              "lerp_mode": "catmullrom",
              "post": [4.5, 3, 3.5]
            },
            "0.125": [-6.5, 3, 1.5],
            "0.1667": [-13, 2.78, -0.94],
            "0.2083": [-14, 2.5, -3.5],
            "0.2917": {
              "lerp_mode": "catmullrom",
              "post": [35, 2, -6.5],
              "pre": [35, 2, -6.5]
            },
            "0.375": {
              "lerp_mode": "catmullrom",
              "post": [31, -0.5, -8.5]
            },
            "0.4167": {
              "lerp_mode": "catmullrom",
              "post": [29.5, -1.2, -10.15]
            },
            "0.5": {
              "lerp_mode": "catmullrom",
              "post": [23.5, -6.5, -13.5]
            },
            "0.625": {
              "lerp_mode": "catmullrom",
              "post": [-4, 13.5, -13]
            },
            "0.7083": {
              "lerp_mode": "catmullrom",
              "post": [20.6, 15.68, -17.84]
            },
            "0.8333": {
              "lerp_mode": "catmullrom",
              "post": [21, 12.5, -15.5]
            },
            "1.0": {
              "lerp_mode": "catmullrom",
              "post": [7.5, 0, 7.5]
            }
          }
        },
        "knot": {
          "rotation": ["-10+math.cos(q.anim_time*90*8)*2", 0, "-math.cos(q.anim_time*90*4)*8"]
        },
        "knot_2": {
          "rotation": [0, 0, "-math.cos(q.anim_time*90*4-50)*8"]
        },
        "knot_3": {
          "rotation": [0, 0, "-math.cos(q.anim_time*90*4-80)*8"]
        },
        "leg_left_1": {
          "position": {
            "0.0": [-0.35, 0, "math.cos(q.anim_time*90*4)*0.7"],
            "0.125": [-0.35, 0, "math.cos(q.anim_time*90*4)*0.7"],
            "0.25": [0, 0, "math.cos(q.anim_time*90*4)*0.7"],
            "0.375": [0.2, 0, "math.cos(q.anim_time*90*4)*0.7"],
            "0.5": [-0.1, 0, "math.cos(q.anim_time*90*4)*0.7"],
            "0.7083": [-0.2, 0, "math.cos(q.anim_time*90*4)*0.7"],
            "0.875": [-0.35, 0, "math.cos(q.anim_time*90*4)*0.7"],
            "1.0": [-0.35, 0, "math.cos(q.anim_time*90*4)*0.7"]
          },
          "rotation": {
            "0.0": {
              "lerp_mode": "catmullrom",
              "post": [18.5, -7.5, -14.5]
            },
            "0.125": {
              "lerp_mode": "catmullrom",
              "post": [30, -4, -5]
            },
            "0.375": {
              "lerp_mode": "catmullrom",
              "post": [-35, 0.5, -5.5]
            },
            "0.5": {
              "lerp_mode": "catmullrom",
              "post": [-30.25, -12.5, 7]
            },
            "0.625": {
              "lerp_mode": "catmullrom",
              "post": [-37.5, -11, 1.5]
            },
            "0.7083": [-5.5, -10, -2.5],
            "0.7917": [0, -11, -6],
            "0.875": {
              "lerp_mode": "catmullrom",
              "post": [15, -12, -9],
              "pre": [15, -12, -9]
            },
            "1.0": {
              "lerp_mode": "catmullrom",
              "post": [18.5, -7.5, -14.5]
            }
          }
        },
        "leg_left_2": {
          "rotation": {
            "0.0": {
              "lerp_mode": "catmullrom",
              "post": [31, 0, 0]
            },
            "0.125": {
              "lerp_mode": "catmullrom",
              "post": [64.36, 0, 0]
            },
            "0.2083": {
              "lerp_mode": "catmullrom",
              "post": [75, 0, 0]
            },
            "0.3333": {
              "lerp_mode": "catmullrom",
              "post": [77.5, 0, 0]
            },
            "0.5": {
              "lerp_mode": "catmullrom",
              "post": [0, 0, 0]
            },
            "0.625": {
              "lerp_mode": "catmullrom",
              "post": [43.5, 0, 0]
            },
            "0.7083": [20, 0, 0],
            "0.7917": [6, 0, 0],
            "0.875": {
              "lerp_mode": "catmullrom",
              "post": [1.5, 0, 0],
              "pre": [1.5, 0, 0]
            },
            "1.0": {
              "lerp_mode": "catmullrom",
              "post": [31, 0, 0]
            }
          }
        },
        "leg_right_1": {
          "position": {
            "0.0": [0.1, 0, "-math.cos(q.anim_time*90*4)*0.7"],
            "0.2083": [0.2, 0, "-math.cos(q.anim_time*90*4)*0.7"],
            "0.375": [0.35, 0, "-math.cos(q.anim_time*90*4)*0.7"],
            "0.625": [0.35, 0, "-math.cos(q.anim_time*90*4)*0.7"],
            "0.75": [0, 0, "-math.cos(q.anim_time*90*4)*0.7"],
            "0.875": [-0.2, 0, "-math.cos(q.anim_time*90*4)*0.7"],
            "1.0": [0.1, 0, "-math.cos(q.anim_time*90*4)*0.7"]
          },
          "rotation": {
            "0.0": {
              "lerp_mode": "catmullrom",
              "post": [-30.25, 12.5, -7]
            },
            "0.125": {
              "lerp_mode": "catmullrom",
              "post": [-37.5, 11, -1.5]
            },
            "0.2083": [-5.5, 10, 2.5],
            "0.2917": [0, 11, 6],
            "0.375": {
              "lerp_mode": "catmullrom",
              "post": [15, 12, 9],
              "pre": [15, 12, 9]
            },
            "0.5": {
              "lerp_mode": "catmullrom",
              "post": [18.5, 7.5, 14.5]
            },
            "0.625": {
              "lerp_mode": "catmullrom",
              "post": [30, 4, 5]
            },
            "0.875": {
              "lerp_mode": "catmullrom",
              "post": [-35, -0.5, 5.5]
            },
            "1.0": {
              "lerp_mode": "catmullrom",
              "post": [-30.5, 12.5, -7]
            }
          }
        },
        "leg_right_2": {
          "rotation": {
            "0.0": {
              "lerp_mode": "catmullrom",
              "post": [0, 0, 0]
            },
            "0.125": {
              "lerp_mode": "catmullrom",
              "post": [43.5, 0, 0]
            },
            "0.2083": [20, 0, 0],
            "0.2917": [6, 0, 0],
            "0.375": [0, 0, 0],
            "0.5": {
              "lerp_mode": "catmullrom",
              "post": [31, 0, 0],
              "pre": [31, 0, 0]
            },
            "0.625": {
              "lerp_mode": "catmullrom",
              "post": [64.36, 0, 0]
            },
            "0.7083": {
              "lerp_mode": "catmullrom",
              "post": [75, 0, 0]
            },
            "0.8333": {
              "lerp_mode": "catmullrom",
              "post": [77.5, 0, 0]
            },
            "1.0": {
              "lerp_mode": "catmullrom",
              "post": [0, 0, 0]
            }
          }
        },
        "oger_bonkstick": {
          "rotation": [0, "math.cos(q.anim_time*90*4)*12", 0]
        },
        "skirt_back": {
          "rotation": ["-math.cos(q.anim_time*90*4)*10", 0, 0]
        },
        "skirt_front": {
          "rotation": ["-math.cos(q.anim_time*90*4)*10", 0, 0]
        },
        "skirt_left": {
          "rotation": [0, 0, "-math.cos(q.anim_time*90*4)*10"]
        },
        "skirt_right": {
          "rotation": [0, 0, "-math.cos(q.anim_time*90*4)*10"]
        },
        "tealmask": {
          "scale": 0
        },
        "toes": {
          "rotation": {
            "0.0": {
              "lerp_mode": "catmullrom",
              "post": [-68.5, 0, 0]
            },
            "0.125": {
              "lerp_mode": "catmullrom",
              "post": [-32, 0, 0]
            },
            "0.5": {
              "lerp_mode": "catmullrom",
              "post": [-12.5, 0, 0]
            },
            "0.5833": {
              "lerp_mode": "catmullrom",
              "post": [-12.5, 0, 0]
            },
            "0.625": [0, 0, 0],
            "0.7083": [0, 0, 0],
            "0.7917": {
              "lerp_mode": "catmullrom",
              "post": [-39.75, 0, 0],
              "pre": [-39.75, 0, 0]
            },
            "0.875": {
              "lerp_mode": "catmullrom",
              "post": [-44, 0, 0]
            },
            "0.9583": {
              "lerp_mode": "catmullrom",
              "post": [-58, 0, 0]
            },
            "1.0": {
              "lerp_mode": "catmullrom",
              "post": [-68.5, 0, 0]
            }
          }
        },
        "toes2": {
          "rotation": {
            "0.0": {
              "lerp_mode": "catmullrom",
              "post": [-12.5, 0, 0]
            },
            "0.0833": {
              "lerp_mode": "catmullrom",
              "post": [-12.5, 0, 0]
            },
            "0.125": [0, 0, 0],
            "0.2083": [0, 0, 0],
            "0.2917": {
              "lerp_mode": "catmullrom",
              "post": [-39.75, 0, 0],
              "pre": [-39.75, 0, 0]
            },
            "0.375": {
              "lerp_mode": "catmullrom",
              "post": [-44, 0, 0]
            },
            "0.4583": {
              "lerp_mode": "catmullrom",
              "post": [-58, 0, 0]
            },
            "0.5": {
              "lerp_mode": "catmullrom",
              "post": [-68.5, 0, 0]
            },
            "0.625": {
              "lerp_mode": "catmullrom",
              "post": [-32, 0, 0]
            },
            "1.0": {
              "lerp_mode": "catmullrom",
              "post": [-12.5, 0, 0]
            }
          }
        }
      },
      "loop": true
    },
    "animation.ogerpon_teal.sleep": {
      "bones": {
        "arm_left": {
          "rotation": [0, 0, "1+math.cos(q.anim_time*90*1-60)*2"]
        },
        "arm_right": {
          "rotation": [0, -5, "-1-math.cos(q.anim_time*90*1-60)*2"]
        },
        "body": {
          "rotation": ["5-math.cos(q.anim_time*90*1)*1", 0, 0]
        },
        "body_position": {
          "position": [0, -12, 0]
        },
        "eye_left": {
          "scale": [1, 0, 1]
        },
        "eye_right": {
          "scale": [1, 0, 1]
        },
        "knot": {
          "rotation": ["5-math.cos(q.anim_time*90*1)*5", 0, 0]
        },
        "knot_2": {
          "rotation": ["5-math.cos(q.anim_time*90*1)*1", 0, 0]
        },
        "leg_left_1": {
          "rotation": [-89.93795, -17.48791, -0.55958]
        },
        "leg_right_1": {
          "rotation": [-90, 20, 0]
        },
        "skirt_back": {
          "rotation": ["39.7+math.cos(q.anim_time*90*1)*5", 0, 0]
        },
        "skirt_front": {
          "rotation": [-72.5, 0, 0]
        },
        "skirt_left": {
          "rotation": [0, 0, -55]
        },
        "skirt_right": {
          "rotation": [0, 0, 52.5]
        },
        "tealmask": {
          "scale": 0
        }
      },
      "loop": true
    }
  },
  "format_version": "1.8.0"
}