{
  "format_version": "1.12.0",
  "minecraft:geometry": [
    {
      "bones": [
        {
          "name": "gulpin",
          "pivot": [0, 0, 0]
        }, {
          "name": "body",
          "parent": "gulpin",
          "pivot": [0, 0, 0]
        }, {
          "name": "locator_target",
          "parent": "body",
          "pivot": [0, 0, 0]
        }, {
          "name": "torso",
          "parent": "body",
          "pivot": [0, 0, 0]
        }, {
          "cubes": [
            {
              "origin": [-5, 0, -5],
              "size": [10, 3, 10],
              "uv": [0, 0]
            }, {
              "origin": [5.001, 2, -5],
              "size": [0, 6, 10],
              "uv": [0, 24]
            }, {
              "origin": [-5.001, 2, -5],
              "size": [0, 6, 10],
              "uv": [21, 24]
            }, {
              "origin": [-5, 2, 5],
              "size": [10, 6, 0],
              "uv": [41, 0]
            }, {
              "origin": [-5, 3, -5.001],
              "size": [1, 3, 0],
              "uv": [2, 2]
            }, {
              "origin": [4, 3, -5.001],
              "size": [1, 3, 0],
              "uv": [3, 2]
            }
          ],
          "name": "head",
          "parent": "torso",
          "pivot": [0, 0, 0]
        }, {
          "name": "hands",
          "parent": "head",
          "pivot": [0, 0, 0]
        }, {
          "cubes": [
            {
              "origin": [-5.7, 1, -6],
              "pivot": [-6, 1, -5],
              "rotation": [0, 20, 0],
              "size": [1, 2, 2],
              "uv": [42, 33]
            }, {
              "origin": [-5, 1, -6],
              "pivot": [-4, 1, -5],
              "rotation": [0, -17.5, 0],
              "size": [1, 2, 2],
              "uv": [42, 38]
            }
          ],
          "name": "hand1",
          "parent": "hands",
          "pivot": [-3, 1, -5],
          "rotation": [10.15108, 9.84655, 1.75378]
        }, {
          "cubes": [
            {
              "mirror": true,
              "origin": [4.7, 1, -6],
              "pivot": [5, 1, -5],
              "rotation": [0, -20, 0],
              "size": [1, 2, 2],
              "uv": [42, 33]
            }, {
              "mirror": true,
              "origin": [4, 1, -5.8],
              "pivot": [4, 1, -5],
              "rotation": [0, 17.5, 0],
              "size": [1, 2, 2],
              "uv": [42, 38]
            }
          ],
          "name": "hand2",
          "parent": "hands",
          "pivot": [3, 1, -5],
          "rotation": [10.15108, -9.84655, -1.75378]
        }, {
          "cubes": [
            {
              "origin": [-3, 0.5, 4.7],
              "pivot": [0, 0, 3],
              "rotation": [-7.5, 0, 0],
              "size": [6, 3, 2.5],
              "uv": [41, 16]
            }
          ],
          "name": "tail",
          "parent": "head",
          "pivot": [0, 0, 4]
        }, {
          "name": "mounchs",
          "parent": "head",
          "pivot": [0, 0, 0]
        }, {
          "cubes": [
            {
              "origin": [-5, 8, -5],
              "size": [10, 0, 10],
              "uv": [0, 13]
            }, {
              "origin": [-5, 3, -5.01],
              "size": [10, 5, 0],
              "uv": [0, 59]
            }, {
              "origin": [-5.01, 5, -5],
              "size": [0, 3, 10],
              "uv": [0, 38]
            }, {
              "origin": [5.01, 5, -5],
              "size": [0, 3, 10],
              "uv": [21, 38]
            }, {
              "origin": [-5, 5, 5.01],
              "size": [10, 3, 0],
              "uv": [41, 8]
            }
          ],
          "name": "mounch1",
          "parent": "mounchs",
          "pivot": [0, 3.13908, -5.87803]
        }, {
          "cubes": [
            {
              "origin": [-0.5, 7, -1],
              "size": [1, 2, 0],
              "uv": [49, 36]
            }
          ],
          "name": "bone",
          "parent": "mounch1",
          "pivot": [0, 8, -1],
          "rotation": [-37.5, 0, 0]
        }, {
          "cubes": [
            {
              "origin": [-1, 9, -1.25],
              "size": [2, 3, 0],
              "uv": [42, 47]
            }
          ],
          "name": "bone2",
          "parent": "bone",
          "pivot": [0, 8, -1],
          "rotation": [-12.5, 0, 0]
        }, {
          "cubes": [
            {
              "origin": [-1.5, 11.8, -1.1],
              "size": [3, 3, 0],
              "uv": [42, 43]
            }
          ],
          "name": "bone3",
          "parent": "bone2",
          "pivot": [0, 12, -1],
          "rotation": [-52.5, 0, 0]
        }, {
          "cubes": [
            {
              "origin": [-1, 14.8, -1],
              "size": [2, 2, 0],
              "uv": [49, 33]
            }
          ],
          "name": "bone4",
          "parent": "bone3",
          "pivot": [0, 15, -1],
          "rotation": [-27.5, 0, 0]
        }, {
          "cubes": [
            {
              "origin": [-0.5, 16.8, -1],
              "size": [1, 2, 0],
              "uv": [49, 39]
            }
          ],
          "name": "bone5",
          "parent": "bone4",
          "pivot": [0, 8, -1]
        }, {
          "cubes": [
            {
              "origin": [-1, 3.13908, -6.87803],
              "pivot": [0, 3.13908, -5.87803],
              "rotation": [-7.5, 0, 0],
              "size": [2, 2, 3],
              "uv": [42, 22]
            }
          ],
          "name": "bone6",
          "parent": "mounch1",
          "pivot": [0, 3.13908, -5.87803]
        }, {
          "name": "eyes",
          "parent": "mounch1",
          "pivot": [0, 0, 0]
        }, {
          "cubes": [
            {
              "origin": [-4, 4, -5.02],
              "size": [3, 1, 0],
              "uv": [47, 47]
            }
          ],
          "name": "eye1",
          "parent": "eyes",
          "pivot": [-3, 3, -6],
          "rotation": [0, 0, -10]
        }, {
          "cubes": [
            {
              "mirror": true,
              "origin": [1, 4, -5.02],
              "size": [3, 1, 0],
              "uv": [47, 47]
            }
          ],
          "name": "eye2",
          "parent": "eyes",
          "pivot": [3, 3, -6],
          "rotation": [0, 0, 10]
        }, {
          "cubes": [
            {
              "origin": [-1, 1.13908, -5.87803],
              "size": [2, 2, 2],
              "uv": [42, 28]
            }
          ],
          "name": "mounch2",
          "parent": "mounchs",
          "pivot": [0, 1.13908, -4.87803],
          "rotation": [7.5, 0, 0]
        }
      ],
      "description": {
        "identifier": "geometry.gulpin",
        "texture_height": 64,
        "texture_width": 64,
        "visible_bounds_height": 2.5,
        "visible_bounds_offset": [0, 0.75, 0],
        "visible_bounds_width": 2
      }
    }
  ]
}