{
  "format_version": "1.8.0",
  "animations": {
    "animation.sandacondagmax.ground_idle": {
      "loop": true,
      "bones": {
        "head": {
          "rotation": [
            "-1+2*math.sin(q.anim_time*90*2-160)",
            0,
            "-2*math.sin(q.anim_time*90*0.5)"
          ]
        },
        "swirlies": {
          "rotation": [
            0,
            "math.sin(query.anim_time*90*0.0001)*90000",
            0
          ],
          "scale": [
            0.8,
            1,
            0.8
          ]
        },
        "neck_connector": {
          "rotation": [
            0,
            "math.sin(query.anim_time*-180*0.0001)*90000",
            0
          ]
        },
        "bone": {
          "rotation": [
            0,
            "math.sin(query.anim_time*720*0.0001)*90000",
            0
          ]
        }
      }
    },
    "animation.sandacondagmax.blink": {
      "animation_length": 0.25,
      "bones": {
        "bone3": {
          "position": [
            1,
            0,
            0
          ]
        },
        "bone2": {
          "position": [
            -1,
            0,
            0
          ]
        }
      }
    }
  }
}